experiment,strategy,scenario,seed,rep_id,total_boarding_time_s,aisle_interference_events,seat_interference_events,mean_wait_time_s,max_wait_time_s,group_fraction
exp4_group_0.0,random,philippine,12345,0,1420,912,85,37.794444444444444,138,0.0
exp4_group_0.0,back_to_front,philippine,12345,0,1618,1452,98,66.42777777777778,220,0.0
exp4_group_0.0,outside_in,philippine,12345,0,1369,1110,58,39.53888888888889,132,0.0
exp4_group_0.0,steffen,philippine,12345,0,1011,1077,35,21.727777777777778,103,0.0
exp4_group_0.0,random,philippine,12346,1,1328,1172,90,36.49444444444445,114,0.0
exp4_group_0.0,back_to_front,philippine,12346,1,1719,1604,78,90.28333333333333,278,0.0
exp4_group_0.0,outside_in,philippine,12346,1,1251,1098,46,31.866666666666667,111,0.0
exp4_group_0.0,steffen,philippine,12346,1,1065,1295,36,21.772222222222222,105,0.0
exp4_group_0.0,random,philippine,12347,2,1399,1218,96,39.766666666666666,118,0.0
exp4_group_0.0,back_to_front,philippine,12347,2,1630,1609,99,69.9,226,0.0
exp4_group_0.0,outside_in,philippine,12347,2,1284,1077,55,33.83888888888889,119,0.0
exp4_group_0.0,steffen,philippine,12347,2,1091,1391,44,25.011111111111113,89,0.0
exp4_group_0.0,random,philippine,12348,3,1414,1003,100,40.62222222222222,144,0.0
exp4_group_0.0,back_to_front,philippine,12348,3,1685,1626,115,77.28888888888889,192,0.0
exp4_group_0.0,outside_in,philippine,12348,3,1406,1147,48,41.90555555555556,164,0.0
exp4_group_0.0,steffen,philippine,12348,3,1197,1323,58,26.72222222222222,126,0.0
exp4_group_0.0,random,philippine,12349,4,1386,1043,97,41.205555555555556,141,0.0
exp4_group_0.0,back_to_front,philippine,12349,4,1660,1508,98,70.62777777777778,185,0.0
exp4_group_0.0,outside_in,philippine,12349,4,1338,1131,44,37.638888888888886,116,0.0
exp4_group_0.0,steffen,philippine,12349,4,1103,1430,50,31.45,185,0.0
exp4_group_0.0,random,philippine,12350,5,1297,1117,84,38.78888888888889,155,0.0
exp4_group_0.0,back_to_front,philippine,12350,5,1676,1542,77,71.92222222222222,196,0.0
exp4_group_0.0,outside_in,philippine,12350,5,1217,1123,33,37.044444444444444,104,0.0
exp4_group_0.0,steffen,philippine,12350,5,1028,1214,55,22.877777777777776,140,0.0
exp4_group_0.0,random,philippine,12351,6,1516,930,91,38.50555555555555,95,0.0
exp4_group_0.0,back_to_front,philippine,12351,6,1781,1407,86,86.77777777777777,273,0.0
exp4_group_0.0,outside_in,philippine,12351,6,1334,970,48,34.983333333333334,129,0.0
exp4_group_0.0,steffen,philippine,12351,6,1109,1202,44,29.605555555555554,141,0.0
exp4_group_0.0,random,philippine,12352,7,1407,1036,86,35.53888888888889,104,0.0
exp4_group_0.0,back_to_front,philippine,12352,7,1724,1587,87,81.37222222222222,236,0.0
exp4_group_0.0,outside_in,philippine,12352,7,1268,1059,44,33.477777777777774,110,0.0
exp4_group_0.0,steffen,philippine,12352,7,1049,1226,45,26.572222222222223,123,0.0
exp4_group_0.0,random,philippine,12353,8,1372,1104,96,39.31666666666667,147,0.0
exp4_group_0.0,back_to_front,philippine,12353,8,1774,1642,93,89.33333333333333,242,0.0
exp4_group_0.0,outside_in,philippine,12353,8,1321,1136,41,34.01111111111111,112,0.0
exp4_group_0.0,steffen,philippine,12353,8,1071,1351,46,21.97222222222222,93,0.0
exp4_group_0.0,random,philippine,12354,9,1383,1019,96,32.077777777777776,103,0.0
exp4_group_0.0,back_to_front,philippine,12354,9,1711,1560,98,75.68888888888888,209,0.0
exp4_group_0.0,outside_in,philippine,12354,9,1363,968,56,33.73888888888889,106,0.0
exp4_group_0.0,steffen,philippine,12354,9,1156,1146,49,21.416666666666668,102,0.0
exp4_group_0.0,random,philippine,12355,10,1315,1104,85,36.611111111111114,102,0.0
exp4_group_0.0,back_to_front,philippine,12355,10,1581,1421,88,69.45,213,0.0
exp4_group_0.0,outside_in,philippine,12355,10,1334,1076,57,32.227777777777774,112,0.0
exp4_group_0.0,steffen,philippine,12355,10,1023,1197,57,22.455555555555556,122,0.0
exp4_group_0.0,random,philippine,12356,11,1463,1007,81,43.705555555555556,164,0.0
exp4_group_0.0,back_to_front,philippine,12356,11,1694,1479,83,69.9888888888889,208,0.0
exp4_group_0.0,outside_in,philippine,12356,11,1293,961,35,28.91111111111111,90,0.0
exp4_group_0.0,steffen,philippine,12356,11,1073,1227,58,19.55,93,0.0
exp4_group_0.0,random,philippine,12357,12,1315,1051,82,33.983333333333334,101,0.0
exp4_group_0.0,back_to_front,philippine,12357,12,1929,1488,81,83.81111111111112,235,0.0
exp4_group_0.0,outside_in,philippine,12357,12,1296,1011,49,34.7,129,0.0
exp4_group_0.0,steffen,philippine,12357,12,1139,1018,41,24.933333333333334,144,0.0
exp4_group_0.0,random,philippine,12358,13,1445,986,100,35.43333333333333,118,0.0
exp4_group_0.0,back_to_front,philippine,12358,13,1765,1577,93,79.7611111111111,203,0.0
exp4_group_0.0,outside_in,philippine,12358,13,1327,1209,56,35.544444444444444,110,0.0
exp4_group_0.0,steffen,philippine,12358,13,1092,1111,49,18.994444444444444,82,0.0
exp4_group_0.0,random,philippine,12359,14,1301,1085,84,37.06111111111111,139,0.0
exp4_group_0.0,back_to_front,philippine,12359,14,1761,1553,87,71.03888888888889,212,0.0
exp4_group_0.0,outside_in,philippine,12359,14,1293,1197,44,39.03888888888889,111,0.0
exp4_group_0.0,steffen,philippine,12359,14,1048,1233,47,23.316666666666666,111,0.0
exp4_group_0.0,random,philippine,12360,15,1344,938,83,34.36666666666667,102,0.0
exp4_group_0.0,back_to_front,philippine,12360,15,1780,1599,100,78.1,213,0.0
exp4_group_0.0,outside_in,philippine,12360,15,1226,1083,35,35.05,116,0.0
exp4_group_0.0,steffen,philippine,12360,15,1099,1167,49,25.533333333333335,125,0.0
exp4_group_0.0,random,philippine,12361,16,1365,1017,85,38.58888888888889,110,0.0
exp4_group_0.0,back_to_front,philippine,12361,16,1640,1489,89,72.57222222222222,197,0.0
exp4_group_0.0,outside_in,philippine,12361,16,1225,1070,51,33.611111111111114,148,0.0
exp4_group_0.0,steffen,philippine,12361,16,1073,1185,37,20.15,93,0.0
exp4_group_0.0,random,philippine,12362,17,1470,1056,88,48.71111111111111,151,0.0
exp4_group_0.0,back_to_front,philippine,12362,17,1605,1528,102,77.71666666666667,239,0.0
exp4_group_0.0,outside_in,philippine,12362,17,1342,1082,46,36.24444444444445,102,0.0
exp4_group_0.0,steffen,philippine,12362,17,1091,1255,44,20.427777777777777,122,0.0
exp4_group_0.0,random,philippine,12363,18,1386,971,77,36.26111111111111,116,0.0
exp4_group_0.0,back_to_front,philippine,12363,18,1686,1327,85,72.21111111111111,191,0.0
exp4_group_0.0,outside_in,philippine,12363,18,1480,1027,54,49.43333333333333,151,0.0
exp4_group_0.0,steffen,philippine,12363,18,1196,994,63,25.783333333333335,110,0.0
exp4_group_0.0,random,philippine,12364,19,1410,1033,89,45.28333333333333,183,0.0
exp4_group_0.0,back_to_front,philippine,12364,19,1751,1472,92,79.33333333333333,233,0.0
exp4_group_0.0,outside_in,philippine,12364,19,1294,1027,56,35.394444444444446,111,0.0
exp4_group_0.0,steffen,philippine,12364,19,1127,1077,52,21.594444444444445,124,0.0
exp4_group_0.0,random,philippine,12365,20,1409,1055,97,42.16111111111111,132,0.0
exp4_group_0.0,back_to_front,philippine,12365,20,1771,1612,88,83.08333333333333,267,0.0
exp4_group_0.0,outside_in,philippine,12365,20,1259,1086,41,34.24444444444445,109,0.0
exp4_group_0.0,steffen,philippine,12365,20,1081,1275,46,28.5,163,0.0
exp4_group_0.0,random,philippine,12366,21,1392,1008,82,42.13333333333333,120,0.0
exp4_group_0.0,back_to_front,philippine,12366,21,1581,1450,82,69.80555555555556,204,0.0
exp4_group_0.0,outside_in,philippine,12366,21,1276,1001,36,30.044444444444444,100,0.0
exp4_group_0.0,steffen,philippine,12366,21,1129,1073,57,24.916666666666668,112,0.0
exp4_group_0.0,random,philippine,12367,22,1371,1087,95,39.85,167,0.0
exp4_group_0.0,back_to_front,philippine,12367,22,1800,1528,94,86.5,290,0.0
exp4_group_0.0,outside_in,philippine,12367,22,1315,1137,51,38.87777777777778,122,0.0
exp4_group_0.0,steffen,philippine,12367,22,1051,1275,65,21.927777777777777,114,0.0
exp4_group_0.0,random,philippine,12368,23,1527,1030,96,46.51111111111111,155,0.0
exp4_group_0.0,back_to_front,philippine,12368,23,1820,1614,80,92.57777777777778,295,0.0
exp4_group_0.0,outside_in,philippine,12368,23,1228,1083,50,29.894444444444446,106,0.0
exp4_group_0.0,steffen,philippine,12368,23,1090,1236,37,25.194444444444443,120,0.0
exp4_group_0.0,random,philippine,12369,24,1257,1271,88,41.88333333333333,142,0.0
exp4_group_0.0,back_to_front,philippine,12369,24,1683,1552,96,80.17777777777778,223,0.0
exp4_group_0.0,outside_in,philippine,12369,24,1328,1041,48,35.516666666666666,107,0.0
exp4_group_0.0,steffen,philippine,12369,24,1115,1171,61,21.52777777777778,109,0.0
exp4_group_0.0,random,philippine,12370,25,1499,1073,90,44.1,137,0.0
exp4_group_0.0,back_to_front,philippine,12370,25,1664,1486,89,66.85555555555555,185,0.0
exp4_group_0.0,outside_in,philippine,12370,25,1264,1003,52,34.43888888888889,121,0.0
exp4_group_0.0,steffen,philippine,12370,25,1143,966,52,21.244444444444444,124,0.0
exp4_group_0.0,random,philippine,12371,26,1515,1101,99,41.5,136,0.0
exp4_group_0.0,back_to_front,philippine,12371,26,1691,1597,94,68.83888888888889,185,0.0
exp4_group_0.0,outside_in,philippine,12371,26,1380,1033,40,36.09444444444444,153,0.0
exp4_group_0.0,steffen,philippine,12371,26,1140,1101,51,25.65,170,0.0
exp4_group_0.0,random,philippine,12372,27,1474,1077,87,38.76111111111111,116,0.0
exp4_group_0.0,back_to_front,philippine,12372,27,1754,1492,94,76.88333333333334,201,0.0
exp4_group_0.0,outside_in,philippine,12372,27,1300,1040,62,31.32777777777778,93,0.0
exp4_group_0.0,steffen,philippine,12372,27,1006,1228,45,22.533333333333335,97,0.0
exp4_group_0.0,random,philippine,12373,28,1314,1063,81,33.68333333333333,120,0.0
exp4_group_0.0,back_to_front,philippine,12373,28,1759,1588,94,78.78888888888889,210,0.0
exp4_group_0.0,outside_in,philippine,12373,28,1235,1090,50,31.805555555555557,107,0.0
exp4_group_0.0,steffen,philippine,12373,28,974,1156,46,18.52777777777778,85,0.0
exp4_group_0.0,random,philippine,12374,29,1338,1026,79,34.88333333333333,117,0.0
exp4_group_0.0,back_to_front,philippine,12374,29,1703,1528,89,82.87777777777778,275,0.0
exp4_group_0.0,outside_in,philippine,12374,29,1328,1021,50,37.483333333333334,116,0.0
exp4_group_0.0,steffen,philippine,12374,29,1094,1239,44,25.572222222222223,113,0.0
exp4_group_0.0,random,philippine,12375,30,1435,1057,91,43.638888888888886,150,0.0
exp4_group_0.0,back_to_front,philippine,12375,30,1646,1509,92,65.53333333333333,142,0.0
exp4_group_0.0,outside_in,philippine,12375,30,1389,993,53,33.68888888888889,163,0.0
exp4_group_0.0,steffen,philippine,12375,30,1129,1435,48,32.12777777777778,142,0.0
exp4_group_0.0,random,philippine,12376,31,1432,1148,85,43.666666666666664,150,0.0
exp4_group_0.0,back_to_front,philippine,12376,31,1681,1491,86,71.49444444444444,206,0.0
exp4_group_0.0,outside_in,philippine,12376,31,1355,1073,59,34.766666666666666,134,0.0
exp4_group_0.0,steffen,philippine,12376,31,1079,1121,51,24.122222222222224,137,0.0
exp4_group_0.0,random,philippine,12377,32,1452,962,85,36.21666666666667,153,0.0
exp4_group_0.0,back_to_front,philippine,12377,32,1573,1510,79,66.06666666666666,209,0.0
exp4_group_0.0,outside_in,philippine,12377,32,1327,993,42,32.46111111111111,125,0.0
exp4_group_0.0,steffen,philippine,12377,32,1099,1235,56,21.322222222222223,83,0.0
exp4_group_0.0,random,philippine,12378,33,1501,1079,101,46.99444444444445,146,0.0
exp4_group_0.0,back_to_front,philippine,12378,33,1820,1555,88,84.61666666666666,201,0.0
exp4_group_0.0,outside_in,philippine,12378,33,1252,1054,46,38.13333333333333,141,0.0
exp4_group_0.0,steffen,philippine,12378,33,1117,1179,44,24.094444444444445,114,0.0
exp4_group_0.0,random,philippine,12379,34,1360,994,90,32.19444444444444,102,0.0
exp4_group_0.0,back_to_front,philippine,12379,34,1771,1626,81,87.69444444444444,240,0.0
exp4_group_0.0,outside_in,philippine,12379,34,1303,1265,57,42.82222222222222,116,0.0
exp4_group_0.0,steffen,philippine,12379,34,1021,1097,44,20.105555555555554,96,0.0
exp4_group_0.0,random,philippine,12380,35,1416,1113,83,37.96666666666667,119,0.0
exp4_group_0.0,back_to_front,philippine,12380,35,1612,1576,77,74.35555555555555,207,0.0
exp4_group_0.0,outside_in,philippine,12380,35,1281,1100,46,30.566666666666666,107,0.0
exp4_group_0.0,steffen,philippine,12380,35,1123,1076,48,22.772222222222222,98,0.0
exp4_group_0.0,random,philippine,12381,36,1374,1180,80,46.72222222222222,144,0.0
exp4_group_0.0,back_to_front,philippine,12381,36,1654,1534,86,82.31111111111112,224,0.0
exp4_group_0.0,outside_in,philippine,12381,36,1328,1119,44,34.85,120,0.0
exp4_group_0.0,steffen,philippine,12381,36,1105,1198,61,30.694444444444443,122,0.0
exp4_group_0.0,random,philippine,12382,37,1345,1000,92,36.97222222222222,104,0.0
exp4_group_0.0,back_to_front,philippine,12382,37,1763,1424,94,73.36111111111111,199,0.0
exp4_group_0.0,outside_in,philippine,12382,37,1295,988,47,35.44444444444444,98,0.0
exp4_group_0.0,steffen,philippine,12382,37,1079,1066,46,19.07777777777778,88,0.0
exp4_group_0.0,random,philippine,12383,38,1386,1145,89,37.24444444444445,100,0.0
exp4_group_0.0,back_to_front,philippine,12383,38,1541,1559,90,73.72222222222223,207,0.0
exp4_group_0.0,outside_in,philippine,12383,38,1302,980,45,34.62777777777778,105,0.0
exp4_group_0.0,steffen,philippine,12383,38,1095,1311,40,21.144444444444446,109,0.0
exp4_group_0.0,random,philippine,12384,39,1401,1084,105,39.56111111111111,147,0.0
exp4_group_0.0,back_to_front,philippine,12384,39,1721,1495,88,74.11666666666666,198,0.0
exp4_group_0.0,outside_in,philippine,12384,39,1305,1100,41,37.916666666666664,110,0.0
exp4_group_0.0,steffen,philippine,12384,39,1057,1096,55,23.866666666666667,125,0.0
exp4_group_0.0,random,philippine,12385,40,1361,1058,87,35.077777777777776,121,0.0
exp4_group_0.0,back_to_front,philippine,12385,40,1657,1575,89,71.96111111111111,210,0.0
exp4_group_0.0,outside_in,philippine,12385,40,1253,957,52,31.83888888888889,125,0.0
exp4_group_0.0,steffen,philippine,12385,40,1077,1189,45,19.966666666666665,79,0.0
exp4_group_0.0,random,philippine,12386,41,1538,1075,95,42.33888888888889,147,0.0
exp4_group_0.0,back_to_front,philippine,12386,41,1512,1574,85,66.17222222222222,194,0.0
exp4_group_0.0,outside_in,philippine,12386,41,1347,1065,51,35.24444444444445,106,0.0
exp4_group_0.0,steffen,philippine,12386,41,1147,1101,59,24.594444444444445,102,0.0
exp4_group_0.0,random,philippine,12387,42,1520,944,101,40.766666666666666,141,0.0
exp4_group_0.0,back_to_front,philippine,12387,42,1775,1412,85,78.85,244,0.0
exp4_group_0.0,outside_in,philippine,12387,42,1419,1015,38,35.35,135,0.0
exp4_group_0.0,steffen,philippine,12387,42,1114,1005,47,23.7,136,0.0
exp4_group_0.0,random,philippine,12388,43,1363,1054,97,38.31111111111111,123,0.0
exp4_group_0.0,back_to_front,philippine,12388,43,1762,1455,108,76.81666666666666,201,0.0
exp4_group_0.0,outside_in,philippine,12388,43,1322,1159,37,36.22222222222222,101,0.0
exp4_group_0.0,steffen,philippine,12388,43,1181,1322,50,29.216666666666665,132,0.0
exp4_group_0.0,random,philippine,12389,44,1435,1130,84,42.63333333333333,148,0.0
exp4_group_0.0,back_to_front,philippine,12389,44,1659,1632,85,82.21111111111111,226,0.0
exp4_group_0.0,outside_in,philippine,12389,44,1279,1033,41,34.56111111111111,129,0.0
exp4_group_0.0,steffen,philippine,12389,44,1127,1046,57,23.794444444444444,129,0.0
exp4_group_0.0,random,philippine,12390,45,1473,1008,91,40.9,127,0.0
exp4_group_0.0,back_to_front,philippine,12390,45,1834,1469,93,83.94444444444444,226,0.0
exp4_group_0.0,outside_in,philippine,12390,45,1263,979,46,34.87777777777778,129,0.0
exp4_group_0.0,steffen,philippine,12390,45,1104,1131,46,25.855555555555554,111,0.0
exp4_group_0.0,random,philippine,12391,46,1407,1144,93,42.76111111111111,186,0.0
exp4_group_0.0,back_to_front,philippine,12391,46,1553,1518,85,70.02222222222223,184,0.0
exp4_group_0.0,outside_in,philippine,12391,46,1229,1057,42,31.17222222222222,115,0.0
exp4_group_0.0,steffen,philippine,12391,46,1158,1123,46,21.655555555555555,124,0.0
exp4_group_0.0,random,philippine,12392,47,1544,1033,93,41.87222222222222,131,0.0
exp4_group_0.0,back_to_front,philippine,12392,47,1737,1410,92,77.92222222222222,245,0.0
exp4_group_0.0,outside_in,philippine,12392,47,1332,1033,53,39.83888888888889,158,0.0
exp4_group_0.0,steffen,philippine,12392,47,1140,1121,56,29.094444444444445,177,0.0
exp4_group_0.0,random,philippine,12393,48,1411,1128,96,42.016666666666666,140,0.0
exp4_group_0.0,back_to_front,philippine,12393,48,1753,1509,103,81.43888888888888,236,0.0
exp4_group_0.0,outside_in,philippine,12393,48,1247,1079,42,35.25555555555555,126,0.0
exp4_group_0.0,steffen,philippine,12393,48,1138,989,46,19.92222222222222,107,0.0
exp4_group_0.0,random,philippine,12394,49,1422,1058,84,41.00555555555555,130,0.0
exp4_group_0.0,back_to_front,philippine,12394,49,1802,1501,93,80.09444444444445,267,0.0
exp4_group_0.0,outside_in,philippine,12394,49,1346,922,49,33.861111111111114,114,0.0
exp4_group_0.0,steffen,philippine,12394,49,1046,1149,48,23.194444444444443,106,0.0
exp4_group_0.0,random,philippine,12395,50,1424,1096,91,41.46111111111111,103,0.0
exp4_group_0.0,back_to_front,philippine,12395,50,1664,1394,79,67.86666666666666,200,0.0
exp4_group_0.0,outside_in,philippine,12395,50,1327,1016,48,36.12777777777778,117,0.0
exp4_group_0.0,steffen,philippine,12395,50,1113,1144,47,22.238888888888887,117,0.0
exp4_group_0.0,random,philippine,12396,51,1458,1227,98,47.31111111111111,186,0.0
exp4_group_0.0,back_to_front,philippine,12396,51,1653,1500,90,75.21666666666667,210,0.0
exp4_group_0.0,outside_in,philippine,12396,51,1265,1198,46,34.58888888888889,107,0.0
exp4_group_0.0,steffen,philippine,12396,51,1021,1141,39,25.683333333333334,145,0.0
exp4_group_0.0,random,philippine,12397,52,1501,1219,94,54.76111111111111,142,0.0
exp4_group_0.0,back_to_front,philippine,12397,52,1604,1400,94,73.8,229,0.0
exp4_group_0.0,outside_in,philippine,12397,52,1292,1088,40,36.47222222222222,130,0.0
exp4_group_0.0,steffen,philippine,12397,52,1000,1072,48,18.17222222222222,71,0.0
exp4_group_0.0,random,philippine,12398,53,1407,1070,96,36.28888888888889,134,0.0
exp4_group_0.0,back_to_front,philippine,12398,53,1630,1397,82,71.58333333333333,216,0.0
exp4_group_0.0,outside_in,philippine,12398,53,1340,1130,67,34.022222222222226,113,0.0
exp4_group_0.0,steffen,philippine,12398,53,1091,1232,50,31.0,169,0.0
exp4_group_0.0,random,philippine,12399,54,1470,1025,92,39.894444444444446,115,0.0
exp4_group_0.0,back_to_front,philippine,12399,54,1649,1429,92,70.96666666666667,177,0.0
exp4_group_0.0,outside_in,philippine,12399,54,1321,1062,30,34.01111111111111,127,0.0
exp4_group_0.0,steffen,philippine,12399,54,1105,1109,63,25.427777777777777,128,0.0
exp4_group_0.0,random,philippine,12400,55,1405,1112,92,42.72222222222222,154,0.0
exp4_group_0.0,back_to_front,philippine,12400,55,1537,1584,85,69.01666666666667,223,0.0
exp4_group_0.0,outside_in,philippine,12400,55,1315,1146,61,40.82222222222222,132,0.0
exp4_group_0.0,steffen,philippine,12400,55,1166,1297,55,24.416666666666668,124,0.0
exp4_group_0.0,random,philippine,12401,56,1260,1167,80,39.15,105,0.0
exp4_group_0.0,back_to_front,philippine,12401,56,1617,1489,92,67.92777777777778,220,0.0
exp4_group_0.0,outside_in,philippine,12401,56,1262,1044,44,33.13333333333333,103,0.0
exp4_group_0.0,steffen,philippine,12401,56,1110,1001,61,23.13888888888889,118,0.0
exp4_group_0.0,random,philippine,12402,57,1442,1018,97,44.25,145,0.0
exp4_group_0.0,back_to_front,philippine,12402,57,1666,1526,81,76.77777777777777,209,0.0
exp4_group_0.0,outside_in,philippine,12402,57,1258,1150,47,39.19444444444444,166,0.0
exp4_group_0.0,steffen,philippine,12402,57,1001,996,46,22.916666666666668,140,0.0
exp4_group_0.0,random,philippine,12403,58,1400,1077,87,43.727777777777774,127,0.0
exp4_group_0.0,back_to_front,philippine,12403,58,1756,1506,86,78.0,227,0.0
exp4_group_0.0,outside_in,philippine,12403,58,1299,891,40,32.172222222222224,140,0.0
exp4_group_0.0,steffen,philippine,12403,58,1083,1099,45,23.766666666666666,139,0.0
exp4_group_0.0,random,philippine,12404,59,1273,1093,92,43.17777777777778,142,0.0
exp4_group_0.0,back_to_front,philippine,12404,59,1656,1659,82,80.27222222222223,253,0.0
exp4_group_0.0,outside_in,philippine,12404,59,1349,1000,46,32.30555555555556,123,0.0
exp4_group_0.0,steffen,philippine,12404,59,1091,1214,45,27.261111111111113,152,0.0
exp4_group_0.0,random,philippine,12405,60,1528,1002,92,43.53888888888889,136,0.0
exp4_group_0.0,back_to_front,philippine,12405,60,1770,1535,78,85.30555555555556,235,0.0
exp4_group_0.0,outside_in,philippine,12405,60,1316,1039,45,35.25,109,0.0
exp4_group_0.0,steffen,philippine,12405,60,1115,1213,49,24.066666666666666,99,0.0
exp4_group_0.0,random,philippine,12406,61,1412,1060,90,39.35,117,0.0
exp4_group_0.0,back_to_front,philippine,12406,61,1662,1449,91,73.15,201,0.0
exp4_group_0.0,outside_in,philippine,12406,61,1392,1115,56,37.67777777777778,150,0.0
exp4_group_0.0,steffen,philippine,12406,61,1058,1312,40,30.511111111111113,118,0.0
exp4_group_0.0,random,philippine,12407,62,1398,1071,101,46.483333333333334,168,0.0
exp4_group_0.0,back_to_front,philippine,12407,62,1719,1610,89,86.42222222222222,268,0.0
exp4_group_0.0,outside_in,philippine,12407,62,1282,1035,49,31.11111111111111,118,0.0
exp4_group_0.0,steffen,philippine,12407,62,1127,1035,47,23.88888888888889,125,0.0
exp4_group_0.0,random,philippine,12408,63,1340,1062,79,40.18888888888889,109,0.0
exp4_group_0.0,back_to_front,philippine,12408,63,1768,1500,87,82.28333333333333,262,0.0
exp4_group_0.0,outside_in,philippine,12408,63,1404,1134,49,40.63333333333333,151,0.0
exp4_group_0.0,steffen,philippine,12408,63,1055,1040,43,19.372222222222224,127,0.0
exp4_group_0.0,random,philippine,12409,64,1382,1094,92,42.044444444444444,116,0.0
exp4_group_0.0,back_to_front,philippine,12409,64,1764,1467,95,85.66666666666667,253,0.0
exp4_group_0.0,outside_in,philippine,12409,64,1504,1104,40,35.855555555555554,186,0.0
exp4_group_0.0,steffen,philippine,12409,64,1167,1117,43,25.133333333333333,103,0.0
exp4_group_0.0,random,philippine,12410,65,1487,1150,96,41.55555555555556,127,0.0
exp4_group_0.0,back_to_front,philippine,12410,65,1684,1636,94,80.62777777777778,238,0.0
exp4_group_0.0,outside_in,philippine,12410,65,1187,1175,35,34.44444444444444,115,0.0
exp4_group_0.0,steffen,philippine,12410,65,1035,1285,49,22.877777777777776,129,0.0
exp4_group_0.0,random,philippine,12411,66,1452,1051,97,40.68333333333333,141,0.0
exp4_group_0.0,back_to_front,philippine,12411,66,1630,1369,94,78.56666666666666,284,0.0
exp4_group_0.0,outside_in,philippine,12411,66,1299,1092,33,35.40555555555556,99,0.0
exp4_group_0.0,steffen,philippine,12411,66,1076,1096,48,23.983333333333334,91,0.0
exp4_group_0.0,random,philippine,12412,67,1452,1072,80,42.37777777777778,137,0.0
exp4_group_0.0,back_to_front,philippine,12412,67,1600,1542,98,74.96666666666667,217,0.0
exp4_group_0.0,outside_in,philippine,12412,67,1273,1206,52,37.68333333333333,124,0.0
exp4_group_0.0,steffen,philippine,12412,67,1013,1101,53,19.555555555555557,84,0.0
exp4_group_0.0,random,philippine,12413,68,1456,1100,95,46.77777777777778,183,0.0
exp4_group_0.0,back_to_front,philippine,12413,68,1651,1466,101,73.70555555555555,200,0.0
exp4_group_0.0,outside_in,philippine,12413,68,1311,1031,41,34.99444444444445,112,0.0
exp4_group_0.0,steffen,philippine,12413,68,1085,1148,61,24.844444444444445,135,0.0
exp4_group_0.0,random,philippine,12414,69,1507,1134,93,40.71666666666667,186,0.0
exp4_group_0.0,back_to_front,philippine,12414,69,1700,1519,94,75.61666666666666,232,0.0
exp4_group_0.0,outside_in,philippine,12414,69,1228,1055,55,35.3,130,0.0
exp4_group_0.0,steffen,philippine,12414,69,1157,1137,57,24.75,121,0.0
exp4_group_0.0,random,philippine,12415,70,1342,1079,84,36.96111111111111,109,0.0
exp4_group_0.0,back_to_front,philippine,12415,70,1751,1571,90,72.18333333333334,217,0.0
exp4_group_0.0,outside_in,philippine,12415,70,1301,1079,41,34.76111111111111,114,0.0
exp4_group_0.0,steffen,philippine,12415,70,1094,1325,49,22.627777777777776,116,0.0
exp4_group_0.0,random,philippine,12416,71,1427,1088,75,35.522222222222226,108,0.0
exp4_group_0.0,back_to_front,philippine,12416,71,1677,1599,94,77.31111111111112,203,0.0
exp4_group_0.0,outside_in,philippine,12416,71,1236,1002,53,30.877777777777776,117,0.0
exp4_group_0.0,steffen,philippine,12416,71,1043,1226,39,18.883333333333333,107,0.0
exp4_group_0.0,random,philippine,12417,72,1439,938,83,33.3,115,0.0
exp4_group_0.0,back_to_front,philippine,12417,72,1568,1467,92,67.42222222222222,170,0.0
exp4_group_0.0,outside_in,philippine,12417,72,1210,960,42,36.65555555555556,108,0.0
exp4_group_0.0,steffen,philippine,12417,72,1097,988,50,23.633333333333333,157,0.0
exp4_group_0.0,random,philippine,12418,73,1326,1107,89,39.327777777777776,106,0.0
exp4_group_0.0,back_to_front,philippine,12418,73,1725,1505,80,84.28333333333333,227,0.0
exp4_group_0.0,outside_in,philippine,12418,73,1314,1038,41,32.37222222222222,136,0.0
exp4_group_0.0,steffen,philippine,12418,73,1099,1003,49,20.92222222222222,89,0.0
exp4_group_0.0,random,philippine,12419,74,1440,1042,92,36.63333333333333,101,0.0
exp4_group_0.0,back_to_front,philippine,12419,74,1710,1621,91,81.7388888888889,235,0.0
exp4_group_0.0,outside_in,philippine,12419,74,1367,1076,53,39.97222222222222,150,0.0
exp4_group_0.0,steffen,philippine,12419,74,1126,1207,48,27.322222222222223,160,0.0
exp4_group_0.0,random,philippine,12420,75,1362,1103,86,38.25555555555555,118,0.0
exp4_group_0.0,back_to_front,philippine,12420,75,1367,1585,96,62.68888888888889,166,0.0
exp4_group_0.0,outside_in,philippine,12420,75,1196,1164,48,36.91111111111111,177,0.0
exp4_group_0.0,steffen,philippine,12420,75,1050,1346,41,23.261111111111113,153,0.0
exp4_group_0.0,random,philippine,12421,76,1332,1061,106,35.23888888888889,129,0.0
exp4_group_0.0,back_to_front,philippine,12421,76,1781,1624,84,84.56666666666666,292,0.0
exp4_group_0.0,outside_in,philippine,12421,76,1176,1232,49,36.66111111111111,133,0.0
exp4_group_0.0,steffen,philippine,12421,76,1098,1155,44,24.994444444444444,118,0.0
exp4_group_0.0,random,philippine,12422,77,1299,1163,85,43.1,126,0.0
exp4_group_0.0,back_to_front,philippine,12422,77,1806,1669,93,79.75555555555556,192,0.0
exp4_group_0.0,outside_in,philippine,12422,77,1364,1197,44,42.50555555555555,145,0.0
exp4_group_0.0,steffen,philippine,12422,77,1133,1160,47,24.622222222222224,115,0.0
exp4_group_0.0,random,philippine,12423,78,1472,1015,94,40.044444444444444,151,0.0
exp4_group_0.0,back_to_front,philippine,12423,78,1597,1381,91,66.3,224,0.0
exp4_group_0.0,outside_in,philippine,12423,78,1286,1037,61,33.49444444444445,112,0.0
exp4_group_0.0,steffen,philippine,12423,78,911,1261,44,18.488888888888887,112,0.0
exp4_group_0.0,random,philippine,12424,79,1319,1025,80,35.922222222222224,133,0.0
exp4_group_0.0,back_to_front,philippine,12424,79,1548,1504,78,71.8,233,0.0
exp4_group_0.0,outside_in,philippine,12424,79,1279,1053,40,36.416666666666664,112,0.0
exp4_group_0.0,steffen,philippine,12424,79,1079,1130,40,20.994444444444444,128,0.0
exp4_group_0.0,random,philippine,12425,80,1368,1023,91,34.74444444444445,117,0.0
exp4_group_0.0,back_to_front,philippine,12425,80,1649,1453,92,74.61666666666666,229,0.0
exp4_group_0.0,outside_in,philippine,12425,80,1403,975,50,34.605555555555554,122,0.0
exp4_group_0.0,steffen,philippine,12425,80,1106,1160,47,21.97222222222222,93,0.0
exp4_group_0.0,random,philippine,12426,81,1394,1179,87,44.21111111111111,162,0.0
exp4_group_0.0,back_to_front,philippine,12426,81,1737,1438,78,78.58333333333333,219,0.0
exp4_group_0.0,outside_in,philippine,12426,81,1354,1177,62,39.23888888888889,118,0.0
exp4_group_0.0,steffen,philippine,12426,81,1062,1284,48,23.47222222222222,101,0.0
exp4_group_0.0,random,philippine,12427,82,1397,1090,92,36.93333333333333,139,0.0
exp4_group_0.0,back_to_front,philippine,12427,82,1767,1672,85,82.57222222222222,214,0.0
exp4_group_0.0,outside_in,philippine,12427,82,1358,1152,55,38.71111111111111,112,0.0
exp4_group_0.0,steffen,philippine,12427,82,1103,1067,53,23.205555555555556,114,0.0
exp4_group_0.0,random,philippine,12428,83,1384,921,90,33.855555555555554,120,0.0
exp4_group_0.0,back_to_front,philippine,12428,83,1680,1490,96,72.54444444444445,202,0.0
exp4_group_0.0,outside_in,philippine,12428,83,1240,1044,44,30.83888888888889,96,0.0
exp4_group_0.0,steffen,philippine,12428,83,1087,1188,50,23.694444444444443,113,0.0
exp4_group_0.0,random,philippine,12429,84,1624,1040,99,56.105555555555554,192,0.0
exp4_group_0.0,back_to_front,philippine,12429,84,1549,1495,91,66.62222222222222,168,0.0
exp4_group_0.0,outside_in,philippine,12429,84,1392,1049,55,35.12777777777778,127,0.0
exp4_group_0.0,steffen,philippine,12429,84,1042,1191,44,25.13888888888889,88,0.0
exp4_group_0.0,random,philippine,12430,85,1355,1150,100,38.88333333333333,133,0.0
exp4_group_0.0,back_to_front,philippine,12430,85,1686,1433,89,84.88888888888889,287,0.0
exp4_group_0.0,outside_in,philippine,12430,85,1253,979,49,34.38333333333333,152,0.0
exp4_group_0.0,steffen,philippine,12430,85,1104,1181,38,23.427777777777777,99,0.0
exp4_group_0.0,random,philippine,12431,86,1320,1180,90,38.01111111111111,108,0.0
exp4_group_0.0,back_to_front,philippine,12431,86,1612,1480,81,70.27222222222223,205,0.0
exp4_group_0.0,outside_in,philippine,12431,86,1393,1100,49,38.25,112,0.0
exp4_group_0.0,steffen,philippine,12431,86,1018,1307,37,28.305555555555557,155,0.0
exp4_group_0.0,random,philippine,12432,87,1439,1042,85,38.21111111111111,127,0.0
exp4_group_0.0,back_to_front,philippine,12432,87,1786,1583,91,83.0,218,0.0
exp4_group_0.0,outside_in,philippine,12432,87,1279,1034,48,33.06666666666667,103,0.0
exp4_group_0.0,steffen,philippine,12432,87,1000,1080,51,19.61111111111111,85,0.0
exp4_group_0.0,random,philippine,12433,88,1468,978,91,36.68888888888889,112,0.0
exp4_group_0.0,back_to_front,philippine,12433,88,1819,1520,80,81.18888888888888,208,0.0
exp4_group_0.0,outside_in,philippine,12433,88,1302,1062,48,32.672222222222224,96,0.0
exp4_group_0.0,steffen,philippine,12433,88,1148,883,48,22.288888888888888,96,0.0
exp4_group_0.0,random,philippine,12434,89,1336,1056,86,35.19444444444444,112,0.0
exp4_group_0.0,back_to_front,philippine,12434,89,1573,1607,86,69.57222222222222,203,0.0
exp4_group_0.0,outside_in,philippine,12434,89,1326,1036,45,35.35,125,0.0
exp4_group_0.0,steffen,philippine,12434,89,1020,1311,40,19.333333333333332,118,0.0
exp4_group_0.0,random,philippine,12435,90,1438,999,100,40.172222222222224,109,0.0
exp4_group_0.0,back_to_front,philippine,12435,90,1728,1576,79,85.7611111111111,277,0.0
exp4_group_0.0,outside_in,philippine,12435,90,1370,1039,49,32.95,111,0.0
exp4_group_0.0,steffen,philippine,12435,90,1096,999,55,21.494444444444444,127,0.0
exp4_group_0.0,random,philippine,12436,91,1470,1088,95,41.36666666666667,148,0.0
exp4_group_0.0,back_to_front,philippine,12436,91,1776,1543,93,74.0111111111111,208,0.0
exp4_group_0.0,outside_in,philippine,12436,91,1284,980,49,34.31111111111111,115,0.0
exp4_group_0.0,steffen,philippine,12436,91,1130,976,32,23.72222222222222,111,0.0
exp4_group_0.0,random,philippine,12437,92,1463,1087,90,37.50555555555555,135,0.0
exp4_group_0.0,back_to_front,philippine,12437,92,1675,1547,95,79.18888888888888,205,0.0
exp4_group_0.0,outside_in,philippine,12437,92,1336,1078,34,38.87222222222222,126,0.0
exp4_group_0.0,steffen,philippine,12437,92,1140,1166,42,25.261111111111113,115,0.0
exp4_group_0.0,random,philippine,12438,93,1367,1100,87,39.99444444444445,114,0.0
exp4_group_0.0,back_to_front,philippine,12438,93,1791,1387,81,79.77777777777777,266,0.0
exp4_group_0.0,outside_in,philippine,12438,93,1381,1023,50,34.166666666666664,99,0.0
exp4_group_0.0,steffen,philippine,12438,93,1129,1288,49,23.633333333333333,127,0.0
exp4_group_0.0,random,philippine,12439,94,1341,1159,84,38.977777777777774,137,0.0
exp4_group_0.0,back_to_front,philippine,12439,94,1552,1524,86,71.56111111111112,211,0.0
exp4_group_0.0,outside_in,philippine,12439,94,1297,1135,50,43.977777777777774,147,0.0
exp4_group_0.0,steffen,philippine,12439,94,1139,1162,48,24.033333333333335,102,0.0
exp4_group_0.0,random,philippine,12440,95,1456,1180,101,45.955555555555556,165,0.0
exp4_group_0.0,back_to_front,philippine,12440,95,1699,1537,93,70.08888888888889,193,0.0
exp4_group_0.0,outside_in,philippine,12440,95,1257,1133,50,38.733333333333334,125,0.0
exp4_group_0.0,steffen,philippine,12440,95,1090,1219,53,27.066666666666666,135,0.0
exp4_group_0.0,random,philippine,12441,96,1415,1003,87,39.083333333333336,126,0.0
exp4_group_0.0,back_to_front,philippine,12441,96,1464,1482,85,61.73888888888889,212,0.0
exp4_group_0.0,outside_in,philippine,12441,96,1352,1001,53,38.95,123,0.0
exp4_group_0.0,steffen,philippine,12441,96,1049,1196,43,20.144444444444446,108,0.0
exp4_group_0.0,random,philippine,12442,97,1500,1086,102,45.18888888888889,129,0.0
exp4_group_0.0,back_to_front,philippine,12442,97,1557,1591,89,64.09444444444445,182,0.0
exp4_group_0.0,outside_in,philippine,12442,97,1224,1034,34,32.78333333333333,105,0.0
exp4_group_0.0,steffen,philippine,12442,97,1029,1203,45,20.072222222222223,108,0.0
exp4_group_0.0,random,philippine,12443,98,1322,1186,90,44.105555555555554,140,0.0
exp4_group_0.0,back_to_front,philippine,12443,98,1660,1550,86,74.92777777777778,220,0.0
exp4_group_0.0,outside_in,philippine,12443,98,1303,1043,47,35.02777777777778,101,0.0
exp4_group_0.0,steffen,philippine,12443,98,1115,1265,61,28.41111111111111,154,0.0
exp4_group_0.0,random,philippine,12444,99,1433,1105,80,39.12777777777778,128,0.0
exp4_group_0.0,back_to_front,philippine,12444,99,1878,1456,88,83.20555555555555,250,0.0
exp4_group_0.0,outside_in,philippine,12444,99,1251,1071,55,34.861111111111114,100,0.0
exp4_group_0.0,steffen,philippine,12444,99,1077,966,61,21.68888888888889,98,0.0
exp4_group_0.0,random,philippine,12445,100,1458,1047,87,43.9,120,0.0
exp4_group_0.0,back_to_front,philippine,12445,100,1632,1538,90,74.53888888888889,184,0.0
exp4_group_0.0,outside_in,philippine,12445,100,1430,1033,56,38.16111111111111,163,0.0
exp4_group_0.0,steffen,philippine,12445,100,1023,1119,41,23.488888888888887,142,0.0
exp4_group_0.0,random,philippine,12446,101,1508,1070,89,43.32222222222222,159,0.0
exp4_group_0.0,back_to_front,philippine,12446,101,1806,1538,83,76.19444444444444,210,0.0
exp4_group_0.0,outside_in,philippine,12446,101,1353,1051,56,29.75,105,0.0
exp4_group_0.0,steffen,philippine,12446,101,1146,1123,49,24.68888888888889,90,0.0
exp4_group_0.0,random,philippine,12447,102,1373,1065,98,42.18888888888889,142,0.0
exp4_group_0.0,back_to_front,philippine,12447,102,1654,1279,92,60.33888888888889,162,0.0
exp4_group_0.0,outside_in,philippine,12447,102,1337,1095,44,32.827777777777776,130,0.0
exp4_group_0.0,steffen,philippine,12447,102,1095,1180,40,22.627777777777776,93,0.0
exp4_group_0.0,random,philippine,12448,103,1508,981,94,39.90555555555556,126,0.0
exp4_group_0.0,back_to_front,philippine,12448,103,1654,1587,94,73.38333333333334,196,0.0
exp4_group_0.0,outside_in,philippine,12448,103,1283,1030,45,29.63888888888889,78,0.0
exp4_group_0.0,steffen,philippine,12448,103,1081,1180,52,24.005555555555556,110,0.0
exp4_group_0.0,random,philippine,12449,104,1463,1082,80,42.15555555555556,188,0.0
exp4_group_0.0,back_to_front,philippine,12449,104,1821,1497,90,79.51666666666667,243,0.0
exp4_group_0.0,outside_in,philippine,12449,104,1376,1092,51,39.6,141,0.0
exp4_group_0.0,steffen,philippine,12449,104,1074,1081,44,20.461111111111112,139,0.0
exp4_group_0.0,random,philippine,12450,105,1463,1059,99,39.15555555555556,140,0.0
exp4_group_0.0,back_to_front,philippine,12450,105,1743,1558,89,76.8,232,0.0
exp4_group_0.0,outside_in,philippine,12450,105,1340,1041,50,37.41111111111111,149,0.0
exp4_group_0.0,steffen,philippine,12450,105,1100,1102,52,20.17222222222222,95,0.0
exp4_group_0.0,random,philippine,12451,106,1399,1104,104,41.92777777777778,142,0.0
exp4_group_0.0,back_to_front,philippine,12451,106,1646,1528,80,78.28333333333333,209,0.0
exp4_group_0.0,outside_in,philippine,12451,106,1341,966,56,33.55,103,0.0
exp4_group_0.0,steffen,philippine,12451,106,1066,1076,37,19.86111111111111,85,0.0
exp4_group_0.0,random,philippine,12452,107,1333,1090,84,41.46666666666667,112,0.0
exp4_group_0.0,back_to_front,philippine,12452,107,1876,1576,104,79.93333333333334,221,0.0
exp4_group_0.0,outside_in,philippine,12452,107,1283,1124,40,34.15,95,0.0
exp4_group_0.0,steffen,philippine,12452,107,1099,1244,49,27.4,149,0.0
exp4_group_0.0,random,philippine,12453,108,1515,963,103,43.30555555555556,186,0.0
exp4_group_0.0,back_to_front,philippine,12453,108,1802,1488,91,84.68888888888888,256,0.0
exp4_group_0.0,outside_in,philippine,12453,108,1238,1105,46,36.2,109,0.0
exp4_group_0.0,steffen,philippine,12453,108,1135,1017,44,24.216666666666665,113,0.0
exp4_group_0.0,random,philippine,12454,109,1197,1181,81,37.205555555555556,129,0.0
exp4_group_0.0,back_to_front,philippine,12454,109,1852,1501,91,83.31111111111112,226,0.0
exp4_group_0.0,outside_in,philippine,12454,109,1319,1081,55,32.96111111111111,102,0.0
exp4_group_0.0,steffen,philippine,12454,109,1094,1227,52,30.205555555555556,147,0.0
exp4_group_0.0,random,philippine,12455,110,1480,1029,102,48.96111111111111,138,0.0
exp4_group_0.0,back_to_front,philippine,12455,110,1715,1564,88,77.55555555555556,221,0.0
exp4_group_0.0,outside_in,philippine,12455,110,1380,1077,43,34.477777777777774,114,0.0
exp4_group_0.0,steffen,philippine,12455,110,1117,1385,46,26.855555555555554,128,0.0
exp4_group_0.0,random,philippine,12456,111,1368,1006,97,35.922222222222224,126,0.0
exp4_group_0.0,back_to_front,philippine,12456,111,1634,1504,89,76.88333333333334,220,0.0
exp4_group_0.0,outside_in,philippine,12456,111,1405,1132,48,38.68333333333333,134,0.0
exp4_group_0.0,steffen,philippine,12456,111,1055,1145,49,19.166666666666668,99,0.0
exp4_group_0.0,random,philippine,12457,112,1403,1102,85,39.93888888888889,120,0.0
exp4_group_0.0,back_to_front,philippine,12457,112,1656,1697,98,71.1,182,0.0
exp4_group_0.0,outside_in,philippine,12457,112,1365,1071,57,41.62777777777778,132,0.0
exp4_group_0.0,steffen,philippine,12457,112,1114,1244,42,23.1,144,0.0
exp4_group_0.0,random,philippine,12458,113,1325,1087,91,33.15555555555556,121,0.0
exp4_group_0.0,back_to_front,philippine,12458,113,1686,1612,78,73.06666666666666,181,0.0
exp4_group_0.0,outside_in,philippine,12458,113,1370,1058,48,40.638888888888886,152,0.0
exp4_group_0.0,steffen,philippine,12458,113,1012,1176,49,23.772222222222222,106,0.0
exp4_group_0.0,random,philippine,12459,114,1362,1165,101,41.483333333333334,171,0.0
exp4_group_0.0,back_to_front,philippine,12459,114,1702,1531,101,77.61111111111111,221,0.0
exp4_group_0.0,outside_in,philippine,12459,114,1287,1105,29,36.205555555555556,110,0.0
exp4_group_0.0,steffen,philippine,12459,114,1183,1158,58,24.11111111111111,118,0.0
exp4_group_0.0,random,philippine,12460,115,1524,1127,94,42.81111111111111,158,0.0
exp4_group_0.0,back_to_front,philippine,12460,115,1730,1683,86,83.98333333333333,229,0.0
exp4_group_0.0,outside_in,philippine,12460,115,1318,1055,49,32.71111111111111,107,0.0
exp4_group_0.0,steffen,philippine,12460,115,973,998,57,18.33888888888889,87,0.0
exp4_group_0.0,random,philippine,12461,116,1430,1090,94,38.16111111111111,165,0.0
exp4_group_0.0,back_to_front,philippine,12461,116,1683,1599,84,79.17222222222222,216,0.0
exp4_group_0.0,outside_in,philippine,12461,116,1306,1081,47,36.02777777777778,118,0.0
exp4_group_0.0,steffen,philippine,12461,116,1138,1278,57,20.75,103,0.0
exp4_group_0.0,random,philippine,12462,117,1400,1042,85,40.166666666666664,125,0.0
exp4_group_0.0,back_to_front,philippine,12462,117,1750,1601,97,83.51666666666667,256,0.0
exp4_group_0.0,outside_in,philippine,12462,117,1440,1221,49,39.955555555555556,114,0.0
exp4_group_0.0,steffen,philippine,12462,117,1184,1164,49,22.294444444444444,90,0.0
exp4_group_0.0,random,philippine,12463,118,1391,1219,82,42.67777777777778,115,0.0
exp4_group_0.0,back_to_front,philippine,12463,118,1725,1560,95,87.16111111111111,272,0.0
exp4_group_0.0,outside_in,philippine,12463,118,1265,951,49,32.416666666666664,143,0.0
exp4_group_0.0,steffen,philippine,12463,118,1090,1125,48,23.105555555555554,78,0.0
exp4_group_0.0,random,philippine,12464,119,1397,1048,92,41.18333333333333,146,0.0
exp4_group_0.0,back_to_front,philippine,12464,119,1705,1481,94,75.12777777777778,211,0.0
exp4_group_0.0,outside_in,philippine,12464,119,1342,1132,53,41.294444444444444,146,0.0
exp4_group_0.0,steffen,philippine,12464,119,1122,976,52,21.961111111111112,127,0.0
exp4_group_0.0,random,philippine,12465,120,1421,1031,92,44.5,173,0.0
exp4_group_0.0,back_to_front,philippine,12465,120,1596,1402,89,69.18888888888888,212,0.0
exp4_group_0.0,outside_in,philippine,12465,120,1339,1076,49,35.87777777777778,94,0.0
exp4_group_0.0,steffen,philippine,12465,120,1157,1101,65,26.055555555555557,105,0.0
exp4_group_0.0,random,philippine,12466,121,1416,1080,86,40.833333333333336,146,0.0
exp4_group_0.0,back_to_front,philippine,12466,121,1625,1486,106,69.74444444444444,211,0.0
exp4_group_0.0,outside_in,philippine,12466,121,1307,983,56,35.38333333333333,149,0.0
exp4_group_0.0,steffen,philippine,12466,121,1092,1084,58,21.372222222222224,109,0.0
exp4_group_0.0,random,philippine,12467,122,1558,1136,98,48.40555555555556,139,0.0
exp4_group_0.0,back_to_front,philippine,12467,122,1663,1661,99,78.33333333333333,197,0.0
exp4_group_0.0,outside_in,philippine,12467,122,1280,996,51,28.455555555555556,103,0.0
exp4_group_0.0,steffen,philippine,12467,122,1059,1269,44,26.155555555555555,107,0.0
exp4_group_0.0,random,philippine,12468,123,1453,1015,91,38.855555555555554,135,0.0
exp4_group_0.0,back_to_front,philippine,12468,123,1708,1413,83,71.31111111111112,202,0.0
exp4_group_0.0,outside_in,philippine,12468,123,1322,1122,65,35.705555555555556,116,0.0
exp4_group_0.0,steffen,philippine,12468,123,1077,1175,43,20.5,122,0.0
exp4_group_0.0,random,philippine,12469,124,1412,1167,115,50.99444444444445,166,0.0
exp4_group_0.0,back_to_front,philippine,12469,124,1571,1636,87,71.81111111111112,190,0.0
exp4_group_0.0,outside_in,philippine,12469,124,1369,1065,46,39.644444444444446,137,0.0
exp4_group_0.0,steffen,philippine,12469,124,1124,915,57,19.005555555555556,103,0.0
exp4_group_0.0,random,philippine,12470,125,1341,1096,92,42.772222222222226,150,0.0
exp4_group_0.0,back_to_front,philippine,12470,125,1727,1403,99,73.75,206,0.0
exp4_group_0.0,outside_in,philippine,12470,125,1358,1050,43,38.522222222222226,123,0.0
exp4_group_0.0,steffen,philippine,12470,125,1142,1059,50,25.177777777777777,98,0.0
exp4_group_0.0,random,philippine,12471,126,1382,1188,95,51.794444444444444,141,0.0
exp4_group_0.0,back_to_front,philippine,12471,126,1696,1553,96,81.01666666666667,221,0.0
exp4_group_0.0,outside_in,philippine,12471,126,1344,1059,52,38.37777777777778,110,0.0
exp4_group_0.0,steffen,philippine,12471,126,1033,987,44,18.31111111111111,117,0.0
exp4_group_0.0,random,philippine,12472,127,1392,1176,93,38.49444444444445,120,0.0
exp4_group_0.0,back_to_front,philippine,12472,127,1606,1531,106,68.77222222222223,198,0.0
exp4_group_0.0,outside_in,philippine,12472,127,1420,1039,45,34.71111111111111,102,0.0
exp4_group_0.0,steffen,philippine,12472,127,1179,1324,49,32.76111111111111,165,0.0
exp4_group_0.0,random,philippine,12473,128,1468,1019,101,39.88333333333333,130,0.0
exp4_group_0.0,back_to_front,philippine,12473,128,1684,1572,89,77.18333333333334,205,0.0
exp4_group_0.0,outside_in,philippine,12473,128,1269,927,39,29.977777777777778,92,0.0
exp4_group_0.0,steffen,philippine,12473,128,1101,1245,41,24.55,149,0.0
exp4_group_0.0,random,philippine,12474,129,1406,1004,90,35.605555555555554,107,0.0
exp4_group_0.0,back_to_front,philippine,12474,129,1743,1541,95,76.12222222222222,203,0.0
exp4_group_0.0,outside_in,philippine,12474,129,1275,1092,59,38.93333333333333,131,0.0
exp4_group_0.0,steffen,philippine,12474,129,1037,1172,39,24.788888888888888,118,0.0
exp4_group_0.0,random,philippine,12475,130,1409,1134,88,41.68888888888889,134,0.0
exp4_group_0.0,back_to_front,philippine,12475,130,1633,1537,90,75.10555555555555,233,0.0
exp4_group_0.0,outside_in,philippine,12475,130,1387,1143,53,42.36666666666667,148,0.0
exp4_group_0.0,steffen,philippine,12475,130,1040,1132,46,23.266666666666666,128,0.0
exp4_group_0.0,random,philippine,12476,131,1418,1011,75,42.12222222222222,150,0.0
exp4_group_0.0,back_to_front,philippine,12476,131,1641,1478,89,73.85,214,0.0
exp4_group_0.0,outside_in,philippine,12476,131,1320,1063,43,32.983333333333334,125,0.0
exp4_group_0.0,steffen,philippine,12476,131,1116,994,51,24.77777777777778,133,0.0
exp4_group_0.0,random,philippine,12477,132,1359,1071,91,37.233333333333334,129,0.0
exp4_group_0.0,back_to_front,philippine,12477,132,1760,1530,93,70.68888888888888,220,0.0
exp4_group_0.0,outside_in,philippine,12477,132,1262,1040,43,34.083333333333336,120,0.0
exp4_group_0.0,steffen,philippine,12477,132,1092,1103,46,20.883333333333333,106,0.0
exp4_group_0.0,random,philippine,12478,133,1407,1065,96,40.18888888888889,142,0.0
exp4_group_0.0,back_to_front,philippine,12478,133,1772,1507,100,82.73333333333333,255,0.0
exp4_group_0.0,outside_in,philippine,12478,133,1319,933,43,30.333333333333332,116,0.0
exp4_group_0.0,steffen,philippine,12478,133,1118,1203,41,23.011111111111113,93,0.0
exp4_group_0.0,random,philippine,12479,134,1477,1064,86,42.99444444444445,124,0.0
exp4_group_0.0,back_to_front,philippine,12479,134,1690,1570,93,77.53333333333333,190,0.0
exp4_group_0.0,outside_in,philippine,12479,134,1446,1152,47,38.361111111111114,128,0.0
exp4_group_0.0,steffen,philippine,12479,134,1022,1240,50,21.494444444444444,110,0.0
exp4_group_0.0,random,philippine,12480,135,1472,990,100,41.794444444444444,119,0.0
exp4_group_0.0,back_to_front,philippine,12480,135,1857,1512,85,98.20555555555555,330,0.0
exp4_group_0.0,outside_in,philippine,12480,135,1276,1075,50,37.49444444444445,131,0.0
exp4_group_0.0,steffen,philippine,12480,135,1163,1172,62,29.16111111111111,124,0.0
exp4_group_0.0,random,philippine,12481,136,1419,1073,88,42.522222222222226,139,0.0
exp4_group_0.0,back_to_front,philippine,12481,136,1684,1498,81,76.52222222222223,221,0.0
exp4_group_0.0,outside_in,philippine,12481,136,1256,1052,39,32.01111111111111,117,0.0
exp4_group_0.0,steffen,philippine,12481,136,1024,1217,54,29.677777777777777,165,0.0
exp4_group_0.0,random,philippine,12482,137,1374,1117,90,37.62222222222222,114,0.0
exp4_group_0.0,back_to_front,philippine,12482,137,1654,1593,96,82.0111111111111,312,0.0
exp4_group_0.0,outside_in,philippine,12482,137,1214,1225,40,38.544444444444444,120,0.0
exp4_group_0.0,steffen,philippine,12482,137,1193,1183,60,25.461111111111112,141,0.0
exp4_group_0.0,random,philippine,12483,138,1406,1213,104,48.05,173,0.0
exp4_group_0.0,back_to_front,philippine,12483,138,1710,1547,97,71.5,207,0.0
exp4_group_0.0,outside_in,philippine,12483,138,1317,965,50,32.32222222222222,104,0.0
exp4_group_0.0,steffen,philippine,12483,138,1150,1080,55,23.11111111111111,113,0.0
exp4_group_0.0,random,philippine,12484,139,1499,1031,88,41.96666666666667,139,0.0
exp4_group_0.0,back_to_front,philippine,12484,139,1756,1496,96,80.27777777777777,210,0.0
exp4_group_0.0,outside_in,philippine,12484,139,1272,960,36,29.57777777777778,94,0.0
exp4_group_0.0,steffen,philippine,12484,139,1191,1209,47,24.5,101,0.0
exp4_group_0.0,random,philippine,12485,140,1462,1052,94,42.855555555555554,148,0.0
exp4_group_0.0,back_to_front,philippine,12485,140,1610,1467,87,73.02222222222223,217,0.0
exp4_group_0.0,outside_in,philippine,12485,140,1285,1086,55,39.95,135,0.0
exp4_group_0.0,steffen,philippine,12485,140,994,1171,53,21.083333333333332,93,0.0
exp4_group_0.0,random,philippine,12486,141,1408,1054,84,36.03333333333333,100,0.0
exp4_group_0.0,back_to_front,philippine,12486,141,1702,1536,104,81.14444444444445,254,0.0
exp4_group_0.0,outside_in,philippine,12486,141,1341,1065,51,35.94444444444444,128,0.0
exp4_group_0.0,steffen,philippine,12486,141,1039,1300,34,28.17222222222222,149,0.0
exp4_group_0.0,random,philippine,12487,142,1357,1034,86,36.388888888888886,105,0.0
exp4_group_0.0,back_to_front,philippine,12487,142,1584,1554,86,61.1,165,0.0
exp4_group_0.0,outside_in,philippine,12487,142,1296,1114,49,37.55,112,0.0
exp4_group_0.0,steffen,philippine,12487,142,1064,1207,53,26.372222222222224,134,0.0
exp4_group_0.0,random,philippine,12488,143,1415,1034,92,39.3,139,0.0
exp4_group_0.0,back_to_front,philippine,12488,143,1723,1595,95,80.31111111111112,248,0.0
exp4_group_0.0,outside_in,philippine,12488,143,1439,1167,60,42.78333333333333,135,0.0
exp4_group_0.0,steffen,philippine,12488,143,1134,1228,50,26.605555555555554,157,0.0
exp4_group_0.0,random,philippine,12489,144,1371,1075,89,38.7,123,0.0
exp4_group_0.0,back_to_front,philippine,12489,144,1831,1651,91,89.05,266,0.0
exp4_group_0.0,outside_in,philippine,12489,144,1294,1106,40,34.36666666666667,113,0.0
exp4_group_0.0,steffen,philippine,12489,144,1082,1210,53,28.31111111111111,113,0.0
exp4_group_0.0,random,philippine,12490,145,1472,1107,89,46.43333333333333,141,0.0
exp4_group_0.0,back_to_front,philippine,12490,145,1698,1469,94,70.62222222222222,185,0.0
exp4_group_0.0,outside_in,philippine,12490,145,1261,1110,37,33.92777777777778,126,0.0
exp4_group_0.0,steffen,philippine,12490,145,1071,1077,51,26.933333333333334,155,0.0
exp4_group_0.0,random,philippine,12491,146,1496,1183,95,45.81666666666667,189,0.0
exp4_group_0.0,back_to_front,philippine,12491,146,1554,1462,91,68.10555555555555,171,0.0
exp4_group_0.0,outside_in,philippine,12491,146,1265,937,56,32.2,103,0.0
exp4_group_0.0,steffen,philippine,12491,146,1115,1210,45,25.31111111111111,107,0.0
exp4_group_0.0,random,philippine,12492,147,1471,1241,98,47.166666666666664,173,0.0
exp4_group_0.0,back_to_front,philippine,12492,147,1751,1590,96,84.27777777777777,229,0.0
exp4_group_0.0,outside_in,philippine,12492,147,1203,999,49,29.8,99,0.0
exp4_group_0.0,steffen,philippine,12492,147,1115,1304,59,27.95,141,0.0
exp4_group_0.0,random,philippine,12493,148,1457,1113,99,38.0,111,0.0
exp4_group_0.0,back_to_front,philippine,12493,148,1697,1544,87,75.80555555555556,195,0.0
exp4_group_0.0,outside_in,philippine,12493,148,1317,1170,49,40.1,136,0.0
exp4_group_0.0,steffen,philippine,12493,148,1090,1204,48,23.18888888888889,120,0.0
exp4_group_0.0,random,philippine,12494,149,1307,1142,96,38.355555555555554,113,0.0
exp4_group_0.0,back_to_front,philippine,12494,149,1649,1545,78,71.0111111111111,239,0.0
exp4_group_0.0,outside_in,philippine,12494,149,1355,1040,39,35.34444444444444,118,0.0
exp4_group_0.0,steffen,philippine,12494,149,1021,1166,39,19.166666666666668,80,0.0
exp4_group_0.0,random,philippine,12495,150,1479,1045,95,41.0,148,0.0
exp4_group_0.0,back_to_front,philippine,12495,150,1694,1488,80,71.70555555555555,185,0.0
exp4_group_0.0,outside_in,philippine,12495,150,1353,1171,48,38.361111111111114,131,0.0
exp4_group_0.0,steffen,philippine,12495,150,993,1135,42,17.994444444444444,97,0.0
exp4_group_0.0,random,philippine,12496,151,1444,1137,100,42.43333333333333,147,0.0
exp4_group_0.0,back_to_front,philippine,12496,151,1594,1450,91,73.87222222222222,252,0.0
exp4_group_0.0,outside_in,philippine,12496,151,1320,1092,38,37.827777777777776,120,0.0
exp4_group_0.0,steffen,philippine,12496,151,1166,1084,55,27.683333333333334,119,0.0
exp4_group_0.0,random,philippine,12497,152,1371,1143,87,42.49444444444445,130,0.0
exp4_group_0.0,back_to_front,philippine,12497,152,1707,1561,92,75.36666666666666,236,0.0
exp4_group_0.0,outside_in,philippine,12497,152,1354,1102,40,37.18888888888889,135,0.0
exp4_group_0.0,steffen,philippine,12497,152,997,1316,42,16.55,83,0.0
exp4_group_0.0,random,philippine,12498,153,1361,1101,92,36.644444444444446,132,0.0
exp4_group_0.0,back_to_front,philippine,12498,153,1620,1636,83,76.43333333333334,255,0.0
exp4_group_0.0,outside_in,philippine,12498,153,1334,982,37,28.31111111111111,110,0.0
exp4_group_0.0,steffen,philippine,12498,153,1084,1141,55,23.194444444444443,129,0.0
exp4_group_0.0,random,philippine,12499,154,1463,1143,102,38.07222222222222,127,0.0
exp4_group_0.0,back_to_front,philippine,12499,154,1708,1675,93,77.37777777777778,191,0.0
exp4_group_0.0,outside_in,philippine,12499,154,1377,1190,49,38.36666666666667,143,0.0
exp4_group_0.0,steffen,philippine,12499,154,999,1188,47,21.666666666666668,90,0.0
exp4_group_0.0,random,philippine,12500,155,1404,1168,91,43.105555555555554,128,0.0
exp4_group_0.0,back_to_front,philippine,12500,155,1631,1449,82,69.24444444444444,217,0.0
exp4_group_0.0,outside_in,philippine,12500,155,1263,1028,45,32.9,116,0.0
exp4_group_0.0,steffen,philippine,12500,155,1055,1121,46,21.544444444444444,146,0.0
exp4_group_0.0,random,philippine,12501,156,1318,1024,80,38.02777777777778,100,0.0
exp4_group_0.0,back_to_front,philippine,12501,156,1655,1557,87,80.25555555555556,220,0.0
exp4_group_0.0,outside_in,philippine,12501,156,1406,1089,53,36.083333333333336,104,0.0
exp4_group_0.0,steffen,philippine,12501,156,1234,1178,57,26.42222222222222,132,0.0
exp4_group_0.0,random,philippine,12502,157,1434,1104,88,41.483333333333334,149,0.0
exp4_group_0.0,back_to_front,philippine,12502,157,1640,1583,92,75.7388888888889,259,0.0
exp4_group_0.0,outside_in,philippine,12502,157,1350,1051,54,35.25555555555555,104,0.0
exp4_group_0.0,steffen,philippine,12502,157,1124,1049,50,26.566666666666666,149,0.0
exp4_group_0.0,random,philippine,12503,158,1417,1077,92,43.6,125,0.0
exp4_group_0.0,back_to_front,philippine,12503,158,1671,1608,94,74.01666666666667,200,0.0
exp4_group_0.0,outside_in,philippine,12503,158,1198,1043,48,28.82777777777778,111,0.0
exp4_group_0.0,steffen,philippine,12503,158,1072,1217,39,22.194444444444443,97,0.0
exp4_group_0.0,random,philippine,12504,159,1467,975,87,37.50555555555555,108,0.0
exp4_group_0.0,back_to_front,philippine,12504,159,1562,1355,91,66.2,180,0.0
exp4_group_0.0,outside_in,philippine,12504,159,1327,1035,41,35.87222222222222,112,0.0
exp4_group_0.0,steffen,philippine,12504,159,1167,1102,49,24.005555555555556,118,0.0
exp4_group_0.0,random,philippine,12505,160,1322,1085,93,38.28333333333333,130,0.0
exp4_group_0.0,back_to_front,philippine,12505,160,1766,1557,95,88.31666666666666,299,0.0
exp4_group_0.0,outside_in,philippine,12505,160,1302,1011,50,32.5,92,0.0
exp4_group_0.0,steffen,philippine,12505,160,984,1126,38,19.022222222222222,97,0.0
exp4_group_0.0,random,philippine,12506,161,1376,1144,95,43.07222222222222,119,0.0
exp4_group_0.0,back_to_front,philippine,12506,161,1655,1506,93,74.37777777777778,238,0.0
exp4_group_0.0,outside_in,philippine,12506,161,1240,1249,46,38.02777777777778,146,0.0
exp4_group_0.0,steffen,philippine,12506,161,1002,1277,45,23.044444444444444,101,0.0
exp4_group_0.0,random,philippine,12507,162,1486,1125,97,39.205555555555556,166,0.0
exp4_group_0.0,back_to_front,philippine,12507,162,1730,1604,90,83.38888888888889,229,0.0
exp4_group_0.0,outside_in,philippine,12507,162,1275,989,61,32.26111111111111,94,0.0
exp4_group_0.0,steffen,philippine,12507,162,1074,1221,50,25.788888888888888,137,0.0
exp4_group_0.0,random,philippine,12508,163,1303,998,84,31.91111111111111,98,0.0
exp4_group_0.0,back_to_front,philippine,12508,163,1664,1615,84,73.68333333333334,185,0.0
exp4_group_0.0,outside_in,philippine,12508,163,1370,1045,54,36.22222222222222,157,0.0
exp4_group_0.0,steffen,philippine,12508,163,1206,1376,53,23.2,98,0.0
exp4_group_0.0,random,philippine,12509,164,1414,1108,67,40.13333333333333,116,0.0
exp4_group_0.0,back_to_front,philippine,12509,164,1635,1551,81,71.70555555555555,211,0.0
exp4_group_0.0,outside_in,philippine,12509,164,1346,1140,38,38.50555555555555,121,0.0
exp4_group_0.0,steffen,philippine,12509,164,1111,1189,52,21.7,116,0.0
exp4_group_0.0,random,philippine,12510,165,1354,1216,105,37.233333333333334,116,0.0
exp4_group_0.0,back_to_front,philippine,12510,165,1521,1605,84,62.87222222222222,175,0.0
exp4_group_0.0,outside_in,philippine,12510,165,1362,1119,57,34.416666666666664,140,0.0
exp4_group_0.0,steffen,philippine,12510,165,1098,1246,54,27.055555555555557,109,0.0
exp4_group_0.0,random,philippine,12511,166,1357,1066,93,38.01111111111111,135,0.0
exp4_group_0.0,back_to_front,philippine,12511,166,1628,1463,97,69.06666666666666,206,0.0
exp4_group_0.0,outside_in,philippine,12511,166,1274,1129,36,35.394444444444446,121,0.0
exp4_group_0.0,steffen,philippine,12511,166,1013,1085,42,25.705555555555556,134,0.0
exp4_group_0.0,random,philippine,12512,167,1382,1004,97,40.78888888888889,152,0.0
exp4_group_0.0,back_to_front,philippine,12512,167,1817,1542,96,89.53333333333333,236,0.0
exp4_group_0.0,outside_in,philippine,12512,167,1335,914,39,31.461111111111112,128,0.0
exp4_group_0.0,steffen,philippine,12512,167,1152,1063,49,23.4,127,0.0
exp4_group_0.0,random,philippine,12513,168,1490,1057,95,42.75,128,0.0
exp4_group_0.0,back_to_front,philippine,12513,168,1752,1430,94,72.64444444444445,188,0.0
exp4_group_0.0,outside_in,philippine,12513,168,1277,1138,44,34.71111111111111,108,0.0
exp4_group_0.0,steffen,philippine,12513,168,1223,1128,56,27.305555555555557,124,0.0
exp4_group_0.0,random,philippine,12514,169,1343,1080,88,39.43888888888889,115,0.0
exp4_group_0.0,back_to_front,philippine,12514,169,1623,1535,77,77.86666666666666,257,0.0
exp4_group_0.0,outside_in,philippine,12514,169,1493,1039,52,36.78888888888889,142,0.0
exp4_group_0.0,steffen,philippine,12514,169,1053,1216,33,22.61111111111111,95,0.0
exp4_group_0.0,random,philippine,12515,170,1401,1126,82,42.28333333333333,126,0.0
exp4_group_0.0,back_to_front,philippine,12515,170,1590,1500,87,66.5,179,0.0
exp4_group_0.0,outside_in,philippine,12515,170,1322,1214,51,38.43888888888889,153,0.0
exp4_group_0.0,steffen,philippine,12515,170,1124,1096,48,25.933333333333334,150,0.0
exp4_group_0.0,random,philippine,12516,171,1432,950,86,37.25555555555555,107,0.0
exp4_group_0.0,back_to_front,philippine,12516,171,1717,1381,89,72.25555555555556,231,0.0
exp4_group_0.0,outside_in,philippine,12516,171,1326,1053,59,30.761111111111113,114,0.0
exp4_group_0.0,steffen,philippine,12516,171,1056,1054,39,19.155555555555555,121,0.0
exp4_group_0.0,random,philippine,12517,172,1395,1060,92,37.894444444444446,135,0.0
exp4_group_0.0,back_to_front,philippine,12517,172,1590,1561,66,66.38888888888889,162,0.0
exp4_group_0.0,outside_in,philippine,12517,172,1386,1105,49,34.5,100,0.0
exp4_group_0.0,steffen,philippine,12517,172,1105,1051,47,19.627777777777776,112,0.0
exp4_group_0.0,random,philippine,12518,173,1407,1171,84,45.40555555555556,149,0.0
exp4_group_0.0,back_to_front,philippine,12518,173,1575,1504,78,69.91666666666667,185,0.0
exp4_group_0.0,outside_in,philippine,12518,173,1374,1071,47,31.455555555555556,132,0.0
exp4_group_0.0,steffen,philippine,12518,173,1047,1152,37,23.205555555555556,146,0.0
exp4_group_0.0,random,philippine,12519,174,1390,1124,79,43.78888888888889,113,0.0
exp4_group_0.0,back_to_front,philippine,12519,174,1761,1477,111,76.8,219,0.0
exp4_group_0.0,outside_in,philippine,12519,174,1298,1052,30,37.62222222222222,113,0.0
exp4_group_0.0,steffen,philippine,12519,174,1136,1101,59,24.16111111111111,144,0.0
exp4_group_0.0,random,philippine,12520,175,1346,1058,83,34.483333333333334,131,0.0
exp4_group_0.0,back_to_front,philippine,12520,175,1681,1508,90,74.97777777777777,222,0.0
exp4_group_0.0,outside_in,philippine,12520,175,1311,1080,43,30.67222222222222,101,0.0
exp4_group_0.0,steffen,philippine,12520,175,1019,1181,44,23.711111111111112,145,0.0
exp4_group_0.0,random,philippine,12521,176,1366,1110,83,41.52777777777778,146,0.0
exp4_group_0.0,back_to_front,philippine,12521,176,1829,1586,103,86.39444444444445,242,0.0
exp4_group_0.0,outside_in,philippine,12521,176,1236,1032,58,30.27777777777778,98,0.0
exp4_group_0.0,steffen,philippine,12521,176,1040,1069,38,22.927777777777777,119,0.0
exp4_group_0.0,random,philippine,12522,177,1407,1149,84,41.95,128,0.0
exp4_group_0.0,back_to_front,philippine,12522,177,1590,1480,82,72.62222222222222,195,0.0
exp4_group_0.0,outside_in,philippine,12522,177,1359,1109,68,42.605555555555554,184,0.0
exp4_group_0.0,steffen,philippine,12522,177,1080,1247,43,25.538888888888888,141,0.0
exp4_group_0.0,random,philippine,12523,178,1530,973,102,40.81666666666667,155,0.0
exp4_group_0.0,back_to_front,philippine,12523,178,1708,1507,92,81.14444444444445,196,0.0
exp4_group_0.0,outside_in,philippine,12523,178,1286,988,35,31.0,95,0.0
exp4_group_0.0,steffen,philippine,12523,178,1069,1086,51,24.744444444444444,118,0.0
exp4_group_0.0,random,philippine,12524,179,1341,1037,73,37.72222222222222,114,0.0
exp4_group_0.0,back_to_front,philippine,12524,179,1732,1408,93,76.4888888888889,200,0.0
exp4_group_0.0,outside_in,philippine,12524,179,1304,1039,47,40.93888888888889,148,0.0
exp4_group_0.0,steffen,philippine,12524,179,1012,1105,41,22.644444444444446,108,0.0
exp4_group_0.0,random,philippine,12525,180,1317,1123,95,41.32222222222222,149,0.0
exp4_group_0.0,back_to_front,philippine,12525,180,1648,1544,80,69.94444444444444,227,0.0
exp4_group_0.0,outside_in,philippine,12525,180,1284,1060,50,32.37222222222222,120,0.0
exp4_group_0.0,steffen,philippine,12525,180,999,1053,48,19.316666666666666,90,0.0
exp4_group_0.0,random,philippine,12526,181,1318,1063,91,37.49444444444445,142,0.0
exp4_group_0.0,back_to_front,philippine,12526,181,1747,1551,93,74.37777777777778,271,0.0
exp4_group_0.0,outside_in,philippine,12526,181,1257,1023,40,31.788888888888888,94,0.0
exp4_group_0.0,steffen,philippine,12526,181,972,1151,37,20.666666666666668,151,0.0
exp4_group_0.0,random,philippine,12527,182,1424,1052,98,37.544444444444444,120,0.0
exp4_group_0.0,back_to_front,philippine,12527,182,1736,1585,90,86.95555555555555,238,0.0
exp4_group_0.0,outside_in,philippine,12527,182,1274,1162,40,36.53888888888889,121,0.0
exp4_group_0.0,steffen,philippine,12527,182,1064,1223,45,22.13888888888889,90,0.0
exp4_group_0.0,random,philippine,12528,183,1383,1101,81,44.75555555555555,130,0.0
exp4_group_0.0,back_to_front,philippine,12528,183,1835,1413,87,87.16666666666667,232,0.0
exp4_group_0.0,outside_in,philippine,12528,183,1392,975,53,34.32222222222222,109,0.0
exp4_group_0.0,steffen,philippine,12528,183,1113,1237,54,28.144444444444446,116,0.0
exp4_group_0.0,random,philippine,12529,184,1445,1100,95,41.422222222222224,139,0.0
exp4_group_0.0,back_to_front,philippine,12529,184,1754,1583,100,86.28333333333333,278,0.0
exp4_group_0.0,outside_in,philippine,12529,184,1401,979,62,35.61666666666667,98,0.0
exp4_group_0.0,steffen,philippine,12529,184,1093,1122,48,23.82777777777778,121,0.0
exp4_group_0.0,random,philippine,12530,185,1413,1046,87,35.8,115,0.0
exp4_group_0.0,back_to_front,philippine,12530,185,1861,1646,84,95.10555555555555,274,0.0
exp4_group_0.0,outside_in,philippine,12530,185,1367,957,42,34.58888888888889,104,0.0
exp4_group_0.0,steffen,philippine,12530,185,1195,1215,57,30.627777777777776,159,0.0
exp4_group_0.0,random,philippine,12531,186,1368,1020,94,39.977777777777774,142,0.0
exp4_group_0.0,back_to_front,philippine,12531,186,1656,1371,84,75.57222222222222,202,0.0
exp4_group_0.0,outside_in,philippine,12531,186,1254,1105,40,35.55555555555556,88,0.0
exp4_group_0.0,steffen,philippine,12531,186,1096,1175,46,24.427777777777777,97,0.0
exp4_group_0.0,random,philippine,12532,187,1428,1080,96,42.2,133,0.0
exp4_group_0.0,back_to_front,philippine,12532,187,1659,1539,88,72.61666666666666,203,0.0
exp4_group_0.0,outside_in,philippine,12532,187,1249,940,49,35.83888888888889,164,0.0
exp4_group_0.0,steffen,philippine,12532,187,1089,1157,43,21.57777777777778,184,0.0
exp4_group_0.0,random,philippine,12533,188,1480,985,87,40.33888888888889,155,0.0
exp4_group_0.0,back_to_front,philippine,12533,188,1673,1468,91,73.16666666666667,201,0.0
exp4_group_0.0,outside_in,philippine,12533,188,1248,1086,49,30.33888888888889,107,0.0
exp4_group_0.0,steffen,philippine,12533,188,1089,1297,45,24.194444444444443,132,0.0
exp4_group_0.0,random,philippine,12534,189,1555,1112,105,45.77777777777778,151,0.0
exp4_group_0.0,back_to_front,philippine,12534,189,1623,1489,88,70.94444444444444,197,0.0
exp4_group_0.0,outside_in,philippine,12534,189,1278,929,62,31.91111111111111,122,0.0
exp4_group_0.0,steffen,philippine,12534,189,1133,1289,54,27.833333333333332,138,0.0
exp4_group_0.0,random,philippine,12535,190,1406,1174,91,41.422222222222224,125,0.0
exp4_group_0.0,back_to_front,philippine,12535,190,1847,1586,96,83.55555555555556,250,0.0
exp4_group_0.0,outside_in,philippine,12535,190,1220,1092,43,33.56666666666667,87,0.0
exp4_group_0.0,steffen,philippine,12535,190,1115,1171,52,23.727777777777778,120,0.0
exp4_group_0.0,random,philippine,12536,191,1427,1062,97,39.68333333333333,131,0.0
exp4_group_0.0,back_to_front,philippine,12536,191,1800,1379,87,77.5,230,0.0
exp4_group_0.0,outside_in,philippine,12536,191,1205,1017,48,30.716666666666665,108,0.0
exp4_group_0.0,steffen,philippine,12536,191,1029,1065,40,20.066666666666666,125,0.0
exp4_group_0.0,random,philippine,12537,192,1474,1079,86,42.93333333333333,127,0.0
exp4_group_0.0,back_to_front,philippine,12537,192,1632,1495,86,69.5,177,0.0
exp4_group_0.0,outside_in,philippine,12537,192,1132,989,44,27.433333333333334,93,0.0
exp4_group_0.0,steffen,philippine,12537,192,1113,976,51,22.372222222222224,94,0.0
exp4_group_0.0,random,philippine,12538,193,1300,1090,94,36.85,125,0.0
exp4_group_0.0,back_to_front,philippine,12538,193,1586,1420,84,76.09444444444445,238,0.0
exp4_group_0.0,outside_in,philippine,12538,193,1332,1166,35,40.30555555555556,122,0.0
exp4_group_0.0,steffen,philippine,12538,193,1139,1134,63,21.366666666666667,86,0.0
exp4_group_0.0,random,philippine,12539,194,1573,1170,82,50.42777777777778,142,0.0
exp4_group_0.0,back_to_front,philippine,12539,194,1752,1676,92,83.7611111111111,267,0.0
exp4_group_0.0,outside_in,philippine,12539,194,1352,1142,55,39.80555555555556,190,0.0
exp4_group_0.0,steffen,philippine,12539,194,1164,1317,38,26.81111111111111,124,0.0
exp4_group_0.0,random,philippine,12540,195,1394,1042,88,35.022222222222226,114,0.0
exp4_group_0.0,back_to_front,philippine,12540,195,1645,1577,94,76.03888888888889,222,0.0
exp4_group_0.0,outside_in,philippine,12540,195,1286,1166,51,35.43333333333333,133,0.0
exp4_group_0.0,steffen,philippine,12540,195,1046,1239,38,21.177777777777777,139,0.0
exp4_group_0.0,random,philippine,12541,196,1335,1127,92,37.55555555555556,137,0.0
exp4_group_0.0,back_to_front,philippine,12541,196,1757,1455,94,73.82777777777778,176,0.0
exp4_group_0.0,outside_in,philippine,12541,196,1325,921,50,38.227777777777774,125,0.0
exp4_group_0.0,steffen,philippine,12541,196,1109,1269,54,25.716666666666665,150,0.0
exp4_group_0.0,random,philippine,12542,197,1439,1126,91,41.672222222222224,128,0.0
exp4_group_0.0,back_to_front,philippine,12542,197,1760,1643,87,87.66666666666667,263,0.0
exp4_group_0.0,outside_in,philippine,12542,197,1324,1133,41,38.01111111111111,125,0.0
exp4_group_0.0,steffen,philippine,12542,197,1091,1471,42,28.55,135,0.0
exp4_group_0.0,random,philippine,12543,198,1324,1087,89,36.16111111111111,170,0.0
exp4_group_0.0,back_to_front,philippine,12543,198,1740,1565,89,83.7611111111111,231,0.0
exp4_group_0.0,outside_in,philippine,12543,198,1349,1136,44,41.06111111111111,141,0.0
exp4_group_0.0,steffen,philippine,12543,198,1147,1187,48,25.08888888888889,122,0.0
exp4_group_0.0,random,philippine,12544,199,1485,1084,103,42.06666666666667,113,0.0
exp4_group_0.0,back_to_front,philippine,12544,199,1689,1423,81,79.6,257,0.0
exp4_group_0.0,outside_in,philippine,12544,199,1331,934,49,30.872222222222224,104,0.0
exp4_group_0.0,steffen,philippine,12544,199,1261,1231,72,30.56111111111111,114,0.0
exp4_group_0.2,random,philippine,12345,0,1308,1040,80,40.544444444444444,103,0.2
exp4_group_0.2,back_to_front,philippine,12345,0,1651,1489,86,70.47222222222223,217,0.2
exp4_group_0.2,outside_in,philippine,12345,0,1428,1255,78,52.922222222222224,135,0.2
exp4_group_0.2,steffen,philippine,12345,0,1069,1234,58,26.877777777777776,126,0.2
exp4_group_0.2,random,philippine,12346,1,1421,1201,89,43.06666666666667,164,0.2
exp4_group_0.2,back_to_front,philippine,12346,1,1842,1559,99,83.82777777777778,254,0.2
exp4_group_0.2,outside_in,philippine,12346,1,1385,1183,59,35.888888888888886,128,0.2
exp4_group_0.2,steffen,philippine,12346,1,1192,1321,57,31.105555555555554,136,0.2
exp4_group_0.2,random,philippine,12347,2,1277,1166,74,34.08888888888889,84,0.2
exp4_group_0.2,back_to_front,philippine,12347,2,1606,1556,94,63.888888888888886,203,0.2
exp4_group_0.2,outside_in,philippine,12347,2,1438,1223,47,36.45,140,0.2
exp4_group_0.2,steffen,philippine,12347,2,1246,1326,62,34.827777777777776,133,0.2
exp4_group_0.2,random,philippine,12348,3,1385,1054,80,41.355555555555554,118,0.2
exp4_group_0.2,back_to_front,philippine,12348,3,1732,1676,89,88.49444444444444,256,0.2
exp4_group_0.2,outside_in,philippine,12348,3,1435,1041,60,42.63333333333333,129,0.2
exp4_group_0.2,steffen,philippine,12348,3,1006,1010,51,18.733333333333334,104,0.2
exp4_group_0.2,random,philippine,12349,4,1401,1105,92,41.22222222222222,130,0.2
exp4_group_0.2,back_to_front,philippine,12349,4,1622,1505,78,67.87777777777778,156,0.2
exp4_group_0.2,outside_in,philippine,12349,4,1366,1111,52,38.71111111111111,146,0.2
exp4_group_0.2,steffen,philippine,12349,4,1114,1290,63,28.666666666666668,149,0.2
exp4_group_0.2,random,philippine,12350,5,1383,1163,83,42.95,166,0.2
exp4_group_0.2,back_to_front,philippine,12350,5,1683,1601,85,79.18333333333334,201,0.2
exp4_group_0.2,outside_in,philippine,12350,5,1225,1101,53,34.52777777777778,112,0.2
exp4_group_0.2,steffen,philippine,12350,5,1086,1466,49,31.466666666666665,108,0.2
exp4_group_0.2,random,philippine,12351,6,1606,1060,91,48.82222222222222,126,0.2
exp4_group_0.2,back_to_front,philippine,12351,6,1744,1514,105,86.86666666666666,262,0.2
exp4_group_0.2,outside_in,philippine,12351,6,1407,920,58,40.138888888888886,147,0.2
exp4_group_0.2,steffen,philippine,12351,6,1140,1119,52,27.47222222222222,104,0.2
exp4_group_0.2,random,philippine,12352,7,1380,1043,104,36.25555555555555,111,0.2
exp4_group_0.2,back_to_front,philippine,12352,7,1778,1492,92,73.73333333333333,194,0.2
exp4_group_0.2,outside_in,philippine,12352,7,1203,1117,38,35.87222222222222,101,0.2
exp4_group_0.2,steffen,philippine,12352,7,1077,1267,59,30.183333333333334,111,0.2
exp4_group_0.2,random,philippine,12353,8,1336,1256,92,44.983333333333334,133,0.2
exp4_group_0.2,back_to_front,philippine,12353,8,1891,1691,81,97.49444444444444,321,0.2
exp4_group_0.2,outside_in,philippine,12353,8,1356,1154,48,37.43888888888889,117,0.2
exp4_group_0.2,steffen,philippine,12353,8,1110,1400,55,29.511111111111113,113,0.2
exp4_group_0.2,random,philippine,12354,9,1493,1127,88,45.30555555555556,163,0.2
exp4_group_0.2,back_to_front,philippine,12354,9,1702,1515,85,77.25,217,0.2
exp4_group_0.2,outside_in,philippine,12354,9,1425,1066,50,44.78888888888889,133,0.2
exp4_group_0.2,steffen,philippine,12354,9,1051,1218,45,26.06111111111111,122,0.2
exp4_group_0.2,random,philippine,12355,10,1413,1146,79,44.93888888888889,143,0.2
exp4_group_0.2,back_to_front,philippine,12355,10,1607,1429,89,65.95555555555555,204,0.2
exp4_group_0.2,outside_in,philippine,12355,10,1329,1069,78,33.922222222222224,107,0.2
exp4_group_0.2,steffen,philippine,12355,10,1124,1299,62,28.566666666666666,137,0.2
exp4_group_0.2,random,philippine,12356,11,1455,1158,93,46.23888888888889,155,0.2
exp4_group_0.2,back_to_front,philippine,12356,11,1722,1574,83,74.5111111111111,190,0.2
exp4_group_0.2,outside_in,philippine,12356,11,1334,1101,55,36.12222222222222,142,0.2
exp4_group_0.2,steffen,philippine,12356,11,1220,1104,62,25.116666666666667,170,0.2
exp4_group_0.2,random,philippine,12357,12,1368,1049,82,37.48888888888889,124,0.2
exp4_group_0.2,back_to_front,philippine,12357,12,1913,1686,89,99.31111111111112,267,0.2
exp4_group_0.2,outside_in,philippine,12357,12,1297,1153,59,35.01111111111111,106,0.2
exp4_group_0.2,steffen,philippine,12357,12,1130,1079,52,26.944444444444443,116,0.2
exp4_group_0.2,random,philippine,12358,13,1390,1057,81,33.4,106,0.2
exp4_group_0.2,back_to_front,philippine,12358,13,1840,1670,97,88.05,241,0.2
exp4_group_0.2,outside_in,philippine,12358,13,1248,1273,40,34.15,124,0.2
exp4_group_0.2,steffen,philippine,12358,13,1114,1263,44,26.68888888888889,99,0.2
exp4_group_0.2,random,philippine,12359,14,1349,1328,87,46.90555555555556,164,0.2
exp4_group_0.2,back_to_front,philippine,12359,14,1940,1641,77,89.44444444444444,266,0.2
exp4_group_0.2,outside_in,philippine,12359,14,1400,1328,49,45.71111111111111,143,0.2
exp4_group_0.2,steffen,philippine,12359,14,1139,1378,47,37.3,167,0.2
exp4_group_0.2,random,philippine,12360,15,1334,1043,77,35.31111111111111,124,0.2
exp4_group_0.2,back_to_front,philippine,12360,15,1810,1643,100,93.53888888888889,258,0.2
exp4_group_0.2,outside_in,philippine,12360,15,1346,1159,54,41.96666666666667,156,0.2
exp4_group_0.2,steffen,philippine,12360,15,1134,1314,59,27.18888888888889,120,0.2
exp4_group_0.2,random,philippine,12361,16,1384,1111,77,40.86666666666667,124,0.2
exp4_group_0.2,back_to_front,philippine,12361,16,1640,1430,83,71.33888888888889,277,0.2
exp4_group_0.2,outside_in,philippine,12361,16,1457,1239,70,45.25555555555555,174,0.2
exp4_group_0.2,steffen,philippine,12361,16,1169,1253,48,25.261111111111113,79,0.2
exp4_group_0.2,random,philippine,12362,17,1410,1135,78,46.166666666666664,188,0.2
exp4_group_0.2,back_to_front,philippine,12362,17,1741,1718,117,89.37777777777778,274,0.2
exp4_group_0.2,outside_in,philippine,12362,17,1318,1151,53,38.8,130,0.2
exp4_group_0.2,steffen,philippine,12362,17,1126,1140,49,24.42222222222222,94,0.2
exp4_group_0.2,random,philippine,12363,18,1445,1077,86,42.638888888888886,179,0.2
exp4_group_0.2,back_to_front,philippine,12363,18,1786,1587,94,87.47222222222223,239,0.2
exp4_group_0.2,outside_in,philippine,12363,18,1505,1127,62,44.65,138,0.2
exp4_group_0.2,steffen,philippine,12363,18,1060,1063,58,23.583333333333332,108,0.2
exp4_group_0.2,random,philippine,12364,19,1357,1035,94,37.26111111111111,113,0.2
exp4_group_0.2,back_to_front,philippine,12364,19,1836,1658,90,89.2,250,0.2
exp4_group_0.2,outside_in,philippine,12364,19,1464,1000,48,46.55555555555556,193,0.2
exp4_group_0.2,steffen,philippine,12364,19,1132,1049,56,21.344444444444445,87,0.2
exp4_group_0.2,random,philippine,12365,20,1387,1189,89,37.044444444444444,132,0.2
exp4_group_0.2,back_to_front,philippine,12365,20,1805,1491,79,81.31111111111112,247,0.2
exp4_group_0.2,outside_in,philippine,12365,20,1408,1235,56,50.55555555555556,252,0.2
exp4_group_0.2,steffen,philippine,12365,20,1105,1119,53,25.844444444444445,81,0.2
exp4_group_0.2,random,philippine,12366,21,1431,1128,88,48.772222222222226,138,0.2
exp4_group_0.2,back_to_front,philippine,12366,21,1618,1459,94,74.21666666666667,214,0.2
exp4_group_0.2,outside_in,philippine,12366,21,1395,1076,52,39.705555555555556,141,0.2
exp4_group_0.2,steffen,philippine,12366,21,1185,1072,67,29.11111111111111,141,0.2
exp4_group_0.2,random,philippine,12367,22,1575,1107,93,50.22222222222222,190,0.2
exp4_group_0.2,back_to_front,philippine,12367,22,1647,1535,97,72.26666666666667,210,0.2
exp4_group_0.2,outside_in,philippine,12367,22,1287,1237,48,40.88333333333333,120,0.2
exp4_group_0.2,steffen,philippine,12367,22,970,1312,42,21.461111111111112,91,0.2
exp4_group_0.2,random,philippine,12368,23,1334,1132,83,41.666666666666664,170,0.2
exp4_group_0.2,back_to_front,philippine,12368,23,1807,1573,78,80.74444444444444,202,0.2
exp4_group_0.2,outside_in,philippine,12368,23,1294,1099,52,34.166666666666664,121,0.2
exp4_group_0.2,steffen,philippine,12368,23,1198,1234,65,30.966666666666665,108,0.2
exp4_group_0.2,random,philippine,12369,24,1353,1135,99,39.18333333333333,109,0.2
exp4_group_0.2,back_to_front,philippine,12369,24,1595,1454,80,73.82222222222222,249,0.2
exp4_group_0.2,outside_in,philippine,12369,24,1415,1067,46,40.71666666666667,126,0.2
exp4_group_0.2,steffen,philippine,12369,24,1081,1276,56,28.06111111111111,162,0.2
exp4_group_0.2,random,philippine,12370,25,1424,1164,87,41.794444444444444,121,0.2
exp4_group_0.2,back_to_front,philippine,12370,25,1767,1621,92,78.92222222222222,181,0.2
exp4_group_0.2,outside_in,philippine,12370,25,1371,960,41,36.00555555555555,98,0.2
exp4_group_0.2,steffen,philippine,12370,25,1360,1054,67,32.605555555555554,160,0.2
exp4_group_0.2,random,philippine,12371,26,1388,1248,93,45.0,118,0.2
exp4_group_0.2,back_to_front,philippine,12371,26,1772,1475,80,69.93888888888888,173,0.2
exp4_group_0.2,outside_in,philippine,12371,26,1349,1093,56,35.95,115,0.2
exp4_group_0.2,steffen,philippine,12371,26,1234,1296,61,31.272222222222222,136,0.2
exp4_group_0.2,random,philippine,12372,27,1527,1165,87,43.044444444444444,124,0.2
exp4_group_0.2,back_to_front,philippine,12372,27,1678,1553,93,78.66666666666667,246,0.2
exp4_group_0.2,outside_in,philippine,12372,27,1372,1112,62,34.977777777777774,111,0.2
exp4_group_0.2,steffen,philippine,12372,27,1126,1346,64,29.433333333333334,155,0.2
exp4_group_0.2,random,philippine,12373,28,1402,1161,103,47.41111111111111,149,0.2
exp4_group_0.2,back_to_front,philippine,12373,28,1686,1520,67,70.57222222222222,194,0.2
exp4_group_0.2,outside_in,philippine,12373,28,1322,1156,60,41.416666666666664,130,0.2
exp4_group_0.2,steffen,philippine,12373,28,1070,1123,41,24.005555555555556,115,0.2
exp4_group_0.2,random,philippine,12374,29,1333,1046,87,37.272222222222226,121,0.2
exp4_group_0.2,back_to_front,philippine,12374,29,1803,1583,91,85.03333333333333,248,0.2
exp4_group_0.2,outside_in,philippine,12374,29,1258,1046,62,39.99444444444445,109,0.2
exp4_group_0.2,steffen,philippine,12374,29,1130,1283,50,30.566666666666666,110,0.2
exp4_group_0.2,random,philippine,12375,30,1610,1194,103,51.93888888888889,186,0.2
exp4_group_0.2,back_to_front,philippine,12375,30,1739,1673,102,80.90555555555555,262,0.2
exp4_group_0.2,outside_in,philippine,12375,30,1428,1200,55,39.72222222222222,121,0.2
exp4_group_0.2,steffen,philippine,12375,30,1110,1385,59,28.122222222222224,99,0.2
exp4_group_0.2,random,philippine,12376,31,1414,1084,93,41.55555555555556,124,0.2
exp4_group_0.2,back_to_front,philippine,12376,31,1782,1537,94,79.2,242,0.2
exp4_group_0.2,outside_in,philippine,12376,31,1380,1138,55,40.861111111111114,137,0.2
exp4_group_0.2,steffen,philippine,12376,31,1161,1199,56,26.227777777777778,139,0.2
exp4_group_0.2,random,philippine,12377,32,1404,1256,90,44.416666666666664,158,0.2
exp4_group_0.2,back_to_front,philippine,12377,32,1608,1637,94,73.11111111111111,200,0.2
exp4_group_0.2,outside_in,philippine,12377,32,1388,1110,55,37.95,132,0.2
exp4_group_0.2,steffen,philippine,12377,32,1102,1159,62,24.627777777777776,92,0.2
exp4_group_0.2,random,philippine,12378,33,1472,1157,104,54.59444444444444,137,0.2
exp4_group_0.2,back_to_front,philippine,12378,33,1727,1584,101,80.13888888888889,255,0.2
exp4_group_0.2,outside_in,philippine,12378,33,1345,1133,48,39.56111111111111,127,0.2
exp4_group_0.2,steffen,philippine,12378,33,1175,1186,54,29.816666666666666,126,0.2
exp4_group_0.2,random,philippine,12379,34,1273,1006,84,30.394444444444446,85,0.2
exp4_group_0.2,back_to_front,philippine,12379,34,1949,1635,79,94.43888888888888,258,0.2
exp4_group_0.2,outside_in,philippine,12379,34,1298,1214,66,45.48888888888889,133,0.2
exp4_group_0.2,steffen,philippine,12379,34,1086,1054,64,28.05,117,0.2
exp4_group_0.2,random,philippine,12380,35,1452,1068,90,40.522222222222226,133,0.2
exp4_group_0.2,back_to_front,philippine,12380,35,1607,1609,87,77.21666666666667,228,0.2
exp4_group_0.2,outside_in,philippine,12380,35,1348,1111,66,36.55,100,0.2
exp4_group_0.2,steffen,philippine,12380,35,1177,1329,70,30.8,121,0.2
exp4_group_0.2,random,philippine,12381,36,1431,1281,96,45.01111111111111,162,0.2
exp4_group_0.2,back_to_front,philippine,12381,36,1810,1700,113,98.94444444444444,308,0.2
exp4_group_0.2,outside_in,philippine,12381,36,1324,1104,51,36.022222222222226,127,0.2
exp4_group_0.2,steffen,philippine,12381,36,1093,1294,50,33.983333333333334,175,0.2
exp4_group_0.2,random,philippine,12382,37,1416,997,96,38.172222222222224,112,0.2
exp4_group_0.2,back_to_front,philippine,12382,37,1700,1400,87,72.40555555555555,213,0.2
exp4_group_0.2,outside_in,philippine,12382,37,1361,1059,56,40.19444444444444,139,0.2
exp4_group_0.2,steffen,philippine,12382,37,1075,1115,48,22.82777777777778,77,0.2
exp4_group_0.2,random,philippine,12383,38,1360,1093,93,37.42777777777778,101,0.2
exp4_group_0.2,back_to_front,philippine,12383,38,1766,1529,92,89.12222222222222,285,0.2
exp4_group_0.2,outside_in,philippine,12383,38,1263,1147,59,38.1,104,0.2
exp4_group_0.2,steffen,philippine,12383,38,1117,1260,41,23.72222222222222,98,0.2
exp4_group_0.2,random,philippine,12384,39,1470,1135,85,44.21666666666667,137,0.2
exp4_group_0.2,back_to_front,philippine,12384,39,1823,1395,89,83.55,296,0.2
exp4_group_0.2,outside_in,philippine,12384,39,1413,1097,61,40.855555555555554,131,0.2
exp4_group_0.2,steffen,philippine,12384,39,1079,1236,63,24.355555555555554,143,0.2
exp4_group_0.2,random,philippine,12385,40,1290,1093,95,36.166666666666664,119,0.2
exp4_group_0.2,back_to_front,philippine,12385,40,1591,1587,91,68.38888888888889,214,0.2
exp4_group_0.2,outside_in,philippine,12385,40,1225,1003,41,33.7,143,0.2
exp4_group_0.2,steffen,philippine,12385,40,1102,1251,49,23.83888888888889,101,0.2
exp4_group_0.2,random,philippine,12386,41,1429,1124,96,41.827777777777776,115,0.2
exp4_group_0.2,back_to_front,philippine,12386,41,1573,1538,90,68.71111111111111,209,0.2
exp4_group_0.2,outside_in,philippine,12386,41,1365,896,53,32.772222222222226,139,0.2
exp4_group_0.2,steffen,philippine,12386,41,1097,1193,57,25.81111111111111,116,0.2
exp4_group_0.2,random,philippine,12387,42,1381,964,84,35.11666666666667,95,0.2
exp4_group_0.2,back_to_front,philippine,12387,42,1768,1415,88,90.57777777777778,310,0.2
exp4_group_0.2,outside_in,philippine,12387,42,1348,973,56,34.15555555555556,111,0.2
exp4_group_0.2,steffen,philippine,12387,42,1059,1014,49,20.122222222222224,101,0.2
exp4_group_0.2,random,philippine,12388,43,1421,1204,86,49.38333333333333,169,0.2
exp4_group_0.2,back_to_front,philippine,12388,43,1622,1583,93,75.91111111111111,202,0.2
exp4_group_0.2,outside_in,philippine,12388,43,1427,1148,77,45.25,124,0.2
exp4_group_0.2,steffen,philippine,12388,43,1063,1393,49,26.727777777777778,100,0.2
exp4_group_0.2,random,philippine,12389,44,1518,1057,94,42.21111111111111,129,0.2
exp4_group_0.2,back_to_front,philippine,12389,44,1725,1637,77,87.26666666666667,253,0.2
exp4_group_0.2,outside_in,philippine,12389,44,1322,1183,45,36.483333333333334,108,0.2
exp4_group_0.2,steffen,philippine,12389,44,1135,1159,55,26.733333333333334,139,0.2
exp4_group_0.2,random,philippine,12390,45,1487,1090,90,42.01111111111111,129,0.2
exp4_group_0.2,back_to_front,philippine,12390,45,1683,1496,82,80.2388888888889,229,0.2
exp4_group_0.2,outside_in,philippine,12390,45,1415,1027,72,36.43333333333333,150,0.2
exp4_group_0.2,steffen,philippine,12390,45,1008,1253,50,26.57777777777778,105,0.2
exp4_group_0.2,random,philippine,12391,46,1421,1113,85,40.15,143,0.2
exp4_group_0.2,back_to_front,philippine,12391,46,1683,1503,90,73.28888888888889,197,0.2
exp4_group_0.2,outside_in,philippine,12391,46,1377,1074,55,34.53888888888889,111,0.2
exp4_group_0.2,steffen,philippine,12391,46,1177,1208,61,29.183333333333334,145,0.2
exp4_group_0.2,random,philippine,12392,47,1478,1077,79,46.28888888888889,134,0.2
exp4_group_0.2,back_to_front,philippine,12392,47,1733,1486,91,75.47222222222223,235,0.2
exp4_group_0.2,outside_in,philippine,12392,47,1364,1021,53,46.361111111111114,150,0.2
exp4_group_0.2,steffen,philippine,12392,47,1089,1068,59,23.95,150,0.2
exp4_group_0.2,random,philippine,12393,48,1375,1158,87,36.53333333333333,115,0.2
exp4_group_0.2,back_to_front,philippine,12393,48,1741,1680,92,83.9888888888889,227,0.2
exp4_group_0.2,outside_in,philippine,12393,48,1260,1132,44,33.62777777777778,104,0.2
exp4_group_0.2,steffen,philippine,12393,48,1064,1282,50,27.694444444444443,118,0.2
exp4_group_0.2,random,philippine,12394,49,1485,1182,95,53.59444444444444,152,0.2
exp4_group_0.2,back_to_front,philippine,12394,49,1688,1544,86,77.5111111111111,205,0.2
exp4_group_0.2,outside_in,philippine,12394,49,1402,1083,71,38.105555555555554,141,0.2
exp4_group_0.2,steffen,philippine,12394,49,1118,1199,59,26.944444444444443,155,0.2
exp4_group_0.2,random,philippine,12395,50,1314,1214,99,43.95,138,0.2
exp4_group_0.2,back_to_front,philippine,12395,50,1824,1414,91,76.41666666666667,203,0.2
exp4_group_0.2,outside_in,philippine,12395,50,1296,1172,68,40.583333333333336,139,0.2
exp4_group_0.2,steffen,philippine,12395,50,1139,1146,63,28.622222222222224,131,0.2
exp4_group_0.2,random,philippine,12396,51,1358,1172,88,40.355555555555554,135,0.2
exp4_group_0.2,back_to_front,philippine,12396,51,1656,1650,93,81.52777777777777,224,0.2
exp4_group_0.2,outside_in,philippine,12396,51,1291,1050,54,33.11666666666667,139,0.2
exp4_group_0.2,steffen,philippine,12396,51,1067,1236,52,27.716666666666665,117,0.2
exp4_group_0.2,random,philippine,12397,52,1563,1289,88,57.522222222222226,173,0.2
exp4_group_0.2,back_to_front,philippine,12397,52,1760,1471,94,75.77777777777777,197,0.2
exp4_group_0.2,outside_in,philippine,12397,52,1333,1046,47,33.61666666666667,102,0.2
exp4_group_0.2,steffen,philippine,12397,52,1215,1142,61,27.094444444444445,85,0.2
exp4_group_0.2,random,philippine,12398,53,1354,1093,84,39.37777777777778,108,0.2
exp4_group_0.2,back_to_front,philippine,12398,53,1733,1552,82,72.81666666666666,203,0.2
exp4_group_0.2,outside_in,philippine,12398,53,1362,1176,62,39.27777777777778,131,0.2
exp4_group_0.2,steffen,philippine,12398,53,1060,1126,54,24.06111111111111,96,0.2
exp4_group_0.2,random,philippine,12399,54,1434,1050,91,41.522222222222226,143,0.2
exp4_group_0.2,back_to_front,philippine,12399,54,1784,1558,89,82.13333333333334,234,0.2
exp4_group_0.2,outside_in,philippine,12399,54,1361,1091,43,36.05,103,0.2
exp4_group_0.2,steffen,philippine,12399,54,1065,1109,53,23.227777777777778,72,0.2
exp4_group_0.2,random,philippine,12400,55,1473,1072,82,38.18888888888889,99,0.2
exp4_group_0.2,back_to_front,philippine,12400,55,1649,1660,85,80.14444444444445,217,0.2
exp4_group_0.2,outside_in,philippine,12400,55,1293,1238,65,36.477777777777774,128,0.2
exp4_group_0.2,steffen,philippine,12400,55,1092,1231,57,30.127777777777776,108,0.2
exp4_group_0.2,random,philippine,12401,56,1440,1146,91,46.3,136,0.2
exp4_group_0.2,back_to_front,philippine,12401,56,1594,1453,96,62.955555555555556,169,0.2
exp4_group_0.2,outside_in,philippine,12401,56,1374,1153,57,37.172222222222224,110,0.2
exp4_group_0.2,steffen,philippine,12401,56,1202,1151,62,26.733333333333334,111,0.2
exp4_group_0.2,random,philippine,12402,57,1517,1316,102,49.69444444444444,135,0.2
exp4_group_0.2,back_to_front,philippine,12402,57,1698,1558,99,71.13333333333334,183,0.2
exp4_group_0.2,outside_in,philippine,12402,57,1252,1249,64,45.63333333333333,167,0.2
exp4_group_0.2,steffen,philippine,12402,57,1127,1075,44,24.622222222222224,94,0.2
exp4_group_0.2,random,philippine,12403,58,1514,1191,91,45.8,127,0.2
exp4_group_0.2,back_to_front,philippine,12403,58,1722,1528,92,76.38888888888889,259,0.2
exp4_group_0.2,outside_in,philippine,12403,58,1321,1164,64,46.8,150,0.2
exp4_group_0.2,steffen,philippine,12403,58,1114,1142,53,29.8,172,0.2
exp4_group_0.2,random,philippine,12404,59,1386,1264,93,49.17777777777778,133,0.2
exp4_group_0.2,back_to_front,philippine,12404,59,1809,1586,70,86.12222222222222,226,0.2
exp4_group_0.2,outside_in,philippine,12404,59,1339,1010,56,33.794444444444444,108,0.2
exp4_group_0.2,steffen,philippine,12404,59,1096,1222,57,29.36111111111111,136,0.2
exp4_group_0.2,random,philippine,12405,60,1566,1178,92,45.71111111111111,161,0.2
exp4_group_0.2,back_to_front,philippine,12405,60,1614,1540,97,73.51666666666667,243,0.2
exp4_group_0.2,outside_in,philippine,12405,60,1258,1085,41,35.88333333333333,116,0.2
exp4_group_0.2,steffen,philippine,12405,60,1037,1251,55,26.18888888888889,120,0.2
exp4_group_0.2,random,philippine,12406,61,1394,1236,93,41.605555555555554,117,0.2
exp4_group_0.2,back_to_front,philippine,12406,61,1594,1594,72,68.67777777777778,185,0.2
exp4_group_0.2,outside_in,philippine,12406,61,1335,1162,39,36.58888888888889,121,0.2
exp4_group_0.2,steffen,philippine,12406,61,1038,1212,53,27.25,111,0.2
exp4_group_0.2,random,philippine,12407,62,1324,1086,81,39.516666666666666,143,0.2
exp4_group_0.2,back_to_front,philippine,12407,62,1621,1518,90,69.18333333333334,171,0.2
exp4_group_0.2,outside_in,philippine,12407,62,1258,966,51,34.16111111111111,133,0.2
exp4_group_0.2,steffen,philippine,12407,62,1156,1229,65,26.655555555555555,122,0.2
exp4_group_0.2,random,philippine,12408,63,1425,1188,90,44.022222222222226,141,0.2
exp4_group_0.2,back_to_front,philippine,12408,63,1784,1589,99,75.63333333333334,241,0.2
exp4_group_0.2,outside_in,philippine,12408,63,1271,1086,48,38.227777777777774,144,0.2
exp4_group_0.2,steffen,philippine,12408,63,1145,1355,62,27.966666666666665,125,0.2
exp4_group_0.2,random,philippine,12409,64,1562,1189,93,48.96111111111111,136,0.2
exp4_group_0.2,back_to_front,philippine,12409,64,1742,1677,94,84.03333333333333,216,0.2
exp4_group_0.2,outside_in,philippine,12409,64,1451,1106,64,36.855555555555554,95,0.2
exp4_group_0.2,steffen,philippine,12409,64,1133,1172,41,24.916666666666668,124,0.2
exp4_group_0.2,random,philippine,12410,65,1417,1085,85,41.49444444444445,156,0.2
exp4_group_0.2,back_to_front,philippine,12410,65,1785,1592,101,82.31111111111112,240,0.2
exp4_group_0.2,outside_in,philippine,12410,65,1287,1060,49,36.138888888888886,117,0.2
exp4_group_0.2,steffen,philippine,12410,65,1138,1369,45,36.02777777777778,117,0.2
exp4_group_0.2,random,philippine,12411,66,1391,1138,98,42.24444444444445,169,0.2
exp4_group_0.2,back_to_front,philippine,12411,66,1790,1551,91,91.37222222222222,242,0.2
exp4_group_0.2,outside_in,philippine,12411,66,1353,1125,54,38.24444444444445,123,0.2
exp4_group_0.2,steffen,philippine,12411,66,1274,1010,59,25.227777777777778,119,0.2
exp4_group_0.2,random,philippine,12412,67,1307,1124,75,38.25,132,0.2
exp4_group_0.2,back_to_front,philippine,12412,67,1760,1631,99,81.25,224,0.2
exp4_group_0.2,outside_in,philippine,12412,67,1385,1170,58,39.93888888888889,123,0.2
exp4_group_0.2,steffen,philippine,12412,67,1094,1397,58,31.455555555555556,105,0.2
exp4_group_0.2,random,philippine,12413,68,1470,1159,105,45.727777777777774,140,0.2
exp4_group_0.2,back_to_front,philippine,12413,68,1662,1499,90,75.96111111111111,205,0.2
exp4_group_0.2,outside_in,philippine,12413,68,1298,1201,64,40.49444444444445,111,0.2
exp4_group_0.2,steffen,philippine,12413,68,1142,1196,52,31.005555555555556,140,0.2
exp4_group_0.2,random,philippine,12414,69,1556,1054,85,41.62777777777778,122,0.2
exp4_group_0.2,back_to_front,philippine,12414,69,1777,1531,85,81.9,245,0.2
exp4_group_0.2,outside_in,philippine,12414,69,1256,1131,56,41.28333333333333,155,0.2
exp4_group_0.2,steffen,philippine,12414,69,1127,1179,49,27.655555555555555,128,0.2
exp4_group_0.2,random,philippine,12415,70,1329,1182,78,38.68333333333333,119,0.2
exp4_group_0.2,back_to_front,philippine,12415,70,1796,1597,95,83.6,289,0.2
exp4_group_0.2,outside_in,philippine,12415,70,1475,1155,60,40.16111111111111,161,0.2
exp4_group_0.2,steffen,philippine,12415,70,1187,1282,55,25.77777777777778,111,0.2
exp4_group_0.2,random,philippine,12416,71,1523,954,99,41.08888888888889,135,0.2
exp4_group_0.2,back_to_front,philippine,12416,71,1613,1662,78,70.68888888888888,187,0.2
exp4_group_0.2,outside_in,philippine,12416,71,1287,1088,61,34.083333333333336,87,0.2
exp4_group_0.2,steffen,philippine,12416,71,1047,1314,54,22.394444444444446,93,0.2
exp4_group_0.2,random,philippine,12417,72,1453,1062,84,44.022222222222226,138,0.2
exp4_group_0.2,back_to_front,philippine,12417,72,1609,1450,93,68.86111111111111,182,0.2
exp4_group_0.2,outside_in,philippine,12417,72,1297,1197,53,36.28888888888889,145,0.2
exp4_group_0.2,steffen,philippine,12417,72,1175,1240,53,29.25,111,0.2
exp4_group_0.2,random,philippine,12418,73,1344,1208,89,47.916666666666664,138,0.2
exp4_group_0.2,back_to_front,philippine,12418,73,1699,1364,98,70.45555555555555,210,0.2
exp4_group_0.2,outside_in,philippine,12418,73,1396,1017,60,34.67777777777778,119,0.2
exp4_group_0.2,steffen,philippine,12418,73,1110,1046,62,26.18888888888889,115,0.2
exp4_group_0.2,random,philippine,12419,74,1465,1100,87,42.75,161,0.2
exp4_group_0.2,back_to_front,philippine,12419,74,1495,1513,81,64.52222222222223,184,0.2
exp4_group_0.2,outside_in,philippine,12419,74,1374,1155,52,42.227777777777774,117,0.2
exp4_group_0.2,steffen,philippine,12419,74,1038,1195,50,23.727777777777778,88,0.2
exp4_group_0.2,random,philippine,12420,75,1323,1229,75,41.477777777777774,143,0.2
exp4_group_0.2,back_to_front,philippine,12420,75,1614,1628,95,81.55,242,0.2
exp4_group_0.2,outside_in,philippine,12420,75,1289,1030,61,32.644444444444446,114,0.2
exp4_group_0.2,steffen,philippine,12420,75,1088,1241,52,25.333333333333332,103,0.2
exp4_group_0.2,random,philippine,12421,76,1363,1037,92,35.57222222222222,127,0.2
exp4_group_0.2,back_to_front,philippine,12421,76,1642,1688,90,78.38888888888889,235,0.2
exp4_group_0.2,outside_in,philippine,12421,76,1311,1179,53,36.36666666666667,111,0.2
exp4_group_0.2,steffen,philippine,12421,76,1101,1195,46,22.955555555555556,66,0.2
exp4_group_0.2,random,philippine,12422,77,1390,1165,94,46.01111111111111,155,0.2
exp4_group_0.2,back_to_front,philippine,12422,77,1979,1759,83,94.23333333333333,248,0.2
exp4_group_0.2,outside_in,philippine,12422,77,1447,1169,52,46.81111111111111,141,0.2
exp4_group_0.2,steffen,philippine,12422,77,1296,1316,59,31.92222222222222,110,0.2
exp4_group_0.2,random,philippine,12423,78,1379,1045,94,37.12222222222222,116,0.2
exp4_group_0.2,back_to_front,philippine,12423,78,1609,1391,93,66.65,213,0.2
exp4_group_0.2,outside_in,philippine,12423,78,1424,1213,62,40.87222222222222,142,0.2
exp4_group_0.2,steffen,philippine,12423,78,1052,1254,59,24.511111111111113,126,0.2
exp4_group_0.2,random,philippine,12424,79,1345,1086,91,38.333333333333336,116,0.2
exp4_group_0.2,back_to_front,philippine,12424,79,1761,1431,98,73.85,210,0.2
exp4_group_0.2,outside_in,philippine,12424,79,1259,969,52,35.95,110,0.2
exp4_group_0.2,steffen,philippine,12424,79,1143,1104,49,27.322222222222223,114,0.2
exp4_group_0.2,random,philippine,12425,80,1612,1178,92,47.205555555555556,139,0.2
exp4_group_0.2,back_to_front,philippine,12425,80,1731,1596,90,83.91111111111111,267,0.2
exp4_group_0.2,outside_in,philippine,12425,80,1299,1086,69,34.672222222222224,105,0.2
exp4_group_0.2,steffen,philippine,12425,80,1180,1092,55,30.194444444444443,153,0.2
exp4_group_0.2,random,philippine,12426,81,1395,1214,82,49.42777777777778,174,0.2
exp4_group_0.2,back_to_front,philippine,12426,81,1685,1527,96,74.64444444444445,215,0.2
exp4_group_0.2,outside_in,philippine,12426,81,1434,1205,46,39.4,159,0.2
exp4_group_0.2,steffen,philippine,12426,81,1106,1459,53,33.16111111111111,112,0.2
exp4_group_0.2,random,philippine,12427,82,1321,1168,93,38.833333333333336,116,0.2
exp4_group_0.2,back_to_front,philippine,12427,82,1797,1719,78,93.0,251,0.2
exp4_group_0.2,outside_in,philippine,12427,82,1392,1061,50,38.19444444444444,116,0.2
exp4_group_0.2,steffen,philippine,12427,82,1111,1241,54,27.644444444444446,143,0.2
exp4_group_0.2,random,philippine,12428,83,1388,1137,88,35.66111111111111,115,0.2
exp4_group_0.2,back_to_front,philippine,12428,83,1753,1524,109,80.01666666666667,250,0.2
exp4_group_0.2,outside_in,philippine,12428,83,1360,1244,54,40.45,140,0.2
exp4_group_0.2,steffen,philippine,12428,83,1095,1051,59,21.58888888888889,115,0.2
exp4_group_0.2,random,philippine,12429,84,1435,1172,93,48.48888888888889,137,0.2
exp4_group_0.2,back_to_front,philippine,12429,84,1673,1501,78,75.4,203,0.2
exp4_group_0.2,outside_in,philippine,12429,84,1213,1196,64,36.85,142,0.2
exp4_group_0.2,steffen,philippine,12429,84,1122,1262,63,27.183333333333334,107,0.2
exp4_group_0.2,random,philippine,12430,85,1448,1262,106,48.577777777777776,150,0.2
exp4_group_0.2,back_to_front,philippine,12430,85,1659,1362,85,69.25,210,0.2
exp4_group_0.2,outside_in,philippine,12430,85,1260,1064,45,36.61666666666667,130,0.2
exp4_group_0.2,steffen,philippine,12430,85,1136,1102,49,26.366666666666667,127,0.2
exp4_group_0.2,random,philippine,12431,86,1508,1103,103,43.861111111111114,166,0.2
exp4_group_0.2,back_to_front,philippine,12431,86,1665,1578,89,74.45,233,0.2
exp4_group_0.2,outside_in,philippine,12431,86,1419,1079,51,39.45,130,0.2
exp4_group_0.2,steffen,philippine,12431,86,1149,1368,55,33.833333333333336,134,0.2
exp4_group_0.2,random,philippine,12432,87,1393,1165,83,38.26111111111111,107,0.2
exp4_group_0.2,back_to_front,philippine,12432,87,1765,1715,89,88.96666666666667,295,0.2
exp4_group_0.2,outside_in,philippine,12432,87,1395,996,55,36.577777777777776,137,0.2
exp4_group_0.2,steffen,philippine,12432,87,1053,1132,58,21.183333333333334,94,0.2
exp4_group_0.2,random,philippine,12433,88,1411,1132,70,39.4,126,0.2
exp4_group_0.2,back_to_front,philippine,12433,88,1807,1637,77,81.71666666666667,239,0.2
exp4_group_0.2,outside_in,philippine,12433,88,1351,1113,58,42.05555555555556,148,0.2
exp4_group_0.2,steffen,philippine,12433,88,1152,1033,57,25.211111111111112,98,0.2
exp4_group_0.2,random,philippine,12434,89,1332,1138,94,40.69444444444444,115,0.2
exp4_group_0.2,back_to_front,philippine,12434,89,1655,1686,67,82.88333333333334,248,0.2
exp4_group_0.2,outside_in,philippine,12434,89,1280,1122,68,41.044444444444444,154,0.2
exp4_group_0.2,steffen,philippine,12434,89,1091,1305,51,27.994444444444444,97,0.2
exp4_group_0.2,random,philippine,12435,90,1387,1313,96,51.74444444444445,134,0.2
exp4_group_0.2,back_to_front,philippine,12435,90,1780,1648,78,84.9,222,0.2
exp4_group_0.2,outside_in,philippine,12435,90,1398,1201,57,39.3,131,0.2
exp4_group_0.2,steffen,philippine,12435,90,1132,1090,50,31.694444444444443,111,0.2
exp4_group_0.2,random,philippine,12436,91,1511,1094,91,42.388888888888886,155,0.2
exp4_group_0.2,back_to_front,philippine,12436,91,1680,1581,86,72.55,161,0.2
exp4_group_0.2,outside_in,philippine,12436,91,1353,1222,55,41.67777777777778,136,0.2
exp4_group_0.2,steffen,philippine,12436,91,1215,1171,64,30.416666666666668,120,0.2
exp4_group_0.2,random,philippine,12437,92,1505,1006,92,38.66111111111111,168,0.2
exp4_group_0.2,back_to_front,philippine,12437,92,1622,1690,85,75.7,182,0.2
exp4_group_0.2,outside_in,philippine,12437,92,1426,1131,48,44.21111111111111,168,0.2
exp4_group_0.2,steffen,philippine,12437,92,1255,1180,72,34.43333333333333,127,0.2
exp4_group_0.2,random,philippine,12438,93,1381,1131,75,40.861111111111114,145,0.2
exp4_group_0.2,back_to_front,philippine,12438,93,1887,1682,92,89.75555555555556,253,0.2
exp4_group_0.2,outside_in,philippine,12438,93,1436,1270,54,42.09444444444444,155,0.2
exp4_group_0.2,steffen,philippine,12438,93,1193,1372,53,35.06666666666667,111,0.2
exp4_group_0.2,random,philippine,12439,94,1469,1025,97,38.05555555555556,129,0.2
exp4_group_0.2,back_to_front,philippine,12439,94,1714,1600,93,83.77777777777777,268,0.2
exp4_group_0.2,outside_in,philippine,12439,94,1307,1229,56,45.01111111111111,148,0.2
exp4_group_0.2,steffen,philippine,12439,94,1115,1193,59,28.522222222222222,108,0.2
exp4_group_0.2,random,philippine,12440,95,1552,1146,95,46.65,151,0.2
exp4_group_0.2,back_to_front,philippine,12440,95,1690,1722,86,82.4,270,0.2
exp4_group_0.2,outside_in,philippine,12440,95,1366,1128,57,41.43333333333333,124,0.2
exp4_group_0.2,steffen,philippine,12440,95,1068,1137,52,26.55,136,0.2
exp4_group_0.2,random,philippine,12441,96,1481,1172,96,46.47222222222222,148,0.2
exp4_group_0.2,back_to_front,philippine,12441,96,1489,1506,92,59.81111111111111,160,0.2
exp4_group_0.2,outside_in,philippine,12441,96,1493,1091,71,37.81666666666667,122,0.2
exp4_group_0.2,steffen,philippine,12441,96,1014,1180,54,23.494444444444444,94,0.2
exp4_group_0.2,random,philippine,12442,97,1396,1249,94,48.68888888888889,146,0.2
exp4_group_0.2,back_to_front,philippine,12442,97,1550,1589,90,70.93333333333334,238,0.2
exp4_group_0.2,outside_in,philippine,12442,97,1276,1125,47,36.955555555555556,132,0.2
exp4_group_0.2,steffen,philippine,12442,97,1205,1241,59,33.62777777777778,141,0.2
exp4_group_0.2,random,philippine,12443,98,1487,1290,93,56.93888888888889,172,0.2
exp4_group_0.2,back_to_front,philippine,12443,98,1637,1577,100,73.67222222222222,220,0.2
exp4_group_0.2,outside_in,philippine,12443,98,1280,1083,53,42.16111111111111,164,0.2
exp4_group_0.2,steffen,philippine,12443,98,1111,1383,63,29.194444444444443,104,0.2
exp4_group_0.2,random,philippine,12444,99,1551,1033,105,44.32222222222222,150,0.2
exp4_group_0.2,back_to_front,philippine,12444,99,1889,1603,86,86.98333333333333,265,0.2
exp4_group_0.2,outside_in,philippine,12444,99,1349,1078,75,37.666666666666664,126,0.2
exp4_group_0.2,steffen,philippine,12444,99,1171,1118,56,32.55555555555556,135,0.2
exp4_group_0.2,random,philippine,12445,100,1488,969,93,42.894444444444446,169,0.2
exp4_group_0.2,back_to_front,philippine,12445,100,1699,1430,100,75.72777777777777,202,0.2
exp4_group_0.2,outside_in,philippine,12445,100,1465,1078,59,39.32222222222222,145,0.2
exp4_group_0.2,steffen,philippine,12445,100,1252,1072,51,29.822222222222223,119,0.2
exp4_group_0.2,random,philippine,12446,101,1555,1236,99,51.57222222222222,174,0.2
exp4_group_0.2,back_to_front,philippine,12446,101,1741,1641,98,77.1,260,0.2
exp4_group_0.2,outside_in,philippine,12446,101,1393,1187,57,37.61666666666667,146,0.2
exp4_group_0.2,steffen,philippine,12446,101,1201,1198,74,29.75,168,0.2
exp4_group_0.2,random,philippine,12447,102,1381,1218,95,42.87222222222222,138,0.2
exp4_group_0.2,back_to_front,philippine,12447,102,1560,1473,89,64.25555555555556,187,0.2
exp4_group_0.2,outside_in,philippine,12447,102,1424,1103,52,38.916666666666664,115,0.2
exp4_group_0.2,steffen,philippine,12447,102,1015,1145,59,22.266666666666666,119,0.2
exp4_group_0.2,random,philippine,12448,103,1428,1135,93,41.544444444444444,123,0.2
exp4_group_0.2,back_to_front,philippine,12448,103,1654,1534,97,74.55555555555556,182,0.2
exp4_group_0.2,outside_in,philippine,12448,103,1236,1186,53,35.18333333333333,120,0.2
exp4_group_0.2,steffen,philippine,12448,103,1100,1325,44,26.8,108,0.2
exp4_group_0.2,random,philippine,12449,104,1500,1263,88,51.05,154,0.2
exp4_group_0.2,back_to_front,philippine,12449,104,1804,1586,89,78.63888888888889,202,0.2
exp4_group_0.2,outside_in,philippine,12449,104,1379,1083,56,38.30555555555556,130,0.2
exp4_group_0.2,steffen,philippine,12449,104,1096,1281,50,28.47222222222222,114,0.2
exp4_group_0.2,random,philippine,12450,105,1496,1072,103,41.772222222222226,153,0.2
exp4_group_0.2,back_to_front,philippine,12450,105,1804,1529,87,80.88333333333334,218,0.2
exp4_group_0.2,outside_in,philippine,12450,105,1347,995,57,34.083333333333336,119,0.2
exp4_group_0.2,steffen,philippine,12450,105,1086,1280,55,25.56111111111111,107,0.2
exp4_group_0.2,random,philippine,12451,106,1413,1101,92,37.666666666666664,130,0.2
exp4_group_0.2,back_to_front,philippine,12451,106,1772,1384,92,70.62777777777778,207,0.2
exp4_group_0.2,outside_in,philippine,12451,106,1343,1166,60,42.66111111111111,173,0.2
exp4_group_0.2,steffen,philippine,12451,106,1108,1190,61,24.905555555555555,121,0.2
exp4_group_0.2,random,philippine,12452,107,1326,1163,85,38.827777777777776,126,0.2
exp4_group_0.2,back_to_front,philippine,12452,107,1800,1702,97,79.33888888888889,224,0.2
exp4_group_0.2,outside_in,philippine,12452,107,1333,1192,55,40.388888888888886,124,0.2
exp4_group_0.2,steffen,philippine,12452,107,1082,1316,43,29.15,125,0.2
exp4_group_0.2,random,philippine,12453,108,1470,1207,80,50.63333333333333,186,0.2
exp4_group_0.2,back_to_front,philippine,12453,108,1676,1552,84,72.93888888888888,202,0.2
exp4_group_0.2,outside_in,philippine,12453,108,1419,1200,60,43.96666666666667,154,0.2
exp4_group_0.2,steffen,philippine,12453,108,1141,1293,45,35.42777777777778,143,0.2
exp4_group_0.2,random,philippine,12454,109,1396,1005,82,37.51111111111111,125,0.2
exp4_group_0.2,back_to_front,philippine,12454,109,1812,1546,86,87.86111111111111,252,0.2
exp4_group_0.2,outside_in,philippine,12454,109,1382,1136,63,37.88333333333333,117,0.2
exp4_group_0.2,steffen,philippine,12454,109,1175,1109,53,25.366666666666667,114,0.2
exp4_group_0.2,random,philippine,12455,110,1481,1080,106,45.144444444444446,144,0.2
exp4_group_0.2,back_to_front,philippine,12455,110,1782,1570,84,87.78888888888889,289,0.2
exp4_group_0.2,outside_in,philippine,12455,110,1438,1070,50,36.03888888888889,122,0.2
exp4_group_0.2,steffen,philippine,12455,110,1146,1321,52,30.11111111111111,110,0.2
exp4_group_0.2,random,philippine,12456,111,1360,1094,91,37.144444444444446,121,0.2
exp4_group_0.2,back_to_front,philippine,12456,111,1678,1629,86,78.70555555555555,211,0.2
exp4_group_0.2,outside_in,philippine,12456,111,1423,1146,54,41.09444444444444,153,0.2
exp4_group_0.2,steffen,philippine,12456,111,1167,1126,58,22.97222222222222,89,0.2
exp4_group_0.2,random,philippine,12457,112,1421,1171,95,41.7,116,0.2
exp4_group_0.2,back_to_front,philippine,12457,112,1661,1619,89,74.39444444444445,228,0.2
exp4_group_0.2,outside_in,philippine,12457,112,1308,1300,57,44.93888888888889,157,0.2
exp4_group_0.2,steffen,philippine,12457,112,1149,1166,52,28.61111111111111,131,0.2
exp4_group_0.2,random,philippine,12458,113,1389,1005,87,36.09444444444444,117,0.2
exp4_group_0.2,back_to_front,philippine,12458,113,1756,1604,83,85.26666666666667,211,0.2
exp4_group_0.2,outside_in,philippine,12458,113,1474,1171,52,44.41111111111111,128,0.2
exp4_group_0.2,steffen,philippine,12458,113,1086,1238,53,25.033333333333335,98,0.2
exp4_group_0.2,random,philippine,12459,114,1279,1103,83,39.9,134,0.2
exp4_group_0.2,back_to_front,philippine,12459,114,1698,1546,82,80.78333333333333,208,0.2
exp4_group_0.2,outside_in,philippine,12459,114,1367,1198,39,43.272222222222226,124,0.2
exp4_group_0.2,steffen,philippine,12459,114,1164,1181,55,27.22222222222222,100,0.2
exp4_group_0.2,random,philippine,12460,115,1423,1172,95,48.21666666666667,170,0.2
exp4_group_0.2,back_to_front,philippine,12460,115,1754,1777,98,93.79444444444445,276,0.2
exp4_group_0.2,outside_in,philippine,12460,115,1397,1007,58,35.833333333333336,108,0.2
exp4_group_0.2,steffen,philippine,12460,115,1136,1346,59,28.005555555555556,128,0.2
exp4_group_0.2,random,philippine,12461,116,1423,1045,91,33.97222222222222,105,0.2
exp4_group_0.2,back_to_front,philippine,12461,116,1801,1487,81,83.22222222222223,235,0.2
exp4_group_0.2,outside_in,philippine,12461,116,1329,1033,45,31.83888888888889,106,0.2
exp4_group_0.2,steffen,philippine,12461,116,1207,1236,57,27.844444444444445,119,0.2
exp4_group_0.2,random,philippine,12462,117,1412,1010,80,35.922222222222224,123,0.2
exp4_group_0.2,back_to_front,philippine,12462,117,1857,1666,94,93.46111111111111,294,0.2
exp4_group_0.2,outside_in,philippine,12462,117,1385,1201,56,42.15,135,0.2
exp4_group_0.2,steffen,philippine,12462,117,1159,1143,49,26.794444444444444,131,0.2
exp4_group_0.2,random,philippine,12463,118,1386,1138,86,44.144444444444446,138,0.2
exp4_group_0.2,back_to_front,philippine,12463,118,1820,1589,89,83.46666666666667,261,0.2
exp4_group_0.2,outside_in,philippine,12463,118,1317,1017,60,33.59444444444444,100,0.2
exp4_group_0.2,steffen,philippine,12463,118,1137,1083,58,29.355555555555554,113,0.2
exp4_group_0.2,random,philippine,12464,119,1494,1267,98,52.37777777777778,169,0.2
exp4_group_0.2,back_to_front,philippine,12464,119,1685,1433,83,69.87777777777778,211,0.2
exp4_group_0.2,outside_in,philippine,12464,119,1390,1146,68,47.327777777777776,180,0.2
exp4_group_0.2,steffen,philippine,12464,119,1195,1189,74,35.93333333333333,151,0.2
exp4_group_0.2,random,philippine,12465,120,1427,1103,95,41.21666666666667,144,0.2
exp4_group_0.2,back_to_front,philippine,12465,120,1817,1419,96,81.22222222222223,252,0.2
exp4_group_0.2,outside_in,philippine,12465,120,1355,1146,56,40.80555555555556,131,0.2
exp4_group_0.2,steffen,philippine,12465,120,1224,1213,69,29.11111111111111,106,0.2
exp4_group_0.2,random,philippine,12466,121,1350,1162,72,45.577777777777776,144,0.2
exp4_group_0.2,back_to_front,philippine,12466,121,1530,1526,85,69.78333333333333,190,0.2
exp4_group_0.2,outside_in,philippine,12466,121,1229,1032,48,30.81111111111111,102,0.2
exp4_group_0.2,steffen,philippine,12466,121,1116,1251,53,24.544444444444444,114,0.2
exp4_group_0.2,random,philippine,12467,122,1439,1215,88,52.38333333333333,160,0.2
exp4_group_0.2,back_to_front,philippine,12467,122,1642,1476,93,66.42777777777778,195,0.2
exp4_group_0.2,outside_in,philippine,12467,122,1255,1089,47,35.36666666666667,119,0.2
exp4_group_0.2,steffen,philippine,12467,122,1230,1239,58,29.622222222222224,146,0.2
exp4_group_0.2,random,philippine,12468,123,1460,1121,84,38.6,119,0.2
exp4_group_0.2,back_to_front,philippine,12468,123,1705,1613,85,84.29444444444445,210,0.2
exp4_group_0.2,outside_in,philippine,12468,123,1274,1135,61,34.233333333333334,151,0.2
exp4_group_0.2,steffen,philippine,12468,123,1128,1275,54,26.444444444444443,137,0.2
exp4_group_0.2,random,philippine,12469,124,1431,1092,85,41.32222222222222,150,0.2
exp4_group_0.2,back_to_front,philippine,12469,124,1568,1640,83,78.23333333333333,207,0.2
exp4_group_0.2,outside_in,philippine,12469,124,1367,1161,52,35.81666666666667,114,0.2
exp4_group_0.2,steffen,philippine,12469,124,1177,1273,60,30.22222222222222,120,0.2
exp4_group_0.2,random,philippine,12470,125,1345,1136,86,45.37777777777778,166,0.2
exp4_group_0.2,back_to_front,philippine,12470,125,1773,1378,97,70.24444444444444,180,0.2
exp4_group_0.2,outside_in,philippine,12470,125,1445,1098,47,35.705555555555556,116,0.2
exp4_group_0.2,steffen,philippine,12470,125,1154,1176,57,26.761111111111113,146,0.2
exp4_group_0.2,random,philippine,12471,126,1457,1255,91,48.93888888888889,154,0.2
exp4_group_0.2,back_to_front,philippine,12471,126,1602,1510,89,65.18333333333334,207,0.2
exp4_group_0.2,outside_in,philippine,12471,126,1376,1091,55,37.327777777777776,102,0.2
exp4_group_0.2,steffen,philippine,12471,126,1205,1263,57,30.255555555555556,103,0.2
exp4_group_0.2,random,philippine,12472,127,1496,1088,97,43.733333333333334,175,0.2
exp4_group_0.2,back_to_front,philippine,12472,127,1829,1568,96,82.02222222222223,255,0.2
exp4_group_0.2,outside_in,philippine,12472,127,1390,1140,47,39.74444444444445,121,0.2
exp4_group_0.2,steffen,philippine,12472,127,1080,1247,57,25.333333333333332,109,0.2
exp4_group_0.2,random,philippine,12473,128,1411,1045,78,41.17777777777778,137,0.2
exp4_group_0.2,back_to_front,philippine,12473,128,1626,1571,90,80.5111111111111,229,0.2
exp4_group_0.2,outside_in,philippine,12473,128,1378,1151,51,39.333333333333336,116,0.2
exp4_group_0.2,steffen,philippine,12473,128,1023,1204,61,21.733333333333334,99,0.2
exp4_group_0.2,random,philippine,12474,129,1394,886,84,37.022222222222226,98,0.2
exp4_group_0.2,back_to_front,philippine,12474,129,1569,1700,103,72.13888888888889,208,0.2
exp4_group_0.2,outside_in,philippine,12474,129,1414,1088,63,42.50555555555555,151,0.2
exp4_group_0.2,steffen,philippine,12474,129,1041,1238,43,26.038888888888888,99,0.2
exp4_group_0.2,random,philippine,12475,130,1418,1090,87,39.19444444444444,109,0.2
exp4_group_0.2,back_to_front,philippine,12475,130,1763,1666,98,89.90555555555555,288,0.2
exp4_group_0.2,outside_in,philippine,12475,130,1348,1131,56,37.7,124,0.2
exp4_group_0.2,steffen,philippine,12475,130,1225,1205,66,32.12222222222222,160,0.2
exp4_group_0.2,random,philippine,12476,131,1439,1110,89,42.22222222222222,171,0.2
exp4_group_0.2,back_to_front,philippine,12476,131,1762,1656,105,85.96666666666667,276,0.2
exp4_group_0.2,outside_in,philippine,12476,131,1373,1075,70,37.03333333333333,103,0.2
exp4_group_0.2,steffen,philippine,12476,131,1168,1043,58,28.627777777777776,132,0.2
exp4_group_0.2,random,philippine,12477,132,1501,1174,99,42.25555555555555,126,0.2
exp4_group_0.2,back_to_front,philippine,12477,132,1755,1514,78,70.69444444444444,220,0.2
exp4_group_0.2,outside_in,philippine,12477,132,1413,1133,58,43.888888888888886,168,0.2
exp4_group_0.2,steffen,philippine,12477,132,1100,1087,67,25.755555555555556,85,0.2
exp4_group_0.2,random,philippine,12478,133,1436,1148,95,46.69444444444444,147,0.2
exp4_group_0.2,back_to_front,philippine,12478,133,1695,1479,98,76.57777777777778,212,0.2
exp4_group_0.2,outside_in,philippine,12478,133,1377,1000,60,31.82777777777778,112,0.2
exp4_group_0.2,steffen,philippine,12478,133,1141,1085,56,25.955555555555556,120,0.2
exp4_group_0.2,random,philippine,12479,134,1515,1178,100,48.30555555555556,140,0.2
exp4_group_0.2,back_to_front,philippine,12479,134,1682,1515,92,69.87777777777778,222,0.2
exp4_group_0.2,outside_in,philippine,12479,134,1312,1160,58,38.69444444444444,120,0.2
exp4_group_0.2,steffen,philippine,12479,134,1095,1270,61,29.3,115,0.2
exp4_group_0.2,random,philippine,12480,135,1366,1178,79,48.227777777777774,183,0.2
exp4_group_0.2,back_to_front,philippine,12480,135,1801,1481,97,82.84444444444445,255,0.2
exp4_group_0.2,outside_in,philippine,12480,135,1452,1016,55,37.58888888888889,122,0.2
exp4_group_0.2,steffen,philippine,12480,135,1207,1224,58,30.85,107,0.2
exp4_group_0.2,random,philippine,12481,136,1381,1053,93,39.36666666666667,115,0.2
exp4_group_0.2,back_to_front,philippine,12481,136,1659,1574,93,79.65555555555555,232,0.2
exp4_group_0.2,outside_in,philippine,12481,136,1361,1172,52,42.727777777777774,153,0.2
exp4_group_0.2,steffen,philippine,12481,136,1113,1162,58,25.872222222222224,100,0.2
exp4_group_0.2,random,philippine,12482,137,1426,975,89,37.516666666666666,124,0.2
exp4_group_0.2,back_to_front,philippine,12482,137,1776,1580,98,84.9888888888889,270,0.2
exp4_group_0.2,outside_in,philippine,12482,137,1287,1138,45,43.266666666666666,138,0.2
exp4_group_0.2,steffen,philippine,12482,137,1177,1219,46,25.505555555555556,94,0.2
exp4_group_0.2,random,philippine,12483,138,1627,1189,104,55.03888888888889,178,0.2
exp4_group_0.2,back_to_front,philippine,12483,138,1638,1500,87,74.47777777777777,228,0.2
exp4_group_0.2,outside_in,philippine,12483,138,1307,1108,48,41.63333333333333,130,0.2
exp4_group_0.2,steffen,philippine,12483,138,1201,1174,58,28.43888888888889,137,0.2
exp4_group_0.2,random,philippine,12484,139,1407,1245,87,44.19444444444444,138,0.2
exp4_group_0.2,back_to_front,philippine,12484,139,1781,1664,93,87.69444444444444,226,0.2
exp4_group_0.2,outside_in,philippine,12484,139,1372,1046,49,37.166666666666664,125,0.2
exp4_group_0.2,steffen,philippine,12484,139,1274,1142,64,31.072222222222223,144,0.2
exp4_group_0.2,random,philippine,12485,140,1447,1191,89,45.07222222222222,134,0.2
exp4_group_0.2,back_to_front,philippine,12485,140,1711,1623,94,83.43888888888888,241,0.2
exp4_group_0.2,outside_in,philippine,12485,140,1395,1057,61,40.81666666666667,106,0.2
exp4_group_0.2,steffen,philippine,12485,140,1071,1114,58,21.466666666666665,85,0.2
exp4_group_0.2,random,philippine,12486,141,1404,1168,94,44.144444444444446,132,0.2
exp4_group_0.2,back_to_front,philippine,12486,141,1762,1652,87,86.00555555555556,266,0.2
exp4_group_0.2,outside_in,philippine,12486,141,1331,1265,49,43.44444444444444,140,0.2
exp4_group_0.2,steffen,philippine,12486,141,1173,1201,53,36.13333333333333,142,0.2
exp4_group_0.2,random,philippine,12487,142,1259,1108,91,34.794444444444444,120,0.2
exp4_group_0.2,back_to_front,philippine,12487,142,1689,1669,98,69.11111111111111,201,0.2
exp4_group_0.2,outside_in,philippine,12487,142,1377,1136,48,35.861111111111114,99,0.2
exp4_group_0.2,steffen,philippine,12487,142,1090,1297,45,30.43888888888889,164,0.2
exp4_group_0.2,random,philippine,12488,143,1375,1068,76,42.96666666666667,114,0.2
exp4_group_0.2,back_to_front,philippine,12488,143,1594,1528,93,68.73333333333333,208,0.2
exp4_group_0.2,outside_in,philippine,12488,143,1381,1156,64,41.91111111111111,106,0.2
exp4_group_0.2,steffen,philippine,12488,143,1095,1288,60,29.583333333333332,94,0.2
exp4_group_0.2,random,philippine,12489,144,1378,1070,74,36.52777777777778,97,0.2
exp4_group_0.2,back_to_front,philippine,12489,144,1730,1589,93,84.2388888888889,291,0.2
exp4_group_0.2,outside_in,philippine,12489,144,1310,1126,67,34.1,106,0.2
exp4_group_0.2,steffen,philippine,12489,144,1169,1277,65,31.81111111111111,121,0.2
exp4_group_0.2,random,philippine,12490,145,1502,1119,92,39.78888888888889,139,0.2
exp4_group_0.2,back_to_front,philippine,12490,145,1673,1528,98,73.59444444444445,174,0.2
exp4_group_0.2,outside_in,philippine,12490,145,1279,1178,58,40.733333333333334,135,0.2
exp4_group_0.2,steffen,philippine,12490,145,1139,1196,52,26.072222222222223,119,0.2
exp4_group_0.2,random,philippine,12491,146,1395,1154,85,41.77777777777778,149,0.2
exp4_group_0.2,back_to_front,philippine,12491,146,1606,1502,97,66.85555555555555,185,0.2
exp4_group_0.2,outside_in,philippine,12491,146,1203,1141,56,30.65,146,0.2
exp4_group_0.2,steffen,philippine,12491,146,1115,1203,60,28.95,106,0.2
exp4_group_0.2,random,philippine,12492,147,1372,1121,83,39.22222222222222,127,0.2
exp4_group_0.2,back_to_front,philippine,12492,147,1643,1513,93,67.87777777777778,171,0.2
exp4_group_0.2,outside_in,philippine,12492,147,1226,1079,45,28.65,116,0.2
exp4_group_0.2,steffen,philippine,12492,147,1189,1111,63,26.072222222222223,123,0.2
exp4_group_0.2,random,philippine,12493,148,1463,1087,95,43.172222222222224,157,0.2
exp4_group_0.2,back_to_front,philippine,12493,148,1661,1416,86,69.2611111111111,183,0.2
exp4_group_0.2,outside_in,philippine,12493,148,1341,1138,60,36.92777777777778,121,0.2
exp4_group_0.2,steffen,philippine,12493,148,1225,1400,53,37.63333333333333,144,0.2
exp4_group_0.2,random,philippine,12494,149,1335,1158,86,41.1,128,0.2
exp4_group_0.2,back_to_front,philippine,12494,149,1669,1527,88,79.07777777777778,240,0.2
exp4_group_0.2,outside_in,philippine,12494,149,1377,1168,65,37.227777777777774,125,0.2
exp4_group_0.2,steffen,philippine,12494,149,1081,1168,62,24.727777777777778,100,0.2
exp4_group_0.2,random,philippine,12495,150,1556,1176,96,43.15,119,0.2
exp4_group_0.2,back_to_front,philippine,12495,150,1691,1731,91,81.88888888888889,213,0.2
exp4_group_0.2,outside_in,philippine,12495,150,1401,1277,55,48.68888888888889,130,0.2
exp4_group_0.2,steffen,philippine,12495,150,1077,1232,56,24.372222222222224,101,0.2
exp4_group_0.2,random,philippine,12496,151,1458,1271,93,51.85,176,0.2
exp4_group_0.2,back_to_front,philippine,12496,151,1559,1388,103,64.80555555555556,203,0.2
exp4_group_0.2,outside_in,philippine,12496,151,1338,1066,51,36.83888888888889,109,0.2
exp4_group_0.2,steffen,philippine,12496,151,1197,1296,51,31.316666666666666,105,0.2
exp4_group_0.2,random,philippine,12497,152,1324,1151,95,42.85,134,0.2
exp4_group_0.2,back_to_front,philippine,12497,152,1674,1504,104,70.89444444444445,223,0.2
exp4_group_0.2,outside_in,philippine,12497,152,1332,1198,49,36.55555555555556,125,0.2
exp4_group_0.2,steffen,philippine,12497,152,1171,1506,47,33.43888888888889,120,0.2
exp4_group_0.2,random,philippine,12498,153,1492,1068,97,40.09444444444444,123,0.2
exp4_group_0.2,back_to_front,philippine,12498,153,1636,1572,93,74.77777777777777,200,0.2
exp4_group_0.2,outside_in,philippine,12498,153,1412,1093,52,35.24444444444445,141,0.2
exp4_group_0.2,steffen,philippine,12498,153,1188,1249,65,29.788888888888888,143,0.2
exp4_group_0.2,random,philippine,12499,154,1381,1107,84,39.55555555555556,107,0.2
exp4_group_0.2,back_to_front,philippine,12499,154,1858,1669,94,83.69444444444444,210,0.2
exp4_group_0.2,outside_in,philippine,12499,154,1326,1164,64,38.577777777777776,112,0.2
exp4_group_0.2,steffen,philippine,12499,154,1102,1146,64,26.95,102,0.2
exp4_group_0.2,random,philippine,12500,155,1505,1080,95,40.18333333333333,128,0.2
exp4_group_0.2,back_to_front,philippine,12500,155,1736,1514,81,83.96666666666667,301,0.2
exp4_group_0.2,outside_in,philippine,12500,155,1425,1057,41,36.25555555555555,93,0.2
exp4_group_0.2,steffen,philippine,12500,155,1113,1172,49,29.95,124,0.2
exp4_group_0.2,random,philippine,12501,156,1356,1025,83,35.69444444444444,133,0.2
exp4_group_0.2,back_to_front,philippine,12501,156,1670,1637,85,85.15,243,0.2
exp4_group_0.2,outside_in,philippine,12501,156,1368,1065,69,40.672222222222224,124,0.2
exp4_group_0.2,steffen,philippine,12501,156,1166,1039,59,25.7,113,0.2
exp4_group_0.2,random,philippine,12502,157,1426,1070,86,44.63333333333333,117,0.2
exp4_group_0.2,back_to_front,philippine,12502,157,1721,1694,94,84.99444444444444,289,0.2
exp4_group_0.2,outside_in,philippine,12502,157,1475,1089,65,37.33888888888889,121,0.2
exp4_group_0.2,steffen,philippine,12502,157,1114,1087,55,25.644444444444446,105,0.2
exp4_group_0.2,random,philippine,12503,158,1432,1124,97,46.42777777777778,153,0.2
exp4_group_0.2,back_to_front,philippine,12503,158,1763,1593,94,79.17777777777778,197,0.2
exp4_group_0.2,outside_in,philippine,12503,158,1318,1149,56,40.43333333333333,150,0.2
exp4_group_0.2,steffen,philippine,12503,158,1112,1114,57,25.011111111111113,108,0.2
exp4_group_0.2,random,philippine,12504,159,1458,1116,82,40.611111111111114,117,0.2
exp4_group_0.2,back_to_front,philippine,12504,159,1784,1562,104,83.9888888888889,267,0.2
exp4_group_0.2,outside_in,philippine,12504,159,1318,1061,55,39.333333333333336,126,0.2
exp4_group_0.2,steffen,philippine,12504,159,1054,1167,58,23.944444444444443,96,0.2
exp4_group_0.2,random,philippine,12505,160,1368,1232,77,44.41111111111111,169,0.2
exp4_group_0.2,back_to_front,philippine,12505,160,1832,1612,103,82.12222222222222,204,0.2
exp4_group_0.2,outside_in,philippine,12505,160,1425,1281,74,51.53333333333333,181,0.2
exp4_group_0.2,steffen,philippine,12505,160,1057,1214,49,23.86111111111111,165,0.2
exp4_group_0.2,random,philippine,12506,161,1382,1210,101,45.86666666666667,136,0.2
exp4_group_0.2,back_to_front,philippine,12506,161,1748,1595,86,79.21111111111111,212,0.2
exp4_group_0.2,outside_in,philippine,12506,161,1315,1160,66,34.40555555555556,98,0.2
exp4_group_0.2,steffen,philippine,12506,161,1182,1281,53,28.05,133,0.2
exp4_group_0.2,random,philippine,12507,162,1371,1079,86,38.483333333333334,147,0.2
exp4_group_0.2,back_to_front,philippine,12507,162,1580,1466,82,65.2611111111111,193,0.2
exp4_group_0.2,outside_in,philippine,12507,162,1385,1032,59,36.394444444444446,122,0.2
exp4_group_0.2,steffen,philippine,12507,162,1138,1289,50,36.3,121,0.2
exp4_group_0.2,random,philippine,12508,163,1304,1183,89,37.15555555555556,125,0.2
exp4_group_0.2,back_to_front,philippine,12508,163,1687,1463,103,67.39444444444445,191,0.2
exp4_group_0.2,outside_in,philippine,12508,163,1364,1129,47,41.07222222222222,120,0.2
exp4_group_0.2,steffen,philippine,12508,163,1192,1343,55,28.377777777777776,124,0.2
exp4_group_0.2,random,philippine,12509,164,1418,1084,87,39.9,123,0.2
exp4_group_0.2,back_to_front,philippine,12509,164,1752,1504,85,82.16111111111111,231,0.2
exp4_group_0.2,outside_in,philippine,12509,164,1429,1122,53,41.05,123,0.2
exp4_group_0.2,steffen,philippine,12509,164,1138,1255,61,28.43888888888889,130,0.2
exp4_group_0.2,random,philippine,12510,165,1261,1236,85,35.98888888888889,123,0.2
exp4_group_0.2,back_to_front,philippine,12510,165,1714,1657,91,75.97777777777777,214,0.2
exp4_group_0.2,outside_in,philippine,12510,165,1261,1081,55,34.294444444444444,109,0.2
exp4_group_0.2,steffen,philippine,12510,165,1122,1379,47,33.105555555555554,164,0.2
exp4_group_0.2,random,philippine,12511,166,1519,1101,100,44.96111111111111,152,0.2
exp4_group_0.2,back_to_front,philippine,12511,166,1702,1566,94,74.11111111111111,242,0.2
exp4_group_0.2,outside_in,philippine,12511,166,1323,1121,48,39.81666666666667,168,0.2
exp4_group_0.2,steffen,philippine,12511,166,1122,1295,41,32.922222222222224,127,0.2
exp4_group_0.2,random,philippine,12512,167,1369,1159,89,41.09444444444444,105,0.2
exp4_group_0.2,back_to_front,philippine,12512,167,1778,1612,98,84.58888888888889,207,0.2
exp4_group_0.2,outside_in,philippine,12512,167,1382,1038,53,39.50555555555555,141,0.2
exp4_group_0.2,steffen,philippine,12512,167,1240,1168,61,35.083333333333336,164,0.2
exp4_group_0.2,random,philippine,12513,168,1468,1122,93,42.78333333333333,129,0.2
exp4_group_0.2,back_to_front,philippine,12513,168,1721,1410,87,75.15,188,0.2
exp4_group_0.2,outside_in,philippine,12513,168,1314,1200,43,42.233333333333334,139,0.2
exp4_group_0.2,steffen,philippine,12513,168,1219,1336,57,33.7,131,0.2
exp4_group_0.2,random,philippine,12514,169,1502,1033,80,43.92777777777778,148,0.2
exp4_group_0.2,back_to_front,philippine,12514,169,1871,1688,94,95.78888888888889,310,0.2
exp4_group_0.2,outside_in,philippine,12514,169,1320,1097,53,37.92777777777778,127,0.2
exp4_group_0.2,steffen,philippine,12514,169,1155,1162,60,27.11111111111111,134,0.2
exp4_group_0.2,random,philippine,12515,170,1450,1078,88,39.9,101,0.2
exp4_group_0.2,back_to_front,philippine,12515,170,1699,1522,89,73.91666666666667,176,0.2
exp4_group_0.2,outside_in,philippine,12515,170,1324,1303,54,41.25555555555555,137,0.2
exp4_group_0.2,steffen,philippine,12515,170,1229,936,64,24.4,125,0.2
exp4_group_0.2,random,philippine,12516,171,1398,1059,99,41.68333333333333,124,0.2
exp4_group_0.2,back_to_front,philippine,12516,171,1697,1528,79,74.75555555555556,194,0.2
exp4_group_0.2,outside_in,philippine,12516,171,1359,1091,52,34.516666666666666,137,0.2
exp4_group_0.2,steffen,philippine,12516,171,1186,1187,48,30.466666666666665,131,0.2
exp4_group_0.2,random,philippine,12517,172,1535,1055,94,46.827777777777776,163,0.2
exp4_group_0.2,back_to_front,philippine,12517,172,1621,1603,80,76.13888888888889,225,0.2
exp4_group_0.2,outside_in,philippine,12517,172,1413,1231,55,42.06111111111111,144,0.2
exp4_group_0.2,steffen,philippine,12517,172,1114,1051,53,24.094444444444445,76,0.2
exp4_group_0.2,random,philippine,12518,173,1465,1163,96,47.73888888888889,159,0.2
exp4_group_0.2,back_to_front,philippine,12518,173,1705,1505,93,78.08888888888889,186,0.2
exp4_group_0.2,outside_in,philippine,12518,173,1375,1227,53,37.50555555555555,127,0.2
exp4_group_0.2,steffen,philippine,12518,173,1149,1238,56,26.08888888888889,140,0.2
exp4_group_0.2,random,philippine,12519,174,1540,1216,88,49.53888888888889,126,0.2
exp4_group_0.2,back_to_front,philippine,12519,174,1677,1610,99,82.13888888888889,225,0.2
exp4_group_0.2,outside_in,philippine,12519,174,1232,1096,36,36.166666666666664,124,0.2
exp4_group_0.2,steffen,philippine,12519,174,1170,1259,57,31.383333333333333,112,0.2
exp4_group_0.2,random,philippine,12520,175,1453,1115,97,36.333333333333336,106,0.2
exp4_group_0.2,back_to_front,philippine,12520,175,1692,1549,91,74.97777777777777,184,0.2
exp4_group_0.2,outside_in,philippine,12520,175,1398,1010,57,32.577777777777776,94,0.2
exp4_group_0.2,steffen,philippine,12520,175,1119,1224,52,27.044444444444444,104,0.2
exp4_group_0.2,random,philippine,12521,176,1476,1134,88,46.59444444444444,151,0.2
exp4_group_0.2,back_to_front,philippine,12521,176,1847,1536,85,84.02222222222223,243,0.2
exp4_group_0.2,outside_in,philippine,12521,176,1290,1136,60,38.25555555555555,119,0.2
exp4_group_0.2,steffen,philippine,12521,176,1136,943,52,23.538888888888888,94,0.2
exp4_group_0.2,random,philippine,12522,177,1544,1140,85,44.06666666666667,159,0.2
exp4_group_0.2,back_to_front,philippine,12522,177,1640,1555,87,74.12777777777778,238,0.2
exp4_group_0.2,outside_in,philippine,12522,177,1352,1169,61,39.894444444444446,140,0.2
exp4_group_0.2,steffen,philippine,12522,177,1095,1064,53,28.38888888888889,178,0.2
exp4_group_0.2,random,philippine,12523,178,1549,1072,98,44.47222222222222,156,0.2
exp4_group_0.2,back_to_front,philippine,12523,178,1761,1445,100,78.25,195,0.2
exp4_group_0.2,outside_in,philippine,12523,178,1380,1076,50,35.46666666666667,114,0.2
exp4_group_0.2,steffen,philippine,12523,178,1113,1220,66,29.05,143,0.2
exp4_group_0.2,random,philippine,12524,179,1381,1107,84,41.26111111111111,114,0.2
exp4_group_0.2,back_to_front,philippine,12524,179,1805,1496,96,76.08888888888889,203,0.2
exp4_group_0.2,outside_in,philippine,12524,179,1371,1046,68,33.33888888888889,107,0.2
exp4_group_0.2,steffen,philippine,12524,179,1053,1222,56,24.622222222222224,135,0.2
exp4_group_0.2,random,philippine,12525,180,1405,1022,90,40.7,154,0.2
exp4_group_0.2,back_to_front,philippine,12525,180,1578,1491,92,67.35,221,0.2
exp4_group_0.2,outside_in,philippine,12525,180,1294,1128,50,35.794444444444444,117,0.2
exp4_group_0.2,steffen,philippine,12525,180,1026,1187,53,26.794444444444444,86,0.2
exp4_group_0.2,random,philippine,12526,181,1247,1157,89,34.67777777777778,120,0.2
exp4_group_0.2,back_to_front,philippine,12526,181,1812,1631,84,80.78888888888889,201,0.2
exp4_group_0.2,outside_in,philippine,12526,181,1283,1136,56,38.09444444444444,157,0.2
exp4_group_0.2,steffen,philippine,12526,181,1097,1262,49,26.233333333333334,104,0.2
exp4_group_0.2,random,philippine,12527,182,1437,1062,87,38.644444444444446,120,0.2
exp4_group_0.2,back_to_front,philippine,12527,182,1673,1546,95,71.55555555555556,204,0.2
exp4_group_0.2,outside_in,philippine,12527,182,1402,1114,59,40.416666666666664,153,0.2
exp4_group_0.2,steffen,philippine,12527,182,1051,1231,47,24.216666666666665,113,0.2
exp4_group_0.2,random,philippine,12528,183,1440,1251,89,47.63333333333333,147,0.2
exp4_group_0.2,back_to_front,philippine,12528,183,1756,1451,84,80.33888888888889,216,0.2
exp4_group_0.2,outside_in,philippine,12528,183,1283,1005,43,36.45,151,0.2
exp4_group_0.2,steffen,philippine,12528,183,1198,1304,51,33.16111111111111,110,0.2
exp4_group_0.2,random,philippine,12529,184,1332,1125,76,38.87777777777778,141,0.2
exp4_group_0.2,back_to_front,philippine,12529,184,1704,1501,86,79.58333333333333,257,0.2
exp4_group_0.2,outside_in,philippine,12529,184,1403,1228,48,42.23888888888889,167,0.2
exp4_group_0.2,steffen,philippine,12529,184,1215,1287,57,30.533333333333335,111,0.2
exp4_group_0.2,random,philippine,12530,185,1412,1157,96,46.43333333333333,153,0.2
exp4_group_0.2,back_to_front,philippine,12530,185,1809,1579,92,93.82777777777778,300,0.2
exp4_group_0.2,outside_in,philippine,12530,185,1412,1101,53,37.16111111111111,174,0.2
exp4_group_0.2,steffen,philippine,12530,185,1232,1237,56,34.01111111111111,143,0.2
exp4_group_0.2,random,philippine,12531,186,1482,987,101,41.19444444444444,165,0.2
exp4_group_0.2,back_to_front,philippine,12531,186,1767,1531,92,83.56666666666666,240,0.2
exp4_group_0.2,outside_in,philippine,12531,186,1264,1158,58,41.111111111111114,142,0.2
exp4_group_0.2,steffen,philippine,12531,186,1136,1112,59,24.805555555555557,94,0.2
exp4_group_0.2,random,philippine,12532,187,1523,1217,96,49.77777777777778,164,0.2
exp4_group_0.2,back_to_front,philippine,12532,187,1631,1471,91,76.45555555555555,249,0.2
exp4_group_0.2,outside_in,philippine,12532,187,1342,1043,56,32.4,106,0.2
exp4_group_0.2,steffen,philippine,12532,187,1106,1134,52,23.77777777777778,91,0.2
exp4_group_0.2,random,philippine,12533,188,1477,1147,93,48.69444444444444,154,0.2
exp4_group_0.2,back_to_front,philippine,12533,188,1669,1462,79,69.27777777777777,210,0.2
exp4_group_0.2,outside_in,philippine,12533,188,1276,1158,39,38.077777777777776,143,0.2
exp4_group_0.2,steffen,philippine,12533,188,1145,1307,57,30.983333333333334,139,0.2
exp4_group_0.2,random,philippine,12534,189,1455,1144,81,47.65555555555556,131,0.2
exp4_group_0.2,back_to_front,philippine,12534,189,1595,1584,80,71.77777777777777,240,0.2
exp4_group_0.2,outside_in,philippine,12534,189,1285,998,63,32.62222222222222,101,0.2
exp4_group_0.2,steffen,philippine,12534,189,1240,1313,62,34.977777777777774,110,0.2
exp4_group_0.2,random,philippine,12535,190,1444,1091,97,37.96111111111111,138,0.2
exp4_group_0.2,back_to_front,philippine,12535,190,1827,1701,90,87.96666666666667,268,0.2
exp4_group_0.2,outside_in,philippine,12535,190,1365,1148,57,41.35,110,0.2
exp4_group_0.2,steffen,philippine,12535,190,1228,1246,53,30.727777777777778,119,0.2
exp4_group_0.2,random,philippine,12536,191,1459,1272,81,54.15,168,0.2
exp4_group_0.2,back_to_front,philippine,12536,191,1686,1447,92,69.29444444444445,199,0.2
exp4_group_0.2,outside_in,philippine,12536,191,1323,1015,62,30.666666666666668,105,0.2
exp4_group_0.2,steffen,philippine,12536,191,1105,1203,44,25.883333333333333,126,0.2
exp4_group_0.2,random,philippine,12537,192,1371,1124,86,38.93888888888889,126,0.2
exp4_group_0.2,back_to_front,philippine,12537,192,1680,1549,86,72.38333333333334,232,0.2
exp4_group_0.2,outside_in,philippine,12537,192,1374,1124,63,41.18333333333333,123,0.2
exp4_group_0.2,steffen,philippine,12537,192,1113,1018,62,28.322222222222223,109,0.2
exp4_group_0.2,random,philippine,12538,193,1298,1205,98,43.11666666666667,140,0.2
exp4_group_0.2,back_to_front,philippine,12538,193,1648,1601,92,76.62777777777778,223,0.2
exp4_group_0.2,outside_in,philippine,12538,193,1374,1135,63,42.294444444444444,153,0.2
exp4_group_0.2,steffen,philippine,12538,193,1094,1215,59,30.488888888888887,122,0.2
exp4_group_0.2,random,philippine,12539,194,1421,1235,94,53.26111111111111,166,0.2
exp4_group_0.2,back_to_front,philippine,12539,194,1825,1677,96,89.2388888888889,249,0.2
exp4_group_0.2,outside_in,philippine,12539,194,1384,975,67,37.88333333333333,112,0.2
exp4_group_0.2,steffen,philippine,12539,194,1126,1314,53,24.238888888888887,96,0.2
exp4_group_0.2,random,philippine,12540,195,1377,1193,100,40.17777777777778,135,0.2
exp4_group_0.2,back_to_front,philippine,12540,195,1753,1614,87,81.02222222222223,250,0.2
exp4_group_0.2,outside_in,philippine,12540,195,1314,1152,43,40.12777777777778,132,0.2
exp4_group_0.2,steffen,philippine,12540,195,1115,1456,64,29.3,105,0.2
exp4_group_0.2,random,philippine,12541,196,1471,1192,89,40.16111111111111,144,0.2
exp4_group_0.2,back_to_front,philippine,12541,196,1655,1514,85,75.96666666666667,196,0.2
exp4_group_0.2,outside_in,philippine,12541,196,1383,1066,65,44.25,114,0.2
exp4_group_0.2,steffen,philippine,12541,196,1206,1342,57,34.11666666666667,137,0.2
exp4_group_0.2,random,philippine,12542,197,1431,1277,80,46.91111111111111,126,0.2
exp4_group_0.2,back_to_front,philippine,12542,197,1713,1513,91,82.18333333333334,224,0.2
exp4_group_0.2,outside_in,philippine,12542,197,1319,1195,49,36.727777777777774,127,0.2
exp4_group_0.2,steffen,philippine,12542,197,1144,1373,54,27.038888888888888,118,0.2
exp4_group_0.2,random,philippine,12543,198,1379,1128,92,35.016666666666666,101,0.2
exp4_group_0.2,back_to_front,philippine,12543,198,1739,1613,90,80.9,237,0.2
exp4_group_0.2,outside_in,philippine,12543,198,1430,1198,60,43.97222222222222,155,0.2
exp4_group_0.2,steffen,philippine,12543,198,1080,1363,61,30.216666666666665,119,0.2
exp4_group_0.2,random,philippine,12544,199,1472,1098,93,45.36666666666667,150,0.2
exp4_group_0.2,back_to_front,philippine,12544,199,1853,1588,90,95.37777777777778,307,0.2
exp4_group_0.2,outside_in,philippine,12544,199,1522,1098,66,40.65555555555556,137,0.2
exp4_group_0.2,steffen,philippine,12544,199,1248,1252,63,33.733333333333334,138,0.2
exp4_group_0.4,random,philippine,12345,0,1326,1102,95,40.80555555555556,142,0.4
exp4_group_0.4,back_to_front,philippine,12345,0,1637,1561,89,69.45,177,0.4
exp4_group_0.4,outside_in,philippine,12345,0,1451,1281,79,52.388888888888886,161,0.4
exp4_group_0.4,steffen,philippine,12345,0,1256,1305,67,37.27777777777778,127,0.4
exp4_group_0.4,random,philippine,12346,1,1492,1173,102,41.99444444444445,140,0.4
exp4_group_0.4,back_to_front,philippine,12346,1,1741,1606,86,84.57222222222222,262,0.4
exp4_group_0.4,outside_in,philippine,12346,1,1370,1253,62,41.21111111111111,126,0.4
exp4_group_0.4,steffen,philippine,12346,1,1212,1231,74,30.633333333333333,127,0.4
exp4_group_0.4,random,philippine,12347,2,1392,1211,92,42.605555555555554,159,0.4
exp4_group_0.4,back_to_front,philippine,12347,2,1772,1776,89,87.82777777777778,232,0.4
exp4_group_0.4,outside_in,philippine,12347,2,1295,1354,70,42.93333333333333,139,0.4
exp4_group_0.4,steffen,philippine,12347,2,1218,1388,70,30.477777777777778,120,0.4
exp4_group_0.4,random,philippine,12348,3,1401,1234,85,46.25555555555555,127,0.4
exp4_group_0.4,back_to_front,philippine,12348,3,1655,1676,92,77.31111111111112,203,0.4
exp4_group_0.4,outside_in,philippine,12348,3,1394,1123,71,39.1,119,0.4
exp4_group_0.4,steffen,philippine,12348,3,1179,1166,56,31.205555555555556,103,0.4
exp4_group_0.4,random,philippine,12349,4,1472,1199,84,47.84444444444444,140,0.4
exp4_group_0.4,back_to_front,philippine,12349,4,1660,1666,97,72.29444444444445,195,0.4
exp4_group_0.4,outside_in,philippine,12349,4,1387,1233,65,45.01111111111111,126,0.4
exp4_group_0.4,steffen,philippine,12349,4,1314,1255,68,34.8,109,0.4
exp4_group_0.4,random,philippine,12350,5,1360,1167,79,43.09444444444444,140,0.4
exp4_group_0.4,back_to_front,philippine,12350,5,1744,1595,92,70.85555555555555,189,0.4
exp4_group_0.4,outside_in,philippine,12350,5,1223,1107,60,35.6,141,0.4
exp4_group_0.4,steffen,philippine,12350,5,1208,1332,62,33.861111111111114,105,0.4
exp4_group_0.4,random,philippine,12351,6,1380,1213,86,47.52777777777778,156,0.4
exp4_group_0.4,back_to_front,philippine,12351,6,1656,1495,76,78.29444444444445,269,0.4
exp4_group_0.4,outside_in,philippine,12351,6,1385,1181,64,44.97222222222222,144,0.4
exp4_group_0.4,steffen,philippine,12351,6,1256,1190,68,32.516666666666666,116,0.4
exp4_group_0.4,random,philippine,12352,7,1477,1145,86,45.06666666666667,142,0.4
exp4_group_0.4,back_to_front,philippine,12352,7,1731,1583,95,81.43888888888888,251,0.4
exp4_group_0.4,outside_in,philippine,12352,7,1317,1045,54,32.772222222222226,115,0.4
exp4_group_0.4,steffen,philippine,12352,7,1153,1093,63,28.205555555555556,116,0.4
exp4_group_0.4,random,philippine,12353,8,1325,1161,90,43.18333333333333,133,0.4
exp4_group_0.4,back_to_front,philippine,12353,8,1889,1707,78,95.74444444444444,230,0.4
exp4_group_0.4,outside_in,philippine,12353,8,1529,1150,60,43.12222222222222,134,0.4
exp4_group_0.4,steffen,philippine,12353,8,1166,1282,67,32.08888888888889,104,0.4
exp4_group_0.4,random,philippine,12354,9,1476,1257,88,44.66111111111111,120,0.4
exp4_group_0.4,back_to_front,philippine,12354,9,1792,1599,90,85.76666666666667,231,0.4
exp4_group_0.4,outside_in,philippine,12354,9,1369,1266,59,47.16111111111111,140,0.4
exp4_group_0.4,steffen,philippine,12354,9,1175,1165,53,36.75,121,0.4
exp4_group_0.4,random,philippine,12355,10,1437,1151,86,45.172222222222224,129,0.4
exp4_group_0.4,back_to_front,philippine,12355,10,1686,1621,86,80.96666666666667,219,0.4
exp4_group_0.4,outside_in,philippine,12355,10,1443,1067,78,34.583333333333336,102,0.4
exp4_group_0.4,steffen,philippine,12355,10,1172,1349,61,39.47222222222222,148,0.4
exp4_group_0.4,random,philippine,12356,11,1467,1192,101,46.477777777777774,126,0.4
exp4_group_0.4,back_to_front,philippine,12356,11,1705,1524,85,74.73333333333333,205,0.4
exp4_group_0.4,outside_in,philippine,12356,11,1351,1149,64,39.43333333333333,125,0.4
exp4_group_0.4,steffen,philippine,12356,11,1193,1249,65,30.994444444444444,117,0.4
exp4_group_0.4,random,philippine,12357,12,1362,1120,80,38.516666666666666,152,0.4
exp4_group_0.4,back_to_front,philippine,12357,12,1945,1633,90,90.7,221,0.4
exp4_group_0.4,outside_in,philippine,12357,12,1373,1102,67,41.11666666666667,180,0.4
exp4_group_0.4,steffen,philippine,12357,12,1199,1039,63,26.511111111111113,98,0.4
exp4_group_0.4,random,philippine,12358,13,1414,1211,97,41.80555555555556,130,0.4
exp4_group_0.4,back_to_front,philippine,12358,13,1761,1699,102,91.22222222222223,257,0.4
exp4_group_0.4,outside_in,philippine,12358,13,1386,1292,63,47.25,154,0.4
exp4_group_0.4,steffen,philippine,12358,13,1123,1337,58,27.294444444444444,125,0.4
exp4_group_0.4,random,philippine,12359,14,1343,1169,85,47.86666666666667,182,0.4
exp4_group_0.4,back_to_front,philippine,12359,14,1825,1691,77,82.19444444444444,248,0.4
exp4_group_0.4,outside_in,philippine,12359,14,1364,1204,62,38.583333333333336,107,0.4
exp4_group_0.4,steffen,philippine,12359,14,1186,1138,51,33.727777777777774,118,0.4
exp4_group_0.4,random,philippine,12360,15,1340,1064,93,44.18888888888889,134,0.4
exp4_group_0.4,back_to_front,philippine,12360,15,1774,1595,85,87.18333333333334,231,0.4
exp4_group_0.4,outside_in,philippine,12360,15,1291,1121,61,41.71111111111111,130,0.4
exp4_group_0.4,steffen,philippine,12360,15,1214,1262,73,35.56111111111111,107,0.4
exp4_group_0.4,random,philippine,12361,16,1489,1190,98,49.422222222222224,163,0.4
exp4_group_0.4,back_to_front,philippine,12361,16,1836,1618,103,87.02777777777777,231,0.4
exp4_group_0.4,outside_in,philippine,12361,16,1388,1215,72,40.422222222222224,146,0.4
exp4_group_0.4,steffen,philippine,12361,16,1326,1363,66,36.111111111111114,164,0.4
exp4_group_0.4,random,philippine,12362,17,1335,1173,77,42.077777777777776,148,0.4
exp4_group_0.4,back_to_front,philippine,12362,17,1811,1662,95,89.40555555555555,296,0.4
exp4_group_0.4,outside_in,philippine,12362,17,1492,1257,65,46.93333333333333,174,0.4
exp4_group_0.4,steffen,philippine,12362,17,1248,1357,63,36.07222222222222,157,0.4
exp4_group_0.4,random,philippine,12363,18,1415,1243,91,48.31111111111111,154,0.4
exp4_group_0.4,back_to_front,philippine,12363,18,1726,1502,88,79.62222222222222,209,0.4
exp4_group_0.4,outside_in,philippine,12363,18,1499,1124,68,45.75,191,0.4
exp4_group_0.4,steffen,philippine,12363,18,1289,1233,61,40.272222222222226,136,0.4
exp4_group_0.4,random,philippine,12364,19,1286,1184,93,42.93888888888889,151,0.4
exp4_group_0.4,back_to_front,philippine,12364,19,1718,1517,91,83.84444444444445,248,0.4
exp4_group_0.4,outside_in,philippine,12364,19,1405,1164,51,40.66111111111111,145,0.4
exp4_group_0.4,steffen,philippine,12364,19,1321,1152,62,38.71111111111111,130,0.4
exp4_group_0.4,random,philippine,12365,20,1421,1007,91,37.05555555555556,98,0.4
exp4_group_0.4,back_to_front,philippine,12365,20,1782,1706,79,88.77777777777777,285,0.4
exp4_group_0.4,outside_in,philippine,12365,20,1353,1238,54,48.98888888888889,201,0.4
exp4_group_0.4,steffen,philippine,12365,20,1255,1297,68,39.41111111111111,129,0.4
exp4_group_0.4,random,philippine,12366,21,1368,1161,80,45.43888888888889,155,0.4
exp4_group_0.4,back_to_front,philippine,12366,21,1692,1557,77,76.56111111111112,204,0.4
exp4_group_0.4,outside_in,philippine,12366,21,1411,1103,71,40.13333333333333,145,0.4
exp4_group_0.4,steffen,philippine,12366,21,1156,1272,66,33.28333333333333,125,0.4
exp4_group_0.4,random,philippine,12367,22,1390,1190,78,39.52777777777778,130,0.4
exp4_group_0.4,back_to_front,philippine,12367,22,1673,1490,89,68.5,209,0.4
exp4_group_0.4,outside_in,philippine,12367,22,1386,1274,64,49.99444444444445,166,0.4
exp4_group_0.4,steffen,philippine,12367,22,1109,1357,63,29.61111111111111,109,0.4
exp4_group_0.4,random,philippine,12368,23,1435,1240,82,45.394444444444446,132,0.4
exp4_group_0.4,back_to_front,philippine,12368,23,1839,1696,92,89.17777777777778,218,0.4
exp4_group_0.4,outside_in,philippine,12368,23,1236,1143,49,35.083333333333336,89,0.4
exp4_group_0.4,steffen,philippine,12368,23,1431,1383,77,58.00555555555555,203,0.4
exp4_group_0.4,random,philippine,12369,24,1365,1169,93,50.644444444444446,178,0.4
exp4_group_0.4,back_to_front,philippine,12369,24,1706,1628,88,78.40555555555555,208,0.4
exp4_group_0.4,outside_in,philippine,12369,24,1437,1298,64,44.5,152,0.4
exp4_group_0.4,steffen,philippine,12369,24,1252,1393,71,43.18888888888889,182,0.4
exp4_group_0.4,random,philippine,12370,25,1415,1137,83,42.30555555555556,123,0.4
exp4_group_0.4,back_to_front,philippine,12370,25,1872,1846,97,89.87222222222222,223,0.4
exp4_group_0.4,outside_in,philippine,12370,25,1489,1174,67,42.96111111111111,121,0.4
exp4_group_0.4,steffen,philippine,12370,25,1225,1135,71,29.405555555555555,124,0.4
exp4_group_0.4,random,philippine,12371,26,1501,1237,92,48.388888888888886,149,0.4
exp4_group_0.4,back_to_front,philippine,12371,26,1616,1647,101,70.22222222222223,176,0.4
exp4_group_0.4,outside_in,philippine,12371,26,1470,1257,68,45.266666666666666,130,0.4
exp4_group_0.4,steffen,philippine,12371,26,1230,1187,60,35.94444444444444,122,0.4
exp4_group_0.4,random,philippine,12372,27,1581,1157,78,47.76111111111111,138,0.4
exp4_group_0.4,back_to_front,philippine,12372,27,1698,1615,98,87.18333333333334,273,0.4
exp4_group_0.4,outside_in,philippine,12372,27,1423,1080,55,43.9,137,0.4
exp4_group_0.4,steffen,philippine,12372,27,1122,1451,63,31.877777777777776,137,0.4
exp4_group_0.4,random,philippine,12373,28,1336,1412,87,47.605555555555554,163,0.4
exp4_group_0.4,back_to_front,philippine,12373,28,1785,1631,81,83.19444444444444,210,0.4
exp4_group_0.4,outside_in,philippine,12373,28,1263,1228,59,38.861111111111114,178,0.4
exp4_group_0.4,steffen,philippine,12373,28,1226,1332,76,38.3,108,0.4
exp4_group_0.4,random,philippine,12374,29,1405,1099,87,39.12777777777778,124,0.4
exp4_group_0.4,back_to_front,philippine,12374,29,1735,1610,93,92.74444444444444,327,0.4
exp4_group_0.4,outside_in,philippine,12374,29,1433,1151,78,47.55,124,0.4
exp4_group_0.4,steffen,philippine,12374,29,1102,1205,65,25.766666666666666,84,0.4
exp4_group_0.4,random,philippine,12375,30,1438,1311,82,50.42777777777778,137,0.4
exp4_group_0.4,back_to_front,philippine,12375,30,1694,1464,106,70.18888888888888,175,0.4
exp4_group_0.4,outside_in,philippine,12375,30,1305,1211,52,40.12222222222222,156,0.4
exp4_group_0.4,steffen,philippine,12375,30,1216,1355,52,34.766666666666666,126,0.4
exp4_group_0.4,random,philippine,12376,31,1348,1165,95,39.672222222222224,129,0.4
exp4_group_0.4,back_to_front,philippine,12376,31,1610,1563,86,71.71666666666667,226,0.4
exp4_group_0.4,outside_in,philippine,12376,31,1433,1008,68,40.83888888888889,126,0.4
exp4_group_0.4,steffen,philippine,12376,31,1209,1242,67,37.24444444444445,109,0.4
exp4_group_0.4,random,philippine,12377,32,1568,1217,87,47.24444444444445,146,0.4
exp4_group_0.4,back_to_front,philippine,12377,32,1675,1572,84,74.09444444444445,190,0.4
exp4_group_0.4,outside_in,philippine,12377,32,1403,1079,69,39.96666666666667,112,0.4
exp4_group_0.4,steffen,philippine,12377,32,1180,1179,61,29.283333333333335,97,0.4
exp4_group_0.4,random,philippine,12378,33,1512,1229,99,57.044444444444444,164,0.4
exp4_group_0.4,back_to_front,philippine,12378,33,1680,1387,95,71.46111111111111,218,0.4
exp4_group_0.4,outside_in,philippine,12378,33,1332,1157,62,45.644444444444446,132,0.4
exp4_group_0.4,steffen,philippine,12378,33,1348,1298,59,43.21666666666667,140,0.4
exp4_group_0.4,random,philippine,12379,34,1328,1303,81,39.22222222222222,141,0.4
exp4_group_0.4,back_to_front,philippine,12379,34,1846,1702,82,96.20555555555555,284,0.4
exp4_group_0.4,outside_in,philippine,12379,34,1343,1182,68,44.21111111111111,164,0.4
exp4_group_0.4,steffen,philippine,12379,34,1239,1094,72,33.19444444444444,108,0.4
exp4_group_0.4,random,philippine,12380,35,1368,1184,82,42.93333333333333,137,0.4
exp4_group_0.4,back_to_front,philippine,12380,35,1728,1720,81,94.9,278,0.4
exp4_group_0.4,outside_in,philippine,12380,35,1308,1280,68,39.638888888888886,108,0.4
exp4_group_0.4,steffen,philippine,12380,35,1162,1236,66,29.505555555555556,120,0.4
exp4_group_0.4,random,philippine,12381,36,1388,1252,91,45.37222222222222,130,0.4
exp4_group_0.4,back_to_front,philippine,12381,36,1820,1560,87,93.18888888888888,274,0.4
exp4_group_0.4,outside_in,philippine,12381,36,1453,1058,59,41.327777777777776,137,0.4
exp4_group_0.4,steffen,philippine,12381,36,1158,1306,67,32.644444444444446,119,0.4
exp4_group_0.4,random,philippine,12382,37,1549,1258,89,56.51111111111111,145,0.4
exp4_group_0.4,back_to_front,philippine,12382,37,1754,1486,91,76.95,199,0.4
exp4_group_0.4,outside_in,philippine,12382,37,1494,1023,62,45.5,178,0.4
exp4_group_0.4,steffen,philippine,12382,37,1220,1274,70,34.30555555555556,127,0.4
exp4_group_0.4,random,philippine,12383,38,1415,1197,88,40.17777777777778,130,0.4
exp4_group_0.4,back_to_front,philippine,12383,38,1795,1625,84,89.02222222222223,271,0.4
exp4_group_0.4,outside_in,philippine,12383,38,1259,1135,58,39.61666666666667,113,0.4
exp4_group_0.4,steffen,philippine,12383,38,1175,1206,57,34.611111111111114,130,0.4
exp4_group_0.4,random,philippine,12384,39,1470,1323,94,57.916666666666664,193,0.4
exp4_group_0.4,back_to_front,philippine,12384,39,1680,1455,86,69.55,192,0.4
exp4_group_0.4,outside_in,philippine,12384,39,1495,1212,73,50.90555555555556,144,0.4
exp4_group_0.4,steffen,philippine,12384,39,1259,1200,62,35.86666666666667,128,0.4
exp4_group_0.4,random,philippine,12385,40,1349,1054,99,39.9,136,0.4
exp4_group_0.4,back_to_front,philippine,12385,40,1909,1607,114,86.91666666666667,244,0.4
exp4_group_0.4,outside_in,philippine,12385,40,1406,1213,78,48.57222222222222,178,0.4
exp4_group_0.4,steffen,philippine,12385,40,1136,1366,69,31.116666666666667,120,0.4
exp4_group_0.4,random,philippine,12386,41,1634,1297,97,52.06666666666667,175,0.4
exp4_group_0.4,back_to_front,philippine,12386,41,1685,1584,86,70.10555555555555,191,0.4
exp4_group_0.4,outside_in,philippine,12386,41,1354,1193,53,38.18333333333333,123,0.4
exp4_group_0.4,steffen,philippine,12386,41,1240,1402,55,32.05555555555556,111,0.4
exp4_group_0.4,random,philippine,12387,42,1437,1095,91,43.4,165,0.4
exp4_group_0.4,back_to_front,philippine,12387,42,1688,1538,88,86.18333333333334,248,0.4
exp4_group_0.4,outside_in,philippine,12387,42,1473,1129,66,50.58888888888889,166,0.4
exp4_group_0.4,steffen,philippine,12387,42,1248,1100,60,31.0,93,0.4
exp4_group_0.4,random,philippine,12388,43,1445,1242,87,42.333333333333336,129,0.4
exp4_group_0.4,back_to_front,philippine,12388,43,1648,1541,85,68.75,189,0.4
exp4_group_0.4,outside_in,philippine,12388,43,1440,1197,58,42.394444444444446,125,0.4
exp4_group_0.4,steffen,philippine,12388,43,1260,1340,65,34.077777777777776,102,0.4
exp4_group_0.4,random,philippine,12389,44,1520,1097,95,47.294444444444444,149,0.4
exp4_group_0.4,back_to_front,philippine,12389,44,1769,1725,87,91.48333333333333,263,0.4
exp4_group_0.4,outside_in,philippine,12389,44,1287,1336,55,42.8,143,0.4
exp4_group_0.4,steffen,philippine,12389,44,1273,1203,69,33.09444444444444,114,0.4
exp4_group_0.4,random,philippine,12390,45,1438,1126,90,39.23888888888889,122,0.4
exp4_group_0.4,back_to_front,philippine,12390,45,1752,1586,92,88.43888888888888,248,0.4
exp4_group_0.4,outside_in,philippine,12390,45,1390,1205,73,46.06111111111111,163,0.4
exp4_group_0.4,steffen,philippine,12390,45,1219,1253,52,33.26111111111111,116,0.4
exp4_group_0.4,random,philippine,12391,46,1404,1141,95,43.077777777777776,123,0.4
exp4_group_0.4,back_to_front,philippine,12391,46,1693,1619,84,74.95,247,0.4
exp4_group_0.4,outside_in,philippine,12391,46,1462,1110,72,44.522222222222226,172,0.4
exp4_group_0.4,steffen,philippine,12391,46,1226,1208,72,32.65555555555556,110,0.4
exp4_group_0.4,random,philippine,12392,47,1539,1102,101,41.68333333333333,135,0.4
exp4_group_0.4,back_to_front,philippine,12392,47,1744,1515,96,71.43333333333334,197,0.4
exp4_group_0.4,outside_in,philippine,12392,47,1389,1184,64,46.00555555555555,143,0.4
exp4_group_0.4,steffen,philippine,12392,47,1186,1166,59,32.638888888888886,119,0.4
exp4_group_0.4,random,philippine,12393,48,1504,1309,89,47.333333333333336,129,0.4
exp4_group_0.4,back_to_front,philippine,12393,48,1718,1651,84,75.53333333333333,223,0.4
exp4_group_0.4,outside_in,philippine,12393,48,1283,1054,63,37.49444444444445,126,0.4
exp4_group_0.4,steffen,philippine,12393,48,1267,1157,67,36.30555555555556,159,0.4
exp4_group_0.4,random,philippine,12394,49,1470,1213,91,44.87777777777778,128,0.4
exp4_group_0.4,back_to_front,philippine,12394,49,1831,1673,94,88.02777777777777,242,0.4
exp4_group_0.4,outside_in,philippine,12394,49,1406,1211,70,47.855555555555554,149,0.4
exp4_group_0.4,steffen,philippine,12394,49,1269,1098,56,34.08888888888889,153,0.4
exp4_group_0.4,random,philippine,12395,50,1367,1203,80,48.69444444444444,168,0.4
exp4_group_0.4,back_to_front,philippine,12395,50,1842,1614,92,86.7611111111111,232,0.4
exp4_group_0.4,outside_in,philippine,12395,50,1373,1146,61,39.05,116,0.4
exp4_group_0.4,steffen,philippine,12395,50,1220,1196,66,33.58888888888889,125,0.4
exp4_group_0.4,random,philippine,12396,51,1545,1188,101,51.90555555555556,187,0.4
exp4_group_0.4,back_to_front,philippine,12396,51,1719,1539,84,75.21111111111111,198,0.4
exp4_group_0.4,outside_in,philippine,12396,51,1317,1152,73,38.41111111111111,118,0.4
exp4_group_0.4,steffen,philippine,12396,51,1170,1220,59,33.78888888888889,169,0.4
exp4_group_0.4,random,philippine,12397,52,1430,1062,91,44.16111111111111,121,0.4
exp4_group_0.4,back_to_front,philippine,12397,52,1728,1667,96,83.57777777777778,205,0.4
exp4_group_0.4,outside_in,philippine,12397,52,1467,1204,68,43.422222222222224,136,0.4
exp4_group_0.4,steffen,philippine,12397,52,1154,1188,52,31.86111111111111,104,0.4
exp4_group_0.4,random,philippine,12398,53,1412,1122,90,39.43888888888889,107,0.4
exp4_group_0.4,back_to_front,philippine,12398,53,1731,1562,93,82.22777777777777,223,0.4
exp4_group_0.4,outside_in,philippine,12398,53,1387,1239,61,43.355555555555554,134,0.4
exp4_group_0.4,steffen,philippine,12398,53,1117,1297,59,30.322222222222223,111,0.4
exp4_group_0.4,random,philippine,12399,54,1547,1065,88,46.31111111111111,148,0.4
exp4_group_0.4,back_to_front,philippine,12399,54,1842,1626,103,87.12222222222222,220,0.4
exp4_group_0.4,outside_in,philippine,12399,54,1470,1086,65,41.72222222222222,145,0.4
exp4_group_0.4,steffen,philippine,12399,54,1121,1066,68,32.46111111111111,147,0.4
exp4_group_0.4,random,philippine,12400,55,1436,1120,97,44.827777777777776,179,0.4
exp4_group_0.4,back_to_front,philippine,12400,55,1685,1593,74,79.90555555555555,249,0.4
exp4_group_0.4,outside_in,philippine,12400,55,1294,1162,75,38.455555555555556,119,0.4
exp4_group_0.4,steffen,philippine,12400,55,1197,1416,57,36.794444444444444,127,0.4
exp4_group_0.4,random,philippine,12401,56,1517,1166,93,42.794444444444444,138,0.4
exp4_group_0.4,back_to_front,philippine,12401,56,1683,1487,94,69.94444444444444,221,0.4
exp4_group_0.4,outside_in,philippine,12401,56,1312,1257,56,38.59444444444444,119,0.4
exp4_group_0.4,steffen,philippine,12401,56,1232,1177,73,35.37222222222222,119,0.4
exp4_group_0.4,random,philippine,12402,57,1463,1304,109,50.47222222222222,148,0.4
exp4_group_0.4,back_to_front,philippine,12402,57,1730,1643,87,77.67777777777778,218,0.4
exp4_group_0.4,outside_in,philippine,12402,57,1388,1212,74,44.12777777777778,157,0.4
exp4_group_0.4,steffen,philippine,12402,57,1254,1343,69,39.15,145,0.4
exp4_group_0.4,random,philippine,12403,58,1551,1155,93,51.25,174,0.4
exp4_group_0.4,back_to_front,philippine,12403,58,1824,1624,91,80.48333333333333,190,0.4
exp4_group_0.4,outside_in,philippine,12403,58,1365,1217,63,43.59444444444444,136,0.4
exp4_group_0.4,steffen,philippine,12403,58,1089,933,70,25.144444444444446,83,0.4
exp4_group_0.4,random,philippine,12404,59,1422,1201,75,46.1,135,0.4
exp4_group_0.4,back_to_front,philippine,12404,59,1736,1681,92,87.18333333333334,217,0.4
exp4_group_0.4,outside_in,philippine,12404,59,1373,1174,55,36.68888888888889,106,0.4
exp4_group_0.4,steffen,philippine,12404,59,1128,1238,54,36.56111111111111,132,0.4
exp4_group_0.4,random,philippine,12405,60,1620,1193,97,48.15,178,0.4
exp4_group_0.4,back_to_front,philippine,12405,60,1794,1488,97,80.7611111111111,220,0.4
exp4_group_0.4,outside_in,philippine,12405,60,1461,1145,59,40.62777777777778,125,0.4
exp4_group_0.4,steffen,philippine,12405,60,1142,1252,68,30.41111111111111,155,0.4
exp4_group_0.4,random,philippine,12406,61,1317,1162,77,38.733333333333334,124,0.4
exp4_group_0.4,back_to_front,philippine,12406,61,1630,1548,95,71.7611111111111,192,0.4
exp4_group_0.4,outside_in,philippine,12406,61,1460,1187,59,44.91111111111111,164,0.4
exp4_group_0.4,steffen,philippine,12406,61,1216,1276,65,32.022222222222226,123,0.4
exp4_group_0.4,random,philippine,12407,62,1411,1058,84,40.388888888888886,117,0.4
exp4_group_0.4,back_to_front,philippine,12407,62,1660,1521,81,79.68888888888888,221,0.4
exp4_group_0.4,outside_in,philippine,12407,62,1262,1145,66,35.73888888888889,128,0.4
exp4_group_0.4,steffen,philippine,12407,62,1212,1268,64,33.71111111111111,148,0.4
exp4_group_0.4,random,philippine,12408,63,1495,1199,97,44.75,131,0.4
exp4_group_0.4,back_to_front,philippine,12408,63,1828,1813,88,95.8,290,0.4
exp4_group_0.4,outside_in,philippine,12408,63,1446,1271,72,47.75,137,0.4
exp4_group_0.4,steffen,philippine,12408,63,1158,1268,62,34.044444444444444,97,0.4
exp4_group_0.4,random,philippine,12409,64,1644,1270,90,56.82222222222222,156,0.4
exp4_group_0.4,back_to_front,philippine,12409,64,1792,1563,93,97.44444444444444,308,0.4
exp4_group_0.4,outside_in,philippine,12409,64,1470,1181,78,44.455555555555556,125,0.4
exp4_group_0.4,steffen,philippine,12409,64,1217,1404,61,35.02777777777778,135,0.4
exp4_group_0.4,random,philippine,12410,65,1422,1156,81,45.12222222222222,155,0.4
exp4_group_0.4,back_to_front,philippine,12410,65,1736,1592,74,80.92222222222222,275,0.4
exp4_group_0.4,outside_in,philippine,12410,65,1273,1216,52,38.73888888888889,119,0.4
exp4_group_0.4,steffen,philippine,12410,65,1207,1248,65,40.294444444444444,160,0.4
exp4_group_0.4,random,philippine,12411,66,1352,1013,91,41.172222222222224,122,0.4
exp4_group_0.4,back_to_front,philippine,12411,66,1792,1431,89,77.87222222222222,270,0.4
exp4_group_0.4,outside_in,philippine,12411,66,1359,1165,55,39.794444444444444,157,0.4
exp4_group_0.4,steffen,philippine,12411,66,1307,1104,63,35.227777777777774,140,0.4
exp4_group_0.4,random,philippine,12412,67,1437,1263,74,44.577777777777776,162,0.4
exp4_group_0.4,back_to_front,philippine,12412,67,1799,1479,103,82.43333333333334,203,0.4
exp4_group_0.4,outside_in,philippine,12412,67,1359,1262,62,40.18333333333333,112,0.4
exp4_group_0.4,steffen,philippine,12412,67,1250,1457,61,43.62222222222222,111,0.4
exp4_group_0.4,random,philippine,12413,68,1589,1170,93,50.9,143,0.4
exp4_group_0.4,back_to_front,philippine,12413,68,1850,1653,97,94.69444444444444,266,0.4
exp4_group_0.4,outside_in,philippine,12413,68,1297,1078,49,36.25555555555555,144,0.4
exp4_group_0.4,steffen,philippine,12413,68,1165,1055,76,30.405555555555555,144,0.4
exp4_group_0.4,random,philippine,12414,69,1569,1224,80,46.71666666666667,148,0.4
exp4_group_0.4,back_to_front,philippine,12414,69,1746,1650,92,78.25555555555556,250,0.4
exp4_group_0.4,outside_in,philippine,12414,69,1232,1137,50,36.544444444444444,125,0.4
exp4_group_0.4,steffen,philippine,12414,69,1327,1274,69,35.96666666666667,118,0.4
exp4_group_0.4,random,philippine,12415,70,1369,1234,91,42.96111111111111,129,0.4
exp4_group_0.4,back_to_front,philippine,12415,70,1687,1534,80,72.33888888888889,190,0.4
exp4_group_0.4,outside_in,philippine,12415,70,1432,1187,70,43.57222222222222,133,0.4
exp4_group_0.4,steffen,philippine,12415,70,1143,1417,61,40.81666666666667,141,0.4
exp4_group_0.4,random,philippine,12416,71,1443,1209,86,45.56111111111111,113,0.4
exp4_group_0.4,back_to_front,philippine,12416,71,1746,1512,86,77.96666666666667,246,0.4
exp4_group_0.4,outside_in,philippine,12416,71,1380,1048,67,35.59444444444444,119,0.4
exp4_group_0.4,steffen,philippine,12416,71,1052,1432,65,30.594444444444445,112,0.4
exp4_group_0.4,random,philippine,12417,72,1398,1086,90,37.18333333333333,114,0.4
exp4_group_0.4,back_to_front,philippine,12417,72,1472,1450,99,65.02777777777777,197,0.4
exp4_group_0.4,outside_in,philippine,12417,72,1353,1156,75,39.93333333333333,121,0.4
exp4_group_0.4,steffen,philippine,12417,72,1297,1224,65,35.66111111111111,107,0.4
exp4_group_0.4,random,philippine,12418,73,1564,1268,94,55.483333333333334,174,0.4
exp4_group_0.4,back_to_front,philippine,12418,73,1868,1507,98,83.50555555555556,237,0.4
exp4_group_0.4,outside_in,philippine,12418,73,1461,1103,77,39.40555555555556,102,0.4
exp4_group_0.4,steffen,philippine,12418,73,1273,1220,78,34.31666666666667,114,0.4
exp4_group_0.4,random,philippine,12419,74,1556,1268,79,52.45,160,0.4
exp4_group_0.4,back_to_front,philippine,12419,74,1568,1648,73,73.05555555555556,210,0.4
exp4_group_0.4,outside_in,philippine,12419,74,1384,1208,58,43.75555555555555,148,0.4
exp4_group_0.4,steffen,philippine,12419,74,1121,1366,55,32.81111111111111,119,0.4
exp4_group_0.4,random,philippine,12420,75,1484,1415,89,53.26111111111111,138,0.4
exp4_group_0.4,back_to_front,philippine,12420,75,1620,1630,87,74.63888888888889,222,0.4
exp4_group_0.4,outside_in,philippine,12420,75,1316,1154,65,34.394444444444446,120,0.4
exp4_group_0.4,steffen,philippine,12420,75,1288,1328,60,38.25,121,0.4
exp4_group_0.4,random,philippine,12421,76,1433,1274,95,46.90555555555556,157,0.4
exp4_group_0.4,back_to_front,philippine,12421,76,1606,1622,80,77.28888888888889,220,0.4
exp4_group_0.4,outside_in,philippine,12421,76,1296,1181,70,36.93888888888889,128,0.4
exp4_group_0.4,steffen,philippine,12421,76,1228,1328,74,32.23888888888889,101,0.4
exp4_group_0.4,random,philippine,12422,77,1496,1271,104,47.144444444444446,150,0.4
exp4_group_0.4,back_to_front,philippine,12422,77,1786,1784,99,80.93888888888888,179,0.4
exp4_group_0.4,outside_in,philippine,12422,77,1458,1245,56,46.92777777777778,118,0.4
exp4_group_0.4,steffen,philippine,12422,77,1265,1124,47,32.416666666666664,126,0.4
exp4_group_0.4,random,philippine,12423,78,1446,1148,102,46.06666666666667,146,0.4
exp4_group_0.4,back_to_front,philippine,12423,78,1681,1503,92,74.91111111111111,228,0.4
exp4_group_0.4,outside_in,philippine,12423,78,1498,1368,69,55.19444444444444,177,0.4
exp4_group_0.4,steffen,philippine,12423,78,1170,1320,59,35.68888888888889,161,0.4
exp4_group_0.4,random,philippine,12424,79,1443,1186,88,42.94444444444444,145,0.4
exp4_group_0.4,back_to_front,philippine,12424,79,1752,1598,84,87.08888888888889,258,0.4
exp4_group_0.4,outside_in,philippine,12424,79,1309,1071,59,36.733333333333334,125,0.4
exp4_group_0.4,steffen,philippine,12424,79,1208,1149,69,31.227777777777778,92,0.4
exp4_group_0.4,random,philippine,12425,80,1500,1236,104,45.577777777777776,149,0.4
exp4_group_0.4,back_to_front,philippine,12425,80,1642,1468,92,72.19444444444444,189,0.4
exp4_group_0.4,outside_in,philippine,12425,80,1451,1156,67,45.52777777777778,136,0.4
exp4_group_0.4,steffen,philippine,12425,80,1144,1110,61,31.127777777777776,116,0.4
exp4_group_0.4,random,philippine,12426,81,1388,1210,112,45.82222222222222,161,0.4
exp4_group_0.4,back_to_front,philippine,12426,81,1815,1678,81,85.91666666666667,218,0.4
exp4_group_0.4,outside_in,philippine,12426,81,1400,1092,60,41.73888888888889,210,0.4
exp4_group_0.4,steffen,philippine,12426,81,1210,1306,74,32.794444444444444,94,0.4
exp4_group_0.4,random,philippine,12427,82,1281,1182,81,35.638888888888886,116,0.4
exp4_group_0.4,back_to_front,philippine,12427,82,1832,1649,96,91.81111111111112,233,0.4
exp4_group_0.4,outside_in,philippine,12427,82,1388,1232,65,43.06666666666667,137,0.4
exp4_group_0.4,steffen,philippine,12427,82,1175,1161,70,27.544444444444444,114,0.4
exp4_group_0.4,random,philippine,12428,83,1379,1120,81,39.227777777777774,114,0.4
exp4_group_0.4,back_to_front,philippine,12428,83,1699,1703,78,79.20555555555555,199,0.4
exp4_group_0.4,outside_in,philippine,12428,83,1333,1170,67,40.15555555555556,109,0.4
exp4_group_0.4,steffen,philippine,12428,83,1161,1357,56,32.66111111111111,128,0.4
exp4_group_0.4,random,philippine,12429,84,1441,1296,81,54.33888888888889,187,0.4
exp4_group_0.4,back_to_front,philippine,12429,84,1579,1557,75,75.18888888888888,206,0.4
exp4_group_0.4,outside_in,philippine,12429,84,1257,1139,56,38.82222222222222,130,0.4
exp4_group_0.4,steffen,philippine,12429,84,1110,1259,62,29.261111111111113,129,0.4
exp4_group_0.4,random,philippine,12430,85,1471,1109,104,44.24444444444445,149,0.4
exp4_group_0.4,back_to_front,philippine,12430,85,1578,1417,84,68.77222222222223,223,0.4
exp4_group_0.4,outside_in,philippine,12430,85,1375,1071,62,34.583333333333336,112,0.4
exp4_group_0.4,steffen,philippine,12430,85,1212,1200,62,35.294444444444444,139,0.4
exp4_group_0.4,random,philippine,12431,86,1375,1165,94,48.49444444444445,170,0.4
exp4_group_0.4,back_to_front,philippine,12431,86,1762,1645,93,87.45,249,0.4
exp4_group_0.4,outside_in,philippine,12431,86,1485,1187,76,46.68333333333333,147,0.4
exp4_group_0.4,steffen,philippine,12431,86,1292,1433,66,41.21111111111111,111,0.4
exp4_group_0.4,random,philippine,12432,87,1406,1109,96,42.577777777777776,150,0.4
exp4_group_0.4,back_to_front,philippine,12432,87,1810,1633,83,95.39444444444445,355,0.4
exp4_group_0.4,outside_in,philippine,12432,87,1453,1111,74,41.72222222222222,123,0.4
exp4_group_0.4,steffen,philippine,12432,87,1168,1360,56,31.944444444444443,114,0.4
exp4_group_0.4,random,philippine,12433,88,1466,1243,106,45.611111111111114,142,0.4
exp4_group_0.4,back_to_front,philippine,12433,88,1801,1692,97,83.65555555555555,226,0.4
exp4_group_0.4,outside_in,philippine,12433,88,1293,1100,58,36.33888888888889,95,0.4
exp4_group_0.4,steffen,philippine,12433,88,1277,1204,64,32.233333333333334,123,0.4
exp4_group_0.4,random,philippine,12434,89,1362,1271,111,40.67777777777778,107,0.4
exp4_group_0.4,back_to_front,philippine,12434,89,1594,1637,90,76.54444444444445,222,0.4
exp4_group_0.4,outside_in,philippine,12434,89,1305,1122,69,38.727777777777774,125,0.4
exp4_group_0.4,steffen,philippine,12434,89,1207,1337,67,31.716666666666665,103,0.4
exp4_group_0.4,random,philippine,12435,90,1493,1252,94,52.3,129,0.4
exp4_group_0.4,back_to_front,philippine,12435,90,1928,1594,103,90.97777777777777,258,0.4
exp4_group_0.4,outside_in,philippine,12435,90,1299,1243,69,36.63333333333333,124,0.4
exp4_group_0.4,steffen,philippine,12435,90,1176,1183,55,35.93333333333333,107,0.4
exp4_group_0.4,random,philippine,12436,91,1531,1039,101,43.18333333333333,143,0.4
exp4_group_0.4,back_to_front,philippine,12436,91,1785,1546,79,77.15,216,0.4
exp4_group_0.4,outside_in,philippine,12436,91,1369,1236,56,43.672222222222224,142,0.4
exp4_group_0.4,steffen,philippine,12436,91,1217,1049,73,29.116666666666667,99,0.4
exp4_group_0.4,random,philippine,12437,92,1446,1188,85,47.46666666666667,164,0.4
exp4_group_0.4,back_to_front,philippine,12437,92,1771,1637,86,87.15555555555555,234,0.4
exp4_group_0.4,outside_in,philippine,12437,92,1402,1176,68,42.727777777777774,111,0.4
exp4_group_0.4,steffen,philippine,12437,92,1307,1189,79,35.922222222222224,152,0.4
exp4_group_0.4,random,philippine,12438,93,1483,1383,84,55.138888888888886,209,0.4
exp4_group_0.4,back_to_front,philippine,12438,93,1631,1677,92,74.47777777777777,184,0.4
exp4_group_0.4,outside_in,philippine,12438,93,1491,1255,63,50.08888888888889,182,0.4
exp4_group_0.4,steffen,philippine,12438,93,1254,1406,69,36.2,123,0.4
exp4_group_0.4,random,philippine,12439,94,1322,1112,89,38.794444444444444,152,0.4
exp4_group_0.4,back_to_front,philippine,12439,94,1884,1589,102,91.13888888888889,223,0.4
exp4_group_0.4,outside_in,philippine,12439,94,1367,1098,65,44.37222222222222,150,0.4
exp4_group_0.4,steffen,philippine,12439,94,1281,1243,68,30.205555555555556,129,0.4
exp4_group_0.4,random,philippine,12440,95,1559,1237,90,48.294444444444444,163,0.4
exp4_group_0.4,back_to_front,philippine,12440,95,1803,1692,93,94.67777777777778,279,0.4
exp4_group_0.4,outside_in,philippine,12440,95,1386,1167,59,42.3,116,0.4
exp4_group_0.4,steffen,philippine,12440,95,1242,1287,51,37.638888888888886,130,0.4
exp4_group_0.4,random,philippine,12441,96,1404,1196,79,50.68333333333333,163,0.4
exp4_group_0.4,back_to_front,philippine,12441,96,1634,1472,74,76.30555555555556,265,0.4
exp4_group_0.4,outside_in,philippine,12441,96,1440,1242,70,45.583333333333336,119,0.4
exp4_group_0.4,steffen,philippine,12441,96,1183,1146,67,28.022222222222222,85,0.4
exp4_group_0.4,random,philippine,12442,97,1519,1320,93,54.68888888888889,171,0.4
exp4_group_0.4,back_to_front,philippine,12442,97,1712,1601,89,87.60555555555555,246,0.4
exp4_group_0.4,outside_in,philippine,12442,97,1393,1161,66,41.31666666666667,136,0.4
exp4_group_0.4,steffen,philippine,12442,97,1145,1360,63,30.6,108,0.4
exp4_group_0.4,random,philippine,12443,98,1464,1192,82,47.40555555555556,145,0.4
exp4_group_0.4,back_to_front,philippine,12443,98,1745,1521,86,72.71666666666667,219,0.4
exp4_group_0.4,outside_in,philippine,12443,98,1392,1267,62,51.25555555555555,153,0.4
exp4_group_0.4,steffen,philippine,12443,98,1107,1200,53,36.388888888888886,158,0.4
exp4_group_0.4,random,philippine,12444,99,1443,1096,84,40.61666666666667,123,0.4
exp4_group_0.4,back_to_front,philippine,12444,99,1809,1265,89,78.05,220,0.4
exp4_group_0.4,outside_in,philippine,12444,99,1343,1174,60,38.00555555555555,109,0.4
exp4_group_0.4,steffen,philippine,12444,99,1338,1415,70,47.63333333333333,178,0.4
exp4_group_0.4,random,philippine,12445,100,1456,1142,84,46.1,155,0.4
exp4_group_0.4,back_to_front,philippine,12445,100,1676,1515,88,82.94444444444444,261,0.4
exp4_group_0.4,outside_in,philippine,12445,100,1449,1125,50,38.044444444444444,125,0.4
exp4_group_0.4,steffen,philippine,12445,100,1338,1111,86,39.227777777777774,141,0.4
exp4_group_0.4,random,philippine,12446,101,1586,1170,91,45.62222222222222,162,0.4
exp4_group_0.4,back_to_front,philippine,12446,101,1839,1748,95,90.87222222222222,258,0.4
exp4_group_0.4,outside_in,philippine,12446,101,1290,1329,57,39.022222222222226,131,0.4
exp4_group_0.4,steffen,philippine,12446,101,1247,1131,47,34.56111111111111,116,0.4
exp4_group_0.4,random,philippine,12447,102,1507,1211,94,47.733333333333334,150,0.4
exp4_group_0.4,back_to_front,philippine,12447,102,1669,1401,89,70.19444444444444,234,0.4
exp4_group_0.4,outside_in,philippine,12447,102,1501,1275,74,44.02777777777778,156,0.4
exp4_group_0.4,steffen,philippine,12447,102,1131,1279,69,29.52777777777778,136,0.4
exp4_group_0.4,random,philippine,12448,103,1521,1298,85,45.55555555555556,116,0.4
exp4_group_0.4,back_to_front,philippine,12448,103,1709,1422,91,78.04444444444445,218,0.4
exp4_group_0.4,outside_in,philippine,12448,103,1281,1064,66,32.36666666666667,100,0.4
exp4_group_0.4,steffen,philippine,12448,103,1412,1262,80,36.266666666666666,129,0.4
exp4_group_0.4,random,philippine,12449,104,1522,1172,88,49.53333333333333,135,0.4
exp4_group_0.4,back_to_front,philippine,12449,104,1890,1656,86,91.58333333333333,253,0.4
exp4_group_0.4,outside_in,philippine,12449,104,1414,1215,62,43.00555555555555,122,0.4
exp4_group_0.4,steffen,philippine,12449,104,1140,1265,64,32.03888888888889,120,0.4
exp4_group_0.4,random,philippine,12450,105,1541,1145,92,41.37222222222222,111,0.4
exp4_group_0.4,back_to_front,philippine,12450,105,1916,1653,91,88.22222222222223,246,0.4
exp4_group_0.4,outside_in,philippine,12450,105,1440,1210,71,40.833333333333336,118,0.4
exp4_group_0.4,steffen,philippine,12450,105,1179,1263,59,34.97222222222222,111,0.4
exp4_group_0.4,random,philippine,12451,106,1512,1157,93,46.233333333333334,134,0.4
exp4_group_0.4,back_to_front,philippine,12451,106,1686,1632,84,80.37222222222222,214,0.4
exp4_group_0.4,outside_in,philippine,12451,106,1416,1164,76,41.083333333333336,148,0.4
exp4_group_0.4,steffen,philippine,12451,106,1179,1171,61,33.15,135,0.4
exp4_group_0.4,random,philippine,12452,107,1628,1238,88,52.1,218,0.4
exp4_group_0.4,back_to_front,philippine,12452,107,1893,1753,90,86.04444444444445,221,0.4
exp4_group_0.4,outside_in,philippine,12452,107,1371,1267,50,43.09444444444444,178,0.4
exp4_group_0.4,steffen,philippine,12452,107,1140,1380,70,29.233333333333334,101,0.4
exp4_group_0.4,random,philippine,12453,108,1474,1195,90,55.772222222222226,175,0.4
exp4_group_0.4,back_to_front,philippine,12453,108,1700,1582,76,83.75555555555556,214,0.4
exp4_group_0.4,outside_in,philippine,12453,108,1290,1055,61,36.327777777777776,116,0.4
exp4_group_0.4,steffen,philippine,12453,108,1251,1253,59,37.77777777777778,154,0.4
exp4_group_0.4,random,philippine,12454,109,1380,1244,89,42.42777777777778,127,0.4
exp4_group_0.4,back_to_front,philippine,12454,109,1888,1628,81,83.67777777777778,251,0.4
exp4_group_0.4,outside_in,philippine,12454,109,1355,1253,61,44.59444444444444,119,0.4
exp4_group_0.4,steffen,philippine,12454,109,1351,1363,68,45.08888888888889,166,0.4
exp4_group_0.4,random,philippine,12455,110,1613,1288,104,56.76111111111111,215,0.4
exp4_group_0.4,back_to_front,philippine,12455,110,1678,1509,92,72.77222222222223,230,0.4
exp4_group_0.4,outside_in,philippine,12455,110,1423,1158,60,41.227777777777774,145,0.4
exp4_group_0.4,steffen,philippine,12455,110,1152,1197,64,28.444444444444443,117,0.4
exp4_group_0.4,random,philippine,12456,111,1445,1209,109,47.272222222222226,158,0.4
exp4_group_0.4,back_to_front,philippine,12456,111,1564,1497,96,72.12222222222222,231,0.4
exp4_group_0.4,outside_in,philippine,12456,111,1487,1217,69,48.483333333333334,160,0.4
exp4_group_0.4,steffen,philippine,12456,111,1404,1338,74,35.227777777777774,162,0.4
exp4_group_0.4,random,philippine,12457,112,1554,1101,93,45.455555555555556,118,0.4
exp4_group_0.4,back_to_front,philippine,12457,112,1740,1652,90,78.9888888888889,258,0.4
exp4_group_0.4,outside_in,philippine,12457,112,1412,1178,65,44.96111111111111,129,0.4
exp4_group_0.4,steffen,philippine,12457,112,1191,1153,63,29.316666666666666,174,0.4
exp4_group_0.4,random,philippine,12458,113,1413,1113,95,42.06111111111111,119,0.4
exp4_group_0.4,back_to_front,philippine,12458,113,1764,1557,96,83.53333333333333,212,0.4
exp4_group_0.4,outside_in,philippine,12458,113,1456,1321,69,43.80555555555556,133,0.4
exp4_group_0.4,steffen,philippine,12458,113,1148,1339,75,34.727777777777774,111,0.4
exp4_group_0.4,random,philippine,12459,114,1347,1266,83,47.59444444444444,146,0.4
exp4_group_0.4,back_to_front,philippine,12459,114,1957,1737,96,95.3,240,0.4
exp4_group_0.4,outside_in,philippine,12459,114,1411,1272,46,44.19444444444444,107,0.4
exp4_group_0.4,steffen,philippine,12459,114,1208,1173,57,31.67222222222222,104,0.4
exp4_group_0.4,random,philippine,12460,115,1628,1100,84,50.077777777777776,131,0.4
exp4_group_0.4,back_to_front,philippine,12460,115,1601,1611,95,73.36111111111111,202,0.4
exp4_group_0.4,outside_in,philippine,12460,115,1341,1160,64,40.09444444444444,120,0.4
exp4_group_0.4,steffen,philippine,12460,115,1094,1193,60,27.41111111111111,129,0.4
exp4_group_0.4,random,philippine,12461,116,1591,1060,108,39.977777777777774,130,0.4
exp4_group_0.4,back_to_front,philippine,12461,116,1686,1569,86,77.58888888888889,204,0.4
exp4_group_0.4,outside_in,philippine,12461,116,1385,1119,68,38.92777777777778,125,0.4
exp4_group_0.4,steffen,philippine,12461,116,1164,1161,71,30.566666666666666,171,0.4
exp4_group_0.4,random,philippine,12462,117,1414,1217,92,45.55,148,0.4
exp4_group_0.4,back_to_front,philippine,12462,117,1767,1657,92,88.88333333333334,235,0.4
exp4_group_0.4,outside_in,philippine,12462,117,1397,1282,69,48.7,149,0.4
exp4_group_0.4,steffen,philippine,12462,117,1207,1190,55,38.15555555555556,115,0.4
exp4_group_0.4,random,philippine,12463,118,1448,1236,87,45.333333333333336,134,0.4
exp4_group_0.4,back_to_front,philippine,12463,118,1778,1630,92,83.05,218,0.4
exp4_group_0.4,outside_in,philippine,12463,118,1442,1087,60,38.83888888888889,121,0.4
exp4_group_0.4,steffen,philippine,12463,118,1271,1158,67,33.32222222222222,113,0.4
exp4_group_0.4,random,philippine,12464,119,1360,1240,79,47.544444444444444,163,0.4
exp4_group_0.4,back_to_front,philippine,12464,119,1649,1652,84,72.67222222222222,245,0.4
exp4_group_0.4,outside_in,philippine,12464,119,1430,1070,59,40.111111111111114,112,0.4
exp4_group_0.4,steffen,philippine,12464,119,1120,1188,69,31.227777777777778,102,0.4
exp4_group_0.4,random,philippine,12465,120,1456,1110,85,46.93888888888889,126,0.4
exp4_group_0.4,back_to_front,philippine,12465,120,1831,1528,96,75.03888888888889,198,0.4
exp4_group_0.4,outside_in,philippine,12465,120,1309,1075,55,38.50555555555555,169,0.4
exp4_group_0.4,steffen,philippine,12465,120,1123,1252,66,29.483333333333334,99,0.4
exp4_group_0.4,random,philippine,12466,121,1438,1272,85,54.361111111111114,181,0.4
exp4_group_0.4,back_to_front,philippine,12466,121,1716,1639,97,82.02777777777777,223,0.4
exp4_group_0.4,outside_in,philippine,12466,121,1342,1268,73,42.25555555555555,156,0.4
exp4_group_0.4,steffen,philippine,12466,121,1133,1266,54,31.022222222222222,134,0.4
exp4_group_0.4,random,philippine,12467,122,1489,1344,89,50.65,180,0.4
exp4_group_0.4,back_to_front,philippine,12467,122,1662,1606,75,74.97222222222223,200,0.4
exp4_group_0.4,outside_in,philippine,12467,122,1403,1173,62,41.516666666666666,140,0.4
exp4_group_0.4,steffen,philippine,12467,122,1229,1273,67,31.43888888888889,111,0.4
exp4_group_0.4,random,philippine,12468,123,1551,1227,96,54.43888888888889,165,0.4
exp4_group_0.4,back_to_front,philippine,12468,123,1754,1569,83,78.45555555555555,240,0.4
exp4_group_0.4,outside_in,philippine,12468,123,1334,1229,49,31.83888888888889,109,0.4
exp4_group_0.4,steffen,philippine,12468,123,1220,1375,55,35.06111111111111,123,0.4
exp4_group_0.4,random,philippine,12469,124,1456,1240,103,52.8,165,0.4
exp4_group_0.4,back_to_front,philippine,12469,124,1578,1728,74,81.95555555555555,232,0.4
exp4_group_0.4,outside_in,philippine,12469,124,1346,1005,57,34.955555555555556,123,0.4
exp4_group_0.4,steffen,philippine,12469,124,1277,1278,73,36.95,123,0.4
exp4_group_0.4,random,philippine,12470,125,1576,1171,92,52.32222222222222,166,0.4
exp4_group_0.4,back_to_front,philippine,12470,125,1769,1647,73,85.01666666666667,214,0.4
exp4_group_0.4,outside_in,philippine,12470,125,1297,1136,53,37.77777777777778,124,0.4
exp4_group_0.4,steffen,philippine,12470,125,1131,1067,66,22.583333333333332,97,0.4
exp4_group_0.4,random,philippine,12471,126,1500,1328,78,63.1,177,0.4
exp4_group_0.4,back_to_front,philippine,12471,126,1613,1611,88,79.2388888888889,247,0.4
exp4_group_0.4,outside_in,philippine,12471,126,1393,1167,64,42.044444444444444,119,0.4
exp4_group_0.4,steffen,philippine,12471,126,1188,1129,56,28.044444444444444,103,0.4
exp4_group_0.4,random,philippine,12472,127,1334,1067,103,33.7,110,0.4
exp4_group_0.4,back_to_front,philippine,12472,127,1769,1732,102,85.9,250,0.4
exp4_group_0.4,outside_in,philippine,12472,127,1492,1172,55,45.28888888888889,158,0.4
exp4_group_0.4,steffen,philippine,12472,127,1239,1326,56,36.166666666666664,174,0.4
exp4_group_0.4,random,philippine,12473,128,1503,1336,75,51.59444444444444,174,0.4
exp4_group_0.4,back_to_front,philippine,12473,128,1755,1569,85,81.92222222222222,225,0.4
exp4_group_0.4,outside_in,philippine,12473,128,1462,1159,61,40.40555555555556,149,0.4
exp4_group_0.4,steffen,philippine,12473,128,1086,1422,65,32.13333333333333,136,0.4
exp4_group_0.4,random,philippine,12474,129,1431,1041,72,39.455555555555556,118,0.4
exp4_group_0.4,back_to_front,philippine,12474,129,1651,1612,82,70.08333333333333,204,0.4
exp4_group_0.4,outside_in,philippine,12474,129,1358,1131,68,41.7,141,0.4
exp4_group_0.4,steffen,philippine,12474,129,1245,1357,64,37.983333333333334,137,0.4
exp4_group_0.4,random,philippine,12475,130,1558,1305,99,48.91111111111111,154,0.4
exp4_group_0.4,back_to_front,philippine,12475,130,1655,1655,89,87.62222222222222,232,0.4
exp4_group_0.4,outside_in,philippine,12475,130,1329,1103,50,37.827777777777776,137,0.4
exp4_group_0.4,steffen,philippine,12475,130,1308,1271,70,34.63333333333333,120,0.4
exp4_group_0.4,random,philippine,12476,131,1371,1319,80,48.27777777777778,146,0.4
exp4_group_0.4,back_to_front,philippine,12476,131,1780,1457,86,78.32222222222222,225,0.4
exp4_group_0.4,outside_in,philippine,12476,131,1427,1148,56,37.72222222222222,128,0.4
exp4_group_0.4,steffen,philippine,12476,131,1305,1289,63,40.00555555555555,123,0.4
exp4_group_0.4,random,philippine,12477,132,1499,1205,104,49.483333333333334,133,0.4
exp4_group_0.4,back_to_front,philippine,12477,132,1722,1643,74,76.05,199,0.4
exp4_group_0.4,outside_in,philippine,12477,132,1346,1240,54,49.05555555555556,160,0.4
exp4_group_0.4,steffen,philippine,12477,132,1155,1092,63,26.855555555555554,95,0.4
exp4_group_0.4,random,philippine,12478,133,1418,1098,81,47.455555555555556,140,0.4
exp4_group_0.4,back_to_front,philippine,12478,133,1709,1470,92,79.99444444444444,238,0.4
exp4_group_0.4,outside_in,philippine,12478,133,1384,1169,71,38.18888888888889,125,0.4
exp4_group_0.4,steffen,philippine,12478,133,1285,1087,72,30.58888888888889,116,0.4
exp4_group_0.4,random,philippine,12479,134,1558,1295,82,54.46111111111111,181,0.4
exp4_group_0.4,back_to_front,philippine,12479,134,1762,1671,95,88.33333333333333,250,0.4
exp4_group_0.4,outside_in,philippine,12479,134,1440,1213,61,43.25555555555555,148,0.4
exp4_group_0.4,steffen,philippine,12479,134,1299,1326,70,41.1,152,0.4
exp4_group_0.4,random,philippine,12480,135,1560,1136,93,45.333333333333336,143,0.4
exp4_group_0.4,back_to_front,philippine,12480,135,1889,1512,89,100.78333333333333,322,0.4
exp4_group_0.4,outside_in,philippine,12480,135,1389,1169,72,41.172222222222224,152,0.4
exp4_group_0.4,steffen,philippine,12480,135,1260,1293,67,34.73888888888889,112,0.4
exp4_group_0.4,random,philippine,12481,136,1426,1214,82,48.077777777777776,149,0.4
exp4_group_0.4,back_to_front,philippine,12481,136,1641,1538,92,78.22777777777777,214,0.4
exp4_group_0.4,outside_in,philippine,12481,136,1447,1100,66,39.25555555555555,154,0.4
exp4_group_0.4,steffen,philippine,12481,136,1137,1267,62,36.25,117,0.4
exp4_group_0.4,random,philippine,12482,137,1368,1204,88,38.72222222222222,108,0.4
exp4_group_0.4,back_to_front,philippine,12482,137,1572,1560,98,67.7388888888889,202,0.4
exp4_group_0.4,outside_in,philippine,12482,137,1382,1076,64,41.88333333333333,133,0.4
exp4_group_0.4,steffen,philippine,12482,137,1186,1276,64,27.31111111111111,108,0.4
exp4_group_0.4,random,philippine,12483,138,1570,1207,85,57.09444444444444,169,0.4
exp4_group_0.4,back_to_front,philippine,12483,138,1681,1499,92,65.04444444444445,176,0.4
exp4_group_0.4,outside_in,philippine,12483,138,1366,1162,47,38.46666666666667,126,0.4
exp4_group_0.4,steffen,philippine,12483,138,1311,1173,64,34.15555555555556,115,0.4
exp4_group_0.4,random,philippine,12484,139,1447,1176,80,50.15555555555556,150,0.4
exp4_group_0.4,back_to_front,philippine,12484,139,1598,1528,84,69.35555555555555,195,0.4
exp4_group_0.4,outside_in,philippine,12484,139,1456,1120,78,38.772222222222226,115,0.4
exp4_group_0.4,steffen,philippine,12484,139,1196,1176,57,33.25,104,0.4
exp4_group_0.4,random,philippine,12485,140,1428,1092,89,40.90555555555556,136,0.4
exp4_group_0.4,back_to_front,philippine,12485,140,1594,1561,87,80.95,205,0.4
exp4_group_0.4,outside_in,philippine,12485,140,1460,1058,69,40.61666666666667,216,0.4
exp4_group_0.4,steffen,philippine,12485,140,1191,1255,68,33.4,136,0.4
exp4_group_0.4,random,philippine,12486,141,1508,1018,101,39.41111111111111,132,0.4
exp4_group_0.4,back_to_front,philippine,12486,141,1764,1667,91,81.5,251,0.4
exp4_group_0.4,outside_in,philippine,12486,141,1430,1235,67,42.76111111111111,186,0.4
exp4_group_0.4,steffen,philippine,12486,141,1195,1250,75,36.58888888888889,138,0.4
exp4_group_0.4,random,philippine,12487,142,1412,1202,100,46.68333333333333,139,0.4
exp4_group_0.4,back_to_front,philippine,12487,142,1539,1489,94,66.2,201,0.4
exp4_group_0.4,outside_in,philippine,12487,142,1319,1057,56,33.05555555555556,126,0.4
exp4_group_0.4,steffen,philippine,12487,142,1171,1183,65,31.483333333333334,123,0.4
exp4_group_0.4,random,philippine,12488,143,1391,1151,83,42.233333333333334,112,0.4
exp4_group_0.4,back_to_front,philippine,12488,143,1558,1566,83,68.7388888888889,202,0.4
exp4_group_0.4,outside_in,philippine,12488,143,1538,1370,62,53.75,167,0.4
exp4_group_0.4,steffen,philippine,12488,143,1164,1382,59,39.00555555555555,119,0.4
exp4_group_0.4,random,philippine,12489,144,1391,1210,99,44.68888888888889,142,0.4
exp4_group_0.4,back_to_front,philippine,12489,144,1726,1626,95,82.67222222222222,242,0.4
exp4_group_0.4,outside_in,philippine,12489,144,1357,1357,65,48.477777777777774,165,0.4
exp4_group_0.4,steffen,philippine,12489,144,1210,1190,75,30.13888888888889,143,0.4
exp4_group_0.4,random,philippine,12490,145,1519,1204,88,45.022222222222226,162,0.4
exp4_group_0.4,back_to_front,philippine,12490,145,1695,1554,96,79.76666666666667,191,0.4
exp4_group_0.4,outside_in,philippine,12490,145,1362,1160,81,38.955555555555556,129,0.4
exp4_group_0.4,steffen,philippine,12490,145,1200,1202,59,30.31111111111111,98,0.4
exp4_group_0.4,random,philippine,12491,146,1492,1183,93,48.06666666666667,174,0.4
exp4_group_0.4,back_to_front,philippine,12491,146,1778,1482,95,73.5,200,0.4
exp4_group_0.4,outside_in,philippine,12491,146,1419,1186,80,47.477777777777774,202,0.4
exp4_group_0.4,steffen,philippine,12491,146,1195,1213,69,30.122222222222224,117,0.4
exp4_group_0.4,random,philippine,12492,147,1502,1242,95,47.34444444444444,129,0.4
exp4_group_0.4,back_to_front,philippine,12492,147,1638,1692,98,80.2,200,0.4
exp4_group_0.4,outside_in,philippine,12492,147,1351,1172,53,37.227777777777774,144,0.4
exp4_group_0.4,steffen,philippine,12492,147,1146,1357,65,35.34444444444444,119,0.4
exp4_group_0.4,random,philippine,12493,148,1502,1230,89,46.611111111111114,154,0.4
exp4_group_0.4,back_to_front,philippine,12493,148,1713,1703,100,86.96111111111111,203,0.4
exp4_group_0.4,outside_in,philippine,12493,148,1308,1210,52,35.78333333333333,99,0.4
exp4_group_0.4,steffen,philippine,12493,148,1167,1383,66,37.33888888888889,120,0.4
exp4_group_0.4,random,philippine,12494,149,1360,1228,95,42.166666666666664,121,0.4
exp4_group_0.4,back_to_front,philippine,12494,149,1701,1638,84,81.06666666666666,206,0.4
exp4_group_0.4,outside_in,philippine,12494,149,1370,1190,61,42.13333333333333,110,0.4
exp4_group_0.4,steffen,philippine,12494,149,1155,1327,76,35.611111111111114,154,0.4
exp4_group_0.4,random,philippine,12495,150,1495,1239,103,50.605555555555554,154,0.4
exp4_group_0.4,back_to_front,philippine,12495,150,1815,1683,81,86.68333333333334,250,0.4
exp4_group_0.4,outside_in,philippine,12495,150,1416,1187,61,45.65555555555556,112,0.4
exp4_group_0.4,steffen,philippine,12495,150,1255,1105,70,28.155555555555555,109,0.4
exp4_group_0.4,random,philippine,12496,151,1364,1408,82,49.916666666666664,131,0.4
exp4_group_0.4,back_to_front,philippine,12496,151,1660,1691,94,84.02222222222223,225,0.4
exp4_group_0.4,outside_in,philippine,12496,151,1359,1210,53,37.52777777777778,134,0.4
exp4_group_0.4,steffen,philippine,12496,151,1261,1305,54,41.327777777777776,169,0.4
exp4_group_0.4,random,philippine,12497,152,1464,1224,87,47.644444444444446,144,0.4
exp4_group_0.4,back_to_front,philippine,12497,152,1662,1608,93,71.71111111111111,186,0.4
exp4_group_0.4,outside_in,philippine,12497,152,1325,1087,71,36.77777777777778,128,0.4
exp4_group_0.4,steffen,philippine,12497,152,1234,1265,62,33.49444444444445,126,0.4
exp4_group_0.4,random,philippine,12498,153,1531,1202,92,42.49444444444445,131,0.4
exp4_group_0.4,back_to_front,philippine,12498,153,1659,1561,86,73.56666666666666,233,0.4
exp4_group_0.4,outside_in,philippine,12498,153,1454,1257,52,45.233333333333334,138,0.4
exp4_group_0.4,steffen,philippine,12498,153,1141,1336,69,32.96666666666667,151,0.4
exp4_group_0.4,random,philippine,12499,154,1434,1190,91,44.333333333333336,137,0.4
exp4_group_0.4,back_to_front,philippine,12499,154,1714,1767,82,78.24444444444444,195,0.4
exp4_group_0.4,outside_in,philippine,12499,154,1377,1147,66,39.888888888888886,114,0.4
exp4_group_0.4,steffen,philippine,12499,154,1285,1284,74,35.32222222222222,128,0.4
exp4_group_0.4,random,philippine,12500,155,1409,1107,87,40.00555555555555,114,0.4
exp4_group_0.4,back_to_front,philippine,12500,155,1684,1612,97,78.05555555555556,234,0.4
exp4_group_0.4,outside_in,philippine,12500,155,1461,1194,69,41.51111111111111,142,0.4
exp4_group_0.4,steffen,philippine,12500,155,1371,1216,69,39.083333333333336,126,0.4
exp4_group_0.4,random,philippine,12501,156,1484,1154,89,41.53888888888889,164,0.4
exp4_group_0.4,back_to_front,philippine,12501,156,1752,1623,93,83.28333333333333,235,0.4
exp4_group_0.4,outside_in,philippine,12501,156,1388,1223,72,50.15555555555556,149,0.4
exp4_group_0.4,steffen,philippine,12501,156,1255,1236,71,34.91111111111111,127,0.4
exp4_group_0.4,random,philippine,12502,157,1486,1096,85,42.27777777777778,122,0.4
exp4_group_0.4,back_to_front,philippine,12502,157,1970,1793,103,100.32222222222222,285,0.4
exp4_group_0.4,outside_in,philippine,12502,157,1484,1154,71,38.68333333333333,140,0.4
exp4_group_0.4,steffen,philippine,12502,157,1249,1078,65,30.533333333333335,114,0.4
exp4_group_0.4,random,philippine,12503,158,1451,1330,79,55.21666666666667,179,0.4
exp4_group_0.4,back_to_front,philippine,12503,158,1770,1722,89,83.73333333333333,207,0.4
exp4_group_0.4,outside_in,philippine,12503,158,1400,1167,57,43.388888888888886,152,0.4
exp4_group_0.4,steffen,philippine,12503,158,1185,1233,75,29.377777777777776,102,0.4
exp4_group_0.4,random,philippine,12504,159,1376,1104,82,39.8,139,0.4
exp4_group_0.4,back_to_front,philippine,12504,159,1777,1464,94,75.74444444444444,239,0.4
exp4_group_0.4,outside_in,philippine,12504,159,1465,1186,67,45.99444444444445,166,0.4
exp4_group_0.4,steffen,philippine,12504,159,1168,1212,47,32.25,109,0.4
exp4_group_0.4,random,philippine,12505,160,1400,1169,93,44.13333333333333,137,0.4
exp4_group_0.4,back_to_front,philippine,12505,160,1755,1609,89,83.55,251,0.4
exp4_group_0.4,outside_in,philippine,12505,160,1471,1262,62,46.90555555555556,137,0.4
exp4_group_0.4,steffen,philippine,12505,160,1074,1359,56,30.72222222222222,111,0.4
exp4_group_0.4,random,philippine,12506,161,1462,1394,79,54.62222222222222,170,0.4
exp4_group_0.4,back_to_front,philippine,12506,161,1719,1424,95,70.50555555555556,184,0.4
exp4_group_0.4,outside_in,philippine,12506,161,1416,1197,56,42.355555555555554,193,0.4
exp4_group_0.4,steffen,philippine,12506,161,1221,1224,59,30.183333333333334,111,0.4
exp4_group_0.4,random,philippine,12507,162,1341,1032,85,37.43888888888889,107,0.4
exp4_group_0.4,back_to_front,philippine,12507,162,1699,1396,106,73.38888888888889,245,0.4
exp4_group_0.4,outside_in,philippine,12507,162,1376,1162,64,42.733333333333334,129,0.4
exp4_group_0.4,steffen,philippine,12507,162,1186,1293,55,30.961111111111112,121,0.4
exp4_group_0.4,random,philippine,12508,163,1304,1202,86,35.94444444444444,116,0.4
exp4_group_0.4,back_to_front,philippine,12508,163,1772,1673,98,82.5111111111111,211,0.4
exp4_group_0.4,outside_in,philippine,12508,163,1517,1149,58,45.98888888888889,129,0.4
exp4_group_0.4,steffen,philippine,12508,163,1334,1531,54,36.91111111111111,147,0.4
exp4_group_0.4,random,philippine,12509,164,1492,1310,96,52.77777777777778,186,0.4
exp4_group_0.4,back_to_front,philippine,12509,164,1609,1582,87,74.63888888888889,225,0.4
exp4_group_0.4,outside_in,philippine,12509,164,1424,1246,69,47.56666666666667,124,0.4
exp4_group_0.4,steffen,philippine,12509,164,1220,1043,76,31.738888888888887,100,0.4
exp4_group_0.4,random,philippine,12510,165,1492,1260,104,41.78888888888889,161,0.4
exp4_group_0.4,back_to_front,philippine,12510,165,1758,1685,77,86.42222222222222,232,0.4
exp4_group_0.4,outside_in,philippine,12510,165,1479,1167,64,46.81111111111111,156,0.4
exp4_group_0.4,steffen,philippine,12510,165,1235,1339,54,42.56666666666667,141,0.4
exp4_group_0.4,random,philippine,12511,166,1377,1338,95,48.75,127,0.4
exp4_group_0.4,back_to_front,philippine,12511,166,1771,1529,93,80.77222222222223,252,0.4
exp4_group_0.4,outside_in,philippine,12511,166,1331,1280,60,47.01111111111111,138,0.4
exp4_group_0.4,steffen,philippine,12511,166,1161,1278,63,31.022222222222222,147,0.4
exp4_group_0.4,random,philippine,12512,167,1563,1129,88,45.08888888888889,145,0.4
exp4_group_0.4,back_to_front,philippine,12512,167,2051,1652,100,96.26666666666667,235,0.4
exp4_group_0.4,outside_in,philippine,12512,167,1543,1208,73,47.71666666666667,138,0.4
exp4_group_0.4,steffen,philippine,12512,167,1182,1214,54,35.87777777777778,147,0.4
exp4_group_0.4,random,philippine,12513,168,1537,1208,76,45.15,147,0.4
exp4_group_0.4,back_to_front,philippine,12513,168,1772,1654,83,79.0111111111111,200,0.4
exp4_group_0.4,outside_in,philippine,12513,168,1349,1205,53,47.3,141,0.4
exp4_group_0.4,steffen,philippine,12513,168,1337,1268,65,34.827777777777776,119,0.4
exp4_group_0.4,random,philippine,12514,169,1363,1149,75,40.18333333333333,99,0.4
exp4_group_0.4,back_to_front,philippine,12514,169,1856,1545,84,89.4888888888889,301,0.4
exp4_group_0.4,outside_in,philippine,12514,169,1389,1108,61,40.15555555555556,140,0.4
exp4_group_0.4,steffen,philippine,12514,169,1214,1307,77,29.633333333333333,121,0.4
exp4_group_0.4,random,philippine,12515,170,1366,1020,90,39.355555555555554,121,0.4
exp4_group_0.4,back_to_front,philippine,12515,170,1789,1545,89,80.85555555555555,203,0.4
exp4_group_0.4,outside_in,philippine,12515,170,1211,1216,50,35.955555555555556,121,0.4
exp4_group_0.4,steffen,philippine,12515,170,1203,1180,73,35.083333333333336,141,0.4
exp4_group_0.4,random,philippine,12516,171,1400,1155,96,39.388888888888886,117,0.4
exp4_group_0.4,back_to_front,philippine,12516,171,1645,1512,77,78.69444444444444,214,0.4
exp4_group_0.4,outside_in,philippine,12516,171,1255,1103,60,35.71666666666667,137,0.4
exp4_group_0.4,steffen,philippine,12516,171,1195,1239,70,37.17777777777778,129,0.4
exp4_group_0.4,random,philippine,12517,172,1516,1200,82,43.52777777777778,148,0.4
exp4_group_0.4,back_to_front,philippine,12517,172,1828,1676,87,94.5111111111111,289,0.4
exp4_group_0.4,outside_in,philippine,12517,172,1364,1230,64,41.57222222222222,110,0.4
exp4_group_0.4,steffen,philippine,12517,172,1238,1203,69,32.25555555555555,148,0.4
exp4_group_0.4,random,philippine,12518,173,1574,1239,97,55.455555555555556,168,0.4
exp4_group_0.4,back_to_front,philippine,12518,173,1778,1675,77,88.21111111111111,203,0.4
exp4_group_0.4,outside_in,philippine,12518,173,1366,1219,79,44.88333333333333,153,0.4
exp4_group_0.4,steffen,philippine,12518,173,1371,1221,67,35.31111111111111,106,0.4
exp4_group_0.4,random,philippine,12519,174,1484,1283,88,51.61666666666667,151,0.4
exp4_group_0.4,back_to_front,philippine,12519,174,1709,1745,97,79.46666666666667,199,0.4
exp4_group_0.4,outside_in,philippine,12519,174,1422,1181,63,48.766666666666666,148,0.4
exp4_group_0.4,steffen,philippine,12519,174,1212,1156,62,27.394444444444446,130,0.4
exp4_group_0.4,random,philippine,12520,175,1366,1338,76,47.044444444444444,153,0.4
exp4_group_0.4,back_to_front,philippine,12520,175,1727,1599,82,77.52777777777777,190,0.4
exp4_group_0.4,outside_in,philippine,12520,175,1300,1215,61,36.727777777777774,121,0.4
exp4_group_0.4,steffen,philippine,12520,175,1098,1318,70,32.98888888888889,111,0.4
exp4_group_0.4,random,philippine,12521,176,1382,1249,79,50.22222222222222,168,0.4
exp4_group_0.4,back_to_front,philippine,12521,176,1967,1696,95,97.53888888888889,299,0.4
exp4_group_0.4,outside_in,philippine,12521,176,1309,1140,60,41.672222222222224,139,0.4
exp4_group_0.4,steffen,philippine,12521,176,1182,1077,61,30.205555555555556,116,0.4
exp4_group_0.4,random,philippine,12522,177,1467,1175,95,39.03333333333333,124,0.4
exp4_group_0.4,back_to_front,philippine,12522,177,1734,1623,88,81.6,212,0.4
exp4_group_0.4,outside_in,philippine,12522,177,1343,1206,63,43.25,127,0.4
exp4_group_0.4,steffen,philippine,12522,177,1223,1344,58,38.37222222222222,131,0.4
exp4_group_0.4,random,philippine,12523,178,1550,1082,83,42.672222222222224,117,0.4
exp4_group_0.4,back_to_front,philippine,12523,178,1750,1568,97,89.30555555555556,298,0.4
exp4_group_0.4,outside_in,philippine,12523,178,1264,1089,48,33.333333333333336,102,0.4
exp4_group_0.4,steffen,philippine,12523,178,1065,1124,69,25.044444444444444,74,0.4
exp4_group_0.4,random,philippine,12524,179,1549,1281,105,52.05,152,0.4
exp4_group_0.4,back_to_front,philippine,12524,179,1870,1675,73,90.9888888888889,245,0.4
exp4_group_0.4,outside_in,philippine,12524,179,1433,1054,64,40.81111111111111,109,0.4
exp4_group_0.4,steffen,philippine,12524,179,1131,1155,69,28.05,101,0.4
exp4_group_0.4,random,philippine,12525,180,1481,1264,99,46.416666666666664,111,0.4
exp4_group_0.4,back_to_front,philippine,12525,180,1580,1631,84,67.25,181,0.4
exp4_group_0.4,outside_in,philippine,12525,180,1386,1116,57,38.36666666666667,139,0.4
exp4_group_0.4,steffen,philippine,12525,180,1160,1283,57,35.12222222222222,137,0.4
exp4_group_0.4,random,philippine,12526,181,1374,1125,89,45.13333333333333,151,0.4
exp4_group_0.4,back_to_front,philippine,12526,181,1677,1645,78,72.73333333333333,192,0.4
exp4_group_0.4,outside_in,philippine,12526,181,1275,1159,68,38.36666666666667,117,0.4
exp4_group_0.4,steffen,philippine,12526,181,1268,1335,66,36.67777777777778,114,0.4
exp4_group_0.4,random,philippine,12527,182,1436,1096,85,42.56666666666667,121,0.4
exp4_group_0.4,back_to_front,philippine,12527,182,1725,1470,81,73.46666666666667,189,0.4
exp4_group_0.4,outside_in,philippine,12527,182,1280,1182,76,44.03333333333333,151,0.4
exp4_group_0.4,steffen,philippine,12527,182,1150,1237,57,31.683333333333334,116,0.4
exp4_group_0.4,random,philippine,12528,183,1443,1233,85,50.772222222222226,163,0.4
exp4_group_0.4,back_to_front,philippine,12528,183,1671,1444,105,70.09444444444445,189,0.4
exp4_group_0.4,outside_in,philippine,12528,183,1454,1172,63,45.03333333333333,129,0.4
exp4_group_0.4,steffen,philippine,12528,183,1276,1294,82,33.86666666666667,134,0.4
exp4_group_0.4,random,philippine,12529,184,1369,1074,69,41.227777777777774,113,0.4
exp4_group_0.4,back_to_front,philippine,12529,184,1717,1508,102,80.59444444444445,262,0.4
exp4_group_0.4,outside_in,philippine,12529,184,1401,1233,51,38.71666666666667,152,0.4
exp4_group_0.4,steffen,philippine,12529,184,1310,1205,73,34.9,137,0.4
exp4_group_0.4,random,philippine,12530,185,1419,1245,97,42.87777777777778,118,0.4
exp4_group_0.4,back_to_front,philippine,12530,185,1633,1459,80,72.32777777777778,202,0.4
exp4_group_0.4,outside_in,philippine,12530,185,1409,1287,66,45.022222222222226,138,0.4
exp4_group_0.4,steffen,philippine,12530,185,1320,1305,66,39.97222222222222,130,0.4
exp4_group_0.4,random,philippine,12531,186,1490,1137,87,47.56111111111111,128,0.4
exp4_group_0.4,back_to_front,philippine,12531,186,1895,1725,86,103.92777777777778,304,0.4
exp4_group_0.4,outside_in,philippine,12531,186,1357,1264,75,49.18333333333333,160,0.4
exp4_group_0.4,steffen,philippine,12531,186,1184,1423,75,37.766666666666666,115,0.4
exp4_group_0.4,random,philippine,12532,187,1394,1230,80,47.19444444444444,191,0.4
exp4_group_0.4,back_to_front,philippine,12532,187,1751,1497,101,77.47777777777777,242,0.4
exp4_group_0.4,outside_in,philippine,12532,187,1322,1150,62,39.766666666666666,128,0.4
exp4_group_0.4,steffen,philippine,12532,187,1206,1199,50,34.63333333333333,116,0.4
exp4_group_0.4,random,philippine,12533,188,1605,1262,93,58.22222222222222,163,0.4
exp4_group_0.4,back_to_front,philippine,12533,188,1613,1452,81,63.88333333333333,180,0.4
exp4_group_0.4,outside_in,philippine,12533,188,1323,1245,57,42.977777777777774,166,0.4
exp4_group_0.4,steffen,philippine,12533,188,1078,1360,61,28.3,103,0.4
exp4_group_0.4,random,philippine,12534,189,1521,1275,93,53.955555555555556,162,0.4
exp4_group_0.4,back_to_front,philippine,12534,189,1642,1426,90,65.85,200,0.4
exp4_group_0.4,outside_in,philippine,12534,189,1396,1178,73,42.57222222222222,164,0.4
exp4_group_0.4,steffen,philippine,12534,189,1199,1342,65,33.03333333333333,144,0.4
exp4_group_0.4,random,philippine,12535,190,1439,1136,81,46.30555555555556,136,0.4
exp4_group_0.4,back_to_front,philippine,12535,190,1797,1710,88,79.5111111111111,226,0.4
exp4_group_0.4,outside_in,philippine,12535,190,1457,1189,68,46.977777777777774,154,0.4
exp4_group_0.4,steffen,philippine,12535,190,1244,1365,55,36.544444444444444,120,0.4
exp4_group_0.4,random,philippine,12536,191,1499,1245,94,54.03888888888889,152,0.4
exp4_group_0.4,back_to_front,philippine,12536,191,1645,1418,74,72.59444444444445,247,0.4
exp4_group_0.4,outside_in,philippine,12536,191,1374,1198,70,41.111111111111114,122,0.4
exp4_group_0.4,steffen,philippine,12536,191,1216,1199,55,28.166666666666668,151,0.4
exp4_group_0.4,random,philippine,12537,192,1544,1051,94,42.00555555555555,128,0.4
exp4_group_0.4,back_to_front,philippine,12537,192,1669,1530,107,70.61666666666666,218,0.4
exp4_group_0.4,outside_in,philippine,12537,192,1276,1162,72,40.96666666666667,116,0.4
exp4_group_0.4,steffen,philippine,12537,192,1146,1159,58,27.5,132,0.4
exp4_group_0.4,random,philippine,12538,193,1482,1226,87,49.74444444444445,191,0.4
exp4_group_0.4,back_to_front,philippine,12538,193,1719,1447,96,81.18888888888888,241,0.4
exp4_group_0.4,outside_in,philippine,12538,193,1395,1264,66,47.733333333333334,167,0.4
exp4_group_0.4,steffen,philippine,12538,193,1150,1158,60,31.427777777777777,119,0.4
exp4_group_0.4,random,philippine,12539,194,1501,1184,92,45.21111111111111,124,0.4
exp4_group_0.4,back_to_front,philippine,12539,194,1755,1644,93,91.15555555555555,281,0.4
exp4_group_0.4,outside_in,philippine,12539,194,1393,1213,63,42.77777777777778,123,0.4
exp4_group_0.4,steffen,philippine,12539,194,1145,1132,69,29.961111111111112,121,0.4
exp4_group_0.4,random,philippine,12540,195,1414,1343,89,48.13333333333333,138,0.4
exp4_group_0.4,back_to_front,philippine,12540,195,1831,1729,86,88.03333333333333,246,0.4
exp4_group_0.4,outside_in,philippine,12540,195,1359,1278,69,44.166666666666664,127,0.4
exp4_group_0.4,steffen,philippine,12540,195,1131,1288,70,26.82777777777778,105,0.4
exp4_group_0.4,random,philippine,12541,196,1501,1416,88,52.05555555555556,160,0.4
exp4_group_0.4,back_to_front,philippine,12541,196,1681,1659,84,78.52222222222223,212,0.4
exp4_group_0.4,outside_in,philippine,12541,196,1327,1129,49,39.666666666666664,127,0.4
exp4_group_0.4,steffen,philippine,12541,196,1187,1148,62,34.11666666666667,119,0.4
exp4_group_0.4,random,philippine,12542,197,1482,1195,74,43.044444444444444,137,0.4
exp4_group_0.4,back_to_front,philippine,12542,197,1799,1611,88,87.55,235,0.4
exp4_group_0.4,outside_in,philippine,12542,197,1348,1313,58,41.827777777777776,128,0.4
exp4_group_0.4,steffen,philippine,12542,197,1216,1379,65,33.97222222222222,106,0.4
exp4_group_0.4,random,philippine,12543,198,1448,1217,87,40.233333333333334,115,0.4
exp4_group_0.4,back_to_front,philippine,12543,198,1841,1593,93,88.13333333333334,283,0.4
exp4_group_0.4,outside_in,philippine,12543,198,1445,1154,66,43.77777777777778,125,0.4
exp4_group_0.4,steffen,philippine,12543,198,1220,1389,71,30.36111111111111,91,0.4
exp4_group_0.4,random,philippine,12544,199,1501,1204,106,50.41111111111111,160,0.4
exp4_group_0.4,back_to_front,philippine,12544,199,1666,1506,84,76.40555555555555,202,0.4
exp4_group_0.4,outside_in,philippine,12544,199,1281,1149,67,35.05555555555556,113,0.4
exp4_group_0.4,steffen,philippine,12544,199,1280,1296,70,38.71666666666667,136,0.4
exp4_group_0.6,random,philippine,12345,0,1317,1149,86,40.56666666666667,120,0.6
exp4_group_0.6,back_to_front,philippine,12345,0,1831,1637,96,84.13888888888889,215,0.6
exp4_group_0.6,outside_in,philippine,12345,0,1553,1222,78,57.00555555555555,170,0.6
exp4_group_0.6,steffen,philippine,12345,0,1106,1264,68,30.805555555555557,124,0.6
exp4_group_0.6,random,philippine,12346,1,1483,1199,99,42.40555555555556,105,0.6
exp4_group_0.6,back_to_front,philippine,12346,1,1701,1447,93,78.65555555555555,233,0.6
exp4_group_0.6,outside_in,philippine,12346,1,1343,1298,54,41.75,126,0.6
exp4_group_0.6,steffen,philippine,12346,1,1230,1200,70,37.3,217,0.6
exp4_group_0.6,random,philippine,12347,2,1368,1143,94,43.38333333333333,158,0.6
exp4_group_0.6,back_to_front,philippine,12347,2,1608,1701,77,78.37222222222222,241,0.6
exp4_group_0.6,outside_in,philippine,12347,2,1420,1207,63,37.65,134,0.6
exp4_group_0.6,steffen,philippine,12347,2,1302,1471,82,39.93333333333333,145,0.6
exp4_group_0.6,random,philippine,12348,3,1473,1110,107,45.388888888888886,139,0.6
exp4_group_0.6,back_to_front,philippine,12348,3,1625,1574,84,71.16111111111111,211,0.6
exp4_group_0.6,outside_in,philippine,12348,3,1589,1181,66,46.44444444444444,161,0.6
exp4_group_0.6,steffen,philippine,12348,3,1135,1151,56,33.077777777777776,121,0.6
exp4_group_0.6,random,philippine,12349,4,1302,1144,88,37.88333333333333,137,0.6
exp4_group_0.6,back_to_front,philippine,12349,4,1747,1678,83,78.57222222222222,205,0.6
exp4_group_0.6,outside_in,philippine,12349,4,1380,1184,59,39.87777777777778,117,0.6
exp4_group_0.6,steffen,philippine,12349,4,1265,1316,58,43.48888888888889,126,0.6
exp4_group_0.6,random,philippine,12350,5,1416,1188,87,47.922222222222224,139,0.6
exp4_group_0.6,back_to_front,philippine,12350,5,1816,1542,87,77.63333333333334,198,0.6
exp4_group_0.6,outside_in,philippine,12350,5,1315,1167,59,38.794444444444444,128,0.6
exp4_group_0.6,steffen,philippine,12350,5,1196,1339,60,35.96666666666667,120,0.6
exp4_group_0.6,random,philippine,12351,6,1628,1135,84,49.28333333333333,142,0.6
exp4_group_0.6,back_to_front,philippine,12351,6,1611,1448,89,64.56666666666666,214,0.6
exp4_group_0.6,outside_in,philippine,12351,6,1415,1172,66,44.333333333333336,162,0.6
exp4_group_0.6,steffen,philippine,12351,6,1294,1346,74,42.59444444444444,169,0.6
exp4_group_0.6,random,philippine,12352,7,1546,1261,102,49.266666666666666,152,0.6
exp4_group_0.6,back_to_front,philippine,12352,7,1647,1448,84,73.17222222222222,232,0.6
exp4_group_0.6,outside_in,philippine,12352,7,1333,1191,51,38.68888888888889,148,0.6
exp4_group_0.6,steffen,philippine,12352,7,1250,1049,71,28.97222222222222,109,0.6
exp4_group_0.6,random,philippine,12353,8,1392,1164,93,43.91111111111111,120,0.6
exp4_group_0.6,back_to_front,philippine,12353,8,1985,1742,85,100.69444444444444,252,0.6
exp4_group_0.6,outside_in,philippine,12353,8,1338,1199,64,47.94444444444444,146,0.6
exp4_group_0.6,steffen,philippine,12353,8,1236,1450,68,39.49444444444445,140,0.6
exp4_group_0.6,random,philippine,12354,9,1453,1255,81,41.41111111111111,153,0.6
exp4_group_0.6,back_to_front,philippine,12354,9,1761,1617,89,84.17222222222222,225,0.6
exp4_group_0.6,outside_in,philippine,12354,9,1445,1057,67,38.455555555555556,153,0.6
exp4_group_0.6,steffen,philippine,12354,9,1342,1232,67,36.922222222222224,112,0.6
exp4_group_0.6,random,philippine,12355,10,1458,1158,99,42.06666666666667,125,0.6
exp4_group_0.6,back_to_front,philippine,12355,10,1650,1678,87,81.32777777777778,232,0.6
exp4_group_0.6,outside_in,philippine,12355,10,1352,1179,59,43.611111111111114,142,0.6
exp4_group_0.6,steffen,philippine,12355,10,1247,1388,62,43.327777777777776,135,0.6
exp4_group_0.6,random,philippine,12356,11,1438,1228,91,49.30555555555556,133,0.6
exp4_group_0.6,back_to_front,philippine,12356,11,1842,1697,90,88.31111111111112,224,0.6
exp4_group_0.6,outside_in,philippine,12356,11,1266,1063,66,35.9,121,0.6
exp4_group_0.6,steffen,philippine,12356,11,1251,1469,60,39.46111111111111,136,0.6
exp4_group_0.6,random,philippine,12357,12,1435,1036,85,40.15,160,0.6
exp4_group_0.6,back_to_front,philippine,12357,12,1878,1584,74,90.43888888888888,248,0.6
exp4_group_0.6,outside_in,philippine,12357,12,1421,1199,70,44.477777777777774,178,0.6
exp4_group_0.6,steffen,philippine,12357,12,1202,1038,63,26.711111111111112,101,0.6
exp4_group_0.6,random,philippine,12358,13,1482,1267,95,43.13333333333333,115,0.6
exp4_group_0.6,back_to_front,philippine,12358,13,1715,1531,88,77.2388888888889,248,0.6
exp4_group_0.6,outside_in,philippine,12358,13,1337,1102,63,38.27777777777778,109,0.6
exp4_group_0.6,steffen,philippine,12358,13,1177,1215,65,27.5,105,0.6
exp4_group_0.6,random,philippine,12359,14,1314,1321,84,45.81666666666667,140,0.6
exp4_group_0.6,back_to_front,philippine,12359,14,1857,1746,77,86.22777777777777,228,0.6
exp4_group_0.6,outside_in,philippine,12359,14,1470,1217,65,42.0,145,0.6
exp4_group_0.6,steffen,philippine,12359,14,1252,1391,70,38.672222222222224,141,0.6
exp4_group_0.6,random,philippine,12360,15,1420,1138,87,43.56111111111111,137,0.6
exp4_group_0.6,back_to_front,philippine,12360,15,1916,1710,92,95.95555555555555,244,0.6
exp4_group_0.6,outside_in,philippine,12360,15,1311,1121,55,39.861111111111114,123,0.6
exp4_group_0.6,steffen,philippine,12360,15,1282,1236,69,40.06111111111111,139,0.6
exp4_group_0.6,random,philippine,12361,16,1410,1238,72,43.05555555555556,107,0.6
exp4_group_0.6,back_to_front,philippine,12361,16,1783,1579,79,76.34444444444445,210,0.6
exp4_group_0.6,outside_in,philippine,12361,16,1281,1187,70,35.727777777777774,138,0.6
exp4_group_0.6,steffen,philippine,12361,16,1237,1278,69,35.47222222222222,142,0.6
exp4_group_0.6,random,philippine,12362,17,1378,1182,85,48.21666666666667,164,0.6
exp4_group_0.6,back_to_front,philippine,12362,17,1808,1655,95,90.00555555555556,298,0.6
exp4_group_0.6,outside_in,philippine,12362,17,1453,1177,52,43.38333333333333,164,0.6
exp4_group_0.6,steffen,philippine,12362,17,1266,1320,71,37.76111111111111,143,0.6
exp4_group_0.6,random,philippine,12363,18,1578,1123,105,51.227777777777774,134,0.6
exp4_group_0.6,back_to_front,philippine,12363,18,1883,1501,87,86.02222222222223,238,0.6
exp4_group_0.6,outside_in,philippine,12363,18,1601,1073,62,44.11666666666667,156,0.6
exp4_group_0.6,steffen,philippine,12363,18,1343,1300,61,42.705555555555556,142,0.6
exp4_group_0.6,random,philippine,12364,19,1436,1236,93,50.4,153,0.6
exp4_group_0.6,back_to_front,philippine,12364,19,1863,1634,101,99.27777777777777,286,0.6
exp4_group_0.6,outside_in,philippine,12364,19,1364,1211,68,44.55,127,0.6
exp4_group_0.6,steffen,philippine,12364,19,1221,1204,57,36.2,119,0.6
exp4_group_0.6,random,philippine,12365,20,1424,1267,83,45.77777777777778,112,0.6
exp4_group_0.6,back_to_front,philippine,12365,20,1885,1558,87,94.01666666666667,284,0.6
exp4_group_0.6,outside_in,philippine,12365,20,1378,1301,67,52.272222222222226,197,0.6
exp4_group_0.6,steffen,philippine,12365,20,1198,1358,65,43.82222222222222,141,0.6
exp4_group_0.6,random,philippine,12366,21,1468,1050,74,41.94444444444444,130,0.6
exp4_group_0.6,back_to_front,philippine,12366,21,1624,1538,95,72.28333333333333,200,0.6
exp4_group_0.6,outside_in,philippine,12366,21,1417,1064,74,38.06666666666667,118,0.6
exp4_group_0.6,steffen,philippine,12366,21,1290,1044,68,30.883333333333333,118,0.6
exp4_group_0.6,random,philippine,12367,22,1462,1127,98,44.18888888888889,152,0.6
exp4_group_0.6,back_to_front,philippine,12367,22,1633,1738,89,81.77777777777777,202,0.6
exp4_group_0.6,outside_in,philippine,12367,22,1387,1170,58,41.69444444444444,137,0.6
exp4_group_0.6,steffen,philippine,12367,22,1179,1240,60,32.77777777777778,106,0.6
exp4_group_0.6,random,philippine,12368,23,1363,1169,85,43.794444444444444,102,0.6
exp4_group_0.6,back_to_front,philippine,12368,23,1972,1551,92,86.63333333333334,218,0.6
exp4_group_0.6,outside_in,philippine,12368,23,1366,1229,54,45.42777777777778,116,0.6
exp4_group_0.6,steffen,philippine,12368,23,1279,1373,80,42.977777777777774,135,0.6
exp4_group_0.6,random,philippine,12369,24,1400,1171,91,42.96111111111111,131,0.6
exp4_group_0.6,back_to_front,philippine,12369,24,1636,1601,92,75.55,224,0.6
exp4_group_0.6,outside_in,philippine,12369,24,1421,1197,59,46.3,175,0.6
exp4_group_0.6,steffen,philippine,12369,24,1229,1337,70,36.455555555555556,121,0.6
exp4_group_0.6,random,philippine,12370,25,1494,1232,95,44.5,143,0.6
exp4_group_0.6,back_to_front,philippine,12370,25,1739,1683,96,81.9888888888889,206,0.6
exp4_group_0.6,outside_in,philippine,12370,25,1402,1065,64,42.111111111111114,125,0.6
exp4_group_0.6,steffen,philippine,12370,25,1384,1277,69,43.605555555555554,149,0.6
exp4_group_0.6,random,philippine,12371,26,1527,1137,96,49.583333333333336,145,0.6
exp4_group_0.6,back_to_front,philippine,12371,26,1659,1612,87,68.36111111111111,196,0.6
exp4_group_0.6,outside_in,philippine,12371,26,1386,1270,63,47.95,161,0.6
exp4_group_0.6,steffen,philippine,12371,26,1290,1322,63,41.666666666666664,143,0.6
exp4_group_0.6,random,philippine,12372,27,1581,1157,78,47.76111111111111,138,0.6
exp4_group_0.6,back_to_front,philippine,12372,27,1603,1562,93,68.67222222222222,188,0.6
exp4_group_0.6,outside_in,philippine,12372,27,1414,1169,70,44.12777777777778,129,0.6
exp4_group_0.6,steffen,philippine,12372,27,1181,1355,51,29.894444444444446,81,0.6
exp4_group_0.6,random,philippine,12373,28,1411,1141,105,37.31666666666667,147,0.6
exp4_group_0.6,back_to_front,philippine,12373,28,1832,1761,100,93.17777777777778,282,0.6
exp4_group_0.6,outside_in,philippine,12373,28,1286,1242,69,46.483333333333334,202,0.6
exp4_group_0.6,steffen,philippine,12373,28,1142,1292,58,35.416666666666664,121,0.6
exp4_group_0.6,random,philippine,12374,29,1394,1247,90,49.78888888888889,142,0.6
exp4_group_0.6,back_to_front,philippine,12374,29,1695,1481,94,77.96111111111111,231,0.6
exp4_group_0.6,outside_in,philippine,12374,29,1364,1115,71,38.86666666666667,105,0.6
exp4_group_0.6,steffen,philippine,12374,29,1194,1271,75,37.983333333333334,133,0.6
exp4_group_0.6,random,philippine,12375,30,1480,1080,79,44.28333333333333,142,0.6
exp4_group_0.6,back_to_front,philippine,12375,30,1725,1634,88,80.67777777777778,209,0.6
exp4_group_0.6,outside_in,philippine,12375,30,1427,1245,60,42.12777777777778,118,0.6
exp4_group_0.6,steffen,philippine,12375,30,1206,1388,70,34.43333333333333,102,0.6
exp4_group_0.6,random,philippine,12376,31,1509,1282,97,49.772222222222226,129,0.6
exp4_group_0.6,back_to_front,philippine,12376,31,1813,1577,94,83.2611111111111,252,0.6
exp4_group_0.6,outside_in,philippine,12376,31,1456,1256,61,51.516666666666666,167,0.6
exp4_group_0.6,steffen,philippine,12376,31,1237,1249,74,33.41111111111111,94,0.6
exp4_group_0.6,random,philippine,12377,32,1407,1216,85,42.33888888888889,159,0.6
exp4_group_0.6,back_to_front,philippine,12377,32,1771,1597,94,83.8,245,0.6
exp4_group_0.6,outside_in,philippine,12377,32,1383,1152,60,43.01111111111111,149,0.6
exp4_group_0.6,steffen,philippine,12377,32,1234,1202,69,34.15555555555556,109,0.6
exp4_group_0.6,random,philippine,12378,33,1530,1278,96,58.56111111111111,149,0.6
exp4_group_0.6,back_to_front,philippine,12378,33,1707,1538,97,79.39444444444445,254,0.6
exp4_group_0.6,outside_in,philippine,12378,33,1409,1266,68,43.266666666666666,132,0.6
exp4_group_0.6,steffen,philippine,12378,33,1446,1297,74,41.727777777777774,114,0.6
exp4_group_0.6,random,philippine,12379,34,1406,1120,89,40.18333333333333,147,0.6
exp4_group_0.6,back_to_front,philippine,12379,34,1858,1713,91,93.71666666666667,265,0.6
exp4_group_0.6,outside_in,philippine,12379,34,1329,1152,67,41.82222222222222,148,0.6
exp4_group_0.6,steffen,philippine,12379,34,1201,1194,63,34.9,144,0.6
exp4_group_0.6,random,philippine,12380,35,1505,1153,98,50.205555555555556,200,0.6
exp4_group_0.6,back_to_front,philippine,12380,35,1860,1696,100,95.58888888888889,269,0.6
exp4_group_0.6,outside_in,philippine,12380,35,1293,1265,69,38.27777777777778,122,0.6
exp4_group_0.6,steffen,philippine,12380,35,1269,1339,66,47.06666666666667,166,0.6
exp4_group_0.6,random,philippine,12381,36,1400,1178,82,40.0,127,0.6
exp4_group_0.6,back_to_front,philippine,12381,36,1695,1695,81,89.06111111111112,253,0.6
exp4_group_0.6,outside_in,philippine,12381,36,1361,1156,67,42.82222222222222,139,0.6
exp4_group_0.6,steffen,philippine,12381,36,1139,1451,65,35.81111111111111,115,0.6
exp4_group_0.6,random,philippine,12382,37,1518,1112,93,46.87777777777778,147,0.6
exp4_group_0.6,back_to_front,philippine,12382,37,1737,1487,94,78.88888888888889,203,0.6
exp4_group_0.6,outside_in,philippine,12382,37,1415,1152,76,49.544444444444444,183,0.6
exp4_group_0.6,steffen,philippine,12382,37,1271,1280,69,33.044444444444444,119,0.6
exp4_group_0.6,random,philippine,12383,38,1456,1184,102,40.888888888888886,123,0.6
exp4_group_0.6,back_to_front,philippine,12383,38,1733,1628,92,89.02777777777777,238,0.6
exp4_group_0.6,outside_in,philippine,12383,38,1390,1222,64,39.27777777777778,126,0.6
exp4_group_0.6,steffen,philippine,12383,38,1212,1321,80,32.922222222222224,127,0.6
exp4_group_0.6,random,philippine,12384,39,1443,1207,87,39.0,126,0.6
exp4_group_0.6,back_to_front,philippine,12384,39,1798,1609,94,85.98333333333333,272,0.6
exp4_group_0.6,outside_in,philippine,12384,39,1501,1202,66,53.294444444444444,162,0.6
exp4_group_0.6,steffen,philippine,12384,39,1231,1328,55,40.916666666666664,168,0.6
exp4_group_0.6,random,philippine,12385,40,1542,1060,99,42.11666666666667,161,0.6
exp4_group_0.6,back_to_front,philippine,12385,40,1882,1675,99,95.62777777777778,249,0.6
exp4_group_0.6,outside_in,philippine,12385,40,1372,1223,58,45.66111111111111,158,0.6
exp4_group_0.6,steffen,philippine,12385,40,1137,1368,69,31.4,124,0.6
exp4_group_0.6,random,philippine,12386,41,1477,1240,87,48.95,165,0.6
exp4_group_0.6,back_to_front,philippine,12386,41,1737,1620,92,74.81111111111112,201,0.6
exp4_group_0.6,outside_in,philippine,12386,41,1303,1126,62,40.8,129,0.6
exp4_group_0.6,steffen,philippine,12386,41,1271,1113,69,27.3,111,0.6
exp4_group_0.6,random,philippine,12387,42,1464,1095,94,47.92777777777778,153,0.6
exp4_group_0.6,back_to_front,philippine,12387,42,1795,1527,94,90.56666666666666,252,0.6
exp4_group_0.6,outside_in,philippine,12387,42,1463,1142,65,47.105555555555554,148,0.6
exp4_group_0.6,steffen,philippine,12387,42,1177,1087,68,29.41111111111111,122,0.6
exp4_group_0.6,random,philippine,12388,43,1388,1209,89,44.74444444444445,139,0.6
exp4_group_0.6,back_to_front,philippine,12388,43,1777,1615,85,77.95555555555555,204,0.6
exp4_group_0.6,outside_in,philippine,12388,43,1344,1158,58,35.82222222222222,111,0.6
exp4_group_0.6,steffen,philippine,12388,43,1177,1404,67,33.7,110,0.6
exp4_group_0.6,random,philippine,12389,44,1493,1208,95,41.93888888888889,147,0.6
exp4_group_0.6,back_to_front,philippine,12389,44,1812,1515,93,86.50555555555556,246,0.6
exp4_group_0.6,outside_in,philippine,12389,44,1314,1294,55,43.09444444444444,129,0.6
exp4_group_0.6,steffen,philippine,12389,44,1341,1318,64,40.544444444444444,125,0.6
exp4_group_0.6,random,philippine,12390,45,1404,1199,83,46.24444444444445,127,0.6
exp4_group_0.6,back_to_front,philippine,12390,45,1719,1487,87,77.81111111111112,244,0.6
exp4_group_0.6,outside_in,philippine,12390,45,1336,1057,63,40.8,157,0.6
exp4_group_0.6,steffen,philippine,12390,45,1197,1350,47,36.18888888888889,130,0.6
exp4_group_0.6,random,philippine,12391,46,1414,1285,78,41.766666666666666,155,0.6
exp4_group_0.6,back_to_front,philippine,12391,46,1568,1449,87,64.86666666666666,198,0.6
exp4_group_0.6,outside_in,philippine,12391,46,1401,1266,75,44.44444444444444,150,0.6
exp4_group_0.6,steffen,philippine,12391,46,1267,1417,62,40.455555555555556,125,0.6
exp4_group_0.6,random,philippine,12392,47,1521,1121,90,46.25,137,0.6
exp4_group_0.6,back_to_front,philippine,12392,47,1813,1546,104,86.03333333333333,255,0.6
exp4_group_0.6,outside_in,philippine,12392,47,1467,1143,52,45.18888888888889,180,0.6
exp4_group_0.6,steffen,philippine,12392,47,1221,1160,65,39.87777777777778,154,0.6
exp4_group_0.6,random,philippine,12393,48,1425,1337,99,48.77777777777778,156,0.6
exp4_group_0.6,back_to_front,philippine,12393,48,1780,1574,100,81.07777777777778,245,0.6
exp4_group_0.6,outside_in,philippine,12393,48,1460,1239,69,43.67777777777778,158,0.6
exp4_group_0.6,steffen,philippine,12393,48,1148,1128,60,30.694444444444443,125,0.6
exp4_group_0.6,random,philippine,12394,49,1470,1213,91,44.87777777777778,128,0.6
exp4_group_0.6,back_to_front,philippine,12394,49,1936,1470,99,85.75555555555556,224,0.6
exp4_group_0.6,outside_in,philippine,12394,49,1401,1208,60,41.772222222222226,122,0.6
exp4_group_0.6,steffen,philippine,12394,49,1201,1222,50,34.477777777777774,114,0.6
exp4_group_0.6,random,philippine,12395,50,1432,1182,96,50.53888888888889,176,0.6
exp4_group_0.6,back_to_front,philippine,12395,50,1838,1462,94,79.01666666666667,237,0.6
exp4_group_0.6,outside_in,philippine,12395,50,1397,1139,67,45.6,132,0.6
exp4_group_0.6,steffen,philippine,12395,50,1305,1295,62,41.611111111111114,137,0.6
exp4_group_0.6,random,philippine,12396,51,1473,1253,89,51.61666666666667,167,0.6
exp4_group_0.6,back_to_front,philippine,12396,51,1672,1529,89,70.28333333333333,180,0.6
exp4_group_0.6,outside_in,philippine,12396,51,1343,1250,67,43.15,146,0.6
exp4_group_0.6,steffen,philippine,12396,51,1262,1403,66,40.56666666666667,151,0.6
exp4_group_0.6,random,philippine,12397,52,1430,1062,91,44.16111111111111,121,0.6
exp4_group_0.6,back_to_front,philippine,12397,52,1649,1537,83,65.59444444444445,186,0.6
exp4_group_0.6,outside_in,philippine,12397,52,1390,1244,70,42.827777777777776,158,0.6
exp4_group_0.6,steffen,philippine,12397,52,1107,1234,57,30.066666666666666,133,0.6
exp4_group_0.6,random,philippine,12398,53,1366,996,89,34.388888888888886,96,0.6
exp4_group_0.6,back_to_front,philippine,12398,53,1772,1633,93,80.88333333333334,204,0.6
exp4_group_0.6,outside_in,philippine,12398,53,1275,1216,64,39.73888888888889,120,0.6
exp4_group_0.6,steffen,philippine,12398,53,1158,1183,73,30.7,102,0.6
exp4_group_0.6,random,philippine,12399,54,1494,1339,101,52.62777777777778,152,0.6
exp4_group_0.6,back_to_front,philippine,12399,54,1763,1495,95,82.96666666666667,229,0.6
exp4_group_0.6,outside_in,philippine,12399,54,1493,1185,60,40.15,110,0.6
exp4_group_0.6,steffen,philippine,12399,54,1167,1239,75,32.92777777777778,97,0.6
exp4_group_0.6,random,philippine,12400,55,1436,1120,97,44.827777777777776,179,0.6
exp4_group_0.6,back_to_front,philippine,12400,55,1635,1693,95,79.47777777777777,291,0.6
exp4_group_0.6,outside_in,philippine,12400,55,1262,1235,66,33.82222222222222,93,0.6
exp4_group_0.6,steffen,philippine,12400,55,1249,1548,73,38.48888888888889,128,0.6
exp4_group_0.6,random,philippine,12401,56,1471,1277,96,55.355555555555554,176,0.6
exp4_group_0.6,back_to_front,philippine,12401,56,1690,1530,92,71.55555555555556,224,0.6
exp4_group_0.6,outside_in,philippine,12401,56,1267,1131,56,37.58888888888889,108,0.6
exp4_group_0.6,steffen,philippine,12401,56,1143,1294,63,31.483333333333334,94,0.6
exp4_group_0.6,random,philippine,12402,57,1488,1136,108,50.727777777777774,145,0.6
exp4_group_0.6,back_to_front,philippine,12402,57,1763,1621,83,77.21666666666667,226,0.6
exp4_group_0.6,outside_in,philippine,12402,57,1248,1157,69,36.77777777777778,104,0.6
exp4_group_0.6,steffen,philippine,12402,57,1202,1095,63,34.47222222222222,135,0.6
exp4_group_0.6,random,philippine,12403,58,1490,1331,88,52.17777777777778,134,0.6
exp4_group_0.6,back_to_front,philippine,12403,58,1662,1614,88,77.6,277,0.6
exp4_group_0.6,outside_in,philippine,12403,58,1449,1264,73,48.37222222222222,155,0.6
exp4_group_0.6,steffen,philippine,12403,58,1248,1100,59,35.272222222222226,149,0.6
exp4_group_0.6,random,philippine,12404,59,1363,1106,98,40.605555555555554,132,0.6
exp4_group_0.6,back_to_front,philippine,12404,59,1655,1548,84,78.08888888888889,230,0.6
exp4_group_0.6,outside_in,philippine,12404,59,1367,1234,54,37.894444444444446,131,0.6
exp4_group_0.6,steffen,philippine,12404,59,1218,1262,50,40.705555555555556,174,0.6
exp4_group_0.6,random,philippine,12405,60,1543,1115,104,43.95,121,0.6
exp4_group_0.6,back_to_front,philippine,12405,60,1774,1698,86,96.73333333333333,307,0.6
exp4_group_0.6,outside_in,philippine,12405,60,1403,1254,64,46.766666666666666,169,0.6
exp4_group_0.6,steffen,philippine,12405,60,1313,1379,55,47.66111111111111,127,0.6
exp4_group_0.6,random,philippine,12406,61,1501,1130,94,42.33888888888889,114,0.6
exp4_group_0.6,back_to_front,philippine,12406,61,1617,1539,79,70.80555555555556,162,0.6
exp4_group_0.6,outside_in,philippine,12406,61,1337,1198,64,37.17777777777778,117,0.6
exp4_group_0.6,steffen,philippine,12406,61,1153,1431,59,31.177777777777777,116,0.6
exp4_group_0.6,random,philippine,12407,62,1384,1109,77,41.13333333333333,123,0.6
exp4_group_0.6,back_to_front,philippine,12407,62,1750,1657,104,90.61666666666666,271,0.6
exp4_group_0.6,outside_in,philippine,12407,62,1243,1074,69,30.855555555555554,99,0.6
exp4_group_0.6,steffen,philippine,12407,62,1175,1321,64,37.705555555555556,125,0.6
exp4_group_0.6,random,philippine,12408,63,1401,1084,103,44.077777777777776,186,0.6
exp4_group_0.6,back_to_front,philippine,12408,63,1813,1824,88,95.64444444444445,282,0.6
exp4_group_0.6,outside_in,philippine,12408,63,1452,1358,64,50.96111111111111,170,0.6
exp4_group_0.6,steffen,philippine,12408,63,1103,1261,63,29.18888888888889,123,0.6
exp4_group_0.6,random,philippine,12409,64,1450,1278,86,53.50555555555555,182,0.6
exp4_group_0.6,back_to_front,philippine,12409,64,1785,1602,88,88.07777777777778,253,0.6
exp4_group_0.6,outside_in,philippine,12409,64,1446,1157,71,40.40555555555556,116,0.6
exp4_group_0.6,steffen,philippine,12409,64,1223,1255,62,30.211111111111112,113,0.6
exp4_group_0.6,random,philippine,12410,65,1405,1246,99,45.76111111111111,118,0.6
exp4_group_0.6,back_to_front,philippine,12410,65,1799,1697,98,90.27222222222223,270,0.6
exp4_group_0.6,outside_in,philippine,12410,65,1238,1231,63,40.72222222222222,146,0.6
exp4_group_0.6,steffen,philippine,12410,65,1264,1158,73,37.111111111111114,124,0.6
exp4_group_0.6,random,philippine,12411,66,1478,1069,110,43.19444444444444,133,0.6
exp4_group_0.6,back_to_front,philippine,12411,66,1801,1461,89,85.07222222222222,256,0.6
exp4_group_0.6,outside_in,philippine,12411,66,1421,971,67,42.55,168,0.6
exp4_group_0.6,steffen,philippine,12411,66,1178,1115,65,30.205555555555556,130,0.6
exp4_group_0.6,random,philippine,12412,67,1532,1291,87,53.916666666666664,217,0.6
exp4_group_0.6,back_to_front,philippine,12412,67,1756,1707,92,86.58333333333333,255,0.6
exp4_group_0.6,outside_in,philippine,12412,67,1409,1333,66,45.7,123,0.6
exp4_group_0.6,steffen,philippine,12412,67,1226,1487,76,40.06111111111111,162,0.6
exp4_group_0.6,random,philippine,12413,68,1447,1081,99,45.355555555555554,171,0.6
exp4_group_0.6,back_to_front,philippine,12413,68,1839,1608,89,91.77777777777777,225,0.6
exp4_group_0.6,outside_in,philippine,12413,68,1455,1129,64,43.922222222222224,166,0.6
exp4_group_0.6,steffen,philippine,12413,68,1250,1201,66,33.97222222222222,114,0.6
exp4_group_0.6,random,philippine,12414,69,1607,1170,79,47.9,128,0.6
exp4_group_0.6,back_to_front,philippine,12414,69,1883,1594,99,83.05,210,0.6
exp4_group_0.6,outside_in,philippine,12414,69,1355,1131,66,40.916666666666664,128,0.6
exp4_group_0.6,steffen,philippine,12414,69,1283,1314,60,40.416666666666664,163,0.6
exp4_group_0.6,random,philippine,12415,70,1332,1288,80,41.388888888888886,128,0.6
exp4_group_0.6,back_to_front,philippine,12415,70,1705,1638,83,78.40555555555555,214,0.6
exp4_group_0.6,outside_in,philippine,12415,70,1332,1101,55,37.17777777777778,126,0.6
exp4_group_0.6,steffen,philippine,12415,70,1151,1417,61,41.28888888888889,140,0.6
exp4_group_0.6,random,philippine,12416,71,1490,1167,91,44.394444444444446,123,0.6
exp4_group_0.6,back_to_front,philippine,12416,71,1775,1605,89,83.8,236,0.6
exp4_group_0.6,outside_in,philippine,12416,71,1329,1137,63,36.53333333333333,123,0.6
exp4_group_0.6,steffen,philippine,12416,71,1147,1439,64,31.11111111111111,144,0.6
exp4_group_0.6,random,philippine,12417,72,1505,1089,86,38.12777777777778,126,0.6
exp4_group_0.6,back_to_front,philippine,12417,72,1520,1383,94,61.56666666666667,186,0.6
exp4_group_0.6,outside_in,philippine,12417,72,1385,1233,68,46.827777777777776,171,0.6
exp4_group_0.6,steffen,philippine,12417,72,1215,1242,72,32.43888888888889,122,0.6
exp4_group_0.6,random,philippine,12418,73,1517,1203,98,48.65,180,0.6
exp4_group_0.6,back_to_front,philippine,12418,73,1681,1428,86,74.37222222222222,226,0.6
exp4_group_0.6,outside_in,philippine,12418,73,1428,1130,71,42.45,152,0.6
exp4_group_0.6,steffen,philippine,12418,73,1274,1137,80,37.30555555555556,115,0.6
exp4_group_0.6,random,philippine,12419,74,1474,1240,99,52.022222222222226,185,0.6
exp4_group_0.6,back_to_front,philippine,12419,74,1548,1705,80,79.36666666666666,272,0.6
exp4_group_0.6,outside_in,philippine,12419,74,1399,1275,69,45.361111111111114,167,0.6
exp4_group_0.6,steffen,philippine,12419,74,1102,1353,54,32.07222222222222,123,0.6
exp4_group_0.6,random,philippine,12420,75,1649,1254,96,53.772222222222226,144,0.6
exp4_group_0.6,back_to_front,philippine,12420,75,1710,1631,97,84.89444444444445,231,0.6
exp4_group_0.6,outside_in,philippine,12420,75,1263,1376,74,40.34444444444444,130,0.6
exp4_group_0.6,steffen,philippine,12420,75,1206,1338,77,40.97222222222222,177,0.6
exp4_group_0.6,random,philippine,12421,76,1413,1304,104,48.76111111111111,128,0.6
exp4_group_0.6,back_to_front,philippine,12421,76,1853,1818,91,93.70555555555555,306,0.6
exp4_group_0.6,outside_in,philippine,12421,76,1369,1235,72,42.67777777777778,169,0.6
exp4_group_0.6,steffen,philippine,12421,76,1187,1267,58,38.483333333333334,163,0.6
exp4_group_0.6,random,philippine,12422,77,1349,1167,94,39.422222222222224,158,0.6
exp4_group_0.6,back_to_front,philippine,12422,77,1751,1643,88,77.88333333333334,199,0.6
exp4_group_0.6,outside_in,philippine,12422,77,1429,1268,63,45.55,139,0.6
exp4_group_0.6,steffen,philippine,12422,77,1242,1203,62,33.666666666666664,115,0.6
exp4_group_0.6,random,philippine,12423,78,1446,1148,102,46.06666666666667,146,0.6
exp4_group_0.6,back_to_front,philippine,12423,78,1625,1594,84,79.11111111111111,261,0.6
exp4_group_0.6,outside_in,philippine,12423,78,1417,1193,70,39.577777777777776,133,0.6
exp4_group_0.6,steffen,philippine,12423,78,1165,1179,72,30.961111111111112,131,0.6
exp4_group_0.6,random,philippine,12424,79,1427,1127,82,39.05,111,0.6
exp4_group_0.6,back_to_front,philippine,12424,79,1838,1539,91,94.67222222222222,304,0.6
exp4_group_0.6,outside_in,philippine,12424,79,1385,1236,62,48.4,190,0.6
exp4_group_0.6,steffen,philippine,12424,79,1262,1226,72,44.022222222222226,158,0.6
exp4_group_0.6,random,philippine,12425,80,1543,1187,96,47.92777777777778,164,0.6
exp4_group_0.6,back_to_front,philippine,12425,80,1728,1683,93,95.21111111111111,292,0.6
exp4_group_0.6,outside_in,philippine,12425,80,1517,1289,65,47.361111111111114,133,0.6
exp4_group_0.6,steffen,philippine,12425,80,1269,1122,73,36.166666666666664,116,0.6
exp4_group_0.6,random,philippine,12426,81,1375,1243,83,44.36666666666667,144,0.6
exp4_group_0.6,back_to_front,philippine,12426,81,1885,1701,83,88.4888888888889,207,0.6
exp4_group_0.6,outside_in,philippine,12426,81,1495,1272,68,47.2,149,0.6
exp4_group_0.6,steffen,philippine,12426,81,1225,1413,57,40.23888888888889,117,0.6
exp4_group_0.6,random,philippine,12427,82,1363,1213,95,43.83888888888889,159,0.6
exp4_group_0.6,back_to_front,philippine,12427,82,1668,1531,84,79.35555555555555,232,0.6
exp4_group_0.6,outside_in,philippine,12427,82,1473,1205,70,49.09444444444444,144,0.6
exp4_group_0.6,steffen,philippine,12427,82,1157,1238,64,30.977777777777778,142,0.6
exp4_group_0.6,random,philippine,12428,83,1376,982,79,33.6,123,0.6
exp4_group_0.6,back_to_front,philippine,12428,83,1670,1640,78,78.97777777777777,199,0.6
exp4_group_0.6,outside_in,philippine,12428,83,1392,1155,73,39.477777777777774,122,0.6
exp4_group_0.6,steffen,philippine,12428,83,1173,1290,56,34.483333333333334,101,0.6
exp4_group_0.6,random,philippine,12429,84,1495,1221,90,51.63333333333333,140,0.6
exp4_group_0.6,back_to_front,philippine,12429,84,1778,1470,91,75.43888888888888,221,0.6
exp4_group_0.6,outside_in,philippine,12429,84,1300,1263,60,42.333333333333336,144,0.6
exp4_group_0.6,steffen,philippine,12429,84,1189,1363,62,37.55555555555556,105,0.6
exp4_group_0.6,random,philippine,12430,85,1448,1169,97,45.98888888888889,130,0.6
exp4_group_0.6,back_to_front,philippine,12430,85,1769,1628,96,88.29444444444445,292,0.6
exp4_group_0.6,outside_in,philippine,12430,85,1263,1150,64,35.06111111111111,103,0.6
exp4_group_0.6,steffen,philippine,12430,85,1215,1289,54,43.42777777777778,128,0.6
exp4_group_0.6,random,philippine,12431,86,1496,1292,103,50.19444444444444,152,0.6
exp4_group_0.6,back_to_front,philippine,12431,86,1743,1537,90,88.70555555555555,266,0.6
exp4_group_0.6,outside_in,philippine,12431,86,1441,1200,72,45.00555555555555,129,0.6
exp4_group_0.6,steffen,philippine,12431,86,1149,1218,71,26.916666666666668,122,0.6
exp4_group_0.6,random,philippine,12432,87,1529,1064,92,43.18333333333333,150,0.6
exp4_group_0.6,back_to_front,philippine,12432,87,1873,1700,97,97.49444444444444,267,0.6
exp4_group_0.6,outside_in,philippine,12432,87,1365,1059,64,37.105555555555554,132,0.6
exp4_group_0.6,steffen,philippine,12432,87,1212,1309,61,37.827777777777776,137,0.6
exp4_group_0.6,random,philippine,12433,88,1586,1241,100,50.65555555555556,137,0.6
exp4_group_0.6,back_to_front,philippine,12433,88,1739,1602,89,78.52222222222223,215,0.6
exp4_group_0.6,outside_in,philippine,12433,88,1365,1142,80,39.18888888888889,139,0.6
exp4_group_0.6,steffen,philippine,12433,88,1284,1318,53,40.766666666666666,148,0.6
exp4_group_0.6,random,philippine,12434,89,1423,1174,92,41.644444444444446,146,0.6
exp4_group_0.6,back_to_front,philippine,12434,89,1704,1589,95,81.03888888888889,246,0.6
exp4_group_0.6,outside_in,philippine,12434,89,1383,1162,65,43.11666666666667,153,0.6
exp4_group_0.6,steffen,philippine,12434,89,1173,1255,64,35.31111111111111,121,0.6
exp4_group_0.6,random,philippine,12435,90,1416,1169,99,49.98888888888889,149,0.6
exp4_group_0.6,back_to_front,philippine,12435,90,1847,1632,95,84.75,247,0.6
exp4_group_0.6,outside_in,philippine,12435,90,1356,1118,75,37.05555555555556,156,0.6
exp4_group_0.6,steffen,philippine,12435,90,1212,1098,68,37.355555555555554,113,0.6
exp4_group_0.6,random,philippine,12436,91,1534,1132,97,43.62777777777778,132,0.6
exp4_group_0.6,back_to_front,philippine,12436,91,1907,1720,97,93.35555555555555,235,0.6
exp4_group_0.6,outside_in,philippine,12436,91,1413,1269,56,47.34444444444444,164,0.6
exp4_group_0.6,steffen,philippine,12436,91,1187,1063,69,34.31666666666667,114,0.6
exp4_group_0.6,random,philippine,12437,92,1463,1031,100,42.00555555555555,182,0.6
exp4_group_0.6,back_to_front,philippine,12437,92,1644,1669,90,80.91666666666667,231,0.6
exp4_group_0.6,outside_in,philippine,12437,92,1364,1376,64,49.19444444444444,158,0.6
exp4_group_0.6,steffen,philippine,12437,92,1187,1209,78,29.86111111111111,86,0.6
exp4_group_0.6,random,philippine,12438,93,1464,1277,85,52.81666666666667,186,0.6
exp4_group_0.6,back_to_front,philippine,12438,93,1941,1705,96,88.49444444444444,198,0.6
exp4_group_0.6,outside_in,philippine,12438,93,1389,1293,58,44.97222222222222,157,0.6
exp4_group_0.6,steffen,philippine,12438,93,1200,1257,58,31.916666666666668,96,0.6
exp4_group_0.6,random,philippine,12439,94,1340,1284,89,43.888888888888886,137,0.6
exp4_group_0.6,back_to_front,philippine,12439,94,1827,1630,84,89.28333333333333,258,0.6
exp4_group_0.6,outside_in,philippine,12439,94,1256,1219,49,41.327777777777776,120,0.6
exp4_group_0.6,steffen,philippine,12439,94,1190,1244,76,28.55,108,0.6
exp4_group_0.6,random,philippine,12440,95,1431,1230,95,43.361111111111114,126,0.6
exp4_group_0.6,back_to_front,philippine,12440,95,1796,1771,94,86.62222222222222,261,0.6
exp4_group_0.6,outside_in,philippine,12440,95,1375,1238,65,43.69444444444444,125,0.6
exp4_group_0.6,steffen,philippine,12440,95,1237,1243,60,31.56111111111111,99,0.6
exp4_group_0.6,random,philippine,12441,96,1388,1176,89,47.43888888888889,154,0.6
exp4_group_0.6,back_to_front,philippine,12441,96,1653,1564,82,72.20555555555555,240,0.6
exp4_group_0.6,outside_in,philippine,12441,96,1398,1241,59,43.166666666666664,134,0.6
exp4_group_0.6,steffen,philippine,12441,96,1166,1228,70,29.211111111111112,117,0.6
exp4_group_0.6,random,philippine,12442,97,1443,1374,87,53.138888888888886,133,0.6
exp4_group_0.6,back_to_front,philippine,12442,97,1791,1649,84,92.15555555555555,269,0.6
exp4_group_0.6,outside_in,philippine,12442,97,1383,1159,66,41.16111111111111,137,0.6
exp4_group_0.6,steffen,philippine,12442,97,1312,1389,64,39.894444444444446,142,0.6
exp4_group_0.6,random,philippine,12443,98,1547,1255,89,52.17777777777778,149,0.6
exp4_group_0.6,back_to_front,philippine,12443,98,1713,1614,85,79.33333333333333,201,0.6
exp4_group_0.6,outside_in,philippine,12443,98,1438,1216,62,42.61666666666667,144,0.6
exp4_group_0.6,steffen,philippine,12443,98,1162,1359,66,39.12222222222222,125,0.6
exp4_group_0.6,random,philippine,12444,99,1421,1277,91,45.51111111111111,144,0.6
exp4_group_0.6,back_to_front,philippine,12444,99,1809,1502,91,83.54444444444445,252,0.6
exp4_group_0.6,outside_in,philippine,12444,99,1282,1167,61,38.888888888888886,123,0.6
exp4_group_0.6,steffen,philippine,12444,99,1216,1151,67,30.505555555555556,109,0.6
exp4_group_0.6,random,philippine,12445,100,1410,1126,85,48.35,133,0.6
exp4_group_0.6,back_to_front,philippine,12445,100,1669,1536,96,84.71666666666667,239,0.6
exp4_group_0.6,outside_in,philippine,12445,100,1508,1051,76,41.93333333333333,113,0.6
exp4_group_0.6,steffen,philippine,12445,100,1203,1090,69,29.955555555555556,86,0.6
exp4_group_0.6,random,philippine,12446,101,1505,1239,90,46.333333333333336,122,0.6
exp4_group_0.6,back_to_front,philippine,12446,101,1781,1641,101,84.86666666666666,239,0.6
exp4_group_0.6,outside_in,philippine,12446,101,1458,1256,63,41.82222222222222,159,0.6
exp4_group_0.6,steffen,philippine,12446,101,1269,1359,80,43.6,123,0.6
exp4_group_0.6,random,philippine,12447,102,1464,1252,79,47.7,141,0.6
exp4_group_0.6,back_to_front,philippine,12447,102,1755,1603,86,80.53888888888889,237,0.6
exp4_group_0.6,outside_in,philippine,12447,102,1434,1165,72,40.21111111111111,138,0.6
exp4_group_0.6,steffen,philippine,12447,102,1161,1356,66,32.88333333333333,101,0.6
exp4_group_0.6,random,philippine,12448,103,1559,1221,88,46.72222222222222,128,0.6
exp4_group_0.6,back_to_front,philippine,12448,103,1795,1684,102,82.81666666666666,215,0.6
exp4_group_0.6,outside_in,philippine,12448,103,1325,1189,69,38.827777777777776,144,0.6
exp4_group_0.6,steffen,philippine,12448,103,1381,1279,72,37.75,110,0.6
exp4_group_0.6,random,philippine,12449,104,1426,1257,93,45.33888888888889,159,0.6
exp4_group_0.6,back_to_front,philippine,12449,104,1966,1720,91,101.08888888888889,276,0.6
exp4_group_0.6,outside_in,philippine,12449,104,1420,1203,66,43.422222222222224,141,0.6
exp4_group_0.6,steffen,philippine,12449,104,1295,1280,66,39.75,112,0.6
exp4_group_0.6,random,philippine,12450,105,1471,1145,100,41.388888888888886,126,0.6
exp4_group_0.6,back_to_front,philippine,12450,105,1853,1689,75,87.47222222222223,217,0.6
exp4_group_0.6,outside_in,philippine,12450,105,1468,1144,66,40.55555555555556,129,0.6
exp4_group_0.6,steffen,philippine,12450,105,1206,1252,64,37.166666666666664,126,0.6
exp4_group_0.6,random,philippine,12451,106,1502,1244,94,51.37777777777778,158,0.6
exp4_group_0.6,back_to_front,philippine,12451,106,1681,1442,82,69.4,175,0.6
exp4_group_0.6,outside_in,philippine,12451,106,1468,1223,65,46.51111111111111,151,0.6
exp4_group_0.6,steffen,philippine,12451,106,1263,1265,52,40.78888888888889,130,0.6
exp4_group_0.6,random,philippine,12452,107,1495,1247,88,49.02777777777778,138,0.6
exp4_group_0.6,back_to_front,philippine,12452,107,1917,1844,101,96.99444444444444,218,0.6
exp4_group_0.6,outside_in,philippine,12452,107,1303,1288,53,40.227777777777774,140,0.6
exp4_group_0.6,steffen,philippine,12452,107,1104,1280,73,26.8,141,0.6
exp4_group_0.6,random,philippine,12453,108,1514,1258,88,61.416666666666664,175,0.6
exp4_group_0.6,back_to_front,philippine,12453,108,1718,1516,100,74.95555555555555,217,0.6
exp4_group_0.6,outside_in,philippine,12453,108,1383,1203,62,44.91111111111111,143,0.6
exp4_group_0.6,steffen,philippine,12453,108,1360,1289,67,47.44444444444444,189,0.6
exp4_group_0.6,random,philippine,12454,109,1384,1264,88,39.76111111111111,124,0.6
exp4_group_0.6,back_to_front,philippine,12454,109,1797,1403,91,74.9,225,0.6
exp4_group_0.6,outside_in,philippine,12454,109,1445,1285,70,51.37222222222222,161,0.6
exp4_group_0.6,steffen,philippine,12454,109,1143,1290,72,32.8,146,0.6
exp4_group_0.6,random,philippine,12455,110,1603,1217,104,57.56111111111111,189,0.6
exp4_group_0.6,back_to_front,philippine,12455,110,1687,1585,87,70.32777777777778,173,0.6
exp4_group_0.6,outside_in,philippine,12455,110,1378,1282,57,42.73888888888889,127,0.6
exp4_group_0.6,steffen,philippine,12455,110,1273,1255,76,36.63333333333333,136,0.6
exp4_group_0.6,random,philippine,12456,111,1364,1193,86,40.53888888888889,115,0.6
exp4_group_0.6,back_to_front,philippine,12456,111,1543,1535,86,68.82222222222222,194,0.6
exp4_group_0.6,outside_in,philippine,12456,111,1413,1076,78,42.55555555555556,141,0.6
exp4_group_0.6,steffen,philippine,12456,111,1188,1381,68,33.56111111111111,125,0.6
exp4_group_0.6,random,philippine,12457,112,1488,1275,85,45.25555555555555,140,0.6
exp4_group_0.6,back_to_front,philippine,12457,112,1696,1590,94,73.46666666666667,205,0.6
exp4_group_0.6,outside_in,philippine,12457,112,1418,1248,74,46.6,132,0.6
exp4_group_0.6,steffen,philippine,12457,112,1151,1208,68,34.016666666666666,132,0.6
exp4_group_0.6,random,philippine,12458,113,1333,1198,86,39.3,125,0.6
exp4_group_0.6,back_to_front,philippine,12458,113,1787,1700,72,86.55555555555556,216,0.6
exp4_group_0.6,outside_in,philippine,12458,113,1480,1225,73,43.15,125,0.6
exp4_group_0.6,steffen,philippine,12458,113,1200,1292,55,33.861111111111114,111,0.6
exp4_group_0.6,random,philippine,12459,114,1428,1136,98,47.44444444444444,161,0.6
exp4_group_0.6,back_to_front,philippine,12459,114,1842,1602,91,90.17222222222222,269,0.6
exp4_group_0.6,outside_in,philippine,12459,114,1359,1055,53,38.36666666666667,129,0.6
exp4_group_0.6,steffen,philippine,12459,114,1200,1370,66,42.34444444444444,149,0.6
exp4_group_0.6,random,philippine,12460,115,1415,1152,79,43.8,122,0.6
exp4_group_0.6,back_to_front,philippine,12460,115,1689,1574,98,83.89444444444445,256,0.6
exp4_group_0.6,outside_in,philippine,12460,115,1410,1294,55,42.016666666666666,161,0.6
exp4_group_0.6,steffen,philippine,12460,115,1176,1312,67,30.93888888888889,95,0.6
exp4_group_0.6,random,philippine,12461,116,1459,1111,92,43.01111111111111,115,0.6
exp4_group_0.6,back_to_front,philippine,12461,116,1701,1571,83,73.57777777777778,220,0.6
exp4_group_0.6,outside_in,philippine,12461,116,1372,1261,62,41.15555555555556,119,0.6
exp4_group_0.6,steffen,philippine,12461,116,1144,1190,71,26.494444444444444,84,0.6
exp4_group_0.6,random,philippine,12462,117,1394,1271,105,46.361111111111114,144,0.6
exp4_group_0.6,back_to_front,philippine,12462,117,1823,1585,97,95.76666666666667,307,0.6
exp4_group_0.6,outside_in,philippine,12462,117,1367,1273,65,40.56666666666667,127,0.6
exp4_group_0.6,steffen,philippine,12462,117,1186,1246,65,32.12222222222222,136,0.6
exp4_group_0.6,random,philippine,12463,118,1526,1229,90,43.68888888888889,140,0.6
exp4_group_0.6,back_to_front,philippine,12463,118,1720,1524,91,79.05555555555556,214,0.6
exp4_group_0.6,outside_in,philippine,12463,118,1290,1165,63,35.916666666666664,149,0.6
exp4_group_0.6,steffen,philippine,12463,118,1206,1249,73,36.794444444444444,127,0.6
exp4_group_0.6,random,philippine,12464,119,1523,1264,89,52.05555555555556,150,0.6
exp4_group_0.6,back_to_front,philippine,12464,119,1566,1621,98,71.40555555555555,201,0.6
exp4_group_0.6,outside_in,philippine,12464,119,1365,1259,80,49.72222222222222,148,0.6
exp4_group_0.6,steffen,philippine,12464,119,1144,1068,70,29.35,124,0.6
exp4_group_0.6,random,philippine,12465,120,1509,1173,105,49.21111111111111,173,0.6
exp4_group_0.6,back_to_front,philippine,12465,120,1762,1540,90,81.47777777777777,240,0.6
exp4_group_0.6,outside_in,philippine,12465,120,1370,1135,54,41.577777777777776,159,0.6
exp4_group_0.6,steffen,philippine,12465,120,1195,1269,58,28.744444444444444,123,0.6
exp4_group_0.6,random,philippine,12466,121,1359,1205,78,42.977777777777774,150,0.6
exp4_group_0.6,back_to_front,philippine,12466,121,1651,1580,87,75.31111111111112,196,0.6
exp4_group_0.6,outside_in,philippine,12466,121,1404,1175,72,41.81111111111111,134,0.6
exp4_group_0.6,steffen,philippine,12466,121,1183,1308,63,33.977777777777774,146,0.6
exp4_group_0.6,random,philippine,12467,122,1719,1309,99,57.42777777777778,151,0.6
exp4_group_0.6,back_to_front,philippine,12467,122,1755,1722,88,79.88333333333334,237,0.6
exp4_group_0.6,outside_in,philippine,12467,122,1297,1135,56,34.172222222222224,115,0.6
exp4_group_0.6,steffen,philippine,12467,122,1238,1136,63,34.07222222222222,100,0.6
exp4_group_0.6,random,philippine,12468,123,1446,1312,93,48.144444444444446,147,0.6
exp4_group_0.6,back_to_front,philippine,12468,123,1791,1405,96,78.37222222222222,210,0.6
exp4_group_0.6,outside_in,philippine,12468,123,1336,1138,67,35.044444444444444,133,0.6
exp4_group_0.6,steffen,philippine,12468,123,1201,1509,51,38.99444444444445,106,0.6
exp4_group_0.6,random,philippine,12469,124,1609,1306,92,52.75,145,0.6
exp4_group_0.6,back_to_front,philippine,12469,124,1635,1802,90,87.39444444444445,266,0.6
exp4_group_0.6,outside_in,philippine,12469,124,1428,1225,64,43.62777777777778,137,0.6
exp4_group_0.6,steffen,philippine,12469,124,1233,1231,77,34.05555555555556,117,0.6
exp4_group_0.6,random,philippine,12470,125,1287,1268,80,48.34444444444444,174,0.6
exp4_group_0.6,back_to_front,philippine,12470,125,1758,1588,85,82.61111111111111,240,0.6
exp4_group_0.6,outside_in,philippine,12470,125,1395,1087,67,40.894444444444446,123,0.6
exp4_group_0.6,steffen,philippine,12470,125,1166,1062,67,28.45,130,0.6
exp4_group_0.6,random,philippine,12471,126,1462,1293,89,52.98888888888889,138,0.6
exp4_group_0.6,back_to_front,philippine,12471,126,1663,1583,93,81.12222222222222,229,0.6
exp4_group_0.6,outside_in,philippine,12471,126,1344,1117,69,39.78333333333333,158,0.6
exp4_group_0.6,steffen,philippine,12471,126,1372,1282,68,37.85,132,0.6
exp4_group_0.6,random,philippine,12472,127,1464,1186,93,42.233333333333334,154,0.6
exp4_group_0.6,back_to_front,philippine,12472,127,1780,1587,99,76.78888888888889,230,0.6
exp4_group_0.6,outside_in,philippine,12472,127,1503,1363,63,54.78333333333333,169,0.6
exp4_group_0.6,steffen,philippine,12472,127,1104,1327,55,29.67222222222222,102,0.6
exp4_group_0.6,random,philippine,12473,128,1399,1201,78,41.733333333333334,111,0.6
exp4_group_0.6,back_to_front,philippine,12473,128,1757,1594,95,90.88888888888889,264,0.6
exp4_group_0.6,outside_in,philippine,12473,128,1400,1003,58,33.47222222222222,88,0.6
exp4_group_0.6,steffen,philippine,12473,128,1137,1204,63,30.41111111111111,93,0.6
exp4_group_0.6,random,philippine,12474,129,1386,1161,82,40.95,130,0.6
exp4_group_0.6,back_to_front,philippine,12474,129,1611,1468,99,67.39444444444445,203,0.6
exp4_group_0.6,outside_in,philippine,12474,129,1341,1223,64,38.166666666666664,116,0.6
exp4_group_0.6,steffen,philippine,12474,129,1179,1322,48,37.18888888888889,116,0.6
exp4_group_0.6,random,philippine,12475,130,1576,1308,100,49.05555555555556,163,0.6
exp4_group_0.6,back_to_front,philippine,12475,130,1682,1599,82,79.72777777777777,239,0.6
exp4_group_0.6,outside_in,philippine,12475,130,1368,1223,71,38.03888888888889,155,0.6
exp4_group_0.6,steffen,philippine,12475,130,1240,1290,57,32.94444444444444,109,0.6
exp4_group_0.6,random,philippine,12476,131,1392,1196,75,46.59444444444444,146,0.6
exp4_group_0.6,back_to_front,philippine,12476,131,1749,1667,90,85.03888888888889,205,0.6
exp4_group_0.6,outside_in,philippine,12476,131,1461,1207,57,41.294444444444444,130,0.6
exp4_group_0.6,steffen,philippine,12476,131,1147,1215,62,29.383333333333333,151,0.6
exp4_group_0.6,random,philippine,12477,132,1448,1224,99,46.9,150,0.6
exp4_group_0.6,back_to_front,philippine,12477,132,1746,1576,78,76.77777777777777,213,0.6
exp4_group_0.6,outside_in,philippine,12477,132,1346,1279,58,48.111111111111114,150,0.6
exp4_group_0.6,steffen,philippine,12477,132,1249,1036,76,34.083333333333336,124,0.6
exp4_group_0.6,random,philippine,12478,133,1486,1253,73,52.105555555555554,171,0.6
exp4_group_0.6,back_to_front,philippine,12478,133,1714,1550,83,83.83888888888889,244,0.6
exp4_group_0.6,outside_in,philippine,12478,133,1350,1037,72,33.71111111111111,118,0.6
exp4_group_0.6,steffen,philippine,12478,133,1252,1211,63,30.394444444444446,83,0.6
exp4_group_0.6,random,philippine,12479,134,1598,1196,96,53.12777777777778,163,0.6
exp4_group_0.6,back_to_front,philippine,12479,134,1560,1509,74,65.8,200,0.6
exp4_group_0.6,outside_in,philippine,12479,134,1412,1167,60,44.06111111111111,149,0.6
exp4_group_0.6,steffen,philippine,12479,134,1311,1446,65,37.35,140,0.6
exp4_group_0.6,random,philippine,12480,135,1466,1164,90,46.577777777777776,158,0.6
exp4_group_0.6,back_to_front,philippine,12480,135,1982,1689,88,112.53888888888889,321,0.6
exp4_group_0.6,outside_in,philippine,12480,135,1480,1155,61,46.577777777777776,149,0.6
exp4_group_0.6,steffen,philippine,12480,135,1291,1343,59,37.672222222222224,151,0.6
exp4_group_0.6,random,philippine,12481,136,1406,1126,83,42.016666666666666,111,0.6
exp4_group_0.6,back_to_front,philippine,12481,136,1660,1518,86,83.22777777777777,229,0.6
exp4_group_0.6,outside_in,philippine,12481,136,1404,1303,65,49.72222222222222,294,0.6
exp4_group_0.6,steffen,philippine,12481,136,1229,1330,59,43.28888888888889,158,0.6
exp4_group_0.6,random,philippine,12482,137,1367,1166,95,38.31111111111111,131,0.6
exp4_group_0.6,back_to_front,philippine,12482,137,1589,1401,92,66.87777777777778,214,0.6
exp4_group_0.6,outside_in,philippine,12482,137,1378,1104,66,43.18333333333333,141,0.6
exp4_group_0.6,steffen,philippine,12482,137,1207,1264,61,35.794444444444444,107,0.6
exp4_group_0.6,random,philippine,12483,138,1483,1235,81,52.74444444444445,160,0.6
exp4_group_0.6,back_to_front,philippine,12483,138,1685,1492,92,64.55555555555556,177,0.6
exp4_group_0.6,outside_in,philippine,12483,138,1357,1213,65,44.11666666666667,170,0.6
exp4_group_0.6,steffen,philippine,12483,138,1312,1267,62,41.75,130,0.6
exp4_group_0.6,random,philippine,12484,139,1550,1121,86,46.49444444444445,140,0.6
exp4_group_0.6,back_to_front,philippine,12484,139,1831,1619,110,84.38333333333334,211,0.6
exp4_group_0.6,outside_in,philippine,12484,139,1431,1151,63,41.97222222222222,172,0.6
exp4_group_0.6,steffen,philippine,12484,139,1270,1265,67,39.80555555555556,154,0.6
exp4_group_0.6,random,philippine,12485,140,1530,1230,100,54.08888888888889,169,0.6
exp4_group_0.6,back_to_front,philippine,12485,140,1603,1551,87,81.51666666666667,211,0.6
exp4_group_0.6,outside_in,philippine,12485,140,1375,1149,56,46.016666666666666,128,0.6
exp4_group_0.6,steffen,philippine,12485,140,1160,1211,60,29.81111111111111,125,0.6
exp4_group_0.6,random,philippine,12486,141,1520,1173,93,41.833333333333336,113,0.6
exp4_group_0.6,back_to_front,philippine,12486,141,1671,1694,91,80.37777777777778,250,0.6
exp4_group_0.6,outside_in,philippine,12486,141,1436,1326,69,46.33888888888889,125,0.6
exp4_group_0.6,steffen,philippine,12486,141,1150,1274,71,36.84444444444444,110,0.6
exp4_group_0.6,random,philippine,12487,142,1596,1255,105,50.59444444444444,142,0.6
exp4_group_0.6,back_to_front,philippine,12487,142,1767,1693,95,77.4888888888889,234,0.6
exp4_group_0.6,outside_in,philippine,12487,142,1415,1249,68,41.516666666666666,118,0.6
exp4_group_0.6,steffen,philippine,12487,142,1229,1332,63,36.455555555555556,149,0.6
exp4_group_0.6,random,philippine,12488,143,1445,1223,78,47.74444444444445,168,0.6
exp4_group_0.6,back_to_front,philippine,12488,143,1668,1525,93,68.81111111111112,182,0.6
exp4_group_0.6,outside_in,philippine,12488,143,1581,1207,65,47.5,130,0.6
exp4_group_0.6,steffen,philippine,12488,143,1203,1315,60,43.25555555555555,142,0.6
exp4_group_0.6,random,philippine,12489,144,1352,1185,93,41.46111111111111,119,0.6
exp4_group_0.6,back_to_front,philippine,12489,144,1704,1550,101,76.13333333333334,233,0.6
exp4_group_0.6,outside_in,philippine,12489,144,1393,1216,60,42.18888888888889,149,0.6
exp4_group_0.6,steffen,philippine,12489,144,1241,1419,75,36.94444444444444,123,0.6
exp4_group_0.6,random,philippine,12490,145,1571,1116,96,45.977777777777774,150,0.6
exp4_group_0.6,back_to_front,philippine,12490,145,1684,1572,94,77.8,203,0.6
exp4_group_0.6,outside_in,philippine,12490,145,1407,1232,80,48.51111111111111,168,0.6
exp4_group_0.6,steffen,philippine,12490,145,1034,1186,57,26.083333333333332,102,0.6
exp4_group_0.6,random,philippine,12491,146,1476,1127,82,46.46666666666667,181,0.6
exp4_group_0.6,back_to_front,philippine,12491,146,1620,1530,88,72.68333333333334,184,0.6
exp4_group_0.6,outside_in,philippine,12491,146,1306,1236,75,40.916666666666664,148,0.6
exp4_group_0.6,steffen,philippine,12491,146,1237,1169,63,28.288888888888888,117,0.6
exp4_group_0.6,random,philippine,12492,147,1529,1286,101,50.06111111111111,148,0.6
exp4_group_0.6,back_to_front,philippine,12492,147,1695,1596,97,80.46111111111111,249,0.6
exp4_group_0.6,outside_in,philippine,12492,147,1380,1080,59,37.611111111111114,121,0.6
exp4_group_0.6,steffen,philippine,12492,147,1105,1135,69,26.505555555555556,82,0.6
exp4_group_0.6,random,philippine,12493,148,1541,1221,99,52.01111111111111,182,0.6
exp4_group_0.6,back_to_front,philippine,12493,148,1803,1683,109,84.63888888888889,239,0.6
exp4_group_0.6,outside_in,philippine,12493,148,1388,1188,55,35.57222222222222,133,0.6
exp4_group_0.6,steffen,philippine,12493,148,1213,1339,70,34.59444444444444,118,0.6
exp4_group_0.6,random,philippine,12494,149,1368,1253,91,43.6,146,0.6
exp4_group_0.6,back_to_front,philippine,12494,149,1586,1671,82,83.46111111111111,265,0.6
exp4_group_0.6,outside_in,philippine,12494,149,1283,1135,62,39.61666666666667,100,0.6
exp4_group_0.6,steffen,philippine,12494,149,1158,1300,61,32.27777777777778,125,0.6
exp4_group_0.6,random,philippine,12495,150,1553,1206,104,49.22222222222222,138,0.6
exp4_group_0.6,back_to_front,philippine,12495,150,1696,1754,89,91.65555555555555,254,0.6
exp4_group_0.6,outside_in,philippine,12495,150,1483,1216,79,45.55555555555556,114,0.6
exp4_group_0.6,steffen,philippine,12495,150,1114,1318,70,25.92222222222222,102,0.6
exp4_group_0.6,random,philippine,12496,151,1488,1306,87,54.144444444444446,137,0.6
exp4_group_0.6,back_to_front,philippine,12496,151,1762,1732,83,80.89444444444445,235,0.6
exp4_group_0.6,outside_in,philippine,12496,151,1358,1151,48,38.98888888888889,144,0.6
exp4_group_0.6,steffen,philippine,12496,151,1276,1222,58,37.30555555555556,150,0.6
exp4_group_0.6,random,philippine,12497,152,1500,1112,93,46.11666666666667,154,0.6
exp4_group_0.6,back_to_front,philippine,12497,152,1670,1565,91,70.22222222222223,181,0.6
exp4_group_0.6,outside_in,philippine,12497,152,1360,1115,56,42.02777777777778,135,0.6
exp4_group_0.6,steffen,philippine,12497,152,1223,1435,55,37.40555555555556,134,0.6
exp4_group_0.6,random,philippine,12498,153,1439,1203,100,43.32222222222222,143,0.6
exp4_group_0.6,back_to_front,philippine,12498,153,1793,1785,85,89.07777777777778,225,0.6
exp4_group_0.6,outside_in,philippine,12498,153,1405,1146,55,40.01111111111111,119,0.6
exp4_group_0.6,steffen,philippine,12498,153,1336,1371,77,44.86666666666667,183,0.6
exp4_group_0.6,random,philippine,12499,154,1470,1291,89,51.06111111111111,155,0.6
exp4_group_0.6,back_to_front,philippine,12499,154,1720,1762,82,79.14444444444445,199,0.6
exp4_group_0.6,outside_in,philippine,12499,154,1464,1223,74,43.37222222222222,121,0.6
exp4_group_0.6,steffen,philippine,12499,154,1290,1499,80,45.45,143,0.6
exp4_group_0.6,random,philippine,12500,155,1487,1169,91,49.68888888888889,149,0.6
exp4_group_0.6,back_to_front,philippine,12500,155,1579,1411,84,67.7,206,0.6
exp4_group_0.6,outside_in,philippine,12500,155,1446,1202,69,42.07222222222222,138,0.6
exp4_group_0.6,steffen,philippine,12500,155,1246,1228,85,40.983333333333334,139,0.6
exp4_group_0.6,random,philippine,12501,156,1461,1041,93,38.833333333333336,142,0.6
exp4_group_0.6,back_to_front,philippine,12501,156,1760,1662,86,87.17222222222222,302,0.6
exp4_group_0.6,outside_in,philippine,12501,156,1419,1110,69,40.233333333333334,116,0.6
exp4_group_0.6,steffen,philippine,12501,156,1160,1231,67,32.083333333333336,118,0.6
exp4_group_0.6,random,philippine,12502,157,1540,1167,103,50.827777777777776,188,0.6
exp4_group_0.6,back_to_front,philippine,12502,157,1762,1626,87,82.36111111111111,269,0.6
exp4_group_0.6,outside_in,philippine,12502,157,1450,1220,71,44.91111111111111,143,0.6
exp4_group_0.6,steffen,philippine,12502,157,1205,1257,67,35.53888888888889,135,0.6
exp4_group_0.6,random,philippine,12503,158,1435,1144,89,39.18888888888889,123,0.6
exp4_group_0.6,back_to_front,philippine,12503,158,1830,1635,97,75.62222222222222,181,0.6
exp4_group_0.6,outside_in,philippine,12503,158,1352,1168,73,36.75,108,0.6
exp4_group_0.6,steffen,philippine,12503,158,1198,1287,74,35.2,120,0.6
exp4_group_0.6,random,philippine,12504,159,1497,1132,97,42.6,148,0.6
exp4_group_0.6,back_to_front,philippine,12504,159,1717,1586,98,75.65555555555555,218,0.6
exp4_group_0.6,outside_in,philippine,12504,159,1412,972,67,37.06111111111111,156,0.6
exp4_group_0.6,steffen,philippine,12504,159,1258,1293,57,36.07222222222222,116,0.6
exp4_group_0.6,random,philippine,12505,160,1380,1192,81,42.03888888888889,149,0.6
exp4_group_0.6,back_to_front,philippine,12505,160,1798,1518,96,81.42777777777778,253,0.6
exp4_group_0.6,outside_in,philippine,12505,160,1343,1334,56,49.21111111111111,144,0.6
exp4_group_0.6,steffen,philippine,12505,160,1057,1159,66,27.7,112,0.6
exp4_group_0.6,random,philippine,12506,161,1491,1239,82,46.37777777777778,116,0.6
exp4_group_0.6,back_to_front,philippine,12506,161,1725,1428,95,71.15555555555555,180,0.6
exp4_group_0.6,outside_in,philippine,12506,161,1494,1152,68,44.016666666666666,117,0.6
exp4_group_0.6,steffen,philippine,12506,161,1186,1290,65,32.361111111111114,119,0.6
exp4_group_0.6,random,philippine,12507,162,1499,1227,95,52.727777777777774,160,0.6
exp4_group_0.6,back_to_front,philippine,12507,162,1888,1534,97,74.98333333333333,209,0.6
exp4_group_0.6,outside_in,philippine,12507,162,1494,1063,64,47.33888888888889,164,0.6
exp4_group_0.6,steffen,philippine,12507,162,1175,1228,62,33.01111111111111,124,0.6
exp4_group_0.6,random,philippine,12508,163,1304,1202,86,35.94444444444444,116,0.6
exp4_group_0.6,back_to_front,philippine,12508,163,1753,1637,88,80.25,216,0.6
exp4_group_0.6,outside_in,philippine,12508,163,1464,1056,74,44.30555555555556,149,0.6
exp4_group_0.6,steffen,philippine,12508,163,1246,1360,68,32.894444444444446,119,0.6
exp4_group_0.6,random,philippine,12509,164,1500,1334,99,50.455555555555556,160,0.6
exp4_group_0.6,back_to_front,philippine,12509,164,1584,1492,94,70.86111111111111,223,0.6
exp4_group_0.6,outside_in,philippine,12509,164,1448,1247,69,48.077777777777776,120,0.6
exp4_group_0.6,steffen,philippine,12509,164,1299,1300,65,43.30555555555556,128,0.6
exp4_group_0.6,random,philippine,12510,165,1280,1293,78,38.13333333333333,125,0.6
exp4_group_0.6,back_to_front,philippine,12510,165,1818,1790,90,94.65555555555555,250,0.6
exp4_group_0.6,outside_in,philippine,12510,165,1357,1310,69,40.794444444444444,164,0.6
exp4_group_0.6,steffen,philippine,12510,165,1265,1379,62,42.794444444444444,126,0.6
exp4_group_0.6,random,philippine,12511,166,1409,1316,96,50.62777777777778,171,0.6
exp4_group_0.6,back_to_front,philippine,12511,166,1762,1573,93,83.2,245,0.6
exp4_group_0.6,outside_in,philippine,12511,166,1492,1345,60,53.55,162,0.6
exp4_group_0.6,steffen,philippine,12511,166,1151,1221,65,34.56111111111111,120,0.6
exp4_group_0.6,random,philippine,12512,167,1514,1125,98,45.888888888888886,134,0.6
exp4_group_0.6,back_to_front,philippine,12512,167,1843,1642,88,87.55555555555556,228,0.6
exp4_group_0.6,outside_in,philippine,12512,167,1530,1046,81,39.68333333333333,123,0.6
exp4_group_0.6,steffen,philippine,12512,167,1373,1168,73,41.205555555555556,150,0.6
exp4_group_0.6,random,philippine,12513,168,1431,1134,87,40.21111111111111,164,0.6
exp4_group_0.6,back_to_front,philippine,12513,168,1742,1584,90,77.44444444444444,214,0.6
exp4_group_0.6,outside_in,philippine,12513,168,1410,1178,60,43.59444444444444,126,0.6
exp4_group_0.6,steffen,philippine,12513,168,1206,1331,62,41.705555555555556,152,0.6
exp4_group_0.6,random,philippine,12514,169,1320,1294,78,40.51111111111111,120,0.6
exp4_group_0.6,back_to_front,philippine,12514,169,1712,1623,93,80.45555555555555,243,0.6
exp4_group_0.6,outside_in,philippine,12514,169,1287,1101,55,35.31666666666667,114,0.6
exp4_group_0.6,steffen,philippine,12514,169,1257,1292,58,36.34444444444444,160,0.6
exp4_group_0.6,random,philippine,12515,170,1375,1264,85,46.86666666666667,150,0.6
exp4_group_0.6,back_to_front,philippine,12515,170,1641,1674,90,80.08888888888889,197,0.6
exp4_group_0.6,outside_in,philippine,12515,170,1348,1231,63,47.03888888888889,165,0.6
exp4_group_0.6,steffen,philippine,12515,170,1245,1172,63,39.92777777777778,125,0.6
exp4_group_0.6,random,philippine,12516,171,1492,1087,88,43.57222222222222,152,0.6
exp4_group_0.6,back_to_front,philippine,12516,171,1751,1502,91,74.4888888888889,197,0.6
exp4_group_0.6,outside_in,philippine,12516,171,1275,1193,67,43.144444444444446,133,0.6
exp4_group_0.6,steffen,philippine,12516,171,1282,1105,75,35.455555555555556,143,0.6
exp4_group_0.6,random,philippine,12517,172,1583,1243,101,48.98888888888889,188,0.6
exp4_group_0.6,back_to_front,philippine,12517,172,1872,1710,82,99.63888888888889,323,0.6
exp4_group_0.6,outside_in,philippine,12517,172,1369,1236,64,40.87777777777778,110,0.6
exp4_group_0.6,steffen,philippine,12517,172,1327,1268,67,36.955555555555556,126,0.6
exp4_group_0.6,random,philippine,12518,173,1411,1212,92,45.111111111111114,137,0.6
exp4_group_0.6,back_to_front,philippine,12518,173,1728,1635,89,87.30555555555556,285,0.6
exp4_group_0.6,outside_in,philippine,12518,173,1382,1138,57,40.49444444444445,126,0.6
exp4_group_0.6,steffen,philippine,12518,173,1176,1167,68,31.3,131,0.6
exp4_group_0.6,random,philippine,12519,174,1493,1199,99,49.37222222222222,140,0.6
exp4_group_0.6,back_to_front,philippine,12519,174,1834,1608,97,89.60555555555555,253,0.6
exp4_group_0.6,outside_in,philippine,12519,174,1435,1199,63,53.266666666666666,190,0.6
exp4_group_0.6,steffen,philippine,12519,174,1418,1335,68,33.522222222222226,122,0.6
exp4_group_0.6,random,philippine,12520,175,1382,1184,85,48.05555555555556,144,0.6
exp4_group_0.6,back_to_front,philippine,12520,175,1732,1579,83,83.50555555555556,258,0.6
exp4_group_0.6,outside_in,philippine,12520,175,1414,1094,76,36.794444444444444,109,0.6
exp4_group_0.6,steffen,philippine,12520,175,1203,1366,68,37.72222222222222,103,0.6
exp4_group_0.6,random,philippine,12521,176,1438,1147,84,48.2,163,0.6
exp4_group_0.6,back_to_front,philippine,12521,176,1753,1563,80,95.27777777777777,300,0.6
exp4_group_0.6,outside_in,philippine,12521,176,1333,1091,56,38.672222222222224,160,0.6
exp4_group_0.6,steffen,philippine,12521,176,1322,1076,83,35.06666666666667,157,0.6
exp4_group_0.6,random,philippine,12522,177,1472,1066,90,43.705555555555556,140,0.6
exp4_group_0.6,back_to_front,philippine,12522,177,1611,1457,94,68.5111111111111,216,0.6
exp4_group_0.6,outside_in,philippine,12522,177,1378,1095,61,41.955555555555556,129,0.6
exp4_group_0.6,steffen,philippine,12522,177,1188,1169,63,30.927777777777777,115,0.6
exp4_group_0.6,random,philippine,12523,178,1449,1126,101,45.09444444444444,124,0.6
exp4_group_0.6,back_to_front,philippine,12523,178,1950,1667,101,99.83333333333333,272,0.6
exp4_group_0.6,outside_in,philippine,12523,178,1256,1218,57,36.31111111111111,112,0.6
exp4_group_0.6,steffen,philippine,12523,178,1245,1101,76,34.37222222222222,173,0.6
exp4_group_0.6,random,philippine,12524,179,1494,1415,99,59.03333333333333,155,0.6
exp4_group_0.6,back_to_front,philippine,12524,179,2002,1627,93,89.8,216,0.6
exp4_group_0.6,outside_in,philippine,12524,179,1461,1142,68,39.23888888888889,110,0.6
exp4_group_0.6,steffen,philippine,12524,179,1187,1175,62,27.06111111111111,111,0.6
exp4_group_0.6,random,philippine,12525,180,1502,1306,95,50.03333333333333,163,0.6
exp4_group_0.6,back_to_front,philippine,12525,180,1521,1689,80,72.57777777777778,218,0.6
exp4_group_0.6,outside_in,philippine,12525,180,1276,1100,66,39.21111111111111,151,0.6
exp4_group_0.6,steffen,philippine,12525,180,1304,1395,63,42.888888888888886,191,0.6
exp4_group_0.6,random,philippine,12526,181,1391,1143,81,43.12777777777778,145,0.6
exp4_group_0.6,back_to_front,philippine,12526,181,1774,1617,86,84.76666666666667,247,0.6
exp4_group_0.6,outside_in,philippine,12526,181,1435,1123,67,42.01111111111111,151,0.6
exp4_group_0.6,steffen,philippine,12526,181,1243,1279,68,35.09444444444444,128,0.6
exp4_group_0.6,random,philippine,12527,182,1474,1199,89,46.18888888888889,130,0.6
exp4_group_0.6,back_to_front,philippine,12527,182,1708,1529,95,80.8,209,0.6
exp4_group_0.6,outside_in,philippine,12527,182,1343,1030,77,41.172222222222224,139,0.6
exp4_group_0.6,steffen,philippine,12527,182,1305,1328,66,40.66111111111111,126,0.6
exp4_group_0.6,random,philippine,12528,183,1497,1070,101,45.71666666666667,131,0.6
exp4_group_0.6,back_to_front,philippine,12528,183,1755,1554,89,85.96111111111111,244,0.6
exp4_group_0.6,outside_in,philippine,12528,183,1385,1122,64,43.205555555555556,113,0.6
exp4_group_0.6,steffen,philippine,12528,183,1228,1286,69,35.82222222222222,155,0.6
exp4_group_0.6,random,philippine,12529,184,1358,1131,82,42.58888888888889,141,0.6
exp4_group_0.6,back_to_front,philippine,12529,184,1710,1527,102,80.56111111111112,265,0.6
exp4_group_0.6,outside_in,philippine,12529,184,1395,1046,49,38.59444444444444,135,0.6
exp4_group_0.6,steffen,philippine,12529,184,1236,1246,57,38.294444444444444,128,0.6
exp4_group_0.6,random,philippine,12530,185,1380,1141,88,40.06111111111111,130,0.6
exp4_group_0.6,back_to_front,philippine,12530,185,1772,1552,81,80.66111111111111,224,0.6
exp4_group_0.6,outside_in,philippine,12530,185,1306,1104,63,42.38333333333333,170,0.6
exp4_group_0.6,steffen,philippine,12530,185,1287,1343,54,36.15555555555556,134,0.6
exp4_group_0.6,random,philippine,12531,186,1490,1137,87,47.56111111111111,128,0.6
exp4_group_0.6,back_to_front,philippine,12531,186,1869,1582,96,90.53888888888889,271,0.6
exp4_group_0.6,outside_in,philippine,12531,186,1242,1161,60,43.638888888888886,116,0.6
exp4_group_0.6,steffen,philippine,12531,186,1248,1285,73,37.4,126,0.6
exp4_group_0.6,random,philippine,12532,187,1467,1278,92,46.044444444444444,118,0.6
exp4_group_0.6,back_to_front,philippine,12532,187,1691,1618,89,80.13888888888889,257,0.6
exp4_group_0.6,outside_in,philippine,12532,187,1431,1130,75,38.92777777777778,153,0.6
exp4_group_0.6,steffen,philippine,12532,187,1302,1341,68,38.98888888888889,132,0.6
exp4_group_0.6,random,philippine,12533,188,1598,1283,96,54.36666666666667,148,0.6
exp4_group_0.6,back_to_front,philippine,12533,188,1838,1551,97,79.4888888888889,221,0.6
exp4_group_0.6,outside_in,philippine,12533,188,1360,1179,63,39.97222222222222,108,0.6
exp4_group_0.6,steffen,philippine,12533,188,1138,1295,63,29.7,138,0.6
exp4_group_0.6,random,philippine,12534,189,1495,1160,87,43.861111111111114,126,0.6
exp4_group_0.6,back_to_front,philippine,12534,189,1655,1552,99,78.05555555555556,277,0.6
exp4_group_0.6,outside_in,philippine,12534,189,1384,1155,63,39.47222222222222,128,0.6
exp4_group_0.6,steffen,philippine,12534,189,1293,1371,75,39.69444444444444,124,0.6
exp4_group_0.6,random,philippine,12535,190,1387,1034,89,41.2,146,0.6
exp4_group_0.6,back_to_front,philippine,12535,190,1808,1665,85,76.90555555555555,215,0.6
exp4_group_0.6,outside_in,philippine,12535,190,1372,1101,64,41.55,112,0.6
exp4_group_0.6,steffen,philippine,12535,190,1209,1320,56,32.84444444444444,109,0.6
exp4_group_0.6,random,philippine,12536,191,1492,1227,87,52.233333333333334,193,0.6
exp4_group_0.6,back_to_front,philippine,12536,191,1695,1428,103,73.02777777777777,213,0.6
exp4_group_0.6,outside_in,philippine,12536,191,1289,1125,75,37.88333333333333,129,0.6
exp4_group_0.6,steffen,philippine,12536,191,1135,1283,48,31.705555555555556,89,0.6
exp4_group_0.6,random,philippine,12537,192,1593,1119,88,47.21111111111111,136,0.6
exp4_group_0.6,back_to_front,philippine,12537,192,1688,1635,83,82.47222222222223,285,0.6
exp4_group_0.6,outside_in,philippine,12537,192,1383,1415,64,53.57222222222222,156,0.6
exp4_group_0.6,steffen,philippine,12537,192,1155,1066,59,27.4,155,0.6
exp4_group_0.6,random,philippine,12538,193,1529,1253,89,52.544444444444444,143,0.6
exp4_group_0.6,back_to_front,philippine,12538,193,1631,1549,90,78.21666666666667,211,0.6
exp4_group_0.6,outside_in,philippine,12538,193,1420,1256,66,48.05555555555556,176,0.6
exp4_group_0.6,steffen,philippine,12538,193,1164,1289,57,38.48888888888889,111,0.6
exp4_group_0.6,random,philippine,12539,194,1366,1324,93,49.96666666666667,152,0.6
exp4_group_0.6,back_to_front,philippine,12539,194,1920,1695,82,101.91111111111111,293,0.6
exp4_group_0.6,outside_in,philippine,12539,194,1419,1128,68,45.422222222222224,127,0.6
exp4_group_0.6,steffen,philippine,12539,194,1160,1242,68,30.127777777777776,105,0.6
exp4_group_0.6,random,philippine,12540,195,1327,1267,85,45.36666666666667,158,0.6
exp4_group_0.6,back_to_front,philippine,12540,195,1786,1698,87,80.75,198,0.6
exp4_group_0.6,outside_in,philippine,12540,195,1351,1261,69,37.48888888888889,134,0.6
exp4_group_0.6,steffen,philippine,12540,195,1131,1288,70,27.06111111111111,111,0.6
exp4_group_0.6,random,philippine,12541,196,1376,1141,81,41.87777777777778,155,0.6
exp4_group_0.6,back_to_front,philippine,12541,196,1863,1601,94,80.78333333333333,198,0.6
exp4_group_0.6,outside_in,philippine,12541,196,1348,1158,63,42.416666666666664,146,0.6
exp4_group_0.6,steffen,philippine,12541,196,1258,1366,71,38.922222222222224,140,0.6
exp4_group_0.6,random,philippine,12542,197,1426,1180,89,44.888888888888886,143,0.6
exp4_group_0.6,back_to_front,philippine,12542,197,1776,1628,91,80.53888888888889,248,0.6
exp4_group_0.6,outside_in,philippine,12542,197,1389,1332,49,47.955555555555556,136,0.6
exp4_group_0.6,steffen,philippine,12542,197,1311,1526,58,43.77777777777778,127,0.6
exp4_group_0.6,random,philippine,12543,198,1354,1263,83,40.583333333333336,135,0.6
exp4_group_0.6,back_to_front,philippine,12543,198,1668,1598,90,78.4888888888889,221,0.6
exp4_group_0.6,outside_in,philippine,12543,198,1414,1240,63,44.83888888888889,133,0.6
exp4_group_0.6,steffen,philippine,12543,198,1284,1298,66,38.827777777777776,153,0.6
exp4_group_0.6,random,philippine,12544,199,1523,1245,102,52.4,132,0.6
exp4_group_0.6,back_to_front,philippine,12544,199,1706,1628,82,87.37777777777778,242,0.6
exp4_group_0.6,outside_in,philippine,12544,199,1301,1108,72,34.983333333333334,108,0.6
exp4_group_0.6,steffen,philippine,12544,199,1161,1293,58,36.772222222222226,113,0.6
