experiment,strategy,scenario,seed,rep_id,total_boarding_time_s,aisle_interference_events,seat_interference_events,mean_wait_time_s,max_wait_time_s,compliance_rate
exp3_compliance_1.00,random,philippine,12345,0,1353,1077,89,39.45,113,1.0
exp3_compliance_1.00,back_to_front,philippine,12345,0,1815,1763,95,91.17222222222222,223,1.0
exp3_compliance_1.00,outside_in,philippine,12345,0,1492,1303,44,64.50555555555556,187,1.0
exp3_compliance_1.00,steffen,philippine,12345,0,1136,1444,36,37.51111111111111,122,1.0
exp3_compliance_1.00,random,philippine,12346,1,1443,1196,93,40.37222222222222,110,1.0
exp3_compliance_1.00,back_to_front,philippine,12346,1,1906,1869,96,103.73333333333333,257,1.0
exp3_compliance_1.00,outside_in,philippine,12346,1,1356,1300,41,42.16111111111111,114,1.0
exp3_compliance_1.00,steffen,philippine,12346,1,1053,1570,35,37.08888888888889,113,1.0
exp3_compliance_1.00,random,philippine,12347,2,1358,1259,90,43.44444444444444,153,1.0
exp3_compliance_1.00,back_to_front,philippine,12347,2,1833,1890,85,105.95,263,1.0
exp3_compliance_1.00,outside_in,philippine,12347,2,1266,1248,35,36.077777777777776,117,1.0
exp3_compliance_1.00,steffen,philippine,12347,2,1182,1728,31,44.327777777777776,155,1.0
exp3_compliance_1.00,random,philippine,12348,3,1492,1162,89,46.8,129,1.0
exp3_compliance_1.00,back_to_front,philippine,12348,3,1842,1874,104,100.13888888888889,250,1.0
exp3_compliance_1.00,outside_in,philippine,12348,3,1327,1191,30,38.96111111111111,132,1.0
exp3_compliance_1.00,steffen,philippine,12348,3,1101,1272,28,33.794444444444444,122,1.0
exp3_compliance_1.00,random,philippine,12349,4,1466,1224,75,46.76111111111111,128,1.0
exp3_compliance_1.00,back_to_front,philippine,12349,4,1801,1947,83,92.65555555555555,199,1.0
exp3_compliance_1.00,outside_in,philippine,12349,4,1386,1290,25,43.59444444444444,127,1.0
exp3_compliance_1.00,steffen,philippine,12349,4,1223,1419,34,38.21111111111111,124,1.0
exp3_compliance_1.00,random,philippine,12350,5,1400,1150,76,45.611111111111114,143,1.0
exp3_compliance_1.00,back_to_front,philippine,12350,5,1969,1900,86,104.61666666666666,229,1.0
exp3_compliance_1.00,outside_in,philippine,12350,5,1251,1112,38,38.43333333333333,140,1.0
exp3_compliance_1.00,steffen,philippine,12350,5,1155,1567,29,43.111111111111114,143,1.0
exp3_compliance_1.00,random,philippine,12351,6,1483,1131,85,44.766666666666666,118,1.0
exp3_compliance_1.00,back_to_front,philippine,12351,6,1827,1822,83,104.4888888888889,302,1.0
exp3_compliance_1.00,outside_in,philippine,12351,6,1319,1027,33,37.19444444444444,195,1.0
exp3_compliance_1.00,steffen,philippine,12351,6,1138,1459,35,43.22222222222222,148,1.0
exp3_compliance_1.00,random,philippine,12352,7,1481,1147,74,44.15555555555556,139,1.0
exp3_compliance_1.00,back_to_front,philippine,12352,7,1990,1866,93,107.91666666666667,276,1.0
exp3_compliance_1.00,outside_in,philippine,12352,7,1325,1140,35,38.93333333333333,127,1.0
exp3_compliance_1.00,steffen,philippine,12352,7,1169,1396,37,38.74444444444445,134,1.0
exp3_compliance_1.00,random,philippine,12353,8,1419,1178,99,46.56111111111111,144,1.0
exp3_compliance_1.00,back_to_front,philippine,12353,8,2090,1909,84,115.66666666666667,261,1.0
exp3_compliance_1.00,outside_in,philippine,12353,8,1453,1234,30,47.93333333333333,173,1.0
exp3_compliance_1.00,steffen,philippine,12353,8,1148,1643,39,42.81111111111111,156,1.0
exp3_compliance_1.00,random,philippine,12354,9,1463,1195,81,44.72222222222222,140,1.0
exp3_compliance_1.00,back_to_front,philippine,12354,9,1896,1825,86,106.4888888888889,244,1.0
exp3_compliance_1.00,outside_in,philippine,12354,9,1333,1045,36,35.94444444444444,121,1.0
exp3_compliance_1.00,steffen,philippine,12354,9,1203,1262,34,40.00555555555555,144,1.0
exp3_compliance_1.00,random,philippine,12355,10,1442,1265,86,53.272222222222226,151,1.0
exp3_compliance_1.00,back_to_front,philippine,12355,10,1872,1833,87,97.77777777777777,257,1.0
exp3_compliance_1.00,outside_in,philippine,12355,10,1328,1150,28,38.06111111111111,125,1.0
exp3_compliance_1.00,steffen,philippine,12355,10,1148,1357,44,41.577777777777776,135,1.0
exp3_compliance_1.00,random,philippine,12356,11,1542,1356,103,58.83888888888889,201,1.0
exp3_compliance_1.00,back_to_front,philippine,12356,11,1956,1934,87,110.72777777777777,239,1.0
exp3_compliance_1.00,outside_in,philippine,12356,11,1272,1152,31,36.6,125,1.0
exp3_compliance_1.00,steffen,philippine,12356,11,1132,1523,32,41.666666666666664,154,1.0
exp3_compliance_1.00,random,philippine,12357,12,1447,1120,85,43.13333333333333,158,1.0
exp3_compliance_1.00,back_to_front,philippine,12357,12,2134,1881,86,117.08333333333333,284,1.0
exp3_compliance_1.00,outside_in,philippine,12357,12,1379,1105,36,42.72222222222222,180,1.0
exp3_compliance_1.00,steffen,philippine,12357,12,1155,1162,30,33.58888888888889,130,1.0
exp3_compliance_1.00,random,philippine,12358,13,1420,1321,87,44.67777777777778,130,1.0
exp3_compliance_1.00,back_to_front,philippine,12358,13,2044,1790,95,104.72777777777777,247,1.0
exp3_compliance_1.00,outside_in,philippine,12358,13,1286,1386,36,45.23888888888889,133,1.0
exp3_compliance_1.00,steffen,philippine,12358,13,1040,1528,28,32.30555555555556,116,1.0
exp3_compliance_1.00,random,philippine,12359,14,1432,1171,92,51.577777777777776,171,1.0
exp3_compliance_1.00,back_to_front,philippine,12359,14,1922,1923,77,102.97777777777777,264,1.0
exp3_compliance_1.00,outside_in,philippine,12359,14,1341,1265,37,39.43333333333333,106,1.0
exp3_compliance_1.00,steffen,philippine,12359,14,1257,1372,36,45.01111111111111,175,1.0
exp3_compliance_1.00,random,philippine,12360,15,1447,1146,84,43.74444444444445,133,1.0
exp3_compliance_1.00,back_to_front,philippine,12360,15,1904,1835,93,109.96666666666667,282,1.0
exp3_compliance_1.00,outside_in,philippine,12360,15,1306,1226,28,42.82222222222222,138,1.0
exp3_compliance_1.00,steffen,philippine,12360,15,1122,1528,42,43.96666666666667,149,1.0
exp3_compliance_1.00,random,philippine,12361,16,1445,1256,93,47.78333333333333,148,1.0
exp3_compliance_1.00,back_to_front,philippine,12361,16,1835,1766,91,94.11111111111111,223,1.0
exp3_compliance_1.00,outside_in,philippine,12361,16,1277,1210,32,34.016666666666666,114,1.0
exp3_compliance_1.00,steffen,philippine,12361,16,1161,1384,29,36.266666666666666,141,1.0
exp3_compliance_1.00,random,philippine,12362,17,1473,1329,87,58.794444444444444,226,1.0
exp3_compliance_1.00,back_to_front,philippine,12362,17,1951,1966,109,113.39444444444445,297,1.0
exp3_compliance_1.00,outside_in,philippine,12362,17,1384,1285,35,46.06666666666667,195,1.0
exp3_compliance_1.00,steffen,philippine,12362,17,1150,1606,36,37.733333333333334,152,1.0
exp3_compliance_1.00,random,philippine,12363,18,1557,1262,87,55.48888888888889,164,1.0
exp3_compliance_1.00,back_to_front,philippine,12363,18,2063,1742,85,113.30555555555556,277,1.0
exp3_compliance_1.00,outside_in,philippine,12363,18,1498,1186,40,47.01111111111111,186,1.0
exp3_compliance_1.00,steffen,philippine,12363,18,1208,1329,29,43.81666666666667,182,1.0
exp3_compliance_1.00,random,philippine,12364,19,1484,1262,105,50.78888888888889,147,1.0
exp3_compliance_1.00,back_to_front,philippine,12364,19,1847,1799,91,110.03333333333333,281,1.0
exp3_compliance_1.00,outside_in,philippine,12364,19,1359,1197,33,43.022222222222226,133,1.0
exp3_compliance_1.00,steffen,philippine,12364,19,1266,1301,36,42.62222222222222,159,1.0
exp3_compliance_1.00,random,philippine,12365,20,1478,1108,90,40.93333333333333,113,1.0
exp3_compliance_1.00,back_to_front,philippine,12365,20,2116,1929,79,125.45555555555555,334,1.0
exp3_compliance_1.00,outside_in,philippine,12365,20,1357,1306,30,49.42777777777778,177,1.0
exp3_compliance_1.00,steffen,philippine,12365,20,1143,1303,41,41.544444444444444,149,1.0
exp3_compliance_1.00,random,philippine,12366,21,1357,1151,88,43.61666666666667,119,1.0
exp3_compliance_1.00,back_to_front,philippine,12366,21,1907,1803,91,109.32222222222222,282,1.0
exp3_compliance_1.00,outside_in,philippine,12366,21,1330,1140,27,39.17777777777778,163,1.0
exp3_compliance_1.00,steffen,philippine,12366,21,1122,1379,37,42.56111111111111,158,1.0
exp3_compliance_1.00,random,philippine,12367,22,1400,1247,89,44.03333333333333,129,1.0
exp3_compliance_1.00,back_to_front,philippine,12367,22,1766,1866,90,99.45,273,1.0
exp3_compliance_1.00,outside_in,philippine,12367,22,1355,1258,28,43.05,163,1.0
exp3_compliance_1.00,steffen,philippine,12367,22,1109,1529,43,35.861111111111114,131,1.0
exp3_compliance_1.00,random,philippine,12368,23,1527,1121,86,42.87222222222222,146,1.0
exp3_compliance_1.00,back_to_front,philippine,12368,23,2090,1802,79,115.8,327,1.0
exp3_compliance_1.00,outside_in,philippine,12368,23,1290,1220,37,39.71111111111111,124,1.0
exp3_compliance_1.00,steffen,philippine,12368,23,1373,1515,43,55.62222222222222,221,1.0
exp3_compliance_1.00,random,philippine,12369,24,1391,1281,91,48.43888888888889,138,1.0
exp3_compliance_1.00,back_to_front,philippine,12369,24,1812,1859,86,105.75555555555556,297,1.0
exp3_compliance_1.00,outside_in,philippine,12369,24,1290,1202,30,35.794444444444444,169,1.0
exp3_compliance_1.00,steffen,philippine,12369,24,1248,1505,38,41.266666666666666,174,1.0
exp3_compliance_1.00,random,philippine,12370,25,1450,1243,82,45.84444444444444,160,1.0
exp3_compliance_1.00,back_to_front,philippine,12370,25,2004,1947,87,106.72222222222223,259,1.0
exp3_compliance_1.00,outside_in,philippine,12370,25,1391,1053,37,40.22222222222222,125,1.0
exp3_compliance_1.00,steffen,philippine,12370,25,1242,1321,39,48.644444444444446,168,1.0
exp3_compliance_1.00,random,philippine,12371,26,1553,1293,92,53.62777777777778,153,1.0
exp3_compliance_1.00,back_to_front,philippine,12371,26,1809,1795,90,92.56666666666666,240,1.0
exp3_compliance_1.00,outside_in,philippine,12371,26,1304,1241,32,38.233333333333334,119,1.0
exp3_compliance_1.00,steffen,philippine,12371,26,1157,1382,34,37.28888888888889,146,1.0
exp3_compliance_1.00,random,philippine,12372,27,1481,1163,80,47.03333333333333,138,1.0
exp3_compliance_1.00,back_to_front,philippine,12372,27,1859,1894,107,105.38888888888889,294,1.0
exp3_compliance_1.00,outside_in,philippine,12372,27,1390,1112,30,40.25555555555555,164,1.0
exp3_compliance_1.00,steffen,philippine,12372,27,1071,1528,29,31.805555555555557,99,1.0
exp3_compliance_1.00,random,philippine,12373,28,1365,1303,93,43.99444444444445,154,1.0
exp3_compliance_1.00,back_to_front,philippine,12373,28,2020,1885,76,114.02777777777777,316,1.0
exp3_compliance_1.00,outside_in,philippine,12373,28,1274,1306,45,44.05,181,1.0
exp3_compliance_1.00,steffen,philippine,12373,28,1100,1498,42,38.61666666666667,130,1.0
exp3_compliance_1.00,random,philippine,12374,29,1430,1175,96,45.2,147,1.0
exp3_compliance_1.00,back_to_front,philippine,12374,29,1897,1789,86,112.33333333333333,322,1.0
exp3_compliance_1.00,outside_in,philippine,12374,29,1354,1054,41,40.2,136,1.0
exp3_compliance_1.00,steffen,philippine,12374,29,1119,1533,37,41.8,136,1.0
exp3_compliance_1.00,random,philippine,12375,30,1497,1235,95,49.90555555555556,161,1.0
exp3_compliance_1.00,back_to_front,philippine,12375,30,1786,1829,94,93.33333333333333,231,1.0
exp3_compliance_1.00,outside_in,philippine,12375,30,1390,1318,33,40.477777777777774,140,1.0
exp3_compliance_1.00,steffen,philippine,12375,30,1195,1548,35,43.31111111111111,142,1.0
exp3_compliance_1.00,random,philippine,12376,31,1440,1222,95,45.077777777777776,117,1.0
exp3_compliance_1.00,back_to_front,philippine,12376,31,1870,1799,99,94.08333333333333,252,1.0
exp3_compliance_1.00,outside_in,philippine,12376,31,1320,1150,39,41.78888888888889,114,1.0
exp3_compliance_1.00,steffen,philippine,12376,31,1149,1466,40,45.05555555555556,186,1.0
exp3_compliance_1.00,random,philippine,12377,32,1573,1337,87,51.9,199,1.0
exp3_compliance_1.00,back_to_front,philippine,12377,32,1956,1973,87,118.20555555555555,351,1.0
exp3_compliance_1.00,outside_in,philippine,12377,32,1318,1294,29,43.43333333333333,156,1.0
exp3_compliance_1.00,steffen,philippine,12377,32,1200,1393,37,44.044444444444444,143,1.0
exp3_compliance_1.00,random,philippine,12378,33,1588,1216,95,62.105555555555554,166,1.0
exp3_compliance_1.00,back_to_front,philippine,12378,33,2084,1855,89,116.96111111111111,307,1.0
exp3_compliance_1.00,outside_in,philippine,12378,33,1259,1189,37,43.68333333333333,175,1.0
exp3_compliance_1.00,steffen,philippine,12378,33,1156,1411,29,39.0,133,1.0
exp3_compliance_1.00,random,philippine,12379,34,1442,1143,87,42.227777777777774,166,1.0
exp3_compliance_1.00,back_to_front,philippine,12379,34,1920,1879,96,107.0111111111111,271,1.0
exp3_compliance_1.00,outside_in,philippine,12379,34,1363,1215,34,47.138888888888886,176,1.0
exp3_compliance_1.00,steffen,philippine,12379,34,1159,1401,40,42.75555555555555,161,1.0
exp3_compliance_1.00,random,philippine,12380,35,1485,1158,88,44.65,132,1.0
exp3_compliance_1.00,back_to_front,philippine,12380,35,1906,1829,88,106.88333333333334,268,1.0
exp3_compliance_1.00,outside_in,philippine,12380,35,1276,1295,43,35.90555555555556,92,1.0
exp3_compliance_1.00,steffen,philippine,12380,35,1121,1582,35,41.18333333333333,145,1.0
exp3_compliance_1.00,random,philippine,12381,36,1459,1344,91,51.772222222222226,170,1.0
exp3_compliance_1.00,back_to_front,philippine,12381,36,1973,1903,96,124.0,344,1.0
exp3_compliance_1.00,outside_in,philippine,12381,36,1269,1195,31,38.227777777777774,123,1.0
exp3_compliance_1.00,steffen,philippine,12381,36,1158,1613,44,44.81111111111111,166,1.0
exp3_compliance_1.00,random,philippine,12382,37,1495,1078,93,51.333333333333336,140,1.0
exp3_compliance_1.00,back_to_front,philippine,12382,37,1882,1616,99,97.13888888888889,237,1.0
exp3_compliance_1.00,outside_in,philippine,12382,37,1322,1085,41,41.5,135,1.0
exp3_compliance_1.00,steffen,philippine,12382,37,1165,1469,37,38.16111111111111,126,1.0
exp3_compliance_1.00,random,philippine,12383,38,1397,1260,83,41.16111111111111,141,1.0
exp3_compliance_1.00,back_to_front,philippine,12383,38,1942,1866,97,118.67777777777778,314,1.0
exp3_compliance_1.00,outside_in,philippine,12383,38,1264,1207,38,40.19444444444444,129,1.0
exp3_compliance_1.00,steffen,philippine,12383,38,1190,1471,30,41.49444444444445,123,1.0
exp3_compliance_1.00,random,philippine,12384,39,1543,1345,104,61.87777777777778,189,1.0
exp3_compliance_1.00,back_to_front,philippine,12384,39,1911,1750,100,109.04444444444445,257,1.0
exp3_compliance_1.00,outside_in,philippine,12384,39,1385,1278,34,47.705555555555556,142,1.0
exp3_compliance_1.00,steffen,philippine,12384,39,1123,1465,34,43.13333333333333,163,1.0
exp3_compliance_1.00,random,philippine,12385,40,1437,1105,104,41.5,151,1.0
exp3_compliance_1.00,back_to_front,philippine,12385,40,1892,1842,103,107.89444444444445,280,1.0
exp3_compliance_1.00,outside_in,philippine,12385,40,1332,1194,50,48.861111111111114,179,1.0
exp3_compliance_1.00,steffen,philippine,12385,40,1250,1563,38,42.388888888888886,156,1.0
exp3_compliance_1.00,random,philippine,12386,41,1553,1277,92,51.983333333333334,171,1.0
exp3_compliance_1.00,back_to_front,philippine,12386,41,1804,1831,79,93.92222222222222,217,1.0
exp3_compliance_1.00,outside_in,philippine,12386,41,1232,1191,32,35.77777777777778,129,1.0
exp3_compliance_1.00,steffen,philippine,12386,41,1240,1450,30,43.544444444444444,156,1.0
exp3_compliance_1.00,random,philippine,12387,42,1559,1189,98,48.294444444444444,132,1.0
exp3_compliance_1.00,back_to_front,philippine,12387,42,2058,1782,92,116.71111111111111,274,1.0
exp3_compliance_1.00,outside_in,philippine,12387,42,1410,1118,35,42.62777777777778,138,1.0
exp3_compliance_1.00,steffen,philippine,12387,42,1136,1286,32,38.25,138,1.0
exp3_compliance_1.00,random,philippine,12388,43,1331,1259,85,42.28888888888889,155,1.0
exp3_compliance_1.00,back_to_front,philippine,12388,43,1990,1868,101,102.08333333333333,218,1.0
exp3_compliance_1.00,outside_in,philippine,12388,43,1324,1163,28,38.41111111111111,123,1.0
exp3_compliance_1.00,steffen,philippine,12388,43,1172,1570,36,41.37777777777778,158,1.0
exp3_compliance_1.00,random,philippine,12389,44,1628,1218,109,51.03888888888889,159,1.0
exp3_compliance_1.00,back_to_front,philippine,12389,44,1955,1828,92,106.07777777777778,316,1.0
exp3_compliance_1.00,outside_in,philippine,12389,44,1370,1190,31,37.477777777777774,119,1.0
exp3_compliance_1.00,steffen,philippine,12389,44,1113,1328,33,32.15,141,1.0
exp3_compliance_1.00,random,philippine,12390,45,1449,1225,99,44.12222222222222,102,1.0
exp3_compliance_1.00,back_to_front,philippine,12390,45,1894,1805,87,111.24444444444444,324,1.0
exp3_compliance_1.00,outside_in,philippine,12390,45,1310,984,39,34.644444444444446,149,1.0
exp3_compliance_1.00,steffen,philippine,12390,45,1147,1440,33,39.266666666666666,134,1.0
exp3_compliance_1.00,random,philippine,12391,46,1504,1170,95,43.02777777777778,182,1.0
exp3_compliance_1.00,back_to_front,philippine,12391,46,1831,1858,97,97.11666666666666,238,1.0
exp3_compliance_1.00,outside_in,philippine,12391,46,1432,1241,45,41.33888888888889,152,1.0
exp3_compliance_1.00,steffen,philippine,12391,46,1251,1475,30,47.21666666666667,143,1.0
exp3_compliance_1.00,random,philippine,12392,47,1469,1201,92,46.33888888888889,174,1.0
exp3_compliance_1.00,back_to_front,philippine,12392,47,1918,1827,95,104.37222222222222,288,1.0
exp3_compliance_1.00,outside_in,philippine,12392,47,1347,1137,29,43.99444444444445,146,1.0
exp3_compliance_1.00,steffen,philippine,12392,47,1138,1144,37,35.83888888888889,135,1.0
exp3_compliance_1.00,random,philippine,12393,48,1438,1284,99,45.30555555555556,133,1.0
exp3_compliance_1.00,back_to_front,philippine,12393,48,1939,1832,95,107.52777777777777,294,1.0
exp3_compliance_1.00,outside_in,philippine,12393,48,1367,1145,40,41.61666666666667,124,1.0
exp3_compliance_1.00,steffen,philippine,12393,48,1075,1385,32,36.87777777777778,178,1.0
exp3_compliance_1.00,random,philippine,12394,49,1516,1201,91,51.12222222222222,161,1.0
exp3_compliance_1.00,back_to_front,philippine,12394,49,1919,1829,88,102.97222222222223,236,1.0
exp3_compliance_1.00,outside_in,philippine,12394,49,1355,1083,37,40.361111111111114,121,1.0
exp3_compliance_1.00,steffen,philippine,12394,49,1126,1286,34,31.58888888888889,110,1.0
exp3_compliance_1.00,random,philippine,12395,50,1336,1324,85,46.88333333333333,130,1.0
exp3_compliance_1.00,back_to_front,philippine,12395,50,1984,1708,101,101.71666666666667,311,1.0
exp3_compliance_1.00,outside_in,philippine,12395,50,1366,1170,40,41.6,129,1.0
exp3_compliance_1.00,steffen,philippine,12395,50,1129,1404,37,45.01111111111111,165,1.0
exp3_compliance_1.00,random,philippine,12396,51,1523,1195,102,51.53333333333333,219,1.0
exp3_compliance_1.00,back_to_front,philippine,12396,51,1971,1890,85,116.52222222222223,327,1.0
exp3_compliance_1.00,outside_in,philippine,12396,51,1270,1288,35,43.81111111111111,184,1.0
exp3_compliance_1.00,steffen,philippine,12396,51,1062,1524,38,36.42777777777778,112,1.0
exp3_compliance_1.00,random,philippine,12397,52,1447,1292,83,46.81666666666667,163,1.0
exp3_compliance_1.00,back_to_front,philippine,12397,52,1829,1790,86,99.98333333333333,224,1.0
exp3_compliance_1.00,outside_in,philippine,12397,52,1315,1230,43,36.455555555555556,143,1.0
exp3_compliance_1.00,steffen,philippine,12397,52,1154,1310,31,36.083333333333336,134,1.0
exp3_compliance_1.00,random,philippine,12398,53,1366,1108,84,38.09444444444444,123,1.0
exp3_compliance_1.00,back_to_front,philippine,12398,53,1951,1876,94,106.86111111111111,278,1.0
exp3_compliance_1.00,outside_in,philippine,12398,53,1277,1086,35,34.022222222222226,97,1.0
exp3_compliance_1.00,steffen,philippine,12398,53,1066,1362,39,28.894444444444446,99,1.0
exp3_compliance_1.00,random,philippine,12399,54,1499,1222,80,50.46666666666667,144,1.0
exp3_compliance_1.00,back_to_front,philippine,12399,54,1863,1790,91,101.71666666666667,244,1.0
exp3_compliance_1.00,outside_in,philippine,12399,54,1407,1219,39,40.922222222222224,123,1.0
exp3_compliance_1.00,steffen,philippine,12399,54,1089,1230,39,39.544444444444444,153,1.0
exp3_compliance_1.00,random,philippine,12400,55,1434,1179,101,46.5,147,1.0
exp3_compliance_1.00,back_to_front,philippine,12400,55,1897,1855,78,112.36666666666666,292,1.0
exp3_compliance_1.00,outside_in,philippine,12400,55,1305,1307,44,38.44444444444444,115,1.0
exp3_compliance_1.00,steffen,philippine,12400,55,1126,1640,36,40.772222222222226,163,1.0
exp3_compliance_1.00,random,philippine,12401,56,1441,1252,89,50.98888888888889,142,1.0
exp3_compliance_1.00,back_to_front,philippine,12401,56,1899,1814,100,100.72777777777777,242,1.0
exp3_compliance_1.00,outside_in,philippine,12401,56,1203,1205,28,39.294444444444444,137,1.0
exp3_compliance_1.00,steffen,philippine,12401,56,1131,1428,36,39.61666666666667,134,1.0
exp3_compliance_1.00,random,philippine,12402,57,1501,1332,105,57.81666666666667,173,1.0
exp3_compliance_1.00,back_to_front,philippine,12402,57,1930,1919,83,107.93333333333334,272,1.0
exp3_compliance_1.00,outside_in,philippine,12402,57,1296,1227,38,41.205555555555556,140,1.0
exp3_compliance_1.00,steffen,philippine,12402,57,1220,1423,41,48.477777777777774,164,1.0
exp3_compliance_1.00,random,philippine,12403,58,1510,1321,91,51.38333333333333,156,1.0
exp3_compliance_1.00,back_to_front,philippine,12403,58,1940,1883,89,110.67222222222222,274,1.0
exp3_compliance_1.00,outside_in,philippine,12403,58,1325,1367,31,53.03333333333333,136,1.0
exp3_compliance_1.00,steffen,philippine,12403,58,1141,1220,36,36.577777777777776,153,1.0
exp3_compliance_1.00,random,philippine,12404,59,1459,1256,87,50.388888888888886,148,1.0
exp3_compliance_1.00,back_to_front,philippine,12404,59,1993,1932,84,115.89444444444445,255,1.0
exp3_compliance_1.00,outside_in,philippine,12404,59,1312,1127,35,34.022222222222226,115,1.0
exp3_compliance_1.00,steffen,philippine,12404,59,1177,1370,35,42.855555555555554,171,1.0
exp3_compliance_1.00,random,philippine,12405,60,1612,1285,92,53.33888888888889,160,1.0
exp3_compliance_1.00,back_to_front,philippine,12405,60,1982,1882,96,120.5,295,1.0
exp3_compliance_1.00,outside_in,philippine,12405,60,1352,1178,40,38.58888888888889,138,1.0
exp3_compliance_1.00,steffen,philippine,12405,60,1196,1386,31,46.66111111111111,141,1.0
exp3_compliance_1.00,random,philippine,12406,61,1346,1230,92,39.605555555555554,122,1.0
exp3_compliance_1.00,back_to_front,philippine,12406,61,1830,1779,91,98.28888888888889,223,1.0
exp3_compliance_1.00,outside_in,philippine,12406,61,1270,1222,25,35.166666666666664,113,1.0
exp3_compliance_1.00,steffen,philippine,12406,61,1130,1531,29,38.37222222222222,135,1.0
exp3_compliance_1.00,random,philippine,12407,62,1422,1135,80,45.227777777777774,149,1.0
exp3_compliance_1.00,back_to_front,philippine,12407,62,1903,1776,82,103.12222222222222,280,1.0
exp3_compliance_1.00,outside_in,philippine,12407,62,1324,1173,35,38.07222222222222,130,1.0
exp3_compliance_1.00,steffen,philippine,12407,62,1108,1520,35,39.55,164,1.0
exp3_compliance_1.00,random,philippine,12408,63,1397,1206,102,46.00555555555555,174,1.0
exp3_compliance_1.00,back_to_front,philippine,12408,63,1900,1963,87,104.0111111111111,288,1.0
exp3_compliance_1.00,outside_in,philippine,12408,63,1345,1331,36,43.22222222222222,134,1.0
exp3_compliance_1.00,steffen,philippine,12408,63,1121,1431,43,35.077777777777776,134,1.0
exp3_compliance_1.00,random,philippine,12409,64,1588,1300,84,59.68333333333333,175,1.0
exp3_compliance_1.00,back_to_front,philippine,12409,64,2083,1918,101,125.22222222222223,309,1.0
exp3_compliance_1.00,outside_in,philippine,12409,64,1388,1232,34,40.422222222222224,126,1.0
exp3_compliance_1.00,steffen,philippine,12409,64,1135,1497,35,39.08888888888889,154,1.0
exp3_compliance_1.00,random,philippine,12410,65,1420,1151,94,40.766666666666666,134,1.0
exp3_compliance_1.00,back_to_front,philippine,12410,65,1955,1904,91,108.59444444444445,259,1.0
exp3_compliance_1.00,outside_in,philippine,12410,65,1203,1335,29,44.69444444444444,165,1.0
exp3_compliance_1.00,steffen,philippine,12410,65,1104,1450,36,41.92777777777778,180,1.0
exp3_compliance_1.00,random,philippine,12411,66,1504,1030,95,43.96111111111111,134,1.0
exp3_compliance_1.00,back_to_front,philippine,12411,66,1902,1675,102,96.7,270,1.0
exp3_compliance_1.00,outside_in,philippine,12411,66,1277,1096,28,36.30555555555556,148,1.0
exp3_compliance_1.00,steffen,philippine,12411,66,1158,1203,41,35.294444444444444,150,1.0
exp3_compliance_1.00,random,philippine,12412,67,1484,1268,85,48.22222222222222,160,1.0
exp3_compliance_1.00,back_to_front,philippine,12412,67,1995,1952,93,111.05555555555556,244,1.0
exp3_compliance_1.00,outside_in,philippine,12412,67,1348,1336,37,45.477777777777774,153,1.0
exp3_compliance_1.00,steffen,philippine,12412,67,1212,1646,33,54.88333333333333,221,1.0
exp3_compliance_1.00,random,philippine,12413,68,1540,1267,98,52.50555555555555,154,1.0
exp3_compliance_1.00,back_to_front,philippine,12413,68,1971,1766,86,109.4888888888889,297,1.0
exp3_compliance_1.00,outside_in,philippine,12413,68,1301,1158,36,43.38333333333333,149,1.0
exp3_compliance_1.00,steffen,philippine,12413,68,1163,1277,38,36.90555555555556,179,1.0
exp3_compliance_1.00,random,philippine,12414,69,1639,1304,87,51.955555555555556,125,1.0
exp3_compliance_1.00,back_to_front,philippine,12414,69,1883,1834,90,101.44444444444444,239,1.0
exp3_compliance_1.00,outside_in,philippine,12414,69,1315,1184,28,41.083333333333336,141,1.0
exp3_compliance_1.00,steffen,philippine,12414,69,1228,1423,38,39.355555555555554,143,1.0
exp3_compliance_1.00,random,philippine,12415,70,1381,1295,82,47.99444444444445,150,1.0
exp3_compliance_1.00,back_to_front,philippine,12415,70,1884,1867,80,105.98333333333333,270,1.0
exp3_compliance_1.00,outside_in,philippine,12415,70,1352,1197,42,39.26111111111111,116,1.0
exp3_compliance_1.00,steffen,philippine,12415,70,1115,1702,35,48.922222222222224,181,1.0
exp3_compliance_1.00,random,philippine,12416,71,1468,1177,85,46.105555555555554,130,1.0
exp3_compliance_1.00,back_to_front,philippine,12416,71,1843,1933,91,101.80555555555556,261,1.0
exp3_compliance_1.00,outside_in,philippine,12416,71,1321,1068,39,35.105555555555554,111,1.0
exp3_compliance_1.00,steffen,philippine,12416,71,1008,1578,34,32.022222222222226,88,1.0
exp3_compliance_1.00,random,philippine,12417,72,1498,1083,97,44.138888888888886,134,1.0
exp3_compliance_1.00,back_to_front,philippine,12417,72,1717,1768,99,91.2388888888889,222,1.0
exp3_compliance_1.00,outside_in,philippine,12417,72,1348,1261,31,40.416666666666664,113,1.0
exp3_compliance_1.00,steffen,philippine,12417,72,1233,1435,46,44.044444444444444,142,1.0
exp3_compliance_1.00,random,philippine,12418,73,1600,1246,97,54.51111111111111,142,1.0
exp3_compliance_1.00,back_to_front,philippine,12418,73,2062,1819,104,108.42222222222222,283,1.0
exp3_compliance_1.00,outside_in,philippine,12418,73,1441,1104,39,41.32222222222222,120,1.0
exp3_compliance_1.00,steffen,philippine,12418,73,1187,1303,40,38.9,166,1.0
exp3_compliance_1.00,random,philippine,12419,74,1461,1276,86,52.31111111111111,165,1.0
exp3_compliance_1.00,back_to_front,philippine,12419,74,1751,1783,65,91.4888888888889,239,1.0
exp3_compliance_1.00,outside_in,philippine,12419,74,1421,1206,40,44.638888888888886,127,1.0
exp3_compliance_1.00,steffen,philippine,12419,74,1113,1416,39,35.85,125,1.0
exp3_compliance_1.00,random,philippine,12420,75,1501,1326,89,48.977777777777774,147,1.0
exp3_compliance_1.00,back_to_front,philippine,12420,75,1712,1801,88,98.58888888888889,255,1.0
exp3_compliance_1.00,outside_in,philippine,12420,75,1265,1158,37,36.61666666666667,131,1.0
exp3_compliance_1.00,steffen,philippine,12420,75,1167,1405,30,42.85,156,1.0
exp3_compliance_1.00,random,philippine,12421,76,1414,1234,96,46.44444444444444,154,1.0
exp3_compliance_1.00,back_to_front,philippine,12421,76,1802,1858,86,100.72777777777777,314,1.0
exp3_compliance_1.00,outside_in,philippine,12421,76,1260,1269,36,37.53333333333333,129,1.0
exp3_compliance_1.00,steffen,philippine,12421,76,1160,1477,43,36.93333333333333,131,1.0
exp3_compliance_1.00,random,philippine,12422,77,1376,1438,88,50.01111111111111,167,1.0
exp3_compliance_1.00,back_to_front,philippine,12422,77,1956,2041,82,107.2388888888889,244,1.0
exp3_compliance_1.00,outside_in,philippine,12422,77,1386,1235,35,40.96666666666667,101,1.0
exp3_compliance_1.00,steffen,philippine,12422,77,1136,1384,39,35.2,126,1.0
exp3_compliance_1.00,random,philippine,12423,78,1450,1144,102,43.18333333333333,139,1.0
exp3_compliance_1.00,back_to_front,philippine,12423,78,1912,1757,84,105.56666666666666,309,1.0
exp3_compliance_1.00,outside_in,philippine,12423,78,1335,1347,33,42.172222222222224,181,1.0
exp3_compliance_1.00,steffen,philippine,12423,78,1140,1501,34,43.62222222222222,146,1.0
exp3_compliance_1.00,random,philippine,12424,79,1376,1125,93,40.00555555555555,123,1.0
exp3_compliance_1.00,back_to_front,philippine,12424,79,1887,1644,93,103.3,292,1.0
exp3_compliance_1.00,outside_in,philippine,12424,79,1246,1115,32,36.90555555555556,138,1.0
exp3_compliance_1.00,steffen,philippine,12424,79,1151,1367,32,35.03333333333333,127,1.0
exp3_compliance_1.00,random,philippine,12425,80,1523,1147,107,44.73888888888889,130,1.0
exp3_compliance_1.00,back_to_front,philippine,12425,80,1933,1807,86,105.13888888888889,263,1.0
exp3_compliance_1.00,outside_in,philippine,12425,80,1465,1189,40,46.333333333333336,141,1.0
exp3_compliance_1.00,steffen,philippine,12425,80,1204,1363,34,36.772222222222226,133,1.0
exp3_compliance_1.00,random,philippine,12426,81,1408,1274,92,46.6,151,1.0
exp3_compliance_1.00,back_to_front,philippine,12426,81,1966,1889,80,109.27777777777777,296,1.0
exp3_compliance_1.00,outside_in,philippine,12426,81,1328,1251,38,43.772222222222226,224,1.0
exp3_compliance_1.00,steffen,philippine,12426,81,1115,1505,40,39.888888888888886,149,1.0
exp3_compliance_1.00,random,philippine,12427,82,1280,1337,77,41.477777777777774,136,1.0
exp3_compliance_1.00,back_to_front,philippine,12427,82,1871,1777,90,97.38333333333334,252,1.0
exp3_compliance_1.00,outside_in,philippine,12427,82,1250,1122,21,35.9,144,1.0
exp3_compliance_1.00,steffen,philippine,12427,82,1113,1450,34,43.19444444444444,146,1.0
exp3_compliance_1.00,random,philippine,12428,83,1370,1061,78,35.611111111111114,117,1.0
exp3_compliance_1.00,back_to_front,philippine,12428,83,1968,1929,75,111.41666666666667,266,1.0
exp3_compliance_1.00,outside_in,philippine,12428,83,1307,1223,41,41.9,126,1.0
exp3_compliance_1.00,steffen,philippine,12428,83,1209,1526,29,43.861111111111114,175,1.0
exp3_compliance_1.00,random,philippine,12429,84,1500,1326,84,52.84444444444444,198,1.0
exp3_compliance_1.00,back_to_front,philippine,12429,84,1952,1876,98,110.49444444444444,240,1.0
exp3_compliance_1.00,outside_in,philippine,12429,84,1254,1251,36,41.31666666666667,172,1.0
exp3_compliance_1.00,steffen,philippine,12429,84,1033,1533,37,34.333333333333336,105,1.0
exp3_compliance_1.00,random,philippine,12430,85,1459,1303,100,52.63333333333333,197,1.0
exp3_compliance_1.00,back_to_front,philippine,12430,85,1956,1708,79,109.22777777777777,286,1.0
exp3_compliance_1.00,outside_in,philippine,12430,85,1284,1197,31,38.43888888888889,121,1.0
exp3_compliance_1.00,steffen,philippine,12430,85,1060,1420,32,36.611111111111114,139,1.0
exp3_compliance_1.00,random,philippine,12431,86,1448,1360,90,48.56111111111111,175,1.0
exp3_compliance_1.00,back_to_front,philippine,12431,86,1842,1773,90,107.58888888888889,256,1.0
exp3_compliance_1.00,outside_in,philippine,12431,86,1408,1103,31,41.74444444444445,135,1.0
exp3_compliance_1.00,steffen,philippine,12431,86,1231,1627,33,47.65,137,1.0
exp3_compliance_1.00,random,philippine,12432,87,1559,1256,99,48.233333333333334,130,1.0
exp3_compliance_1.00,back_to_front,philippine,12432,87,2051,1900,90,117.96666666666667,352,1.0
exp3_compliance_1.00,outside_in,philippine,12432,87,1419,1143,33,40.58888888888889,117,1.0
exp3_compliance_1.00,steffen,philippine,12432,87,1166,1456,37,38.672222222222224,180,1.0
exp3_compliance_1.00,random,philippine,12433,88,1591,1351,109,50.88333333333333,144,1.0
exp3_compliance_1.00,back_to_front,philippine,12433,88,1913,1849,86,104.14444444444445,304,1.0
exp3_compliance_1.00,outside_in,philippine,12433,88,1288,1080,31,35.93888888888889,92,1.0
exp3_compliance_1.00,steffen,philippine,12433,88,1224,1433,33,45.85,165,1.0
exp3_compliance_1.00,random,philippine,12434,89,1383,1251,98,44.43888888888889,115,1.0
exp3_compliance_1.00,back_to_front,philippine,12434,89,1796,1871,88,100.46111111111111,241,1.0
exp3_compliance_1.00,outside_in,philippine,12434,89,1252,1251,31,41.044444444444444,139,1.0
exp3_compliance_1.00,steffen,philippine,12434,89,1129,1460,37,37.55,132,1.0
exp3_compliance_1.00,random,philippine,12435,90,1425,1153,106,45.23888888888889,142,1.0
exp3_compliance_1.00,back_to_front,philippine,12435,90,2072,1923,89,121.31666666666666,284,1.0
exp3_compliance_1.00,outside_in,philippine,12435,90,1331,1325,39,37.56666666666667,136,1.0
exp3_compliance_1.00,steffen,philippine,12435,90,1175,1222,30,39.48888888888889,139,1.0
exp3_compliance_1.00,random,philippine,12436,91,1446,1124,102,45.53333333333333,150,1.0
exp3_compliance_1.00,back_to_front,philippine,12436,91,2058,1909,95,119.58333333333333,283,1.0
exp3_compliance_1.00,outside_in,philippine,12436,91,1444,1252,35,43.31111111111111,139,1.0
exp3_compliance_1.00,steffen,philippine,12436,91,1130,1172,34,36.05,133,1.0
exp3_compliance_1.00,random,philippine,12437,92,1372,1088,100,42.05,136,1.0
exp3_compliance_1.00,back_to_front,philippine,12437,92,1773,1806,87,97.68333333333334,252,1.0
exp3_compliance_1.00,outside_in,philippine,12437,92,1278,1218,37,40.55555555555556,124,1.0
exp3_compliance_1.00,steffen,philippine,12437,92,1077,1387,39,33.611111111111114,111,1.0
exp3_compliance_1.00,random,philippine,12438,93,1454,1295,97,51.27777777777778,206,1.0
exp3_compliance_1.00,back_to_front,philippine,12438,93,1893,1897,80,104.87222222222222,272,1.0
exp3_compliance_1.00,outside_in,philippine,12438,93,1388,1306,32,42.06111111111111,161,1.0
exp3_compliance_1.00,steffen,philippine,12438,93,1154,1592,37,42.93888888888889,130,1.0
exp3_compliance_1.00,random,philippine,12439,94,1356,1096,88,38.05555555555556,127,1.0
exp3_compliance_1.00,back_to_front,philippine,12439,94,2095,1852,98,118.08333333333333,324,1.0
exp3_compliance_1.00,outside_in,philippine,12439,94,1292,1260,41,46.77777777777778,137,1.0
exp3_compliance_1.00,steffen,philippine,12439,94,1146,1400,43,37.72222222222222,132,1.0
exp3_compliance_1.00,random,philippine,12440,95,1466,1263,109,46.95,131,1.0
exp3_compliance_1.00,back_to_front,philippine,12440,95,1833,1875,94,101.44444444444444,313,1.0
exp3_compliance_1.00,outside_in,philippine,12440,95,1337,1082,32,41.916666666666664,128,1.0
exp3_compliance_1.00,steffen,philippine,12440,95,1089,1301,33,32.93333333333333,133,1.0
exp3_compliance_1.00,random,philippine,12441,96,1518,1201,85,50.52777777777778,127,1.0
exp3_compliance_1.00,back_to_front,philippine,12441,96,1810,1862,82,110.30555555555556,354,1.0
exp3_compliance_1.00,outside_in,philippine,12441,96,1424,1244,36,40.394444444444446,128,1.0
exp3_compliance_1.00,steffen,philippine,12441,96,1165,1439,32,40.766666666666666,137,1.0
exp3_compliance_1.00,random,philippine,12442,97,1490,1390,95,50.09444444444444,164,1.0
exp3_compliance_1.00,back_to_front,philippine,12442,97,1970,1883,93,116.1,297,1.0
exp3_compliance_1.00,outside_in,philippine,12442,97,1323,1197,32,41.59444444444444,116,1.0
exp3_compliance_1.00,steffen,philippine,12442,97,1195,1551,36,48.32222222222222,153,1.0
exp3_compliance_1.00,random,philippine,12443,98,1534,1277,89,55.63333333333333,194,1.0
exp3_compliance_1.00,back_to_front,philippine,12443,98,1857,1763,86,101.15555555555555,262,1.0
exp3_compliance_1.00,outside_in,philippine,12443,98,1450,1270,32,57.355555555555554,184,1.0
exp3_compliance_1.00,steffen,philippine,12443,98,1106,1542,30,37.88333333333333,120,1.0
exp3_compliance_1.00,random,philippine,12444,99,1420,1287,89,47.394444444444446,154,1.0
exp3_compliance_1.00,back_to_front,philippine,12444,99,2111,1769,86,119.9888888888889,329,1.0
exp3_compliance_1.00,outside_in,philippine,12444,99,1275,1169,36,35.205555555555556,116,1.0
exp3_compliance_1.00,steffen,philippine,12444,99,1229,1425,36,48.15,192,1.0
exp3_compliance_1.00,random,philippine,12445,100,1364,1196,85,51.4,162,1.0
exp3_compliance_1.00,back_to_front,philippine,12445,100,1855,1816,86,108.37222222222222,284,1.0
exp3_compliance_1.00,outside_in,philippine,12445,100,1390,1145,28,39.48888888888889,146,1.0
exp3_compliance_1.00,steffen,philippine,12445,100,1239,1305,45,41.71111111111111,147,1.0
exp3_compliance_1.00,random,philippine,12446,101,1547,1237,97,48.1,214,1.0
exp3_compliance_1.00,back_to_front,philippine,12446,101,1889,1948,101,105.78333333333333,240,1.0
exp3_compliance_1.00,outside_in,philippine,12446,101,1260,1292,37,40.37777777777778,116,1.0
exp3_compliance_1.00,steffen,philippine,12446,101,1097,1339,34,33.40555555555556,107,1.0
exp3_compliance_1.00,random,philippine,12447,102,1497,1177,88,46.34444444444444,122,1.0
exp3_compliance_1.00,back_to_front,philippine,12447,102,1845,1851,72,102.77222222222223,276,1.0
exp3_compliance_1.00,outside_in,philippine,12447,102,1324,1296,44,39.58888888888889,116,1.0
exp3_compliance_1.00,steffen,philippine,12447,102,1143,1604,43,38.74444444444445,126,1.0
exp3_compliance_1.00,random,philippine,12448,103,1565,1331,86,52.65555555555556,154,1.0
exp3_compliance_1.00,back_to_front,philippine,12448,103,1928,1848,97,104.4888888888889,258,1.0
exp3_compliance_1.00,outside_in,philippine,12448,103,1262,1317,39,42.388888888888886,152,1.0
exp3_compliance_1.00,steffen,philippine,12448,103,1147,1485,38,36.894444444444446,125,1.0
exp3_compliance_1.00,random,philippine,12449,104,1441,1228,89,47.63333333333333,144,1.0
exp3_compliance_1.00,back_to_front,philippine,12449,104,1990,1740,81,108.79444444444445,269,1.0
exp3_compliance_1.00,outside_in,philippine,12449,104,1409,1266,39,43.07222222222222,142,1.0
exp3_compliance_1.00,steffen,philippine,12449,104,1205,1371,48,45.63333333333333,173,1.0
exp3_compliance_1.00,random,philippine,12450,105,1520,1155,95,42.42777777777778,147,1.0
exp3_compliance_1.00,back_to_front,philippine,12450,105,1975,1875,87,111.82222222222222,260,1.0
exp3_compliance_1.00,outside_in,philippine,12450,105,1366,1239,26,44.41111111111111,124,1.0
exp3_compliance_1.00,steffen,philippine,12450,105,1244,1508,41,51.25555555555555,180,1.0
exp3_compliance_1.00,random,philippine,12451,106,1521,1117,91,47.455555555555556,131,1.0
exp3_compliance_1.00,back_to_front,philippine,12451,106,1917,1873,85,108.18888888888888,262,1.0
exp3_compliance_1.00,outside_in,philippine,12451,106,1330,1318,38,44.78888888888889,166,1.0
exp3_compliance_1.00,steffen,philippine,12451,106,1158,1316,34,38.98888888888889,147,1.0
exp3_compliance_1.00,random,philippine,12452,107,1444,1226,74,45.09444444444444,143,1.0
exp3_compliance_1.00,back_to_front,philippine,12452,107,2112,1980,96,119.32777777777778,314,1.0
exp3_compliance_1.00,outside_in,philippine,12452,107,1262,1346,25,41.666666666666664,124,1.0
exp3_compliance_1.00,steffen,philippine,12452,107,1073,1496,40,33.105555555555554,115,1.0
exp3_compliance_1.00,random,philippine,12453,108,1537,1270,91,56.81111111111111,157,1.0
exp3_compliance_1.00,back_to_front,philippine,12453,108,1928,1675,86,105.18888888888888,259,1.0
exp3_compliance_1.00,outside_in,philippine,12453,108,1314,1261,33,42.68333333333333,125,1.0
exp3_compliance_1.00,steffen,philippine,12453,108,1161,1375,39,39.67777777777778,148,1.0
exp3_compliance_1.00,random,philippine,12454,109,1445,1250,79,46.638888888888886,154,1.0
exp3_compliance_1.00,back_to_front,philippine,12454,109,2045,1820,88,113.10555555555555,243,1.0
exp3_compliance_1.00,outside_in,philippine,12454,109,1311,1173,31,40.833333333333336,111,1.0
exp3_compliance_1.00,steffen,philippine,12454,109,1167,1346,37,38.37222222222222,162,1.0
exp3_compliance_1.00,random,philippine,12455,110,1540,1374,102,62.94444444444444,179,1.0
exp3_compliance_1.00,back_to_front,philippine,12455,110,1910,1863,83,106.86666666666666,278,1.0
exp3_compliance_1.00,outside_in,philippine,12455,110,1408,1217,43,43.31666666666667,121,1.0
exp3_compliance_1.00,steffen,philippine,12455,110,1162,1501,47,38.955555555555556,130,1.0
exp3_compliance_1.00,random,philippine,12456,111,1411,1203,97,44.52777777777778,149,1.0
exp3_compliance_1.00,back_to_front,philippine,12456,111,1819,1812,88,106.56111111111112,297,1.0
exp3_compliance_1.00,outside_in,philippine,12456,111,1325,1223,32,38.40555555555556,107,1.0
exp3_compliance_1.00,steffen,philippine,12456,111,1202,1259,30,35.59444444444444,146,1.0
exp3_compliance_1.00,random,philippine,12457,112,1455,1236,90,48.33888888888889,147,1.0
exp3_compliance_1.00,back_to_front,philippine,12457,112,1862,1831,91,99.96111111111111,289,1.0
exp3_compliance_1.00,outside_in,philippine,12457,112,1356,1285,41,41.077777777777776,129,1.0
exp3_compliance_1.00,steffen,philippine,12457,112,1038,1329,27,30.31111111111111,135,1.0
exp3_compliance_1.00,random,philippine,12458,113,1378,1159,89,44.855555555555554,143,1.0
exp3_compliance_1.00,back_to_front,philippine,12458,113,2025,1854,83,114.40555555555555,270,1.0
exp3_compliance_1.00,outside_in,philippine,12458,113,1448,1269,41,41.8,116,1.0
exp3_compliance_1.00,steffen,philippine,12458,113,1103,1526,40,39.138888888888886,139,1.0
exp3_compliance_1.00,random,philippine,12459,114,1356,1330,96,53.272222222222226,164,1.0
exp3_compliance_1.00,back_to_front,philippine,12459,114,1924,1788,102,103.76666666666667,265,1.0
exp3_compliance_1.00,outside_in,philippine,12459,114,1349,1189,32,43.53333333333333,120,1.0
exp3_compliance_1.00,steffen,philippine,12459,114,1185,1453,42,37.78333333333333,146,1.0
exp3_compliance_1.00,random,philippine,12460,115,1495,1191,85,47.12777777777778,136,1.0
exp3_compliance_1.00,back_to_front,philippine,12460,115,1911,1814,95,109.62777777777778,269,1.0
exp3_compliance_1.00,outside_in,philippine,12460,115,1267,1163,41,35.47222222222222,111,1.0
exp3_compliance_1.00,steffen,philippine,12460,115,1046,1272,27,26.711111111111112,99,1.0
exp3_compliance_1.00,random,philippine,12461,116,1404,1054,87,35.50555555555555,100,1.0
exp3_compliance_1.00,back_to_front,philippine,12461,116,1909,1866,78,109.95555555555555,315,1.0
exp3_compliance_1.00,outside_in,philippine,12461,116,1225,961,38,32.65555555555556,94,1.0
exp3_compliance_1.00,steffen,philippine,12461,116,1105,1457,40,43.09444444444444,131,1.0
exp3_compliance_1.00,random,philippine,12462,117,1480,1267,91,45.81111111111111,128,1.0
exp3_compliance_1.00,back_to_front,philippine,12462,117,1859,1778,104,99.60555555555555,298,1.0
exp3_compliance_1.00,outside_in,philippine,12462,117,1343,1278,39,43.15555555555556,143,1.0
exp3_compliance_1.00,steffen,philippine,12462,117,1084,1458,34,40.85,138,1.0
exp3_compliance_1.00,random,philippine,12463,118,1374,1304,74,46.67777777777778,150,1.0
exp3_compliance_1.00,back_to_front,philippine,12463,118,2025,1896,85,115.47777777777777,264,1.0
exp3_compliance_1.00,outside_in,philippine,12463,118,1261,1199,39,39.23888888888889,115,1.0
exp3_compliance_1.00,steffen,philippine,12463,118,1118,1367,34,36.12777777777778,121,1.0
exp3_compliance_1.00,random,philippine,12464,119,1500,1264,91,56.55555555555556,167,1.0
exp3_compliance_1.00,back_to_front,philippine,12464,119,1853,1802,90,101.73333333333333,261,1.0
exp3_compliance_1.00,outside_in,philippine,12464,119,1275,1244,35,44.294444444444444,143,1.0
exp3_compliance_1.00,steffen,philippine,12464,119,1106,1304,35,37.01111111111111,115,1.0
exp3_compliance_1.00,random,philippine,12465,120,1430,1137,85,49.638888888888886,213,1.0
exp3_compliance_1.00,back_to_front,philippine,12465,120,1873,1738,96,94.16111111111111,214,1.0
exp3_compliance_1.00,outside_in,philippine,12465,120,1394,1238,40,42.638888888888886,164,1.0
exp3_compliance_1.00,steffen,philippine,12465,120,1099,1457,30,40.022222222222226,135,1.0
exp3_compliance_1.00,random,philippine,12466,121,1473,1235,78,47.2,154,1.0
exp3_compliance_1.00,back_to_front,philippine,12466,121,1748,1749,86,95.71666666666667,260,1.0
exp3_compliance_1.00,outside_in,philippine,12466,121,1337,1146,42,36.577777777777776,164,1.0
exp3_compliance_1.00,steffen,philippine,12466,121,1162,1452,38,40.06666666666667,185,1.0
exp3_compliance_1.00,random,philippine,12467,122,1496,1204,95,52.11666666666667,166,1.0
exp3_compliance_1.00,back_to_front,philippine,12467,122,1842,1874,72,93.4888888888889,210,1.0
exp3_compliance_1.00,outside_in,philippine,12467,122,1225,1202,32,36.99444444444445,135,1.0
exp3_compliance_1.00,steffen,philippine,12467,122,1123,1410,42,37.45,165,1.0
exp3_compliance_1.00,random,philippine,12468,123,1523,1253,103,49.333333333333336,180,1.0
exp3_compliance_1.00,back_to_front,philippine,12468,123,1884,1741,87,95.97777777777777,239,1.0
exp3_compliance_1.00,outside_in,philippine,12468,123,1231,1158,34,34.638888888888886,143,1.0
exp3_compliance_1.00,steffen,philippine,12468,123,1179,1624,35,46.09444444444444,143,1.0
exp3_compliance_1.00,random,philippine,12469,124,1491,1267,95,55.65555555555556,164,1.0
exp3_compliance_1.00,back_to_front,philippine,12469,124,1751,1877,85,98.45555555555555,252,1.0
exp3_compliance_1.00,outside_in,philippine,12469,124,1295,1167,31,36.733333333333334,118,1.0
exp3_compliance_1.00,steffen,philippine,12469,124,1120,1433,45,37.355555555555554,156,1.0
exp3_compliance_1.00,random,philippine,12470,125,1413,1231,95,57.083333333333336,190,1.0
exp3_compliance_1.00,back_to_front,philippine,12470,125,1910,1755,74,102.18333333333334,262,1.0
exp3_compliance_1.00,outside_in,philippine,12470,125,1367,1104,39,38.13333333333333,114,1.0
exp3_compliance_1.00,steffen,philippine,12470,125,1041,1284,42,31.383333333333333,104,1.0
exp3_compliance_1.00,random,philippine,12471,126,1570,1266,84,54.455555555555556,159,1.0
exp3_compliance_1.00,back_to_front,philippine,12471,126,1874,1822,99,106.82222222222222,280,1.0
exp3_compliance_1.00,outside_in,philippine,12471,126,1245,1218,41,40.48888888888889,117,1.0
exp3_compliance_1.00,steffen,philippine,12471,126,1099,1441,37,41.78888888888889,120,1.0
exp3_compliance_1.00,random,philippine,12472,127,1438,1193,100,40.58888888888889,111,1.0
exp3_compliance_1.00,back_to_front,philippine,12472,127,2033,1910,96,121.28888888888889,312,1.0
exp3_compliance_1.00,outside_in,philippine,12472,127,1477,1372,31,46.455555555555556,161,1.0
exp3_compliance_1.00,steffen,philippine,12472,127,1160,1468,36,43.73888888888889,153,1.0
exp3_compliance_1.00,random,philippine,12473,128,1489,1238,78,46.59444444444444,173,1.0
exp3_compliance_1.00,back_to_front,philippine,12473,128,1987,1896,85,120.63888888888889,305,1.0
exp3_compliance_1.00,outside_in,philippine,12473,128,1298,1072,33,32.455555555555556,91,1.0
exp3_compliance_1.00,steffen,philippine,12473,128,1108,1640,44,42.07222222222222,147,1.0
exp3_compliance_1.00,random,philippine,12474,129,1361,1068,73,41.53888888888889,133,1.0
exp3_compliance_1.00,back_to_front,philippine,12474,129,1826,1865,87,95.09444444444445,227,1.0
exp3_compliance_1.00,outside_in,philippine,12474,129,1298,1146,38,38.3,116,1.0
exp3_compliance_1.00,steffen,philippine,12474,129,1209,1433,43,45.05555555555556,164,1.0
exp3_compliance_1.00,random,philippine,12475,130,1529,1322,91,47.86666666666667,156,1.0
exp3_compliance_1.00,back_to_front,philippine,12475,130,1859,1829,93,108.20555555555555,266,1.0
exp3_compliance_1.00,outside_in,philippine,12475,130,1329,1153,37,41.55,131,1.0
exp3_compliance_1.00,steffen,philippine,12475,130,1221,1386,32,41.31666666666667,160,1.0
exp3_compliance_1.00,random,philippine,12476,131,1425,1342,86,49.99444444444445,142,1.0
exp3_compliance_1.00,back_to_front,philippine,12476,131,1914,1702,89,99.72777777777777,234,1.0
exp3_compliance_1.00,outside_in,philippine,12476,131,1398,1293,33,42.638888888888886,141,1.0
exp3_compliance_1.00,steffen,philippine,12476,131,1226,1453,32,46.42777777777778,148,1.0
exp3_compliance_1.00,random,philippine,12477,132,1432,1242,100,47.55,123,1.0
exp3_compliance_1.00,back_to_front,philippine,12477,132,1917,1832,80,98.16666666666667,217,1.0
exp3_compliance_1.00,outside_in,philippine,12477,132,1397,1232,33,48.48888888888889,178,1.0
exp3_compliance_1.00,steffen,philippine,12477,132,1150,1396,37,41.81111111111111,148,1.0
exp3_compliance_1.00,random,philippine,12478,133,1445,1259,79,49.46666666666667,177,1.0
exp3_compliance_1.00,back_to_front,philippine,12478,133,1927,1799,85,108.62777777777778,319,1.0
exp3_compliance_1.00,outside_in,philippine,12478,133,1269,1080,30,31.616666666666667,124,1.0
exp3_compliance_1.00,steffen,philippine,12478,133,1174,1384,29,39.522222222222226,144,1.0
exp3_compliance_1.00,random,philippine,12479,134,1528,1296,85,50.266666666666666,181,1.0
exp3_compliance_1.00,back_to_front,philippine,12479,134,1872,1894,99,106.66111111111111,286,1.0
exp3_compliance_1.00,outside_in,philippine,12479,134,1367,1119,37,39.76111111111111,135,1.0
exp3_compliance_1.00,steffen,philippine,12479,134,1150,1524,33,39.77777777777778,139,1.0
exp3_compliance_1.00,random,philippine,12480,135,1480,1270,87,51.66111111111111,195,1.0
exp3_compliance_1.00,back_to_front,philippine,12480,135,2111,1804,96,129.26111111111112,343,1.0
exp3_compliance_1.00,outside_in,philippine,12480,135,1262,1205,36,38.6,150,1.0
exp3_compliance_1.00,steffen,philippine,12480,135,1271,1423,31,50.56666666666667,161,1.0
exp3_compliance_1.00,random,philippine,12481,136,1443,1267,87,48.18333333333333,140,1.0
exp3_compliance_1.00,back_to_front,philippine,12481,136,1820,1812,84,100.77222222222223,273,1.0
exp3_compliance_1.00,outside_in,philippine,12481,136,1389,1220,49,45.422222222222224,179,1.0
exp3_compliance_1.00,steffen,philippine,12481,136,1176,1516,25,51.61666666666667,181,1.0
exp3_compliance_1.00,random,philippine,12482,137,1423,1121,92,43.96111111111111,143,1.0
exp3_compliance_1.00,back_to_front,philippine,12482,137,1847,1926,92,110.04444444444445,309,1.0
exp3_compliance_1.00,outside_in,philippine,12482,137,1285,1192,31,43.32222222222222,120,1.0
exp3_compliance_1.00,steffen,philippine,12482,137,1088,1478,41,34.083333333333336,91,1.0
exp3_compliance_1.00,random,philippine,12483,138,1523,1313,86,59.861111111111114,212,1.0
exp3_compliance_1.00,back_to_front,philippine,12483,138,1877,1861,77,96.06111111111112,218,1.0
exp3_compliance_1.00,outside_in,philippine,12483,138,1271,1126,31,37.172222222222224,121,1.0
exp3_compliance_1.00,steffen,philippine,12483,138,1225,1321,40,37.17777777777778,136,1.0
exp3_compliance_1.00,random,philippine,12484,139,1479,1263,79,51.88333333333333,178,1.0
exp3_compliance_1.00,back_to_front,philippine,12484,139,1946,1846,97,107.61666666666666,226,1.0
exp3_compliance_1.00,outside_in,philippine,12484,139,1330,1100,36,39.09444444444444,147,1.0
exp3_compliance_1.00,steffen,philippine,12484,139,1276,1424,38,49.455555555555556,172,1.0
exp3_compliance_1.00,random,philippine,12485,140,1489,1155,84,48.733333333333334,123,1.0
exp3_compliance_1.00,back_to_front,philippine,12485,140,1734,1652,92,90.27777777777777,255,1.0
exp3_compliance_1.00,outside_in,philippine,12485,140,1342,1143,37,41.02777777777778,108,1.0
exp3_compliance_1.00,steffen,philippine,12485,140,1078,1430,35,37.044444444444444,133,1.0
exp3_compliance_1.00,random,philippine,12486,141,1526,1324,102,48.983333333333334,141,1.0
exp3_compliance_1.00,back_to_front,philippine,12486,141,1954,1923,85,114.81666666666666,299,1.0
exp3_compliance_1.00,outside_in,philippine,12486,141,1255,1305,27,39.044444444444444,109,1.0
exp3_compliance_1.00,steffen,philippine,12486,141,1102,1373,32,41.172222222222224,148,1.0
exp3_compliance_1.00,random,philippine,12487,142,1296,1229,89,43.37777777777778,157,1.0
exp3_compliance_1.00,back_to_front,philippine,12487,142,1774,1908,95,86.6,215,1.0
exp3_compliance_1.00,outside_in,philippine,12487,142,1313,1288,40,40.83888888888889,145,1.0
exp3_compliance_1.00,steffen,philippine,12487,142,1027,1263,28,31.183333333333334,107,1.0
exp3_compliance_1.00,random,philippine,12488,143,1411,1195,76,44.077777777777776,127,1.0
exp3_compliance_1.00,back_to_front,philippine,12488,143,1960,1908,90,111.83888888888889,263,1.0
exp3_compliance_1.00,outside_in,philippine,12488,143,1380,1298,35,44.33888888888889,123,1.0
exp3_compliance_1.00,steffen,philippine,12488,143,1172,1582,36,50.01111111111111,152,1.0
exp3_compliance_1.00,random,philippine,12489,144,1450,1326,94,50.05,155,1.0
exp3_compliance_1.00,back_to_front,philippine,12489,144,1985,1930,96,114.63888888888889,282,1.0
exp3_compliance_1.00,outside_in,philippine,12489,144,1350,1235,41,41.12222222222222,133,1.0
exp3_compliance_1.00,steffen,philippine,12489,144,1109,1421,39,39.416666666666664,170,1.0
exp3_compliance_1.00,random,philippine,12490,145,1548,1258,85,45.87777777777778,126,1.0
exp3_compliance_1.00,back_to_front,philippine,12490,145,1857,1798,94,102.89444444444445,275,1.0
exp3_compliance_1.00,outside_in,philippine,12490,145,1323,1208,31,35.81111111111111,112,1.0
exp3_compliance_1.00,steffen,philippine,12490,145,1112,1418,29,37.49444444444445,133,1.0
exp3_compliance_1.00,random,philippine,12491,146,1490,1132,86,44.49444444444445,159,1.0
exp3_compliance_1.00,back_to_front,philippine,12491,146,1827,1730,90,92.92777777777778,203,1.0
exp3_compliance_1.00,outside_in,philippine,12491,146,1253,1111,48,32.733333333333334,144,1.0
exp3_compliance_1.00,steffen,philippine,12491,146,1100,1397,36,34.766666666666666,156,1.0
exp3_compliance_1.00,random,philippine,12492,147,1552,1335,93,51.40555555555556,151,1.0
exp3_compliance_1.00,back_to_front,philippine,12492,147,1975,1912,103,105.91666666666667,252,1.0
exp3_compliance_1.00,outside_in,philippine,12492,147,1275,1159,29,38.92777777777778,146,1.0
exp3_compliance_1.00,steffen,philippine,12492,147,1144,1419,37,43.422222222222224,153,1.0
exp3_compliance_1.00,random,philippine,12493,148,1529,1211,98,49.91111111111111,151,1.0
exp3_compliance_1.00,back_to_front,philippine,12493,148,1781,1858,94,93.76666666666667,213,1.0
exp3_compliance_1.00,outside_in,philippine,12493,148,1281,1191,37,38.02777777777778,116,1.0
exp3_compliance_1.00,steffen,philippine,12493,148,1224,1565,34,49.84444444444444,183,1.0
exp3_compliance_1.00,random,philippine,12494,149,1405,1288,94,55.02777777777778,192,1.0
exp3_compliance_1.00,back_to_front,philippine,12494,149,1945,1947,84,115.86666666666666,279,1.0
exp3_compliance_1.00,outside_in,philippine,12494,149,1318,1318,35,42.4,150,1.0
exp3_compliance_1.00,steffen,philippine,12494,149,1103,1482,35,38.144444444444446,147,1.0
exp3_compliance_1.00,random,philippine,12495,150,1499,1193,113,44.87222222222222,157,1.0
exp3_compliance_1.00,back_to_front,philippine,12495,150,1867,1966,89,112.00555555555556,312,1.0
exp3_compliance_1.00,outside_in,philippine,12495,150,1398,1211,35,44.83888888888889,127,1.0
exp3_compliance_1.00,steffen,philippine,12495,150,1084,1544,50,33.38333333333333,123,1.0
exp3_compliance_1.00,random,philippine,12496,151,1481,1368,93,51.55,158,1.0
exp3_compliance_1.00,back_to_front,philippine,12496,151,1887,1943,89,102.22777777777777,265,1.0
exp3_compliance_1.00,outside_in,philippine,12496,151,1342,1218,36,40.3,160,1.0
exp3_compliance_1.00,steffen,philippine,12496,151,1154,1310,38,39.483333333333334,180,1.0
exp3_compliance_1.00,random,philippine,12497,152,1526,1151,87,47.333333333333336,129,1.0
exp3_compliance_1.00,back_to_front,philippine,12497,152,1932,1934,99,110.75555555555556,298,1.0
exp3_compliance_1.00,outside_in,philippine,12497,152,1297,1221,29,42.52777777777778,133,1.0
exp3_compliance_1.00,steffen,philippine,12497,152,1156,1635,28,42.6,173,1.0
exp3_compliance_1.00,random,philippine,12498,153,1450,1209,99,45.08888888888889,192,1.0
exp3_compliance_1.00,back_to_front,philippine,12498,153,1851,1975,83,107.4888888888889,268,1.0
exp3_compliance_1.00,outside_in,philippine,12498,153,1324,1303,37,40.08888888888889,112,1.0
exp3_compliance_1.00,steffen,philippine,12498,153,1148,1463,29,36.07222222222222,124,1.0
exp3_compliance_1.00,random,philippine,12499,154,1574,1338,102,53.855555555555554,152,1.0
exp3_compliance_1.00,back_to_front,philippine,12499,154,1796,1882,88,90.30555555555556,214,1.0
exp3_compliance_1.00,outside_in,philippine,12499,154,1304,1251,48,41.52777777777778,122,1.0
exp3_compliance_1.00,steffen,philippine,12499,154,1281,1642,47,43.111111111111114,130,1.0
exp3_compliance_1.00,random,philippine,12500,155,1424,1175,87,46.91111111111111,149,1.0
exp3_compliance_1.00,back_to_front,philippine,12500,155,1890,1832,89,104.97777777777777,285,1.0
exp3_compliance_1.00,outside_in,philippine,12500,155,1328,1239,35,40.59444444444444,124,1.0
exp3_compliance_1.00,steffen,philippine,12500,155,1124,1357,30,37.388888888888886,116,1.0
exp3_compliance_1.00,random,philippine,12501,156,1514,1142,88,46.294444444444444,144,1.0
exp3_compliance_1.00,back_to_front,philippine,12501,156,2062,1867,95,120.20555555555555,324,1.0
exp3_compliance_1.00,outside_in,philippine,12501,156,1469,1290,32,52.99444444444445,168,1.0
exp3_compliance_1.00,steffen,philippine,12501,156,1147,1494,32,48.61666666666667,161,1.0
exp3_compliance_1.00,random,philippine,12502,157,1545,1156,99,52.62777777777778,159,1.0
exp3_compliance_1.00,back_to_front,philippine,12502,157,1888,1852,93,107.34444444444445,321,1.0
exp3_compliance_1.00,outside_in,philippine,12502,157,1430,1216,35,42.68888888888889,142,1.0
exp3_compliance_1.00,steffen,philippine,12502,157,1044,1229,33,28.694444444444443,122,1.0
exp3_compliance_1.00,random,philippine,12503,158,1562,1282,86,59.18888888888889,183,1.0
exp3_compliance_1.00,back_to_front,philippine,12503,158,1887,1892,87,104.4888888888889,228,1.0
exp3_compliance_1.00,outside_in,philippine,12503,158,1389,1172,36,38.727777777777774,165,1.0
exp3_compliance_1.00,steffen,philippine,12503,158,1115,1500,50,40.18333333333333,128,1.0
exp3_compliance_1.00,random,philippine,12504,159,1499,1266,81,49.0,159,1.0
exp3_compliance_1.00,back_to_front,philippine,12504,159,1986,1805,105,108.71111111111111,261,1.0
exp3_compliance_1.00,outside_in,philippine,12504,159,1312,1129,32,38.4,119,1.0
exp3_compliance_1.00,steffen,philippine,12504,159,1165,1470,37,42.97222222222222,152,1.0
exp3_compliance_1.00,random,philippine,12505,160,1301,1174,91,42.42777777777778,134,1.0
exp3_compliance_1.00,back_to_front,philippine,12505,160,1933,1875,96,114.37777777777778,302,1.0
exp3_compliance_1.00,outside_in,philippine,12505,160,1351,1302,41,50.56111111111111,182,1.0
exp3_compliance_1.00,steffen,philippine,12505,160,1058,1394,28,37.12777777777778,150,1.0
exp3_compliance_1.00,random,philippine,12506,161,1456,1374,90,50.32222222222222,127,1.0
exp3_compliance_1.00,back_to_front,philippine,12506,161,1909,1843,94,102.28333333333333,223,1.0
exp3_compliance_1.00,outside_in,philippine,12506,161,1345,1151,42,41.888888888888886,162,1.0
exp3_compliance_1.00,steffen,philippine,12506,161,1106,1438,39,32.55,124,1.0
exp3_compliance_1.00,random,philippine,12507,162,1440,1167,93,42.59444444444444,179,1.0
exp3_compliance_1.00,back_to_front,philippine,12507,162,1883,1856,102,98.90555555555555,241,1.0
exp3_compliance_1.00,outside_in,philippine,12507,162,1395,1111,36,42.833333333333336,133,1.0
exp3_compliance_1.00,steffen,philippine,12507,162,1110,1544,33,45.94444444444444,146,1.0
exp3_compliance_1.00,random,philippine,12508,163,1355,1237,75,41.66111111111111,164,1.0
exp3_compliance_1.00,back_to_front,philippine,12508,163,1952,1908,86,111.45,281,1.0
exp3_compliance_1.00,outside_in,philippine,12508,163,1383,1134,38,40.138888888888886,134,1.0
exp3_compliance_1.00,steffen,philippine,12508,163,1271,1629,32,38.483333333333334,107,1.0
exp3_compliance_1.00,random,philippine,12509,164,1446,1349,81,54.86666666666667,177,1.0
exp3_compliance_1.00,back_to_front,philippine,12509,164,1763,1742,88,95.71111111111111,276,1.0
exp3_compliance_1.00,outside_in,philippine,12509,164,1393,1296,27,48.15555555555556,125,1.0
exp3_compliance_1.00,steffen,philippine,12509,164,1068,1345,36,36.91111111111111,130,1.0
exp3_compliance_1.00,random,philippine,12510,165,1455,1318,110,45.111111111111114,152,1.0
exp3_compliance_1.00,back_to_front,philippine,12510,165,1996,1921,87,111.7388888888889,266,1.0
exp3_compliance_1.00,outside_in,philippine,12510,165,1288,1318,39,44.83888888888889,155,1.0
exp3_compliance_1.00,steffen,philippine,12510,165,1107,1495,32,45.12777777777778,178,1.0
exp3_compliance_1.00,random,philippine,12511,166,1424,1315,98,46.49444444444445,173,1.0
exp3_compliance_1.00,back_to_front,philippine,12511,166,1888,1875,83,106.01666666666667,292,1.0
exp3_compliance_1.00,outside_in,philippine,12511,166,1377,1384,35,44.96666666666667,137,1.0
exp3_compliance_1.00,steffen,philippine,12511,166,1257,1329,35,44.983333333333334,206,1.0
exp3_compliance_1.00,random,philippine,12512,167,1497,1128,109,46.28888888888889,124,1.0
exp3_compliance_1.00,back_to_front,philippine,12512,167,1973,1828,95,110.2388888888889,266,1.0
exp3_compliance_1.00,outside_in,philippine,12512,167,1389,1189,43,44.266666666666666,143,1.0
exp3_compliance_1.00,steffen,philippine,12512,167,1247,1456,31,45.30555555555556,134,1.0
exp3_compliance_1.00,random,philippine,12513,168,1551,1253,98,48.705555555555556,147,1.0
exp3_compliance_1.00,back_to_front,philippine,12513,168,1935,1759,85,102.85555555555555,220,1.0
exp3_compliance_1.00,outside_in,philippine,12513,168,1317,1288,37,44.74444444444445,136,1.0
exp3_compliance_1.00,steffen,philippine,12513,168,1252,1509,29,51.3,148,1.0
exp3_compliance_1.00,random,philippine,12514,169,1515,1217,84,49.18888888888889,136,1.0
exp3_compliance_1.00,back_to_front,philippine,12514,169,1848,1846,85,101.41666666666667,281,1.0
exp3_compliance_1.00,outside_in,philippine,12514,169,1382,1165,34,39.522222222222226,121,1.0
exp3_compliance_1.00,steffen,philippine,12514,169,1151,1477,37,35.90555555555556,162,1.0
exp3_compliance_1.00,random,philippine,12515,170,1366,1279,82,44.01111111111111,147,1.0
exp3_compliance_1.00,back_to_front,philippine,12515,170,1921,1803,82,105.57777777777778,245,1.0
exp3_compliance_1.00,outside_in,philippine,12515,170,1253,1246,33,37.06111111111111,127,1.0
exp3_compliance_1.00,steffen,philippine,12515,170,1164,1421,34,38.36666666666667,149,1.0
exp3_compliance_1.00,random,philippine,12516,171,1401,1209,91,43.84444444444444,160,1.0
exp3_compliance_1.00,back_to_front,philippine,12516,171,1856,1730,77,104.08888888888889,265,1.0
exp3_compliance_1.00,outside_in,philippine,12516,171,1133,1193,35,31.405555555555555,94,1.0
exp3_compliance_1.00,steffen,philippine,12516,171,1119,1362,49,37.394444444444446,146,1.0
exp3_compliance_1.00,random,philippine,12517,172,1438,1275,96,48.71666666666667,170,1.0
exp3_compliance_1.00,back_to_front,philippine,12517,172,1990,1946,82,124.75555555555556,330,1.0
exp3_compliance_1.00,outside_in,philippine,12517,172,1500,1276,24,44.02777777777778,127,1.0
exp3_compliance_1.00,steffen,philippine,12517,172,1155,1460,47,40.59444444444444,143,1.0
exp3_compliance_1.00,random,philippine,12518,173,1479,1255,83,50.18333333333333,154,1.0
exp3_compliance_1.00,back_to_front,philippine,12518,173,1903,1902,80,108.32222222222222,278,1.0
exp3_compliance_1.00,outside_in,philippine,12518,173,1314,1280,37,40.32222222222222,127,1.0
exp3_compliance_1.00,steffen,philippine,12518,173,1156,1436,34,41.544444444444444,185,1.0
exp3_compliance_1.00,random,philippine,12519,174,1558,1387,90,62.90555555555556,176,1.0
exp3_compliance_1.00,back_to_front,philippine,12519,174,2019,1944,109,111.96111111111111,251,1.0
exp3_compliance_1.00,outside_in,philippine,12519,174,1407,1175,38,42.583333333333336,132,1.0
exp3_compliance_1.00,steffen,philippine,12519,174,1252,1485,30,37.577777777777776,110,1.0
exp3_compliance_1.00,random,philippine,12520,175,1352,1284,79,46.41111111111111,151,1.0
exp3_compliance_1.00,back_to_front,philippine,12520,175,1890,1740,81,102.42777777777778,261,1.0
exp3_compliance_1.00,outside_in,philippine,12520,175,1363,1077,31,34.55,122,1.0
exp3_compliance_1.00,steffen,philippine,12520,175,1166,1399,39,39.983333333333334,143,1.0
exp3_compliance_1.00,random,philippine,12521,176,1417,1186,98,43.166666666666664,162,1.0
exp3_compliance_1.00,back_to_front,philippine,12521,176,1930,1716,90,108.52222222222223,325,1.0
exp3_compliance_1.00,outside_in,philippine,12521,176,1349,1086,38,42.144444444444446,147,1.0
exp3_compliance_1.00,steffen,philippine,12521,176,1062,1327,30,36.38333333333333,139,1.0
exp3_compliance_1.00,random,philippine,12522,177,1489,1261,83,49.1,179,1.0
exp3_compliance_1.00,back_to_front,philippine,12522,177,1842,1853,77,93.89444444444445,238,1.0
exp3_compliance_1.00,outside_in,philippine,12522,177,1281,1186,36,38.577777777777776,114,1.0
exp3_compliance_1.00,steffen,philippine,12522,177,1109,1446,31,39.09444444444444,163,1.0
exp3_compliance_1.00,random,philippine,12523,178,1643,1154,90,46.394444444444446,114,1.0
exp3_compliance_1.00,back_to_front,philippine,12523,178,1822,1776,94,109.10555555555555,283,1.0
exp3_compliance_1.00,outside_in,philippine,12523,178,1274,1238,25,41.53333333333333,116,1.0
exp3_compliance_1.00,steffen,philippine,12523,178,1109,1306,39,34.294444444444444,127,1.0
exp3_compliance_1.00,random,philippine,12524,179,1456,1247,91,48.52777777777778,133,1.0
exp3_compliance_1.00,back_to_front,philippine,12524,179,2101,1909,81,114.15555555555555,265,1.0
exp3_compliance_1.00,outside_in,philippine,12524,179,1367,1227,29,42.92777777777778,130,1.0
exp3_compliance_1.00,steffen,philippine,12524,179,1124,1494,38,39.583333333333336,123,1.0
exp3_compliance_1.00,random,philippine,12525,180,1447,1236,104,45.96111111111111,163,1.0
exp3_compliance_1.00,back_to_front,philippine,12525,180,1727,1849,78,90.90555555555555,239,1.0
exp3_compliance_1.00,outside_in,philippine,12525,180,1290,1168,32,36.477777777777774,112,1.0
exp3_compliance_1.00,steffen,philippine,12525,180,1119,1448,40,38.25555555555555,137,1.0
exp3_compliance_1.00,random,philippine,12526,181,1398,1194,84,42.48888888888889,113,1.0
exp3_compliance_1.00,back_to_front,philippine,12526,181,1846,1843,85,92.40555555555555,238,1.0
exp3_compliance_1.00,outside_in,philippine,12526,181,1297,1317,35,43.144444444444446,120,1.0
exp3_compliance_1.00,steffen,philippine,12526,181,1202,1535,52,37.80555555555556,145,1.0
exp3_compliance_1.00,random,philippine,12527,182,1427,1276,92,47.85,122,1.0
exp3_compliance_1.00,back_to_front,philippine,12527,182,1909,1790,93,111.4,263,1.0
exp3_compliance_1.00,outside_in,philippine,12527,182,1353,1198,44,45.86666666666667,144,1.0
exp3_compliance_1.00,steffen,philippine,12527,182,1108,1425,28,44.40555555555556,147,1.0
exp3_compliance_1.00,random,philippine,12528,183,1371,1292,93,51.82222222222222,160,1.0
exp3_compliance_1.00,back_to_front,philippine,12528,183,2090,1911,94,126.35555555555555,302,1.0
exp3_compliance_1.00,outside_in,philippine,12528,183,1336,1258,33,45.43333333333333,152,1.0
exp3_compliance_1.00,steffen,philippine,12528,183,1267,1456,46,45.044444444444444,158,1.0
exp3_compliance_1.00,random,philippine,12529,184,1381,1184,72,48.605555555555554,184,1.0
exp3_compliance_1.00,back_to_front,philippine,12529,184,1818,1722,95,95.58888888888889,253,1.0
exp3_compliance_1.00,outside_in,philippine,12529,184,1309,1193,26,34.11666666666667,143,1.0
exp3_compliance_1.00,steffen,philippine,12529,184,1202,1428,37,38.68888888888889,188,1.0
exp3_compliance_1.00,random,philippine,12530,185,1358,1191,93,40.138888888888886,126,1.0
exp3_compliance_1.00,back_to_front,philippine,12530,185,2046,1905,77,123.0111111111111,320,1.0
exp3_compliance_1.00,outside_in,philippine,12530,185,1315,1272,48,42.28888888888889,151,1.0
exp3_compliance_1.00,steffen,philippine,12530,185,1185,1516,29,39.58888888888889,160,1.0
exp3_compliance_1.00,random,philippine,12531,186,1557,1128,94,48.51111111111111,152,1.0
exp3_compliance_1.00,back_to_front,philippine,12531,186,1957,1869,89,114.47222222222223,334,1.0
exp3_compliance_1.00,outside_in,philippine,12531,186,1233,1174,34,39.672222222222224,124,1.0
exp3_compliance_1.00,steffen,philippine,12531,186,1153,1582,41,47.388888888888886,148,1.0
exp3_compliance_1.00,random,philippine,12532,187,1518,1306,94,54.016666666666666,163,1.0
exp3_compliance_1.00,back_to_front,philippine,12532,187,2013,1845,92,113.02222222222223,314,1.0
exp3_compliance_1.00,outside_in,philippine,12532,187,1321,1216,47,44.16111111111111,170,1.0
exp3_compliance_1.00,steffen,philippine,12532,187,1183,1483,26,41.18333333333333,168,1.0
exp3_compliance_1.00,random,philippine,12533,188,1576,1382,95,65.75,198,1.0
exp3_compliance_1.00,back_to_front,philippine,12533,188,1954,1872,86,110.91111111111111,290,1.0
exp3_compliance_1.00,outside_in,philippine,12533,188,1242,1295,38,41.37777777777778,126,1.0
exp3_compliance_1.00,steffen,philippine,12533,188,1058,1486,35,34.42777777777778,173,1.0
exp3_compliance_1.00,random,philippine,12534,189,1447,1322,91,55.111111111111114,183,1.0
exp3_compliance_1.00,back_to_front,philippine,12534,189,1808,1749,92,103.6,245,1.0
exp3_compliance_1.00,outside_in,philippine,12534,189,1426,1134,42,42.93888888888889,159,1.0
exp3_compliance_1.00,steffen,philippine,12534,189,1172,1563,41,44.855555555555554,167,1.0
exp3_compliance_1.00,random,philippine,12535,190,1360,1134,84,36.15555555555556,112,1.0
exp3_compliance_1.00,back_to_front,philippine,12535,190,2085,1935,85,122.11666666666666,305,1.0
exp3_compliance_1.00,outside_in,philippine,12535,190,1372,1141,34,40.02777777777778,130,1.0
exp3_compliance_1.00,steffen,philippine,12535,190,1155,1398,26,37.56666666666667,136,1.0
exp3_compliance_1.00,random,philippine,12536,191,1483,1195,92,48.772222222222226,133,1.0
exp3_compliance_1.00,back_to_front,philippine,12536,191,1994,1760,79,106.12222222222222,269,1.0
exp3_compliance_1.00,outside_in,philippine,12536,191,1269,1227,37,39.138888888888886,102,1.0
exp3_compliance_1.00,steffen,philippine,12536,191,1026,1318,29,32.01111111111111,122,1.0
exp3_compliance_1.00,random,philippine,12537,192,1494,1115,85,46.67777777777778,123,1.0
exp3_compliance_1.00,back_to_front,philippine,12537,192,1825,1873,89,98.9888888888889,271,1.0
exp3_compliance_1.00,outside_in,philippine,12537,192,1286,1238,32,41.19444444444444,131,1.0
exp3_compliance_1.00,steffen,philippine,12537,192,1115,1309,26,35.455555555555556,141,1.0
exp3_compliance_1.00,random,philippine,12538,193,1437,1292,91,50.611111111111114,186,1.0
exp3_compliance_1.00,back_to_front,philippine,12538,193,1884,1837,91,113.62222222222222,321,1.0
exp3_compliance_1.00,outside_in,philippine,12538,193,1396,1250,34,44.68888888888889,117,1.0
exp3_compliance_1.00,steffen,philippine,12538,193,1157,1432,29,40.15,140,1.0
exp3_compliance_1.00,random,philippine,12539,194,1504,1347,96,51.74444444444445,155,1.0
exp3_compliance_1.00,back_to_front,philippine,12539,194,1987,1942,90,110.43333333333334,302,1.0
exp3_compliance_1.00,outside_in,philippine,12539,194,1427,1288,40,41.97222222222222,122,1.0
exp3_compliance_1.00,steffen,philippine,12539,194,1101,1615,35,36.11666666666667,138,1.0
exp3_compliance_1.00,random,philippine,12540,195,1445,1325,94,46.12777777777778,135,1.0
exp3_compliance_1.00,back_to_front,philippine,12540,195,1876,1892,82,106.81666666666666,270,1.0
exp3_compliance_1.00,outside_in,philippine,12540,195,1250,1315,33,39.23888888888889,134,1.0
exp3_compliance_1.00,steffen,philippine,12540,195,1118,1567,35,36.31666666666667,119,1.0
exp3_compliance_1.00,random,philippine,12541,196,1436,1301,97,45.172222222222224,149,1.0
exp3_compliance_1.00,back_to_front,philippine,12541,196,1762,1839,87,98.4,275,1.0
exp3_compliance_1.00,outside_in,philippine,12541,196,1256,1174,25,40.233333333333334,112,1.0
exp3_compliance_1.00,steffen,philippine,12541,196,1201,1547,37,43.666666666666664,178,1.0
exp3_compliance_1.00,random,philippine,12542,197,1428,1368,83,48.138888888888886,135,1.0
exp3_compliance_1.00,back_to_front,philippine,12542,197,2017,1904,91,116.99444444444444,269,1.0
exp3_compliance_1.00,outside_in,philippine,12542,197,1268,1255,36,46.73888888888889,161,1.0
exp3_compliance_1.00,steffen,philippine,12542,197,1146,1642,32,40.18888888888889,145,1.0
exp3_compliance_1.00,random,philippine,12543,198,1417,1367,88,44.81666666666667,143,1.0
exp3_compliance_1.00,back_to_front,philippine,12543,198,2059,1916,94,115.56666666666666,284,1.0
exp3_compliance_1.00,outside_in,philippine,12543,198,1354,1282,31,41.65,127,1.0
exp3_compliance_1.00,steffen,philippine,12543,198,1146,1567,40,40.66111111111111,156,1.0
exp3_compliance_1.00,random,philippine,12544,199,1531,1310,96,60.144444444444446,159,1.0
exp3_compliance_1.00,back_to_front,philippine,12544,199,1950,1816,81,113.02777777777777,292,1.0
exp3_compliance_1.00,outside_in,philippine,12544,199,1288,1066,39,31.166666666666668,102,1.0
exp3_compliance_1.00,steffen,philippine,12544,199,1236,1546,36,49.50555555555555,183,1.0
exp3_compliance_0.90,random,philippine,12345,0,1379,1133,104,41.22222222222222,145,0.9
exp3_compliance_0.90,back_to_front,philippine,12345,0,1776,1669,96,79.76666666666667,192,0.9
exp3_compliance_0.90,outside_in,philippine,12345,0,1468,1298,53,59.18333333333333,195,0.9
exp3_compliance_0.90,steffen,philippine,12345,0,1243,1335,50,36.65555555555556,135,0.9
exp3_compliance_0.90,random,philippine,12346,1,1467,1209,92,43.46111111111111,110,0.9
exp3_compliance_0.90,back_to_front,philippine,12346,1,1792,1724,98,93.5,249,0.9
exp3_compliance_0.90,outside_in,philippine,12346,1,1423,1274,46,39.97222222222222,114,0.9
exp3_compliance_0.90,steffen,philippine,12346,1,1131,1338,47,30.511111111111113,180,0.9
exp3_compliance_0.90,random,philippine,12347,2,1374,1331,85,48.34444444444444,164,0.9
exp3_compliance_0.90,back_to_front,philippine,12347,2,1859,1868,84,102.16111111111111,267,0.9
exp3_compliance_0.90,outside_in,philippine,12347,2,1281,1319,39,41.727777777777774,143,0.9
exp3_compliance_0.90,steffen,philippine,12347,2,1098,1468,43,32.044444444444444,120,0.9
exp3_compliance_0.90,random,philippine,12348,3,1408,1143,88,40.22222222222222,117,0.9
exp3_compliance_0.90,back_to_front,philippine,12348,3,1793,1656,106,82.95,184,0.9
exp3_compliance_0.90,outside_in,philippine,12348,3,1342,1122,45,36.26111111111111,105,0.9
exp3_compliance_0.90,steffen,philippine,12348,3,1084,1218,45,28.08888888888889,127,0.9
exp3_compliance_0.90,random,philippine,12349,4,1412,1229,82,47.11666666666667,128,0.9
exp3_compliance_0.90,back_to_front,philippine,12349,4,1755,1869,77,87.94444444444444,215,0.9
exp3_compliance_0.90,outside_in,philippine,12349,4,1431,1338,41,46.861111111111114,158,0.9
exp3_compliance_0.90,steffen,philippine,12349,4,1156,1234,40,31.22222222222222,91,0.9
exp3_compliance_0.90,random,philippine,12350,5,1361,1225,75,46.855555555555554,145,0.9
exp3_compliance_0.90,back_to_front,philippine,12350,5,1900,1776,84,86.95,218,0.9
exp3_compliance_0.90,outside_in,philippine,12350,5,1360,1174,40,39.65,144,0.9
exp3_compliance_0.90,steffen,philippine,12350,5,1250,1375,41,39.78888888888889,145,0.9
exp3_compliance_0.90,random,philippine,12351,6,1279,1241,83,50.01111111111111,143,0.9
exp3_compliance_0.90,back_to_front,philippine,12351,6,1727,1744,80,94.12222222222222,277,0.9
exp3_compliance_0.90,outside_in,philippine,12351,6,1422,1071,43,38.605555555555554,146,0.9
exp3_compliance_0.90,steffen,philippine,12351,6,1121,1306,54,32.18333333333333,145,0.9
exp3_compliance_0.90,random,philippine,12352,7,1461,1217,82,46.166666666666664,147,0.9
exp3_compliance_0.90,back_to_front,philippine,12352,7,1979,1821,83,103.52222222222223,268,0.9
exp3_compliance_0.90,outside_in,philippine,12352,7,1337,1140,46,37.266666666666666,119,0.9
exp3_compliance_0.90,steffen,philippine,12352,7,1067,1349,42,33.05,125,0.9
exp3_compliance_0.90,random,philippine,12353,8,1315,1245,98,46.93888888888889,137,0.9
exp3_compliance_0.90,back_to_front,philippine,12353,8,2006,1842,77,107.79444444444445,269,0.9
exp3_compliance_0.90,outside_in,philippine,12353,8,1508,1216,44,46.43333333333333,170,0.9
exp3_compliance_0.90,steffen,philippine,12353,8,1134,1420,55,31.45,120,0.9
exp3_compliance_0.90,random,philippine,12354,9,1512,1213,87,44.46111111111111,154,0.9
exp3_compliance_0.90,back_to_front,philippine,12354,9,1916,1719,91,95.59444444444445,236,0.9
exp3_compliance_0.90,outside_in,philippine,12354,9,1301,1155,41,40.977777777777774,112,0.9
exp3_compliance_0.90,steffen,philippine,12354,9,1152,1140,41,34.85,128,0.9
exp3_compliance_0.90,random,philippine,12355,10,1496,1184,84,47.077777777777776,132,0.9
exp3_compliance_0.90,back_to_front,philippine,12355,10,1864,1839,94,96.88333333333334,240,0.9
exp3_compliance_0.90,outside_in,philippine,12355,10,1450,1158,38,39.93333333333333,124,0.9
exp3_compliance_0.90,steffen,philippine,12355,10,1238,1356,47,47.13333333333333,140,0.9
exp3_compliance_0.90,random,philippine,12356,11,1526,1331,106,51.48888888888889,138,0.9
exp3_compliance_0.90,back_to_front,philippine,12356,11,1945,1910,86,109.15,263,0.9
exp3_compliance_0.90,outside_in,philippine,12356,11,1345,1084,45,38.422222222222224,118,0.9
exp3_compliance_0.90,steffen,philippine,12356,11,1117,1457,39,36.53333333333333,126,0.9
exp3_compliance_0.90,random,philippine,12357,12,1461,1114,81,45.61666666666667,160,0.9
exp3_compliance_0.90,back_to_front,philippine,12357,12,2063,1735,83,108.66111111111111,290,0.9
exp3_compliance_0.90,outside_in,philippine,12357,12,1365,1122,45,42.87222222222222,196,0.9
exp3_compliance_0.90,steffen,philippine,12357,12,1176,1197,32,33.96111111111111,129,0.9
exp3_compliance_0.90,random,philippine,12358,13,1461,1348,88,42.983333333333334,135,0.9
exp3_compliance_0.90,back_to_front,philippine,12358,13,1905,1809,94,97.97777777777777,252,0.9
exp3_compliance_0.90,outside_in,philippine,12358,13,1406,1352,51,46.855555555555554,125,0.9
exp3_compliance_0.90,steffen,philippine,12358,13,1112,1409,44,29.011111111111113,103,0.9
exp3_compliance_0.90,random,philippine,12359,14,1437,1164,80,49.43333333333333,160,0.9
exp3_compliance_0.90,back_to_front,philippine,12359,14,1963,1841,70,102.1,256,0.9
exp3_compliance_0.90,outside_in,philippine,12359,14,1314,1287,43,39.55555555555556,112,0.9
exp3_compliance_0.90,steffen,philippine,12359,14,1165,1233,48,36.35,135,0.9
exp3_compliance_0.90,random,philippine,12360,15,1413,1192,87,45.233333333333334,149,0.9
exp3_compliance_0.90,back_to_front,philippine,12360,15,1842,1760,98,96.78888888888889,227,0.9
exp3_compliance_0.90,outside_in,philippine,12360,15,1248,1166,36,44.1,130,0.9
exp3_compliance_0.90,steffen,philippine,12360,15,1127,1380,51,38.71666666666667,135,0.9
exp3_compliance_0.90,random,philippine,12361,16,1526,1226,85,46.577777777777776,133,0.9
exp3_compliance_0.90,back_to_front,philippine,12361,16,1798,1772,94,86.91666666666667,208,0.9
exp3_compliance_0.90,outside_in,philippine,12361,16,1344,1194,56,39.0,126,0.9
exp3_compliance_0.90,steffen,philippine,12361,16,1215,1359,46,35.077777777777776,133,0.9
exp3_compliance_0.90,random,philippine,12362,17,1438,1206,85,46.672222222222224,171,0.9
exp3_compliance_0.90,back_to_front,philippine,12362,17,1914,1843,97,102.57222222222222,297,0.9
exp3_compliance_0.90,outside_in,philippine,12362,17,1419,1326,42,47.52777777777778,194,0.9
exp3_compliance_0.90,steffen,philippine,12362,17,1263,1642,45,39.705555555555556,171,0.9
exp3_compliance_0.90,random,philippine,12363,18,1444,1130,85,42.77777777777778,149,0.9
exp3_compliance_0.90,back_to_front,philippine,12363,18,1862,1674,82,96.69444444444444,281,0.9
exp3_compliance_0.90,outside_in,philippine,12363,18,1473,1227,56,51.67777777777778,215,0.9
exp3_compliance_0.90,steffen,philippine,12363,18,1223,1205,44,39.09444444444444,151,0.9
exp3_compliance_0.90,random,philippine,12364,19,1382,1235,105,49.46666666666667,171,0.9
exp3_compliance_0.90,back_to_front,philippine,12364,19,1754,1578,88,89.6,231,0.9
exp3_compliance_0.90,outside_in,philippine,12364,19,1354,1202,42,45.32222222222222,142,0.9
exp3_compliance_0.90,steffen,philippine,12364,19,1351,1295,51,42.477777777777774,132,0.9
exp3_compliance_0.90,random,philippine,12365,20,1307,1118,87,41.861111111111114,128,0.9
exp3_compliance_0.90,back_to_front,philippine,12365,20,2056,1852,78,117.88333333333334,339,0.9
exp3_compliance_0.90,outside_in,philippine,12365,20,1275,1273,52,50.227777777777774,210,0.9
exp3_compliance_0.90,steffen,philippine,12365,20,1059,1254,58,33.78888888888889,131,0.9
exp3_compliance_0.90,random,philippine,12366,21,1483,1097,84,42.99444444444445,123,0.9
exp3_compliance_0.90,back_to_front,philippine,12366,21,1819,1542,84,85.95,226,0.9
exp3_compliance_0.90,outside_in,philippine,12366,21,1426,1178,40,42.27777777777778,181,0.9
exp3_compliance_0.90,steffen,philippine,12366,21,1167,1346,45,40.27777777777778,152,0.9
exp3_compliance_0.90,random,philippine,12367,22,1413,1240,98,44.18888888888889,142,0.9
exp3_compliance_0.90,back_to_front,philippine,12367,22,1791,1720,90,90.20555555555555,261,0.9
exp3_compliance_0.90,outside_in,philippine,12367,22,1384,1262,44,45.49444444444445,151,0.9
exp3_compliance_0.90,steffen,philippine,12367,22,1073,1453,53,35.34444444444444,128,0.9
exp3_compliance_0.90,random,philippine,12368,23,1537,1191,90,51.03888888888889,188,0.9
exp3_compliance_0.90,back_to_front,philippine,12368,23,1904,1719,73,101.41111111111111,306,0.9
exp3_compliance_0.90,outside_in,philippine,12368,23,1295,1279,39,40.855555555555554,122,0.9
exp3_compliance_0.90,steffen,philippine,12368,23,1236,1484,42,49.083333333333336,188,0.9
exp3_compliance_0.90,random,philippine,12369,24,1308,1212,92,47.07222222222222,144,0.9
exp3_compliance_0.90,back_to_front,philippine,12369,24,1797,1738,76,93.82777777777778,300,0.9
exp3_compliance_0.90,outside_in,philippine,12369,24,1355,1236,47,40.172222222222224,153,0.9
exp3_compliance_0.90,steffen,philippine,12369,24,1297,1472,49,44.16111111111111,211,0.9
exp3_compliance_0.90,random,philippine,12370,25,1470,1196,91,47.638888888888886,146,0.9
exp3_compliance_0.90,back_to_front,philippine,12370,25,1949,1808,86,100.17777777777778,262,0.9
exp3_compliance_0.90,outside_in,philippine,12370,25,1296,1090,42,36.40555555555556,113,0.9
exp3_compliance_0.90,steffen,philippine,12370,25,1210,1242,52,40.09444444444444,148,0.9
exp3_compliance_0.90,random,philippine,12371,26,1498,1230,94,50.272222222222226,161,0.9
exp3_compliance_0.90,back_to_front,philippine,12371,26,1762,1690,90,84.05555555555556,223,0.9
exp3_compliance_0.90,outside_in,philippine,12371,26,1362,1244,40,39.34444444444444,119,0.9
exp3_compliance_0.90,steffen,philippine,12371,26,1198,1370,47,37.71111111111111,132,0.9
exp3_compliance_0.90,random,philippine,12372,27,1535,1153,74,47.2,153,0.9
exp3_compliance_0.90,back_to_front,philippine,12372,27,1869,1824,110,106.18333333333334,310,0.9
exp3_compliance_0.90,outside_in,philippine,12372,27,1351,1127,49,38.266666666666666,131,0.9
exp3_compliance_0.90,steffen,philippine,12372,27,1160,1474,39,30.927777777777777,141,0.9
exp3_compliance_0.90,random,philippine,12373,28,1427,1321,97,46.37222222222222,159,0.9
exp3_compliance_0.90,back_to_front,philippine,12373,28,1966,1869,83,110.32777777777778,257,0.9
exp3_compliance_0.90,outside_in,philippine,12373,28,1236,1364,57,44.983333333333334,183,0.9
exp3_compliance_0.90,steffen,philippine,12373,28,1222,1451,49,39.1,136,0.9
exp3_compliance_0.90,random,philippine,12374,29,1473,1217,90,47.327777777777776,149,0.9
exp3_compliance_0.90,back_to_front,philippine,12374,29,1845,1733,92,104.22222222222223,313,0.9
exp3_compliance_0.90,outside_in,philippine,12374,29,1373,1129,44,40.38333333333333,120,0.9
exp3_compliance_0.90,steffen,philippine,12374,29,1140,1413,45,33.016666666666666,127,0.9
exp3_compliance_0.90,random,philippine,12375,30,1475,1309,85,52.25,147,0.9
exp3_compliance_0.90,back_to_front,philippine,12375,30,1727,1723,101,84.47777777777777,194,0.9
exp3_compliance_0.90,outside_in,philippine,12375,30,1350,1263,41,42.69444444444444,151,0.9
exp3_compliance_0.90,steffen,philippine,12375,30,1191,1468,49,39.794444444444444,139,0.9
exp3_compliance_0.90,random,philippine,12376,31,1392,1224,85,44.81666666666667,143,0.9
exp3_compliance_0.90,back_to_front,philippine,12376,31,1864,1712,94,94.68888888888888,241,0.9
exp3_compliance_0.90,outside_in,philippine,12376,31,1367,1155,55,42.81111111111111,125,0.9
exp3_compliance_0.90,steffen,philippine,12376,31,1114,1373,53,32.63333333333333,128,0.9
exp3_compliance_0.90,random,philippine,12377,32,1536,1282,89,46.59444444444444,148,0.9
exp3_compliance_0.90,back_to_front,philippine,12377,32,1799,1747,81,91.21666666666667,269,0.9
exp3_compliance_0.90,outside_in,philippine,12377,32,1433,1137,47,39.361111111111114,156,0.9
exp3_compliance_0.90,steffen,philippine,12377,32,1125,1280,49,33.53888888888889,105,0.9
exp3_compliance_0.90,random,philippine,12378,33,1551,1229,97,59.05555555555556,166,0.9
exp3_compliance_0.90,back_to_front,philippine,12378,33,1966,1731,97,105.47777777777777,281,0.9
exp3_compliance_0.90,outside_in,philippine,12378,33,1330,1237,48,44.166666666666664,131,0.9
exp3_compliance_0.90,steffen,philippine,12378,33,1236,1359,45,38.81111111111111,151,0.9
exp3_compliance_0.90,random,philippine,12379,34,1457,1220,87,42.333333333333336,167,0.9
exp3_compliance_0.90,back_to_front,philippine,12379,34,1867,1863,92,104.44444444444444,263,0.9
exp3_compliance_0.90,outside_in,philippine,12379,34,1358,1271,48,48.7,154,0.9
exp3_compliance_0.90,steffen,philippine,12379,34,1140,1346,45,35.77777777777778,120,0.9
exp3_compliance_0.90,random,philippine,12380,35,1509,1123,96,44.35,133,0.9
exp3_compliance_0.90,back_to_front,philippine,12380,35,1761,1778,87,96.83333333333333,263,0.9
exp3_compliance_0.90,outside_in,philippine,12380,35,1267,1281,54,37.08888888888889,134,0.9
exp3_compliance_0.90,steffen,philippine,12380,35,1184,1457,50,33.57222222222222,121,0.9
exp3_compliance_0.90,random,philippine,12381,36,1436,1327,79,50.772222222222226,163,0.9
exp3_compliance_0.90,back_to_front,philippine,12381,36,1906,1815,96,115.40555555555555,355,0.9
exp3_compliance_0.90,outside_in,philippine,12381,36,1290,1069,37,37.7,126,0.9
exp3_compliance_0.90,steffen,philippine,12381,36,1116,1530,50,37.9,175,0.9
exp3_compliance_0.90,random,philippine,12382,37,1496,1145,91,49.67777777777778,170,0.9
exp3_compliance_0.90,back_to_front,philippine,12382,37,1915,1571,99,93.44444444444444,239,0.9
exp3_compliance_0.90,outside_in,philippine,12382,37,1329,1123,50,40.52777777777778,130,0.9
exp3_compliance_0.90,steffen,philippine,12382,37,1297,1335,45,40.272222222222226,140,0.9
exp3_compliance_0.90,random,philippine,12383,38,1433,1302,84,44.81666666666667,120,0.9
exp3_compliance_0.90,back_to_front,philippine,12383,38,1931,1729,94,109.0,288,0.9
exp3_compliance_0.90,outside_in,philippine,12383,38,1380,1206,49,42.205555555555556,139,0.9
exp3_compliance_0.90,steffen,philippine,12383,38,1243,1475,39,43.66111111111111,134,0.9
exp3_compliance_0.90,random,philippine,12384,39,1562,1316,107,58.82222222222222,171,0.9
exp3_compliance_0.90,back_to_front,philippine,12384,39,1757,1594,84,86.62222222222222,231,0.9
exp3_compliance_0.90,outside_in,philippine,12384,39,1388,1220,52,48.96666666666667,144,0.9
exp3_compliance_0.90,steffen,philippine,12384,39,1137,1374,43,38.97222222222222,162,0.9
exp3_compliance_0.90,random,philippine,12385,40,1368,1052,102,38.672222222222224,131,0.9
exp3_compliance_0.90,back_to_front,philippine,12385,40,1824,1836,106,100.33333333333333,240,0.9
exp3_compliance_0.90,outside_in,philippine,12385,40,1317,1209,62,48.93333333333333,170,0.9
exp3_compliance_0.90,steffen,philippine,12385,40,1221,1410,45,35.855555555555554,125,0.9
exp3_compliance_0.90,random,philippine,12386,41,1533,1260,86,50.666666666666664,175,0.9
exp3_compliance_0.90,back_to_front,philippine,12386,41,1876,1783,86,93.2611111111111,240,0.9
exp3_compliance_0.90,outside_in,philippine,12386,41,1335,1118,41,34.605555555555554,89,0.9
exp3_compliance_0.90,steffen,philippine,12386,41,1154,1431,36,38.083333333333336,135,0.9
exp3_compliance_0.90,random,philippine,12387,42,1489,1182,91,48.611111111111114,125,0.9
exp3_compliance_0.90,back_to_front,philippine,12387,42,1853,1680,78,103.25,247,0.9
exp3_compliance_0.90,outside_in,philippine,12387,42,1454,1191,43,50.577777777777776,151,0.9
exp3_compliance_0.90,steffen,philippine,12387,42,1125,1216,42,33.15,130,0.9
exp3_compliance_0.90,random,philippine,12388,43,1376,1264,80,44.044444444444444,144,0.9
exp3_compliance_0.90,back_to_front,philippine,12388,43,1816,1741,92,94.72222222222223,237,0.9
exp3_compliance_0.90,outside_in,philippine,12388,43,1388,1255,42,41.92777777777778,123,0.9
exp3_compliance_0.90,steffen,philippine,12388,43,1189,1291,56,32.78888888888889,147,0.9
exp3_compliance_0.90,random,philippine,12389,44,1520,1228,109,53.44444444444444,190,0.9
exp3_compliance_0.90,back_to_front,philippine,12389,44,1862,1742,88,99.33888888888889,311,0.9
exp3_compliance_0.90,outside_in,philippine,12389,44,1308,1179,37,37.083333333333336,121,0.9
exp3_compliance_0.90,steffen,philippine,12389,44,1148,1193,54,25.8,90,0.9
exp3_compliance_0.90,random,philippine,12390,45,1585,1205,97,46.96111111111111,133,0.9
exp3_compliance_0.90,back_to_front,philippine,12390,45,1787,1619,93,88.39444444444445,245,0.9
exp3_compliance_0.90,outside_in,philippine,12390,45,1299,1063,47,36.27777777777778,121,0.9
exp3_compliance_0.90,steffen,philippine,12390,45,1107,1437,37,35.71111111111111,125,0.9
exp3_compliance_0.90,random,philippine,12391,46,1449,1169,91,46.02777777777778,163,0.9
exp3_compliance_0.90,back_to_front,philippine,12391,46,1831,1730,101,85.17777777777778,210,0.9
exp3_compliance_0.90,outside_in,philippine,12391,46,1451,1264,55,45.9,165,0.9
exp3_compliance_0.90,steffen,philippine,12391,46,1207,1361,43,41.12777777777778,136,0.9
exp3_compliance_0.90,random,philippine,12392,47,1544,1192,89,43.16111111111111,129,0.9
exp3_compliance_0.90,back_to_front,philippine,12392,47,1948,1758,104,106.46666666666667,290,0.9
exp3_compliance_0.90,outside_in,philippine,12392,47,1372,1141,34,43.46666666666667,135,0.9
exp3_compliance_0.90,steffen,philippine,12392,47,1281,1209,47,39.63333333333333,146,0.9
exp3_compliance_0.90,random,philippine,12393,48,1402,1223,92,46.355555555555554,143,0.9
exp3_compliance_0.90,back_to_front,philippine,12393,48,1829,1666,99,84.37777777777778,211,0.9
exp3_compliance_0.90,outside_in,philippine,12393,48,1344,1234,43,45.62222222222222,148,0.9
exp3_compliance_0.90,steffen,philippine,12393,48,1100,1371,35,37.17777777777778,183,0.9
exp3_compliance_0.90,random,philippine,12394,49,1468,1225,97,43.611111111111114,149,0.9
exp3_compliance_0.90,back_to_front,philippine,12394,49,1938,1678,90,93.87222222222222,215,0.9
exp3_compliance_0.90,outside_in,philippine,12394,49,1352,1182,41,45.272222222222226,157,0.9
exp3_compliance_0.90,steffen,philippine,12394,49,1169,1236,35,30.427777777777777,123,0.9
exp3_compliance_0.90,random,philippine,12395,50,1357,1226,88,44.294444444444444,147,0.9
exp3_compliance_0.90,back_to_front,philippine,12395,50,2061,1742,100,101.62222222222222,282,0.9
exp3_compliance_0.90,outside_in,philippine,12395,50,1325,1279,53,44.67777777777778,133,0.9
exp3_compliance_0.90,steffen,philippine,12395,50,1222,1360,56,42.93888888888889,167,0.9
exp3_compliance_0.90,random,philippine,12396,51,1440,1145,97,47.28333333333333,168,0.9
exp3_compliance_0.90,back_to_front,philippine,12396,51,1917,1752,89,94.7,230,0.9
exp3_compliance_0.90,outside_in,philippine,12396,51,1329,1290,53,44.06111111111111,180,0.9
exp3_compliance_0.90,steffen,philippine,12396,51,1122,1383,49,37.583333333333336,124,0.9
exp3_compliance_0.90,random,philippine,12397,52,1462,1210,78,45.47222222222222,160,0.9
exp3_compliance_0.90,back_to_front,philippine,12397,52,1759,1698,87,95.20555555555555,222,0.9
exp3_compliance_0.90,outside_in,philippine,12397,52,1500,1209,51,42.00555555555555,121,0.9
exp3_compliance_0.90,steffen,philippine,12397,52,1115,1296,43,31.183333333333334,96,0.9
exp3_compliance_0.90,random,philippine,12398,53,1429,1120,89,39.23888888888889,110,0.9
exp3_compliance_0.90,back_to_front,philippine,12398,53,1945,1881,94,105.93333333333334,279,0.9
exp3_compliance_0.90,outside_in,philippine,12398,53,1329,1143,41,36.044444444444444,101,0.9
exp3_compliance_0.90,steffen,philippine,12398,53,1105,1300,49,29.166666666666668,102,0.9
exp3_compliance_0.90,random,philippine,12399,54,1541,1102,92,46.68333333333333,154,0.9
exp3_compliance_0.90,back_to_front,philippine,12399,54,1901,1711,96,94.16666666666667,214,0.9
exp3_compliance_0.90,outside_in,philippine,12399,54,1489,1174,46,39.794444444444444,128,0.9
exp3_compliance_0.90,steffen,philippine,12399,54,1180,1174,53,38.86666666666667,133,0.9
exp3_compliance_0.90,random,philippine,12400,55,1414,1141,94,44.333333333333336,130,0.9
exp3_compliance_0.90,back_to_front,philippine,12400,55,1833,1785,83,105.86666666666666,266,0.9
exp3_compliance_0.90,outside_in,philippine,12400,55,1288,1262,43,35.144444444444446,99,0.9
exp3_compliance_0.90,steffen,philippine,12400,55,1113,1539,48,37.43333333333333,132,0.9
exp3_compliance_0.90,random,philippine,12401,56,1457,1224,92,52.6,153,0.9
exp3_compliance_0.90,back_to_front,philippine,12401,56,1833,1750,95,93.71666666666667,233,0.9
exp3_compliance_0.90,outside_in,philippine,12401,56,1264,1244,38,38.94444444444444,127,0.9
exp3_compliance_0.90,steffen,philippine,12401,56,1134,1350,50,34.105555555555554,125,0.9
exp3_compliance_0.90,random,philippine,12402,57,1536,1319,104,55.28888888888889,158,0.9
exp3_compliance_0.90,back_to_front,philippine,12402,57,1916,1929,86,103.71666666666667,268,0.9
exp3_compliance_0.90,outside_in,philippine,12402,57,1287,1288,51,46.91111111111111,134,0.9
exp3_compliance_0.90,steffen,philippine,12402,57,1161,1338,50,39.90555555555556,133,0.9
exp3_compliance_0.90,random,philippine,12403,58,1518,1232,85,51.3,158,0.9
exp3_compliance_0.90,back_to_front,philippine,12403,58,1861,1858,94,99.73333333333333,260,0.9
exp3_compliance_0.90,outside_in,philippine,12403,58,1280,1266,34,40.55,111,0.9
exp3_compliance_0.90,steffen,philippine,12403,58,1158,1037,53,31.92222222222222,147,0.9
exp3_compliance_0.90,random,philippine,12404,59,1359,1200,88,48.62222222222222,136,0.9
exp3_compliance_0.90,back_to_front,philippine,12404,59,1920,1841,88,105.65555555555555,248,0.9
exp3_compliance_0.90,outside_in,philippine,12404,59,1342,1090,47,34.78333333333333,97,0.9
exp3_compliance_0.90,steffen,philippine,12404,59,1104,1318,47,38.95,182,0.9
exp3_compliance_0.90,random,philippine,12405,60,1427,1204,89,42.227777777777774,135,0.9
exp3_compliance_0.90,back_to_front,philippine,12405,60,1861,1820,93,103.48333333333333,257,0.9
exp3_compliance_0.90,outside_in,philippine,12405,60,1416,1112,55,37.522222222222226,124,0.9
exp3_compliance_0.90,steffen,philippine,12405,60,1182,1295,40,38.91111111111111,126,0.9
exp3_compliance_0.90,random,philippine,12406,61,1399,1254,85,49.41111111111111,176,0.9
exp3_compliance_0.90,back_to_front,philippine,12406,61,1789,1668,94,85.12777777777778,233,0.9
exp3_compliance_0.90,outside_in,philippine,12406,61,1263,1108,29,36.15,128,0.9
exp3_compliance_0.90,steffen,philippine,12406,61,1144,1289,49,30.677777777777777,131,0.9
exp3_compliance_0.90,random,philippine,12407,62,1398,1125,78,42.977777777777774,139,0.9
exp3_compliance_0.90,back_to_front,philippine,12407,62,1821,1694,87,94.25555555555556,237,0.9
exp3_compliance_0.90,outside_in,philippine,12407,62,1397,1256,56,45.49444444444445,169,0.9
exp3_compliance_0.90,steffen,philippine,12407,62,1196,1353,43,30.683333333333334,115,0.9
exp3_compliance_0.90,random,philippine,12408,63,1406,1275,99,48.17777777777778,179,0.9
exp3_compliance_0.90,back_to_front,philippine,12408,63,1851,1797,91,95.66666666666667,269,0.9
exp3_compliance_0.90,outside_in,philippine,12408,63,1390,1322,42,47.91111111111111,181,0.9
exp3_compliance_0.90,steffen,philippine,12408,63,1133,1463,43,35.077777777777776,97,0.9
exp3_compliance_0.90,random,philippine,12409,64,1456,1291,91,56.68888888888889,153,0.9
exp3_compliance_0.90,back_to_front,philippine,12409,64,1979,1840,93,110.28888888888889,288,0.9
exp3_compliance_0.90,outside_in,philippine,12409,64,1334,1197,47,36.51111111111111,139,0.9
exp3_compliance_0.90,steffen,philippine,12409,64,1191,1353,51,34.55555555555556,115,0.9
exp3_compliance_0.90,random,philippine,12410,65,1453,1115,90,40.38333333333333,113,0.9
exp3_compliance_0.90,back_to_front,philippine,12410,65,1823,1666,91,95.19444444444444,259,0.9
exp3_compliance_0.90,outside_in,philippine,12410,65,1256,1191,34,36.47222222222222,118,0.9
exp3_compliance_0.90,steffen,philippine,12410,65,1198,1424,48,41.022222222222226,153,0.9
exp3_compliance_0.90,random,philippine,12411,66,1403,979,99,41.31111111111111,146,0.9
exp3_compliance_0.90,back_to_front,philippine,12411,66,2020,1479,100,93.40555555555555,279,0.9
exp3_compliance_0.90,outside_in,philippine,12411,66,1334,1064,41,37.42777777777778,148,0.9
exp3_compliance_0.90,steffen,philippine,12411,66,1155,1246,51,34.672222222222224,143,0.9
exp3_compliance_0.90,random,philippine,12412,67,1524,1204,81,46.766666666666666,151,0.9
exp3_compliance_0.90,back_to_front,philippine,12412,67,1838,1783,96,92.61111111111111,236,0.9
exp3_compliance_0.90,outside_in,philippine,12412,67,1317,1407,44,49.672222222222224,148,0.9
exp3_compliance_0.90,steffen,philippine,12412,67,1233,1501,52,43.172222222222224,132,0.9
exp3_compliance_0.90,random,philippine,12413,68,1540,1181,94,49.855555555555554,152,0.9
exp3_compliance_0.90,back_to_front,philippine,12413,68,1822,1651,85,94.42777777777778,241,0.9
exp3_compliance_0.90,outside_in,philippine,12413,68,1379,1120,37,42.15,145,0.9
exp3_compliance_0.90,steffen,philippine,12413,68,1129,1211,53,32.83888888888889,121,0.9
exp3_compliance_0.90,random,philippine,12414,69,1556,1197,89,47.97222222222222,120,0.9
exp3_compliance_0.90,back_to_front,philippine,12414,69,1845,1761,89,95.41666666666667,244,0.9
exp3_compliance_0.90,outside_in,philippine,12414,69,1303,1138,37,38.144444444444446,148,0.9
exp3_compliance_0.90,steffen,philippine,12414,69,1312,1382,46,41.95,131,0.9
exp3_compliance_0.90,random,philippine,12415,70,1354,1268,89,45.13333333333333,140,0.9
exp3_compliance_0.90,back_to_front,philippine,12415,70,1828,1848,85,96.13888888888889,286,0.9
exp3_compliance_0.90,outside_in,philippine,12415,70,1443,1218,52,43.72222222222222,127,0.9
exp3_compliance_0.90,steffen,philippine,12415,70,1139,1541,37,38.544444444444444,124,0.9
exp3_compliance_0.90,random,philippine,12416,71,1432,1267,78,47.483333333333334,132,0.9
exp3_compliance_0.90,back_to_front,philippine,12416,71,1869,1852,88,96.75555555555556,204,0.9
exp3_compliance_0.90,outside_in,philippine,12416,71,1359,1155,52,37.95,105,0.9
exp3_compliance_0.90,steffen,philippine,12416,71,1052,1632,34,35.644444444444446,116,0.9
exp3_compliance_0.90,random,philippine,12417,72,1523,1173,87,43.48888888888889,134,0.9
exp3_compliance_0.90,back_to_front,philippine,12417,72,1657,1673,92,81.11666666666666,203,0.9
exp3_compliance_0.90,outside_in,philippine,12417,72,1376,1200,47,42.861111111111114,107,0.9
exp3_compliance_0.90,steffen,philippine,12417,72,1196,1311,48,39.82222222222222,104,0.9
exp3_compliance_0.90,random,philippine,12418,73,1489,1237,96,49.67777777777778,126,0.9
exp3_compliance_0.90,back_to_front,philippine,12418,73,1946,1629,93,97.39444444444445,198,0.9
exp3_compliance_0.90,outside_in,philippine,12418,73,1383,1055,49,38.72222222222222,99,0.9
exp3_compliance_0.90,steffen,philippine,12418,73,1128,1148,48,32.727777777777774,115,0.9
exp3_compliance_0.90,random,philippine,12419,74,1455,1350,84,51.016666666666666,137,0.9
exp3_compliance_0.90,back_to_front,philippine,12419,74,1754,1871,64,95.28333333333333,253,0.9
exp3_compliance_0.90,outside_in,philippine,12419,74,1370,1255,41,47.12777777777778,166,0.9
exp3_compliance_0.90,steffen,philippine,12419,74,1046,1435,46,35.31111111111111,114,0.9
exp3_compliance_0.90,random,philippine,12420,75,1482,1320,92,46.95,149,0.9
exp3_compliance_0.90,back_to_front,philippine,12420,75,1722,1832,92,97.94444444444444,249,0.9
exp3_compliance_0.90,outside_in,philippine,12420,75,1237,1101,45,31.505555555555556,133,0.9
exp3_compliance_0.90,steffen,philippine,12420,75,1156,1416,42,37.388888888888886,150,0.9
exp3_compliance_0.90,random,philippine,12421,76,1508,1252,90,48.46666666666667,135,0.9
exp3_compliance_0.90,back_to_front,philippine,12421,76,1728,1807,83,87.24444444444444,289,0.9
exp3_compliance_0.90,outside_in,philippine,12421,76,1382,1360,41,44.13333333333333,174,0.9
exp3_compliance_0.90,steffen,philippine,12421,76,1193,1366,49,38.733333333333334,121,0.9
exp3_compliance_0.90,random,philippine,12422,77,1448,1394,91,52.95,166,0.9
exp3_compliance_0.90,back_to_front,philippine,12422,77,1838,1850,79,94.41111111111111,216,0.9
exp3_compliance_0.90,outside_in,philippine,12422,77,1369,1261,37,40.58888888888889,122,0.9
exp3_compliance_0.90,steffen,philippine,12422,77,1251,1324,42,36.76111111111111,157,0.9
exp3_compliance_0.90,random,philippine,12423,78,1424,1046,106,44.18333333333333,143,0.9
exp3_compliance_0.90,back_to_front,philippine,12423,78,1904,1699,86,102.52222222222223,317,0.9
exp3_compliance_0.90,outside_in,philippine,12423,78,1367,1332,47,48.66111111111111,159,0.9
exp3_compliance_0.90,steffen,philippine,12423,78,1129,1468,47,44.06666666666667,149,0.9
exp3_compliance_0.90,random,philippine,12424,79,1368,1176,91,40.733333333333334,148,0.9
exp3_compliance_0.90,back_to_front,philippine,12424,79,1887,1728,86,105.41111111111111,290,0.9
exp3_compliance_0.90,outside_in,philippine,12424,79,1246,1082,43,39.272222222222226,160,0.9
exp3_compliance_0.90,steffen,philippine,12424,79,1207,1242,46,32.55,134,0.9
exp3_compliance_0.90,random,philippine,12425,80,1531,1188,105,47.172222222222224,133,0.9
exp3_compliance_0.90,back_to_front,philippine,12425,80,1701,1712,90,88.76666666666667,249,0.9
exp3_compliance_0.90,outside_in,philippine,12425,80,1489,1223,48,49.46666666666667,144,0.9
exp3_compliance_0.90,steffen,philippine,12425,80,1238,1161,52,33.516666666666666,143,0.9
exp3_compliance_0.90,random,philippine,12426,81,1394,1223,99,46.80555555555556,195,0.9
exp3_compliance_0.90,back_to_front,philippine,12426,81,1945,1838,85,98.62777777777778,296,0.9
exp3_compliance_0.90,outside_in,philippine,12426,81,1361,1207,44,46.32222222222222,209,0.9
exp3_compliance_0.90,steffen,philippine,12426,81,1165,1445,46,40.355555555555554,138,0.9
exp3_compliance_0.90,random,philippine,12427,82,1286,1300,76,41.477777777777774,114,0.9
exp3_compliance_0.90,back_to_front,philippine,12427,82,1832,1670,94,93.96666666666667,257,0.9
exp3_compliance_0.90,outside_in,philippine,12427,82,1344,1215,30,44.272222222222226,135,0.9
exp3_compliance_0.90,steffen,philippine,12427,82,1201,1418,42,40.294444444444444,141,0.9
exp3_compliance_0.90,random,philippine,12428,83,1399,1135,89,41.05555555555556,134,0.9
exp3_compliance_0.90,back_to_front,philippine,12428,83,1955,1857,80,103.34444444444445,236,0.9
exp3_compliance_0.90,outside_in,philippine,12428,83,1412,1293,46,46.083333333333336,125,0.9
exp3_compliance_0.90,steffen,philippine,12428,83,1192,1448,36,39.17777777777778,135,0.9
exp3_compliance_0.90,random,philippine,12429,84,1540,1201,80,51.794444444444444,160,0.9
exp3_compliance_0.90,back_to_front,philippine,12429,84,1872,1809,90,94.08333333333333,221,0.9
exp3_compliance_0.90,outside_in,philippine,12429,84,1371,1190,49,40.65,174,0.9
exp3_compliance_0.90,steffen,philippine,12429,84,1127,1452,49,36.5,109,0.9
exp3_compliance_0.90,random,philippine,12430,85,1448,1241,96,52.53333333333333,196,0.9
exp3_compliance_0.90,back_to_front,philippine,12430,85,1811,1601,80,90.09444444444445,262,0.9
exp3_compliance_0.90,outside_in,philippine,12430,85,1297,1252,40,45.3,159,0.9
exp3_compliance_0.90,steffen,philippine,12430,85,1191,1326,46,39.455555555555556,160,0.9
exp3_compliance_0.90,random,philippine,12431,86,1421,1341,89,48.31111111111111,143,0.9
exp3_compliance_0.90,back_to_front,philippine,12431,86,1780,1721,90,98.12777777777778,245,0.9
exp3_compliance_0.90,outside_in,philippine,12431,86,1380,1212,54,45.544444444444444,138,0.9
exp3_compliance_0.90,steffen,philippine,12431,86,1142,1574,46,42.17777777777778,133,0.9
exp3_compliance_0.90,random,philippine,12432,87,1493,1321,100,55.07222222222222,164,0.9
exp3_compliance_0.90,back_to_front,philippine,12432,87,1995,1956,88,110.75,336,0.9
exp3_compliance_0.90,outside_in,philippine,12432,87,1372,1086,52,39.077777777777776,127,0.9
exp3_compliance_0.90,steffen,philippine,12432,87,1138,1477,41,43.483333333333334,203,0.9
exp3_compliance_0.90,random,philippine,12433,88,1612,1316,104,51.544444444444444,148,0.9
exp3_compliance_0.90,back_to_front,philippine,12433,88,1924,1814,88,93.94444444444444,244,0.9
exp3_compliance_0.90,outside_in,philippine,12433,88,1290,1156,37,35.28888888888889,90,0.9
exp3_compliance_0.90,steffen,philippine,12433,88,1305,1351,46,40.077777777777776,147,0.9
exp3_compliance_0.90,random,philippine,12434,89,1346,1233,97,40.977777777777774,135,0.9
exp3_compliance_0.90,back_to_front,philippine,12434,89,1787,1751,86,91.17222222222222,242,0.9
exp3_compliance_0.90,outside_in,philippine,12434,89,1288,1186,44,40.90555555555556,147,0.9
exp3_compliance_0.90,steffen,philippine,12434,89,1110,1415,48,31.833333333333332,108,0.9
exp3_compliance_0.90,random,philippine,12435,90,1495,1295,98,49.02777777777778,129,0.9
exp3_compliance_0.90,back_to_front,philippine,12435,90,2054,1885,94,115.72222222222223,300,0.9
exp3_compliance_0.90,outside_in,philippine,12435,90,1346,1303,50,36.455555555555556,117,0.9
exp3_compliance_0.90,steffen,philippine,12435,90,1121,1143,46,31.83888888888889,115,0.9
exp3_compliance_0.90,random,philippine,12436,91,1476,1058,96,44.21666666666667,147,0.9
exp3_compliance_0.90,back_to_front,philippine,12436,91,1975,1750,90,100.35555555555555,261,0.9
exp3_compliance_0.90,outside_in,philippine,12436,91,1336,1175,41,42.58888888888889,139,0.9
exp3_compliance_0.90,steffen,philippine,12436,91,1222,1050,45,36.13333333333333,155,0.9
exp3_compliance_0.90,random,philippine,12437,92,1437,1161,97,45.15,126,0.9
exp3_compliance_0.90,back_to_front,philippine,12437,92,1738,1691,87,89.41111111111111,235,0.9
exp3_compliance_0.90,outside_in,philippine,12437,92,1413,1158,51,45.016666666666666,174,0.9
exp3_compliance_0.90,steffen,philippine,12437,92,1131,1242,51,29.622222222222224,139,0.9
exp3_compliance_0.90,random,philippine,12438,93,1436,1287,104,51.53333333333333,205,0.9
exp3_compliance_0.90,back_to_front,philippine,12438,93,1760,1839,78,93.17777777777778,237,0.9
exp3_compliance_0.90,outside_in,philippine,12438,93,1406,1183,47,41.772222222222226,161,0.9
exp3_compliance_0.90,steffen,philippine,12438,93,1160,1456,42,38.666666666666664,134,0.9
exp3_compliance_0.90,random,philippine,12439,94,1470,1120,92,38.68888888888889,129,0.9
exp3_compliance_0.90,back_to_front,philippine,12439,94,2032,1758,99,101.98333333333333,264,0.9
exp3_compliance_0.90,outside_in,philippine,12439,94,1354,1258,48,46.333333333333336,137,0.9
exp3_compliance_0.90,steffen,philippine,12439,94,1226,1341,58,40.4,182,0.9
exp3_compliance_0.90,random,philippine,12440,95,1504,1241,99,49.333333333333336,161,0.9
exp3_compliance_0.90,back_to_front,philippine,12440,95,1916,1961,100,107.30555555555556,328,0.9
exp3_compliance_0.90,outside_in,philippine,12440,95,1276,1130,45,40.333333333333336,104,0.9
exp3_compliance_0.90,steffen,philippine,12440,95,1179,1270,47,36.483333333333334,142,0.9
exp3_compliance_0.90,random,philippine,12441,96,1513,1314,86,51.71666666666667,145,0.9
exp3_compliance_0.90,back_to_front,philippine,12441,96,1801,1686,81,88.83888888888889,249,0.9
exp3_compliance_0.90,outside_in,philippine,12441,96,1567,1272,49,49.977777777777774,155,0.9
exp3_compliance_0.90,steffen,philippine,12441,96,1110,1425,38,37.48888888888889,152,0.9
exp3_compliance_0.90,random,philippine,12442,97,1463,1350,88,47.11666666666667,182,0.9
exp3_compliance_0.90,back_to_front,philippine,12442,97,1896,1817,91,110.90555555555555,305,0.9
exp3_compliance_0.90,outside_in,philippine,12442,97,1299,1242,40,42.74444444444445,114,0.9
exp3_compliance_0.90,steffen,philippine,12442,97,1166,1488,36,44.03888888888889,146,0.9
exp3_compliance_0.90,random,philippine,12443,98,1561,1229,89,52.32222222222222,204,0.9
exp3_compliance_0.90,back_to_front,philippine,12443,98,1781,1697,89,89.81111111111112,248,0.9
exp3_compliance_0.90,outside_in,philippine,12443,98,1413,1153,46,50.35,152,0.9
exp3_compliance_0.90,steffen,philippine,12443,98,1121,1541,40,38.394444444444446,119,0.9
exp3_compliance_0.90,random,philippine,12444,99,1382,1227,86,45.894444444444446,159,0.9
exp3_compliance_0.90,back_to_front,philippine,12444,99,2016,1569,80,101.5,291,0.9
exp3_compliance_0.90,outside_in,philippine,12444,99,1348,1186,49,40.76111111111111,144,0.9
exp3_compliance_0.90,steffen,philippine,12444,99,1228,1375,51,37.62222222222222,131,0.9
exp3_compliance_0.90,random,philippine,12445,100,1385,1147,82,48.40555555555556,153,0.9
exp3_compliance_0.90,back_to_front,philippine,12445,100,1765,1571,81,91.76666666666667,268,0.9
exp3_compliance_0.90,outside_in,philippine,12445,100,1307,1206,36,39.23888888888889,136,0.9
exp3_compliance_0.90,steffen,philippine,12445,100,1213,1262,63,36.516666666666666,134,0.9
exp3_compliance_0.90,random,philippine,12446,101,1591,1255,96,52.67777777777778,207,0.9
exp3_compliance_0.90,back_to_front,philippine,12446,101,1917,1876,94,99.78333333333333,253,0.9
exp3_compliance_0.90,outside_in,philippine,12446,101,1263,1314,47,37.71666666666667,113,0.9
exp3_compliance_0.90,steffen,philippine,12446,101,1112,1219,49,29.31111111111111,94,0.9
exp3_compliance_0.90,random,philippine,12447,102,1455,1183,91,44.733333333333334,137,0.9
exp3_compliance_0.90,back_to_front,philippine,12447,102,1777,1675,83,92.41666666666667,273,0.9
exp3_compliance_0.90,outside_in,philippine,12447,102,1331,1167,61,34.138888888888886,102,0.9
exp3_compliance_0.90,steffen,philippine,12447,102,1126,1405,57,34.1,136,0.9
exp3_compliance_0.90,random,philippine,12448,103,1482,1341,86,47.88333333333333,138,0.9
exp3_compliance_0.90,back_to_front,philippine,12448,103,1881,1597,92,91.28888888888889,215,0.9
exp3_compliance_0.90,outside_in,philippine,12448,103,1300,1177,51,42.233333333333334,166,0.9
exp3_compliance_0.90,steffen,philippine,12448,103,1232,1451,56,37.24444444444445,117,0.9
exp3_compliance_0.90,random,philippine,12449,104,1441,1150,89,44.96111111111111,127,0.9
exp3_compliance_0.90,back_to_front,philippine,12449,104,1879,1709,85,96.43888888888888,241,0.9
exp3_compliance_0.90,outside_in,philippine,12449,104,1433,1195,54,37.98888888888889,120,0.9
exp3_compliance_0.90,steffen,philippine,12449,104,1194,1336,53,39.855555555555554,142,0.9
exp3_compliance_0.90,random,philippine,12450,105,1550,1220,91,45.17777777777778,144,0.9
exp3_compliance_0.90,back_to_front,philippine,12450,105,2014,1852,86,102.05,285,0.9
exp3_compliance_0.90,outside_in,philippine,12450,105,1339,1218,45,39.18333333333333,116,0.9
exp3_compliance_0.90,steffen,philippine,12450,105,1197,1424,44,41.75,157,0.9
exp3_compliance_0.90,random,philippine,12451,106,1535,1069,92,47.31666666666667,132,0.9
exp3_compliance_0.90,back_to_front,philippine,12451,106,1832,1716,83,96.09444444444445,246,0.9
exp3_compliance_0.90,outside_in,philippine,12451,106,1396,1277,40,45.28888888888889,172,0.9
exp3_compliance_0.90,steffen,philippine,12451,106,1166,1163,53,31.02777777777778,113,0.9
exp3_compliance_0.90,random,philippine,12452,107,1451,1198,82,47.52777777777778,145,0.9
exp3_compliance_0.90,back_to_front,philippine,12452,107,2035,1864,92,105.70555555555555,276,0.9
exp3_compliance_0.90,outside_in,philippine,12452,107,1280,1298,31,40.90555555555556,115,0.9
exp3_compliance_0.90,steffen,philippine,12452,107,1128,1419,48,30.194444444444443,126,0.9
exp3_compliance_0.90,random,philippine,12453,108,1458,1269,83,56.34444444444444,166,0.9
exp3_compliance_0.90,back_to_front,philippine,12453,108,1782,1617,83,90.27222222222223,233,0.9
exp3_compliance_0.90,outside_in,philippine,12453,108,1350,1245,49,46.894444444444446,149,0.9
exp3_compliance_0.90,steffen,philippine,12453,108,1232,1292,51,37.51111111111111,128,0.9
exp3_compliance_0.90,random,philippine,12454,109,1424,1285,76,47.833333333333336,145,0.9
exp3_compliance_0.90,back_to_front,philippine,12454,109,2052,1779,90,106.82777777777778,249,0.9
exp3_compliance_0.90,outside_in,philippine,12454,109,1386,1176,52,40.25555555555555,122,0.9
exp3_compliance_0.90,steffen,philippine,12454,109,1260,1301,47,38.25555555555555,148,0.9
exp3_compliance_0.90,random,philippine,12455,110,1528,1321,98,60.5,194,0.9
exp3_compliance_0.90,back_to_front,philippine,12455,110,1755,1690,86,86.43888888888888,225,0.9
exp3_compliance_0.90,outside_in,philippine,12455,110,1437,1165,47,40.922222222222224,119,0.9
exp3_compliance_0.90,steffen,philippine,12455,110,1223,1453,49,36.022222222222226,119,0.9
exp3_compliance_0.90,random,philippine,12456,111,1378,1224,99,44.233333333333334,147,0.9
exp3_compliance_0.90,back_to_front,philippine,12456,111,1774,1686,81,92.97222222222223,302,0.9
exp3_compliance_0.90,outside_in,philippine,12456,111,1378,1176,47,39.69444444444444,144,0.9
exp3_compliance_0.90,steffen,philippine,12456,111,1177,1381,40,36.37222222222222,151,0.9
exp3_compliance_0.90,random,philippine,12457,112,1539,1248,99,52.71111111111111,177,0.9
exp3_compliance_0.90,back_to_front,philippine,12457,112,1805,1817,91,94.82777777777778,293,0.9
exp3_compliance_0.90,outside_in,philippine,12457,112,1402,1201,54,42.82222222222222,133,0.9
exp3_compliance_0.90,steffen,philippine,12457,112,1121,1284,41,28.855555555555554,131,0.9
exp3_compliance_0.90,random,philippine,12458,113,1388,1144,89,43.07222222222222,136,0.9
exp3_compliance_0.90,back_to_front,philippine,12458,113,1912,1829,85,95.91111111111111,211,0.9
exp3_compliance_0.90,outside_in,philippine,12458,113,1392,1312,42,41.03333333333333,132,0.9
exp3_compliance_0.90,steffen,philippine,12458,113,1159,1392,53,37.233333333333334,120,0.9
exp3_compliance_0.90,random,philippine,12459,114,1337,1221,87,52.19444444444444,183,0.9
exp3_compliance_0.90,back_to_front,philippine,12459,114,1843,1679,99,94.85555555555555,241,0.9
exp3_compliance_0.90,outside_in,philippine,12459,114,1379,1156,43,41.46666666666667,119,0.9
exp3_compliance_0.90,steffen,philippine,12459,114,1188,1340,48,36.65,131,0.9
exp3_compliance_0.90,random,philippine,12460,115,1454,1204,86,45.91111111111111,126,0.9
exp3_compliance_0.90,back_to_front,philippine,12460,115,1838,1729,87,96.45,264,0.9
exp3_compliance_0.90,outside_in,philippine,12460,115,1374,1230,51,39.15,120,0.9
exp3_compliance_0.90,steffen,philippine,12460,115,1155,1311,41,32.98888888888889,135,0.9
exp3_compliance_0.90,random,philippine,12461,116,1444,1092,93,38.00555555555555,138,0.9
exp3_compliance_0.90,back_to_front,philippine,12461,116,1776,1696,83,91.70555555555555,217,0.9
exp3_compliance_0.90,outside_in,philippine,12461,116,1208,1120,52,34.611111111111114,92,0.9
exp3_compliance_0.90,steffen,philippine,12461,116,1199,1345,54,33.58888888888889,169,0.9
exp3_compliance_0.90,random,philippine,12462,117,1367,1338,88,48.05,128,0.9
exp3_compliance_0.90,back_to_front,philippine,12462,117,1810,1749,93,101.17222222222222,267,0.9
exp3_compliance_0.90,outside_in,philippine,12462,117,1378,1296,49,44.30555555555556,140,0.9
exp3_compliance_0.90,steffen,philippine,12462,117,1190,1375,37,42.46666666666667,151,0.9
exp3_compliance_0.90,random,philippine,12463,118,1367,1261,75,45.82222222222222,143,0.9
exp3_compliance_0.90,back_to_front,philippine,12463,118,1998,1717,99,101.26666666666667,269,0.9
exp3_compliance_0.90,outside_in,philippine,12463,118,1393,1181,56,42.96111111111111,138,0.9
exp3_compliance_0.90,steffen,philippine,12463,118,1247,1353,41,37.06666666666667,125,0.9
exp3_compliance_0.90,random,philippine,12464,119,1526,1232,90,53.733333333333334,153,0.9
exp3_compliance_0.90,back_to_front,philippine,12464,119,1885,1723,86,95.13333333333334,248,0.9
exp3_compliance_0.90,outside_in,philippine,12464,119,1303,1219,50,45.87222222222222,145,0.9
exp3_compliance_0.90,steffen,philippine,12464,119,1200,1309,46,37.00555555555555,167,0.9
exp3_compliance_0.90,random,philippine,12465,120,1428,1111,81,49.44444444444444,182,0.9
exp3_compliance_0.90,back_to_front,philippine,12465,120,1805,1752,97,88.83333333333333,198,0.9
exp3_compliance_0.90,outside_in,philippine,12465,120,1418,1227,48,44.71111111111111,166,0.9
exp3_compliance_0.90,steffen,philippine,12465,120,1186,1423,39,40.05555555555556,134,0.9
exp3_compliance_0.90,random,philippine,12466,121,1457,1245,88,47.94444444444444,174,0.9
exp3_compliance_0.90,back_to_front,philippine,12466,121,1745,1783,96,91.71666666666667,245,0.9
exp3_compliance_0.90,outside_in,philippine,12466,121,1384,1173,48,38.00555555555555,164,0.9
exp3_compliance_0.90,steffen,philippine,12466,121,1161,1418,43,38.62777777777778,141,0.9
exp3_compliance_0.90,random,philippine,12467,122,1475,1276,89,55.59444444444444,204,0.9
exp3_compliance_0.90,back_to_front,philippine,12467,122,1701,1784,70,83.81666666666666,205,0.9
exp3_compliance_0.90,outside_in,philippine,12467,122,1241,1091,33,35.583333333333336,111,0.9
exp3_compliance_0.90,steffen,philippine,12467,122,1130,1332,46,33.71111111111111,155,0.9
exp3_compliance_0.90,random,philippine,12468,123,1513,1316,101,56.077777777777776,155,0.9
exp3_compliance_0.90,back_to_front,philippine,12468,123,1804,1764,89,94.2,247,0.9
exp3_compliance_0.90,outside_in,philippine,12468,123,1261,1130,32,28.855555555555554,112,0.9
exp3_compliance_0.90,steffen,philippine,12468,123,1141,1458,50,33.62777777777778,123,0.9
exp3_compliance_0.90,random,philippine,12469,124,1610,1245,96,56.22222222222222,214,0.9
exp3_compliance_0.90,back_to_front,philippine,12469,124,1725,1788,86,90.05,268,0.9
exp3_compliance_0.90,outside_in,philippine,12469,124,1381,1130,38,36.09444444444444,146,0.9
exp3_compliance_0.90,steffen,philippine,12469,124,1284,1328,53,41.077777777777776,160,0.9
exp3_compliance_0.90,random,philippine,12470,125,1438,1131,101,51.6,200,0.9
exp3_compliance_0.90,back_to_front,philippine,12470,125,1791,1639,79,88.3,191,0.9
exp3_compliance_0.90,outside_in,philippine,12470,125,1419,1071,50,38.9,134,0.9
exp3_compliance_0.90,steffen,philippine,12470,125,1071,1140,48,29.43888888888889,92,0.9
exp3_compliance_0.90,random,philippine,12471,126,1516,1272,78,54.93888888888889,154,0.9
exp3_compliance_0.90,back_to_front,philippine,12471,126,1857,1712,94,98.55,281,0.9
exp3_compliance_0.90,outside_in,philippine,12471,126,1298,1175,57,38.15,111,0.9
exp3_compliance_0.90,steffen,philippine,12471,126,1168,1242,51,34.12777777777778,96,0.9
exp3_compliance_0.90,random,philippine,12472,127,1476,1282,104,47.44444444444444,147,0.9
exp3_compliance_0.90,back_to_front,philippine,12472,127,1956,1731,98,102.35,296,0.9
exp3_compliance_0.90,outside_in,philippine,12472,127,1478,1360,37,48.26111111111111,133,0.9
exp3_compliance_0.90,steffen,philippine,12472,127,1153,1419,39,44.15555555555556,163,0.9
exp3_compliance_0.90,random,philippine,12473,128,1469,1202,79,47.62777777777778,178,0.9
exp3_compliance_0.90,back_to_front,philippine,12473,128,1833,1767,81,92.13888888888889,247,0.9
exp3_compliance_0.90,outside_in,philippine,12473,128,1409,1112,44,38.24444444444445,126,0.9
exp3_compliance_0.90,steffen,philippine,12473,128,1106,1549,52,38.12222222222222,132,0.9
exp3_compliance_0.90,random,philippine,12474,129,1412,996,79,38.67777777777778,120,0.9
exp3_compliance_0.90,back_to_front,philippine,12474,129,1753,1785,84,88.27222222222223,219,0.9
exp3_compliance_0.90,outside_in,philippine,12474,129,1293,1102,44,36.083333333333336,132,0.9
exp3_compliance_0.90,steffen,philippine,12474,129,1183,1335,54,36.327777777777776,134,0.9
exp3_compliance_0.90,random,philippine,12475,130,1539,1308,88,49.55555555555556,168,0.9
exp3_compliance_0.90,back_to_front,philippine,12475,130,1896,1828,96,98.91111111111111,236,0.9
exp3_compliance_0.90,outside_in,philippine,12475,130,1289,1242,40,38.27777777777778,110,0.9
exp3_compliance_0.90,steffen,philippine,12475,130,1155,1305,52,33.44444444444444,135,0.9
exp3_compliance_0.90,random,philippine,12476,131,1500,1348,87,51.22222222222222,152,0.9
exp3_compliance_0.90,back_to_front,philippine,12476,131,1898,1671,85,93.45,216,0.9
exp3_compliance_0.90,outside_in,philippine,12476,131,1362,1205,45,40.74444444444445,137,0.9
exp3_compliance_0.90,steffen,philippine,12476,131,1213,1251,42,37.61666666666667,138,0.9
exp3_compliance_0.90,random,philippine,12477,132,1451,1175,102,46.355555555555554,130,0.9
exp3_compliance_0.90,back_to_front,philippine,12477,132,1791,1676,83,83.45555555555555,191,0.9
exp3_compliance_0.90,outside_in,philippine,12477,132,1302,1264,37,47.90555555555556,177,0.9
exp3_compliance_0.90,steffen,philippine,12477,132,1116,1343,44,36.53333333333333,125,0.9
exp3_compliance_0.90,random,philippine,12478,133,1486,1308,80,51.483333333333334,154,0.9
exp3_compliance_0.90,back_to_front,philippine,12478,133,1979,1735,99,102.78888888888889,304,0.9
exp3_compliance_0.90,outside_in,philippine,12478,133,1373,1112,46,37.327777777777776,125,0.9
exp3_compliance_0.90,steffen,philippine,12478,133,1226,1266,35,34.922222222222224,142,0.9
exp3_compliance_0.90,random,philippine,12479,134,1541,1365,85,50.233333333333334,174,0.9
exp3_compliance_0.90,back_to_front,philippine,12479,134,1798,1747,94,86.0111111111111,232,0.9
exp3_compliance_0.90,outside_in,philippine,12479,134,1412,1214,47,43.62222222222222,135,0.9
exp3_compliance_0.90,steffen,philippine,12479,134,1191,1408,55,36.2,141,0.9
exp3_compliance_0.90,random,philippine,12480,135,1566,1158,89,47.144444444444446,133,0.9
exp3_compliance_0.90,back_to_front,philippine,12480,135,2002,1734,94,120.18888888888888,375,0.9
exp3_compliance_0.90,outside_in,philippine,12480,135,1324,1172,51,41.52777777777778,177,0.9
exp3_compliance_0.90,steffen,philippine,12480,135,1211,1389,40,46.205555555555556,162,0.9
exp3_compliance_0.90,random,philippine,12481,136,1478,1212,80,47.41111111111111,131,0.9
exp3_compliance_0.90,back_to_front,philippine,12481,136,1862,1695,80,101.15,275,0.9
exp3_compliance_0.90,outside_in,philippine,12481,136,1312,1169,52,41.01111111111111,183,0.9
exp3_compliance_0.90,steffen,philippine,12481,136,1198,1353,40,43.63333333333333,147,0.9
exp3_compliance_0.90,random,philippine,12482,137,1427,1131,94,40.922222222222224,130,0.9
exp3_compliance_0.90,back_to_front,philippine,12482,137,1779,1685,89,93.80555555555556,276,0.9
exp3_compliance_0.90,outside_in,philippine,12482,137,1317,1252,46,48.644444444444446,142,0.9
exp3_compliance_0.90,steffen,philippine,12482,137,1130,1342,45,30.322222222222223,91,0.9
exp3_compliance_0.90,random,philippine,12483,138,1462,1304,85,58.977777777777774,206,0.9
exp3_compliance_0.90,back_to_front,philippine,12483,138,1871,1836,80,94.53333333333333,219,0.9
exp3_compliance_0.90,outside_in,philippine,12483,138,1251,1080,40,37.71111111111111,145,0.9
exp3_compliance_0.90,steffen,philippine,12483,138,1227,1235,43,32.46111111111111,114,0.9
exp3_compliance_0.90,random,philippine,12484,139,1442,1147,79,45.69444444444444,158,0.9
exp3_compliance_0.90,back_to_front,philippine,12484,139,1873,1785,90,100.18888888888888,225,0.9
exp3_compliance_0.90,outside_in,philippine,12484,139,1397,1155,55,44.19444444444444,177,0.9
exp3_compliance_0.90,steffen,philippine,12484,139,1287,1258,51,41.227777777777774,116,0.9
exp3_compliance_0.90,random,philippine,12485,140,1504,1238,81,51.67777777777778,156,0.9
exp3_compliance_0.90,back_to_front,philippine,12485,140,1694,1600,92,82.28333333333333,261,0.9
exp3_compliance_0.90,outside_in,philippine,12485,140,1295,1149,42,43.85,126,0.9
exp3_compliance_0.90,steffen,philippine,12485,140,1080,1261,47,27.9,140,0.9
exp3_compliance_0.90,random,philippine,12486,141,1456,1217,98,43.705555555555556,154,0.9
exp3_compliance_0.90,back_to_front,philippine,12486,141,1788,1677,82,86.92777777777778,245,0.9
exp3_compliance_0.90,outside_in,philippine,12486,141,1260,1206,39,37.32222222222222,106,0.9
exp3_compliance_0.90,steffen,philippine,12486,141,1150,1300,47,40.644444444444446,138,0.9
exp3_compliance_0.90,random,philippine,12487,142,1358,1186,90,47.44444444444444,148,0.9
exp3_compliance_0.90,back_to_front,philippine,12487,142,1718,1783,95,81.18333333333334,219,0.9
exp3_compliance_0.90,outside_in,philippine,12487,142,1287,1242,50,38.22222222222222,154,0.9
exp3_compliance_0.90,steffen,philippine,12487,142,1066,1281,56,28.216666666666665,118,0.9
exp3_compliance_0.90,random,philippine,12488,143,1380,1131,74,42.13333333333333,146,0.9
exp3_compliance_0.90,back_to_front,philippine,12488,143,1767,1823,84,93.26666666666667,237,0.9
exp3_compliance_0.90,outside_in,philippine,12488,143,1458,1215,43,43.11666666666667,113,0.9
exp3_compliance_0.90,steffen,philippine,12488,143,1239,1544,51,43.91111111111111,146,0.9
exp3_compliance_0.90,random,philippine,12489,144,1380,1349,98,48.49444444444445,141,0.9
exp3_compliance_0.90,back_to_front,philippine,12489,144,1780,1751,93,87.66111111111111,228,0.9
exp3_compliance_0.90,outside_in,philippine,12489,144,1348,1308,54,48.33888888888889,148,0.9
exp3_compliance_0.90,steffen,philippine,12489,144,1065,1195,46,30.227777777777778,116,0.9
exp3_compliance_0.90,random,philippine,12490,145,1505,1219,88,50.37777777777778,148,0.9
exp3_compliance_0.90,back_to_front,philippine,12490,145,1851,1697,94,97.31666666666666,277,0.9
exp3_compliance_0.90,outside_in,philippine,12490,145,1277,1222,40,35.49444444444445,112,0.9
exp3_compliance_0.90,steffen,philippine,12490,145,1175,1386,38,37.71111111111111,135,0.9
exp3_compliance_0.90,random,philippine,12491,146,1542,1269,90,49.72222222222222,180,0.9
exp3_compliance_0.90,back_to_front,philippine,12491,146,1816,1721,89,86.42777777777778,193,0.9
exp3_compliance_0.90,outside_in,philippine,12491,146,1186,1022,56,31.666666666666668,113,0.9
exp3_compliance_0.90,steffen,philippine,12491,146,1142,1311,41,30.883333333333333,140,0.9
exp3_compliance_0.90,random,philippine,12492,147,1533,1368,94,47.72222222222222,136,0.9
exp3_compliance_0.90,back_to_front,philippine,12492,147,1894,1760,98,97.62222222222222,237,0.9
exp3_compliance_0.90,outside_in,philippine,12492,147,1324,1168,37,39.205555555555556,135,0.9
exp3_compliance_0.90,steffen,philippine,12492,147,1120,1270,38,32.516666666666666,120,0.9
exp3_compliance_0.90,random,philippine,12493,148,1571,1207,80,52.355555555555554,152,0.9
exp3_compliance_0.90,back_to_front,philippine,12493,148,1831,1807,95,93.75,217,0.9
exp3_compliance_0.90,outside_in,philippine,12493,148,1379,1151,36,41.18333333333333,121,0.9
exp3_compliance_0.90,steffen,philippine,12493,148,1257,1531,33,49.43333333333333,168,0.9
exp3_compliance_0.90,random,philippine,12494,149,1381,1208,92,50.80555555555556,212,0.9
exp3_compliance_0.90,back_to_front,philippine,12494,149,1969,1803,86,106.41111111111111,264,0.9
exp3_compliance_0.90,outside_in,philippine,12494,149,1241,1273,40,37.62777777777778,117,0.9
exp3_compliance_0.90,steffen,philippine,12494,149,1077,1414,47,34.333333333333336,141,0.9
exp3_compliance_0.90,random,philippine,12495,150,1524,1075,111,45.32222222222222,161,0.9
exp3_compliance_0.90,back_to_front,philippine,12495,150,1921,1742,86,102.33333333333333,256,0.9
exp3_compliance_0.90,outside_in,philippine,12495,150,1387,1141,44,41.477777777777774,109,0.9
exp3_compliance_0.90,steffen,philippine,12495,150,1112,1550,53,36.46666666666667,155,0.9
exp3_compliance_0.90,random,philippine,12496,151,1480,1347,92,51.76111111111111,140,0.9
exp3_compliance_0.90,back_to_front,philippine,12496,151,1785,1863,82,102.47222222222223,278,0.9
exp3_compliance_0.90,outside_in,philippine,12496,151,1390,1177,44,38.416666666666664,145,0.9
exp3_compliance_0.90,steffen,philippine,12496,151,1239,1250,46,42.53888888888889,183,0.9
exp3_compliance_0.90,random,philippine,12497,152,1417,1224,84,48.266666666666666,126,0.9
exp3_compliance_0.90,back_to_front,philippine,12497,152,1815,1783,98,93.21666666666667,238,0.9
exp3_compliance_0.90,outside_in,philippine,12497,152,1352,1245,46,40.97222222222222,117,0.9
exp3_compliance_0.90,steffen,philippine,12497,152,1176,1544,36,41.81666666666667,157,0.9
exp3_compliance_0.90,random,philippine,12498,153,1508,1227,102,46.21111111111111,151,0.9
exp3_compliance_0.90,back_to_front,philippine,12498,153,1841,1769,85,83.25,210,0.9
exp3_compliance_0.90,outside_in,philippine,12498,153,1389,1263,53,39.7,110,0.9
exp3_compliance_0.90,steffen,philippine,12498,153,1139,1448,36,35.35,127,0.9
exp3_compliance_0.90,random,philippine,12499,154,1530,1305,109,52.294444444444444,122,0.9
exp3_compliance_0.90,back_to_front,philippine,12499,154,1730,1792,84,78.45,178,0.9
exp3_compliance_0.90,outside_in,philippine,12499,154,1418,1251,52,42.01111111111111,140,0.9
exp3_compliance_0.90,steffen,philippine,12499,154,1231,1409,60,38.394444444444446,133,0.9
exp3_compliance_0.90,random,philippine,12500,155,1384,1174,90,41.855555555555554,136,0.9
exp3_compliance_0.90,back_to_front,philippine,12500,155,1817,1736,87,100.4888888888889,280,0.9
exp3_compliance_0.90,outside_in,philippine,12500,155,1297,1226,42,38.45,123,0.9
exp3_compliance_0.90,steffen,philippine,12500,155,1115,1377,39,35.58888888888889,113,0.9
exp3_compliance_0.90,random,philippine,12501,156,1445,1162,75,44.37222222222222,153,0.9
exp3_compliance_0.90,back_to_front,philippine,12501,156,2043,1890,94,122.92222222222222,302,0.9
exp3_compliance_0.90,outside_in,philippine,12501,156,1546,1240,54,55.55555555555556,175,0.9
exp3_compliance_0.90,steffen,philippine,12501,156,1198,1446,39,47.727777777777774,140,0.9
exp3_compliance_0.90,random,philippine,12502,157,1484,1145,96,53.422222222222224,162,0.9
exp3_compliance_0.90,back_to_front,philippine,12502,157,1840,1866,94,104.59444444444445,331,0.9
exp3_compliance_0.90,outside_in,philippine,12502,157,1432,1240,35,42.44444444444444,151,0.9
exp3_compliance_0.90,steffen,philippine,12502,157,1111,1291,40,32.077777777777776,131,0.9
exp3_compliance_0.90,random,philippine,12503,158,1651,1172,97,56.78333333333333,220,0.9
exp3_compliance_0.90,back_to_front,philippine,12503,158,1853,1896,82,97.2611111111111,229,0.9
exp3_compliance_0.90,outside_in,philippine,12503,158,1403,1172,47,42.394444444444446,183,0.9
exp3_compliance_0.90,steffen,philippine,12503,158,1134,1373,64,33.71666666666667,121,0.9
exp3_compliance_0.90,random,philippine,12504,159,1428,1171,79,40.92777777777778,148,0.9
exp3_compliance_0.90,back_to_front,philippine,12504,159,1789,1620,96,84.21666666666667,246,0.9
exp3_compliance_0.90,outside_in,philippine,12504,159,1384,1164,38,40.861111111111114,133,0.9
exp3_compliance_0.90,steffen,philippine,12504,159,1201,1343,47,36.81666666666667,148,0.9
exp3_compliance_0.90,random,philippine,12505,160,1353,1244,84,48.06666666666667,128,0.9
exp3_compliance_0.90,back_to_front,philippine,12505,160,1930,1892,92,113.92222222222222,324,0.9
exp3_compliance_0.90,outside_in,philippine,12505,160,1330,1183,46,41.33888888888889,161,0.9
exp3_compliance_0.90,steffen,philippine,12505,160,1127,1389,42,35.044444444444444,135,0.9
exp3_compliance_0.90,random,philippine,12506,161,1393,1286,80,48.333333333333336,128,0.9
exp3_compliance_0.90,back_to_front,philippine,12506,161,1913,1627,95,90.55,214,0.9
exp3_compliance_0.90,outside_in,philippine,12506,161,1387,1179,44,45.93888888888889,196,0.9
exp3_compliance_0.90,steffen,philippine,12506,161,1145,1269,48,28.822222222222223,92,0.9
exp3_compliance_0.90,random,philippine,12507,162,1432,1136,93,39.56666666666667,116,0.9
exp3_compliance_0.90,back_to_front,philippine,12507,162,1861,1706,102,92.75,224,0.9
exp3_compliance_0.90,outside_in,philippine,12507,162,1437,1119,44,40.25,120,0.9
exp3_compliance_0.90,steffen,philippine,12507,162,1218,1544,44,41.8,141,0.9
exp3_compliance_0.90,random,philippine,12508,163,1334,1196,77,39.605555555555554,160,0.9
exp3_compliance_0.90,back_to_front,philippine,12508,163,1969,1871,95,114.18888888888888,297,0.9
exp3_compliance_0.90,outside_in,philippine,12508,163,1413,1255,53,43.56111111111111,149,0.9
exp3_compliance_0.90,steffen,philippine,12508,163,1298,1599,42,43.25555555555555,144,0.9
exp3_compliance_0.90,random,philippine,12509,164,1476,1392,88,56.33888888888889,186,0.9
exp3_compliance_0.90,back_to_front,philippine,12509,164,1753,1744,82,92.58888888888889,254,0.9
exp3_compliance_0.90,outside_in,philippine,12509,164,1373,1259,38,46.21111111111111,119,0.9
exp3_compliance_0.90,steffen,philippine,12509,164,1137,1215,52,34.022222222222226,133,0.9
exp3_compliance_0.90,random,philippine,12510,165,1339,1353,101,41.59444444444444,122,0.9
exp3_compliance_0.90,back_to_front,philippine,12510,165,2002,1942,83,110.40555555555555,271,0.9
exp3_compliance_0.90,outside_in,philippine,12510,165,1317,1187,51,42.43888888888889,156,0.9
exp3_compliance_0.90,steffen,philippine,12510,165,1141,1479,39,43.2,156,0.9
exp3_compliance_0.90,random,philippine,12511,166,1410,1283,101,44.48888888888889,169,0.9
exp3_compliance_0.90,back_to_front,philippine,12511,166,1905,1766,80,96.56111111111112,271,0.9
exp3_compliance_0.90,outside_in,philippine,12511,166,1379,1298,46,46.272222222222226,137,0.9
exp3_compliance_0.90,steffen,philippine,12511,166,1111,1291,53,27.816666666666666,107,0.9
exp3_compliance_0.90,random,philippine,12512,167,1476,1159,108,42.81666666666667,128,0.9
exp3_compliance_0.90,back_to_front,philippine,12512,167,1982,1818,91,104.32777777777778,251,0.9
exp3_compliance_0.90,outside_in,philippine,12512,167,1444,1169,50,44.56666666666667,131,0.9
exp3_compliance_0.90,steffen,philippine,12512,167,1281,1262,44,39.96666666666667,135,0.9
exp3_compliance_0.90,random,philippine,12513,168,1478,1248,92,45.69444444444444,147,0.9
exp3_compliance_0.90,back_to_front,philippine,12513,168,1795,1702,81,92.92222222222222,224,0.9
exp3_compliance_0.90,outside_in,philippine,12513,168,1340,1222,42,43.41111111111111,134,0.9
exp3_compliance_0.90,steffen,philippine,12513,168,1243,1496,43,47.05555555555556,134,0.9
exp3_compliance_0.90,random,philippine,12514,169,1441,1243,89,49.577777777777776,132,0.9
exp3_compliance_0.90,back_to_front,philippine,12514,169,1885,1833,85,96.21666666666667,308,0.9
exp3_compliance_0.90,outside_in,philippine,12514,169,1395,1087,53,36.61666666666667,106,0.9
exp3_compliance_0.90,steffen,philippine,12514,169,1308,1349,59,40.227777777777774,166,0.9
exp3_compliance_0.90,random,philippine,12515,170,1462,1190,82,46.07222222222222,136,0.9
exp3_compliance_0.90,back_to_front,philippine,12515,170,1863,1793,86,97.7,243,0.9
exp3_compliance_0.90,outside_in,philippine,12515,170,1240,1181,46,34.361111111111114,121,0.9
exp3_compliance_0.90,steffen,philippine,12515,170,1168,1246,48,31.761111111111113,149,0.9
exp3_compliance_0.90,random,philippine,12516,171,1376,1201,88,42.93333333333333,146,0.9
exp3_compliance_0.90,back_to_front,philippine,12516,171,1827,1640,79,91.47777777777777,247,0.9
exp3_compliance_0.90,outside_in,philippine,12516,171,1202,1160,42,35.477777777777774,132,0.9
exp3_compliance_0.90,steffen,philippine,12516,171,1143,1292,49,36.53333333333333,150,0.9
exp3_compliance_0.90,random,philippine,12517,172,1457,1169,98,41.361111111111114,154,0.9
exp3_compliance_0.90,back_to_front,philippine,12517,172,1940,1833,91,109.67777777777778,290,0.9
exp3_compliance_0.90,outside_in,philippine,12517,172,1453,1246,39,42.16111111111111,130,0.9
exp3_compliance_0.90,steffen,philippine,12517,172,1154,1219,47,26.477777777777778,78,0.9
exp3_compliance_0.90,random,philippine,12518,173,1501,1250,96,47.37222222222222,147,0.9
exp3_compliance_0.90,back_to_front,philippine,12518,173,1987,1807,93,101.9888888888889,239,0.9
exp3_compliance_0.90,outside_in,philippine,12518,173,1309,1208,49,42.855555555555554,127,0.9
exp3_compliance_0.90,steffen,philippine,12518,173,1244,1384,53,42.016666666666666,161,0.9
exp3_compliance_0.90,random,philippine,12519,174,1473,1332,85,60.00555555555555,178,0.9
exp3_compliance_0.90,back_to_front,philippine,12519,174,1887,1846,107,99.07222222222222,219,0.9
exp3_compliance_0.90,outside_in,philippine,12519,174,1424,1262,45,48.91111111111111,137,0.9
exp3_compliance_0.90,steffen,philippine,12519,174,1221,1457,44,35.65,107,0.9
exp3_compliance_0.90,random,philippine,12520,175,1504,1227,88,46.416666666666664,151,0.9
exp3_compliance_0.90,back_to_front,philippine,12520,175,1859,1636,78,89.59444444444445,246,0.9
exp3_compliance_0.90,outside_in,philippine,12520,175,1361,1156,49,34.37777777777778,99,0.9
exp3_compliance_0.90,steffen,philippine,12520,175,1144,1403,51,41.733333333333334,149,0.9
exp3_compliance_0.90,random,philippine,12521,176,1389,1299,95,49.794444444444444,169,0.9
exp3_compliance_0.90,back_to_front,philippine,12521,176,1912,1609,93,90.08888888888889,231,0.9
exp3_compliance_0.90,outside_in,philippine,12521,176,1353,1186,46,42.43333333333333,144,0.9
exp3_compliance_0.90,steffen,philippine,12521,176,1038,1154,38,31.738888888888887,120,0.9
exp3_compliance_0.90,random,philippine,12522,177,1450,1362,83,44.52777777777778,138,0.9
exp3_compliance_0.90,back_to_front,philippine,12522,177,1888,1727,86,93.13888888888889,241,0.9
exp3_compliance_0.90,outside_in,philippine,12522,177,1373,1165,39,37.455555555555556,154,0.9
exp3_compliance_0.90,steffen,philippine,12522,177,1151,1351,31,37.86666666666667,156,0.9
exp3_compliance_0.90,random,philippine,12523,178,1609,1136,87,47.477777777777774,153,0.9
exp3_compliance_0.90,back_to_front,philippine,12523,178,1836,1706,96,100.63888888888889,235,0.9
exp3_compliance_0.90,outside_in,philippine,12523,178,1283,1270,37,36.18333333333333,106,0.9
exp3_compliance_0.90,steffen,philippine,12523,178,1146,1241,54,32.044444444444444,139,0.9
exp3_compliance_0.90,random,philippine,12524,179,1437,1301,90,52.03333333333333,144,0.9
exp3_compliance_0.90,back_to_front,philippine,12524,179,1992,1704,81,97.44444444444444,233,0.9
exp3_compliance_0.90,outside_in,philippine,12524,179,1339,1209,47,42.37222222222222,113,0.9
exp3_compliance_0.90,steffen,philippine,12524,179,1200,1270,53,31.91111111111111,163,0.9
exp3_compliance_0.90,random,philippine,12525,180,1386,1194,96,44.80555555555556,146,0.9
exp3_compliance_0.90,back_to_front,philippine,12525,180,1647,1690,81,77.6,189,0.9
exp3_compliance_0.90,outside_in,philippine,12525,180,1319,1345,50,42.97222222222222,135,0.9
exp3_compliance_0.90,steffen,philippine,12525,180,1063,1277,40,28.616666666666667,115,0.9
exp3_compliance_0.90,random,philippine,12526,181,1432,1136,102,43.361111111111114,128,0.9
exp3_compliance_0.90,back_to_front,philippine,12526,181,1809,1818,81,89.77777777777777,224,0.9
exp3_compliance_0.90,outside_in,philippine,12526,181,1379,1316,43,42.11666666666667,108,0.9
exp3_compliance_0.90,steffen,philippine,12526,181,1175,1476,51,40.30555555555556,139,0.9
exp3_compliance_0.90,random,philippine,12527,182,1457,1085,84,39.24444444444445,121,0.9
exp3_compliance_0.90,back_to_front,philippine,12527,182,1858,1801,98,104.95,248,0.9
exp3_compliance_0.90,outside_in,philippine,12527,182,1462,1147,54,51.0,143,0.9
exp3_compliance_0.90,steffen,philippine,12527,182,1136,1303,47,42.327777777777776,133,0.9
exp3_compliance_0.90,random,philippine,12528,183,1450,1301,92,53.73888888888889,158,0.9
exp3_compliance_0.90,back_to_front,philippine,12528,183,1759,1655,97,86.80555555555556,248,0.9
exp3_compliance_0.90,outside_in,philippine,12528,183,1363,1289,40,45.58888888888889,147,0.9
exp3_compliance_0.90,steffen,philippine,12528,183,1239,1283,55,36.955555555555556,140,0.9
exp3_compliance_0.90,random,philippine,12529,184,1456,1150,85,48.644444444444446,163,0.9
exp3_compliance_0.90,back_to_front,philippine,12529,184,1930,1700,100,97.73333333333333,283,0.9
exp3_compliance_0.90,outside_in,philippine,12529,184,1323,1234,34,37.38333333333333,159,0.9
exp3_compliance_0.90,steffen,philippine,12529,184,1238,1421,40,40.016666666666666,181,0.9
exp3_compliance_0.90,random,philippine,12530,185,1409,1173,93,40.53333333333333,120,0.9
exp3_compliance_0.90,back_to_front,philippine,12530,185,2009,1794,79,105.58333333333333,264,0.9
exp3_compliance_0.90,outside_in,philippine,12530,185,1357,1190,56,40.78333333333333,139,0.9
exp3_compliance_0.90,steffen,philippine,12530,185,1240,1393,40,36.81111111111111,147,0.9
exp3_compliance_0.90,random,philippine,12531,186,1546,1161,87,47.31666666666667,151,0.9
exp3_compliance_0.90,back_to_front,philippine,12531,186,1999,1805,94,109.52222222222223,287,0.9
exp3_compliance_0.90,outside_in,philippine,12531,186,1314,1200,48,41.6,119,0.9
exp3_compliance_0.90,steffen,philippine,12531,186,1182,1500,47,44.855555555555554,132,0.9
exp3_compliance_0.90,random,philippine,12532,187,1413,1290,85,49.87222222222222,169,0.9
exp3_compliance_0.90,back_to_front,philippine,12532,187,1919,1690,91,94.65555555555555,304,0.9
exp3_compliance_0.90,outside_in,philippine,12532,187,1375,1199,57,44.083333333333336,182,0.9
exp3_compliance_0.90,steffen,philippine,12532,187,1153,1306,39,41.583333333333336,149,0.9
exp3_compliance_0.90,random,philippine,12533,188,1624,1312,94,62.52777777777778,195,0.9
exp3_compliance_0.90,back_to_front,philippine,12533,188,1791,1674,86,79.93888888888888,213,0.9
exp3_compliance_0.90,outside_in,philippine,12533,188,1284,1289,50,42.30555555555556,145,0.9
exp3_compliance_0.90,steffen,philippine,12533,188,1078,1339,46,29.683333333333334,161,0.9
exp3_compliance_0.90,random,philippine,12534,189,1531,1346,97,56.37222222222222,177,0.9
exp3_compliance_0.90,back_to_front,philippine,12534,189,1801,1701,87,89.57222222222222,222,0.9
exp3_compliance_0.90,outside_in,philippine,12534,189,1322,1195,50,42.81666666666667,166,0.9
exp3_compliance_0.90,steffen,philippine,12534,189,1214,1464,47,41.80555555555556,187,0.9
exp3_compliance_0.90,random,philippine,12535,190,1341,1049,90,37.05555555555556,122,0.9
exp3_compliance_0.90,back_to_front,philippine,12535,190,2028,1814,84,98.91666666666667,241,0.9
exp3_compliance_0.90,outside_in,philippine,12535,190,1356,1105,51,42.27777777777778,110,0.9
exp3_compliance_0.90,steffen,philippine,12535,190,1150,1276,23,33.33888888888889,115,0.9
exp3_compliance_0.90,random,philippine,12536,191,1504,1238,91,53.11666666666667,139,0.9
exp3_compliance_0.90,back_to_front,philippine,12536,191,1972,1733,81,99.52222222222223,277,0.9
exp3_compliance_0.90,outside_in,philippine,12536,191,1329,1131,55,39.644444444444446,111,0.9
exp3_compliance_0.90,steffen,philippine,12536,191,1136,1333,27,36.12777777777778,98,0.9
exp3_compliance_0.90,random,philippine,12537,192,1422,1138,84,45.59444444444444,137,0.9
exp3_compliance_0.90,back_to_front,philippine,12537,192,1857,1751,100,87.63888888888889,235,0.9
exp3_compliance_0.90,outside_in,philippine,12537,192,1323,1225,43,40.03888888888889,122,0.9
exp3_compliance_0.90,steffen,philippine,12537,192,1157,1246,32,36.5,135,0.9
exp3_compliance_0.90,random,philippine,12538,193,1454,1332,98,49.75,158,0.9
exp3_compliance_0.90,back_to_front,philippine,12538,193,1791,1657,97,97.04444444444445,277,0.9
exp3_compliance_0.90,outside_in,philippine,12538,193,1333,1114,42,40.94444444444444,134,0.9
exp3_compliance_0.90,steffen,philippine,12538,193,1090,1307,42,30.92222222222222,140,0.9
exp3_compliance_0.90,random,philippine,12539,194,1494,1318,89,52.516666666666666,133,0.9
exp3_compliance_0.90,back_to_front,philippine,12539,194,1915,1850,87,109.18888888888888,309,0.9
exp3_compliance_0.90,outside_in,philippine,12539,194,1519,1199,51,41.76111111111111,144,0.9
exp3_compliance_0.90,steffen,philippine,12539,194,1121,1318,47,30.066666666666666,113,0.9
exp3_compliance_0.90,random,philippine,12540,195,1473,1324,92,47.18333333333333,163,0.9
exp3_compliance_0.90,back_to_front,philippine,12540,195,1793,1793,76,92.2611111111111,266,0.9
exp3_compliance_0.90,outside_in,philippine,12540,195,1245,1359,38,41.34444444444444,127,0.9
exp3_compliance_0.90,steffen,philippine,12540,195,1073,1540,48,33.93888888888889,112,0.9
exp3_compliance_0.90,random,philippine,12541,196,1436,1273,87,44.75555555555555,148,0.9
exp3_compliance_0.90,back_to_front,philippine,12541,196,1844,1786,91,96.90555555555555,249,0.9
exp3_compliance_0.90,outside_in,philippine,12541,196,1217,1205,31,42.205555555555556,123,0.9
exp3_compliance_0.90,steffen,philippine,12541,196,1235,1442,37,42.983333333333334,158,0.9
exp3_compliance_0.90,random,philippine,12542,197,1435,1331,82,46.38333333333333,149,0.9
exp3_compliance_0.90,back_to_front,philippine,12542,197,2116,1792,93,116.32777777777778,297,0.9
exp3_compliance_0.90,outside_in,philippine,12542,197,1320,1277,42,45.06666666666667,136,0.9
exp3_compliance_0.90,steffen,philippine,12542,197,1173,1571,46,38.09444444444444,145,0.9
exp3_compliance_0.90,random,philippine,12543,198,1403,1313,80,44.611111111111114,151,0.9
exp3_compliance_0.90,back_to_front,philippine,12543,198,1910,1806,93,99.12222222222222,243,0.9
exp3_compliance_0.90,outside_in,philippine,12543,198,1440,1246,49,44.35,139,0.9
exp3_compliance_0.90,steffen,philippine,12543,198,1218,1428,52,35.32222222222222,125,0.9
exp3_compliance_0.90,random,philippine,12544,199,1546,1290,98,56.3,161,0.9
exp3_compliance_0.90,back_to_front,philippine,12544,199,1819,1668,88,100.70555555555555,270,0.9
exp3_compliance_0.90,outside_in,philippine,12544,199,1333,1151,49,33.18888888888889,107,0.9
exp3_compliance_0.90,steffen,philippine,12544,199,1328,1408,59,46.49444444444445,165,0.9
exp3_compliance_0.75,random,philippine,12345,0,1429,1061,102,38.84444444444444,121,0.75
exp3_compliance_0.75,back_to_front,philippine,12345,0,1673,1548,90,73.45,172,0.75
exp3_compliance_0.75,outside_in,philippine,12345,0,1500,1246,64,59.38333333333333,200,0.75
exp3_compliance_0.75,steffen,philippine,12345,0,1271,1296,64,40.355555555555554,118,0.75
exp3_compliance_0.75,random,philippine,12346,1,1481,1102,95,39.44444444444444,154,0.75
exp3_compliance_0.75,back_to_front,philippine,12346,1,1711,1645,87,80.71666666666667,244,0.75
exp3_compliance_0.75,outside_in,philippine,12346,1,1366,1252,58,42.733333333333334,111,0.75
exp3_compliance_0.75,steffen,philippine,12346,1,1147,1303,67,30.81111111111111,115,0.75
exp3_compliance_0.75,random,philippine,12347,2,1369,1197,86,40.666666666666664,145,0.75
exp3_compliance_0.75,back_to_front,philippine,12347,2,1819,1717,90,92.66111111111111,261,0.75
exp3_compliance_0.75,outside_in,philippine,12347,2,1353,1273,65,42.11666666666667,145,0.75
exp3_compliance_0.75,steffen,philippine,12347,2,1175,1401,67,29.944444444444443,87,0.75
exp3_compliance_0.75,random,philippine,12348,3,1495,1186,87,47.894444444444446,127,0.75
exp3_compliance_0.75,back_to_front,philippine,12348,3,1755,1651,97,80.0111111111111,195,0.75
exp3_compliance_0.75,outside_in,philippine,12348,3,1348,1177,65,39.022222222222226,117,0.75
exp3_compliance_0.75,steffen,philippine,12348,3,1162,1136,58,31.07777777777778,102,0.75
exp3_compliance_0.75,random,philippine,12349,4,1484,1239,85,51.38333333333333,142,0.75
exp3_compliance_0.75,back_to_front,philippine,12349,4,1836,1682,103,80.97222222222223,202,0.75
exp3_compliance_0.75,outside_in,philippine,12349,4,1354,1254,55,43.394444444444446,135,0.75
exp3_compliance_0.75,steffen,philippine,12349,4,1213,1228,59,31.627777777777776,136,0.75
exp3_compliance_0.75,random,philippine,12350,5,1344,1184,77,44.62222222222222,149,0.75
exp3_compliance_0.75,back_to_front,philippine,12350,5,1732,1704,80,72.14444444444445,196,0.75
exp3_compliance_0.75,outside_in,philippine,12350,5,1270,1126,60,37.37222222222222,137,0.75
exp3_compliance_0.75,steffen,philippine,12350,5,1308,1419,52,42.355555555555554,142,0.75
exp3_compliance_0.75,random,philippine,12351,6,1382,1125,81,44.35,128,0.75
exp3_compliance_0.75,back_to_front,philippine,12351,6,1674,1489,77,83.41666666666667,292,0.75
exp3_compliance_0.75,outside_in,philippine,12351,6,1431,1186,56,47.49444444444445,126,0.75
exp3_compliance_0.75,steffen,philippine,12351,6,1244,1293,63,36.833333333333336,144,0.75
exp3_compliance_0.75,random,philippine,12352,7,1437,1056,83,40.6,125,0.75
exp3_compliance_0.75,back_to_front,philippine,12352,7,1846,1644,94,88.7388888888889,252,0.75
exp3_compliance_0.75,outside_in,philippine,12352,7,1392,1116,55,36.06111111111111,137,0.75
exp3_compliance_0.75,steffen,philippine,12352,7,1079,1190,72,24.63888888888889,92,0.75
exp3_compliance_0.75,random,philippine,12353,8,1327,1089,89,38.888888888888886,113,0.75
exp3_compliance_0.75,back_to_front,philippine,12353,8,1942,1687,80,99.2388888888889,247,0.75
exp3_compliance_0.75,outside_in,philippine,12353,8,1444,1170,58,42.23888888888889,132,0.75
exp3_compliance_0.75,steffen,philippine,12353,8,1214,1174,67,29.416666666666668,128,0.75
exp3_compliance_0.75,random,philippine,12354,9,1465,1237,93,41.983333333333334,133,0.75
exp3_compliance_0.75,back_to_front,philippine,12354,9,1851,1712,90,94.13333333333334,232,0.75
exp3_compliance_0.75,outside_in,philippine,12354,9,1337,1193,50,42.21111111111111,121,0.75
exp3_compliance_0.75,steffen,philippine,12354,9,1196,1105,59,34.44444444444444,108,0.75
exp3_compliance_0.75,random,philippine,12355,10,1523,1042,89,45.55555555555556,168,0.75
exp3_compliance_0.75,back_to_front,philippine,12355,10,1804,1662,91,85.08333333333333,212,0.75
exp3_compliance_0.75,outside_in,philippine,12355,10,1389,1095,67,35.86666666666667,142,0.75
exp3_compliance_0.75,steffen,philippine,12355,10,1130,1294,59,36.97222222222222,152,0.75
exp3_compliance_0.75,random,philippine,12356,11,1477,1248,106,46.827777777777776,126,0.75
exp3_compliance_0.75,back_to_front,philippine,12356,11,1707,1590,87,76.81111111111112,204,0.75
exp3_compliance_0.75,outside_in,philippine,12356,11,1323,1176,57,38.55555555555556,127,0.75
exp3_compliance_0.75,steffen,philippine,12356,11,1188,1380,64,38.15,129,0.75
exp3_compliance_0.75,random,philippine,12357,12,1329,1132,89,40.73888888888889,172,0.75
exp3_compliance_0.75,back_to_front,philippine,12357,12,1944,1685,86,92.7611111111111,213,0.75
exp3_compliance_0.75,outside_in,philippine,12357,12,1426,1066,61,42.56666666666667,211,0.75
exp3_compliance_0.75,steffen,philippine,12357,12,1292,1110,56,29.744444444444444,118,0.75
exp3_compliance_0.75,random,philippine,12358,13,1458,1313,91,42.4,144,0.75
exp3_compliance_0.75,back_to_front,philippine,12358,13,1865,1698,96,91.77222222222223,275,0.75
exp3_compliance_0.75,outside_in,philippine,12358,13,1326,1324,56,42.477777777777774,123,0.75
exp3_compliance_0.75,steffen,philippine,12358,13,1105,1363,60,26.17222222222222,93,0.75
exp3_compliance_0.75,random,philippine,12359,14,1390,1294,83,50.544444444444444,165,0.75
exp3_compliance_0.75,back_to_front,philippine,12359,14,1951,1717,85,94.21666666666667,259,0.75
exp3_compliance_0.75,outside_in,philippine,12359,14,1373,1364,57,47.25,164,0.75
exp3_compliance_0.75,steffen,philippine,12359,14,1238,1089,53,40.172222222222224,148,0.75
exp3_compliance_0.75,random,philippine,12360,15,1347,1223,102,45.75555555555555,146,0.75
exp3_compliance_0.75,back_to_front,philippine,12360,15,1734,1661,86,90.13333333333334,230,0.75
exp3_compliance_0.75,outside_in,philippine,12360,15,1321,1175,57,44.111111111111114,130,0.75
exp3_compliance_0.75,steffen,philippine,12360,15,1286,1440,73,40.9,125,0.75
exp3_compliance_0.75,random,philippine,12361,16,1554,1248,100,51.5,166,0.75
exp3_compliance_0.75,back_to_front,philippine,12361,16,1832,1628,101,83.02222222222223,204,0.75
exp3_compliance_0.75,outside_in,philippine,12361,16,1309,1238,64,41.46111111111111,144,0.75
exp3_compliance_0.75,steffen,philippine,12361,16,1180,1370,58,32.77777777777778,112,0.75
exp3_compliance_0.75,random,philippine,12362,17,1332,1238,85,44.105555555555554,149,0.75
exp3_compliance_0.75,back_to_front,philippine,12362,17,1858,1574,92,92.37222222222222,286,0.75
exp3_compliance_0.75,outside_in,philippine,12362,17,1415,1348,53,48.58888888888889,179,0.75
exp3_compliance_0.75,steffen,philippine,12362,17,1267,1293,57,32.9,136,0.75
exp3_compliance_0.75,random,philippine,12363,18,1496,1132,100,41.77777777777778,119,0.75
exp3_compliance_0.75,back_to_front,philippine,12363,18,1719,1539,84,73.27222222222223,204,0.75
exp3_compliance_0.75,outside_in,philippine,12363,18,1399,1195,71,45.55555555555556,190,0.75
exp3_compliance_0.75,steffen,philippine,12363,18,1330,1241,48,41.06666666666667,123,0.75
exp3_compliance_0.75,random,philippine,12364,19,1422,1137,98,43.516666666666666,162,0.75
exp3_compliance_0.75,back_to_front,philippine,12364,19,1716,1589,92,87.59444444444445,237,0.75
exp3_compliance_0.75,outside_in,philippine,12364,19,1306,1150,53,39.92777777777778,131,0.75
exp3_compliance_0.75,steffen,philippine,12364,19,1317,1167,53,35.73888888888889,141,0.75
exp3_compliance_0.75,random,philippine,12365,20,1379,1221,87,40.55555555555556,144,0.75
exp3_compliance_0.75,back_to_front,philippine,12365,20,1850,1710,71,88.72222222222223,261,0.75
exp3_compliance_0.75,outside_in,philippine,12365,20,1288,1247,57,47.9,154,0.75
exp3_compliance_0.75,steffen,philippine,12365,20,1208,1319,62,38.00555555555555,124,0.75
exp3_compliance_0.75,random,philippine,12366,21,1387,1207,85,44.41111111111111,139,0.75
exp3_compliance_0.75,back_to_front,philippine,12366,21,1650,1608,82,78.46666666666667,217,0.75
exp3_compliance_0.75,outside_in,philippine,12366,21,1364,1175,65,39.06666666666667,172,0.75
exp3_compliance_0.75,steffen,philippine,12366,21,1207,1263,55,33.16111111111111,149,0.75
exp3_compliance_0.75,random,philippine,12367,22,1498,1228,82,45.63333333333333,128,0.75
exp3_compliance_0.75,back_to_front,philippine,12367,22,1638,1521,92,69.36666666666666,198,0.75
exp3_compliance_0.75,outside_in,philippine,12367,22,1398,1243,52,44.03888888888889,159,0.75
exp3_compliance_0.75,steffen,philippine,12367,22,1075,1436,61,29.677777777777777,109,0.75
exp3_compliance_0.75,random,philippine,12368,23,1507,1212,88,50.611111111111114,176,0.75
exp3_compliance_0.75,back_to_front,philippine,12368,23,1870,1685,81,89.09444444444445,199,0.75
exp3_compliance_0.75,outside_in,philippine,12368,23,1258,1193,41,37.63333333333333,115,0.75
exp3_compliance_0.75,steffen,philippine,12368,23,1341,1413,72,50.30555555555556,178,0.75
exp3_compliance_0.75,random,philippine,12369,24,1398,1248,94,55.583333333333336,195,0.75
exp3_compliance_0.75,back_to_front,philippine,12369,24,1706,1665,82,86.88888888888889,261,0.75
exp3_compliance_0.75,outside_in,philippine,12369,24,1464,1301,61,48.15555555555556,179,0.75
exp3_compliance_0.75,steffen,philippine,12369,24,1319,1351,64,45.477777777777774,171,0.75
exp3_compliance_0.75,random,philippine,12370,25,1417,1186,85,39.71666666666667,126,0.75
exp3_compliance_0.75,back_to_front,philippine,12370,25,1903,1785,86,89.7,197,0.75
exp3_compliance_0.75,outside_in,philippine,12370,25,1360,1157,64,40.922222222222224,126,0.75
exp3_compliance_0.75,steffen,philippine,12370,25,1273,1100,70,30.183333333333334,101,0.75
exp3_compliance_0.75,random,philippine,12371,26,1574,1197,93,50.75,187,0.75
exp3_compliance_0.75,back_to_front,philippine,12371,26,1691,1628,91,70.42222222222222,172,0.75
exp3_compliance_0.75,outside_in,philippine,12371,26,1431,1249,68,46.327777777777776,147,0.75
exp3_compliance_0.75,steffen,philippine,12371,26,1180,1264,53,37.37777777777778,128,0.75
exp3_compliance_0.75,random,philippine,12372,27,1557,1111,80,52.78333333333333,149,0.75
exp3_compliance_0.75,back_to_front,philippine,12372,27,1740,1749,94,89.25555555555556,261,0.75
exp3_compliance_0.75,outside_in,philippine,12372,27,1416,1023,49,35.62222222222222,134,0.75
exp3_compliance_0.75,steffen,philippine,12372,27,1191,1341,52,30.194444444444443,101,0.75
exp3_compliance_0.75,random,philippine,12373,28,1340,1284,85,41.43333333333333,127,0.75
exp3_compliance_0.75,back_to_front,philippine,12373,28,1852,1683,75,92.61111111111111,243,0.75
exp3_compliance_0.75,outside_in,philippine,12373,28,1234,1253,65,40.33888888888889,180,0.75
exp3_compliance_0.75,steffen,philippine,12373,28,1154,1299,68,34.73888888888889,107,0.75
exp3_compliance_0.75,random,philippine,12374,29,1414,1091,90,39.93333333333333,133,0.75
exp3_compliance_0.75,back_to_front,philippine,12374,29,1756,1558,96,92.66111111111111,318,0.75
exp3_compliance_0.75,outside_in,philippine,12374,29,1425,1111,77,45.37222222222222,129,0.75
exp3_compliance_0.75,steffen,philippine,12374,29,1139,1330,58,28.605555555555554,87,0.75
exp3_compliance_0.75,random,philippine,12375,30,1412,1255,85,52.477777777777774,133,0.75
exp3_compliance_0.75,back_to_front,philippine,12375,30,1639,1619,99,75.39444444444445,193,0.75
exp3_compliance_0.75,outside_in,philippine,12375,30,1327,1182,47,39.733333333333334,146,0.75
exp3_compliance_0.75,steffen,philippine,12375,30,1192,1432,58,35.91111111111111,96,0.75
exp3_compliance_0.75,random,philippine,12376,31,1393,1105,91,39.63333333333333,162,0.75
exp3_compliance_0.75,back_to_front,philippine,12376,31,1788,1593,91,81.2611111111111,233,0.75
exp3_compliance_0.75,outside_in,philippine,12376,31,1447,1075,70,43.727777777777774,128,0.75
exp3_compliance_0.75,steffen,philippine,12376,31,1164,1343,70,39.583333333333336,127,0.75
exp3_compliance_0.75,random,philippine,12377,32,1493,1277,93,49.43888888888889,171,0.75
exp3_compliance_0.75,back_to_front,philippine,12377,32,1766,1558,87,77.04444444444445,228,0.75
exp3_compliance_0.75,outside_in,philippine,12377,32,1433,1011,63,38.24444444444445,100,0.75
exp3_compliance_0.75,steffen,philippine,12377,32,1236,1267,60,35.105555555555554,115,0.75
exp3_compliance_0.75,random,philippine,12378,33,1563,1253,92,61.327777777777776,168,0.75
exp3_compliance_0.75,back_to_front,philippine,12378,33,1668,1511,93,75.81111111111112,226,0.75
exp3_compliance_0.75,outside_in,philippine,12378,33,1343,1198,63,43.15555555555556,137,0.75
exp3_compliance_0.75,steffen,philippine,12378,33,1369,1239,65,42.12777777777778,138,0.75
exp3_compliance_0.75,random,philippine,12379,34,1401,1072,91,36.794444444444444,110,0.75
exp3_compliance_0.75,back_to_front,philippine,12379,34,1879,1719,87,101.37222222222222,251,0.75
exp3_compliance_0.75,outside_in,philippine,12379,34,1365,1248,70,45.8,149,0.75
exp3_compliance_0.75,steffen,philippine,12379,34,1223,1170,61,34.1,120,0.75
exp3_compliance_0.75,random,philippine,12380,35,1377,1284,96,49.07222222222222,145,0.75
exp3_compliance_0.75,back_to_front,philippine,12380,35,1775,1657,91,90.45,266,0.75
exp3_compliance_0.75,outside_in,philippine,12380,35,1377,1263,64,40.516666666666666,146,0.75
exp3_compliance_0.75,steffen,philippine,12380,35,1228,1300,69,27.255555555555556,146,0.75
exp3_compliance_0.75,random,philippine,12381,36,1358,1336,81,48.22222222222222,166,0.75
exp3_compliance_0.75,back_to_front,philippine,12381,36,1891,1657,97,107.33888888888889,317,0.75
exp3_compliance_0.75,outside_in,philippine,12381,36,1372,1058,58,42.82222222222222,122,0.75
exp3_compliance_0.75,steffen,philippine,12381,36,1169,1301,68,30.855555555555554,107,0.75
exp3_compliance_0.75,random,philippine,12382,37,1556,1264,87,55.37777777777778,138,0.75
exp3_compliance_0.75,back_to_front,philippine,12382,37,1848,1502,98,87.32777777777778,248,0.75
exp3_compliance_0.75,outside_in,philippine,12382,37,1463,1054,72,44.75,129,0.75
exp3_compliance_0.75,steffen,philippine,12382,37,1314,1323,65,40.19444444444444,143,0.75
exp3_compliance_0.75,random,philippine,12383,38,1389,1361,84,48.65,169,0.75
exp3_compliance_0.75,back_to_front,philippine,12383,38,1791,1846,93,108.14444444444445,324,0.75
exp3_compliance_0.75,outside_in,philippine,12383,38,1349,1132,63,38.638888888888886,140,0.75
exp3_compliance_0.75,steffen,philippine,12383,38,1265,1315,47,36.48888888888889,123,0.75
exp3_compliance_0.75,random,philippine,12384,39,1426,1287,91,49.69444444444444,173,0.75
exp3_compliance_0.75,back_to_front,philippine,12384,39,1631,1503,85,71.56666666666666,222,0.75
exp3_compliance_0.75,outside_in,philippine,12384,39,1479,1216,72,51.72222222222222,144,0.75
exp3_compliance_0.75,steffen,philippine,12384,39,1230,1212,63,33.272222222222226,133,0.75
exp3_compliance_0.75,random,philippine,12385,40,1382,1076,103,36.611111111111114,128,0.75
exp3_compliance_0.75,back_to_front,philippine,12385,40,1802,1753,104,91.2,250,0.75
exp3_compliance_0.75,outside_in,philippine,12385,40,1389,1114,75,46.522222222222226,173,0.75
exp3_compliance_0.75,steffen,philippine,12385,40,1169,1388,71,33.666666666666664,108,0.75
exp3_compliance_0.75,random,philippine,12386,41,1594,1327,93,58.40555555555556,165,0.75
exp3_compliance_0.75,back_to_front,philippine,12386,41,1618,1496,83,66.25,204,0.75
exp3_compliance_0.75,outside_in,philippine,12386,41,1416,1137,47,37.48888888888889,141,0.75
exp3_compliance_0.75,steffen,philippine,12386,41,1224,1414,58,34.477777777777774,115,0.75
exp3_compliance_0.75,random,philippine,12387,42,1534,1097,94,43.78333333333333,128,0.75
exp3_compliance_0.75,back_to_front,philippine,12387,42,1832,1474,84,96.01666666666667,269,0.75
exp3_compliance_0.75,outside_in,philippine,12387,42,1499,1153,62,49.00555555555555,140,0.75
exp3_compliance_0.75,steffen,philippine,12387,42,1134,1194,60,27.738888888888887,92,0.75
exp3_compliance_0.75,random,philippine,12388,43,1422,1281,87,41.78888888888889,135,0.75
exp3_compliance_0.75,back_to_front,philippine,12388,43,1686,1675,91,75.05555555555556,198,0.75
exp3_compliance_0.75,outside_in,philippine,12388,43,1476,1255,55,43.93333333333333,123,0.75
exp3_compliance_0.75,steffen,philippine,12388,43,1199,1360,65,35.105555555555554,126,0.75
exp3_compliance_0.75,random,philippine,12389,44,1461,1147,105,44.233333333333334,136,0.75
exp3_compliance_0.75,back_to_front,philippine,12389,44,1821,1702,85,94.97222222222223,280,0.75
exp3_compliance_0.75,outside_in,philippine,12389,44,1309,1295,50,41.422222222222224,130,0.75
exp3_compliance_0.75,steffen,philippine,12389,44,1156,1138,58,28.66111111111111,117,0.75
exp3_compliance_0.75,random,philippine,12390,45,1552,1112,93,42.50555555555555,127,0.75
exp3_compliance_0.75,back_to_front,philippine,12390,45,1782,1611,94,86.66666666666667,256,0.75
exp3_compliance_0.75,outside_in,philippine,12390,45,1249,1169,62,41.62222222222222,163,0.75
exp3_compliance_0.75,steffen,philippine,12390,45,1095,1311,55,29.294444444444444,127,0.75
exp3_compliance_0.75,random,philippine,12391,46,1452,1143,100,44.63333333333333,144,0.75
exp3_compliance_0.75,back_to_front,philippine,12391,46,1705,1550,86,77.75555555555556,237,0.75
exp3_compliance_0.75,outside_in,philippine,12391,46,1397,1139,60,45.72222222222222,187,0.75
exp3_compliance_0.75,steffen,philippine,12391,46,1230,1226,58,38.3,107,0.75
exp3_compliance_0.75,random,philippine,12392,47,1491,1153,94,44.727777777777774,149,0.75
exp3_compliance_0.75,back_to_front,philippine,12392,47,1769,1590,95,74.71666666666667,216,0.75
exp3_compliance_0.75,outside_in,philippine,12392,47,1376,1153,53,46.333333333333336,137,0.75
exp3_compliance_0.75,steffen,philippine,12392,47,1246,1149,58,35.083333333333336,116,0.75
exp3_compliance_0.75,random,philippine,12393,48,1453,1282,90,44.12777777777778,125,0.75
exp3_compliance_0.75,back_to_front,philippine,12393,48,1688,1625,87,75.0111111111111,224,0.75
exp3_compliance_0.75,outside_in,philippine,12393,48,1354,1137,61,41.727777777777774,131,0.75
exp3_compliance_0.75,steffen,philippine,12393,48,1257,1139,64,31.16111111111111,151,0.75
exp3_compliance_0.75,random,philippine,12394,49,1486,1241,93,46.56111111111111,128,0.75
exp3_compliance_0.75,back_to_front,philippine,12394,49,1830,1708,89,88.45555555555555,237,0.75
exp3_compliance_0.75,outside_in,philippine,12394,49,1395,1122,59,42.022222222222226,131,0.75
exp3_compliance_0.75,steffen,philippine,12394,49,1147,1187,60,30.43888888888889,122,0.75
exp3_compliance_0.75,random,philippine,12395,50,1385,1261,79,49.016666666666666,173,0.75
exp3_compliance_0.75,back_to_front,philippine,12395,50,1786,1500,97,76.74444444444444,225,0.75
exp3_compliance_0.75,outside_in,philippine,12395,50,1321,1102,62,39.34444444444444,111,0.75
exp3_compliance_0.75,steffen,philippine,12395,50,1136,1248,62,35.87222222222222,115,0.75
exp3_compliance_0.75,random,philippine,12396,51,1538,1138,107,54.74444444444445,187,0.75
exp3_compliance_0.75,back_to_front,philippine,12396,51,1720,1648,86,79.92222222222222,209,0.75
exp3_compliance_0.75,outside_in,philippine,12396,51,1317,1156,67,38.94444444444444,134,0.75
exp3_compliance_0.75,steffen,philippine,12396,51,1086,1251,53,33.672222222222224,130,0.75
exp3_compliance_0.75,random,philippine,12397,52,1463,1112,80,41.06666666666667,134,0.75
exp3_compliance_0.75,back_to_front,philippine,12397,52,1742,1623,93,82.92222222222222,199,0.75
exp3_compliance_0.75,outside_in,philippine,12397,52,1361,1227,54,40.111111111111114,137,0.75
exp3_compliance_0.75,steffen,philippine,12397,52,1124,1273,49,32.69444444444444,94,0.75
exp3_compliance_0.75,random,philippine,12398,53,1496,1138,92,42.7,116,0.75
exp3_compliance_0.75,back_to_front,philippine,12398,53,1735,1581,91,79.47222222222223,203,0.75
exp3_compliance_0.75,outside_in,philippine,12398,53,1257,1249,47,35.794444444444444,110,0.75
exp3_compliance_0.75,steffen,philippine,12398,53,1121,1347,52,30.16111111111111,128,0.75
exp3_compliance_0.75,random,philippine,12399,54,1505,1114,86,47.28888888888889,140,0.75
exp3_compliance_0.75,back_to_front,philippine,12399,54,1791,1548,100,81.85555555555555,220,0.75
exp3_compliance_0.75,outside_in,philippine,12399,54,1411,1146,59,39.93333333333333,154,0.75
exp3_compliance_0.75,steffen,philippine,12399,54,1227,1183,67,38.583333333333336,205,0.75
exp3_compliance_0.75,random,philippine,12400,55,1369,1164,99,46.2,176,0.75
exp3_compliance_0.75,back_to_front,philippine,12400,55,1821,1612,79,95.68333333333334,297,0.75
exp3_compliance_0.75,outside_in,philippine,12400,55,1290,1197,55,36.855555555555554,105,0.75
exp3_compliance_0.75,steffen,philippine,12400,55,1192,1454,55,40.50555555555555,117,0.75
exp3_compliance_0.75,random,philippine,12401,56,1521,1226,96,49.37222222222222,135,0.75
exp3_compliance_0.75,back_to_front,philippine,12401,56,1711,1515,85,70.89444444444445,215,0.75
exp3_compliance_0.75,outside_in,philippine,12401,56,1324,1290,53,40.47222222222222,122,0.75
exp3_compliance_0.75,steffen,philippine,12401,56,1140,1235,61,28.383333333333333,107,0.75
exp3_compliance_0.75,random,philippine,12402,57,1459,1187,105,47.76111111111111,148,0.75
exp3_compliance_0.75,back_to_front,philippine,12402,57,1703,1716,95,79.11666666666666,230,0.75
exp3_compliance_0.75,outside_in,philippine,12402,57,1304,1290,63,43.22222222222222,143,0.75
exp3_compliance_0.75,steffen,philippine,12402,57,1291,1369,58,42.17777777777778,142,0.75
exp3_compliance_0.75,random,philippine,12403,58,1549,1292,97,57.55555555555556,179,0.75
exp3_compliance_0.75,back_to_front,philippine,12403,58,1793,1649,84,81.82222222222222,202,0.75
exp3_compliance_0.75,outside_in,philippine,12403,58,1401,1276,49,47.06666666666667,130,0.75
exp3_compliance_0.75,steffen,philippine,12403,58,1154,1103,67,30.75,130,0.75
exp3_compliance_0.75,random,philippine,12404,59,1431,1202,82,46.53888888888889,138,0.75
exp3_compliance_0.75,back_to_front,philippine,12404,59,1735,1725,87,81.15555555555555,198,0.75
exp3_compliance_0.75,outside_in,philippine,12404,59,1456,1125,53,38.84444444444444,132,0.75
exp3_compliance_0.75,steffen,philippine,12404,59,1178,1201,55,37.49444444444445,157,0.75
exp3_compliance_0.75,random,philippine,12405,60,1508,1242,105,43.227777777777774,129,0.75
exp3_compliance_0.75,back_to_front,philippine,12405,60,1832,1561,92,85.67222222222222,242,0.75
exp3_compliance_0.75,outside_in,philippine,12405,60,1413,1080,63,42.388888888888886,150,0.75
exp3_compliance_0.75,steffen,philippine,12405,60,1173,1247,57,32.81666666666667,107,0.75
exp3_compliance_0.75,random,philippine,12406,61,1315,1173,79,42.15555555555556,121,0.75
exp3_compliance_0.75,back_to_front,philippine,12406,61,1706,1646,93,82.04444444444445,214,0.75
exp3_compliance_0.75,outside_in,philippine,12406,61,1409,1131,52,40.21111111111111,129,0.75
exp3_compliance_0.75,steffen,philippine,12406,61,1232,1243,60,31.82777777777778,119,0.75
exp3_compliance_0.75,random,philippine,12407,62,1504,1007,79,39.111111111111114,113,0.75
exp3_compliance_0.75,back_to_front,philippine,12407,62,1707,1575,88,79.23333333333333,250,0.75
exp3_compliance_0.75,outside_in,philippine,12407,62,1256,1059,60,35.75555555555555,128,0.75
exp3_compliance_0.75,steffen,philippine,12407,62,1127,1259,54,32.016666666666666,123,0.75
exp3_compliance_0.75,random,philippine,12408,63,1425,1099,96,42.82222222222222,176,0.75
exp3_compliance_0.75,back_to_front,philippine,12408,63,1918,1815,90,97.40555555555555,286,0.75
exp3_compliance_0.75,outside_in,philippine,12408,63,1298,1246,66,38.98888888888889,132,0.75
exp3_compliance_0.75,steffen,philippine,12408,63,1172,1287,56,32.2,124,0.75
exp3_compliance_0.75,random,philippine,12409,64,1485,1352,87,57.76111111111111,166,0.75
exp3_compliance_0.75,back_to_front,philippine,12409,64,1822,1601,93,88.0111111111111,303,0.75
exp3_compliance_0.75,outside_in,philippine,12409,64,1355,1202,65,37.9,118,0.75
exp3_compliance_0.75,steffen,philippine,12409,64,1192,1389,63,34.266666666666666,114,0.75
exp3_compliance_0.75,random,philippine,12410,65,1373,1132,81,38.85,147,0.75
exp3_compliance_0.75,back_to_front,philippine,12410,65,1695,1555,79,84.86666666666666,239,0.75
exp3_compliance_0.75,outside_in,philippine,12410,65,1315,1258,51,39.477777777777774,131,0.75
exp3_compliance_0.75,steffen,philippine,12410,65,1240,1327,55,42.21666666666667,150,0.75
exp3_compliance_0.75,random,philippine,12411,66,1330,1037,90,37.794444444444444,99,0.75
exp3_compliance_0.75,back_to_front,philippine,12411,66,1807,1582,88,85.26666666666667,279,0.75
exp3_compliance_0.75,outside_in,philippine,12411,66,1408,1111,63,41.55,169,0.75
exp3_compliance_0.75,steffen,philippine,12411,66,1252,1125,60,35.388888888888886,127,0.75
exp3_compliance_0.75,random,philippine,12412,67,1440,1252,70,45.85,139,0.75
exp3_compliance_0.75,back_to_front,philippine,12412,67,1842,1745,91,90.56666666666666,238,0.75
exp3_compliance_0.75,outside_in,philippine,12412,67,1356,1275,53,41.894444444444446,122,0.75
exp3_compliance_0.75,steffen,philippine,12412,67,1253,1453,60,43.894444444444446,143,0.75
exp3_compliance_0.75,random,philippine,12413,68,1620,1240,100,51.68333333333333,168,0.75
exp3_compliance_0.75,back_to_front,philippine,12413,68,1857,1541,91,91.99444444444444,246,0.75
exp3_compliance_0.75,outside_in,philippine,12413,68,1313,1120,50,39.483333333333334,161,0.75
exp3_compliance_0.75,steffen,philippine,12413,68,1119,1129,69,29.083333333333332,116,0.75
exp3_compliance_0.75,random,philippine,12414,69,1585,1198,82,47.355555555555554,119,0.75
exp3_compliance_0.75,back_to_front,philippine,12414,69,1716,1689,93,84.16666666666667,251,0.75
exp3_compliance_0.75,outside_in,philippine,12414,69,1219,1135,50,37.772222222222226,160,0.75
exp3_compliance_0.75,steffen,philippine,12414,69,1334,1336,65,35.78888888888889,121,0.75
exp3_compliance_0.75,random,philippine,12415,70,1486,1179,92,47.52777777777778,137,0.75
exp3_compliance_0.75,back_to_front,philippine,12415,70,1716,1526,77,76.05,204,0.75
exp3_compliance_0.75,outside_in,philippine,12415,70,1455,1238,80,44.8,106,0.75
exp3_compliance_0.75,steffen,philippine,12415,70,1174,1477,66,39.95,145,0.75
exp3_compliance_0.75,random,philippine,12416,71,1416,1203,85,46.577777777777776,124,0.75
exp3_compliance_0.75,back_to_front,philippine,12416,71,1823,1665,84,85.92777777777778,232,0.75
exp3_compliance_0.75,outside_in,philippine,12416,71,1415,1092,68,38.983333333333334,168,0.75
exp3_compliance_0.75,steffen,philippine,12416,71,1066,1452,47,34.78888888888889,142,0.75
exp3_compliance_0.75,random,philippine,12417,72,1458,1047,96,36.47222222222222,104,0.75
exp3_compliance_0.75,back_to_front,philippine,12417,72,1586,1451,92,72.84444444444445,208,0.75
exp3_compliance_0.75,outside_in,philippine,12417,72,1366,1141,64,40.138888888888886,109,0.75
exp3_compliance_0.75,steffen,philippine,12417,72,1196,1294,50,37.894444444444446,125,0.75
exp3_compliance_0.75,random,philippine,12418,73,1499,1243,94,52.28333333333333,136,0.75
exp3_compliance_0.75,back_to_front,philippine,12418,73,1759,1546,96,85.07222222222222,237,0.75
exp3_compliance_0.75,outside_in,philippine,12418,73,1437,1217,64,39.85,107,0.75
exp3_compliance_0.75,steffen,philippine,12418,73,1289,1191,72,34.43333333333333,120,0.75
exp3_compliance_0.75,random,philippine,12419,74,1485,1287,89,47.72222222222222,131,0.75
exp3_compliance_0.75,back_to_front,philippine,12419,74,1673,1616,68,76.2611111111111,212,0.75
exp3_compliance_0.75,outside_in,philippine,12419,74,1423,1234,53,44.24444444444445,148,0.75
exp3_compliance_0.75,steffen,philippine,12419,74,1044,1336,57,29.08888888888889,119,0.75
exp3_compliance_0.75,random,philippine,12420,75,1462,1308,97,47.93888888888889,149,0.75
exp3_compliance_0.75,back_to_front,philippine,12420,75,1597,1607,85,76.78888888888889,238,0.75
exp3_compliance_0.75,outside_in,philippine,12420,75,1238,1132,63,37.044444444444444,136,0.75
exp3_compliance_0.75,steffen,philippine,12420,75,1239,1316,63,37.56111111111111,136,0.75
exp3_compliance_0.75,random,philippine,12421,76,1414,1318,99,50.922222222222224,172,0.75
exp3_compliance_0.75,back_to_front,philippine,12421,76,1669,1676,89,82.23333333333333,247,0.75
exp3_compliance_0.75,outside_in,philippine,12421,76,1452,1173,59,42.53333333333333,149,0.75
exp3_compliance_0.75,steffen,philippine,12421,76,1208,1212,70,31.88888888888889,133,0.75
exp3_compliance_0.75,random,philippine,12422,77,1451,1336,105,48.25,146,0.75
exp3_compliance_0.75,back_to_front,philippine,12422,77,1810,1842,80,83.5,182,0.75
exp3_compliance_0.75,outside_in,philippine,12422,77,1454,1182,48,43.63333333333333,123,0.75
exp3_compliance_0.75,steffen,philippine,12422,77,1243,1110,51,35.06666666666667,119,0.75
exp3_compliance_0.75,random,philippine,12423,78,1459,1116,107,47.35,150,0.75
exp3_compliance_0.75,back_to_front,philippine,12423,78,1625,1550,96,73.66666666666667,214,0.75
exp3_compliance_0.75,outside_in,philippine,12423,78,1371,1292,69,47.083333333333336,162,0.75
exp3_compliance_0.75,steffen,philippine,12423,78,1179,1342,47,38.00555555555555,148,0.75
exp3_compliance_0.75,random,philippine,12424,79,1429,1176,87,40.65,131,0.75
exp3_compliance_0.75,back_to_front,philippine,12424,79,1869,1492,95,87.71111111111111,234,0.75
exp3_compliance_0.75,outside_in,philippine,12424,79,1352,1033,59,37.99444444444445,135,0.75
exp3_compliance_0.75,steffen,philippine,12424,79,1211,1243,53,34.772222222222226,100,0.75
exp3_compliance_0.75,random,philippine,12425,80,1554,1170,105,47.888888888888886,171,0.75
exp3_compliance_0.75,back_to_front,philippine,12425,80,1623,1567,83,72.62777777777778,226,0.75
exp3_compliance_0.75,outside_in,philippine,12425,80,1437,1134,62,46.30555555555556,115,0.75
exp3_compliance_0.75,steffen,philippine,12425,80,1266,1075,59,33.333333333333336,119,0.75
exp3_compliance_0.75,random,philippine,12426,81,1410,1221,102,45.05,151,0.75
exp3_compliance_0.75,back_to_front,philippine,12426,81,1824,1647,83,83.27777777777777,218,0.75
exp3_compliance_0.75,outside_in,philippine,12426,81,1498,1198,66,46.43888888888889,206,0.75
exp3_compliance_0.75,steffen,philippine,12426,81,1212,1392,65,36.62777777777778,120,0.75
exp3_compliance_0.75,random,philippine,12427,82,1279,1292,77,44.48888888888889,131,0.75
exp3_compliance_0.75,back_to_front,philippine,12427,82,1782,1584,98,88.32777777777778,226,0.75
exp3_compliance_0.75,outside_in,philippine,12427,82,1413,1095,51,39.98888888888889,134,0.75
exp3_compliance_0.75,steffen,philippine,12427,82,1158,1264,67,28.155555555555555,101,0.75
exp3_compliance_0.75,random,philippine,12428,83,1358,1175,83,36.96111111111111,117,0.75
exp3_compliance_0.75,back_to_front,philippine,12428,83,1752,1637,76,84.76666666666667,215,0.75
exp3_compliance_0.75,outside_in,philippine,12428,83,1303,1209,68,43.111111111111114,120,0.75
exp3_compliance_0.75,steffen,philippine,12428,83,1131,1371,58,32.638888888888886,123,0.75
exp3_compliance_0.75,random,philippine,12429,84,1375,1340,87,58.46111111111111,185,0.75
exp3_compliance_0.75,back_to_front,philippine,12429,84,1761,1589,80,79.7,194,0.75
exp3_compliance_0.75,outside_in,philippine,12429,84,1304,1225,55,39.53888888888889,139,0.75
exp3_compliance_0.75,steffen,philippine,12429,84,1123,1313,57,31.866666666666667,97,0.75
exp3_compliance_0.75,random,philippine,12430,85,1442,1181,106,46.083333333333336,168,0.75
exp3_compliance_0.75,back_to_front,philippine,12430,85,1671,1405,81,77.42222222222222,259,0.75
exp3_compliance_0.75,outside_in,philippine,12430,85,1308,1131,46,32.577777777777776,106,0.75
exp3_compliance_0.75,steffen,philippine,12430,85,1157,1314,58,36.95,142,0.75
exp3_compliance_0.75,random,philippine,12431,86,1476,1204,92,47.43888888888889,139,0.75
exp3_compliance_0.75,back_to_front,philippine,12431,86,1868,1639,85,93.72777777777777,264,0.75
exp3_compliance_0.75,outside_in,philippine,12431,86,1409,1104,66,41.03888888888889,147,0.75
exp3_compliance_0.75,steffen,philippine,12431,86,1276,1361,67,40.827777777777776,151,0.75
exp3_compliance_0.75,random,philippine,12432,87,1444,1198,95,45.077777777777776,155,0.75
exp3_compliance_0.75,back_to_front,philippine,12432,87,1936,1840,83,105.92222222222222,353,0.75
exp3_compliance_0.75,outside_in,philippine,12432,87,1458,1139,77,43.333333333333336,129,0.75
exp3_compliance_0.75,steffen,philippine,12432,87,1270,1294,59,41.87222222222222,190,0.75
exp3_compliance_0.75,random,philippine,12433,88,1543,1123,99,46.522222222222226,156,0.75
exp3_compliance_0.75,back_to_front,philippine,12433,88,1944,1720,90,90.0111111111111,228,0.75
exp3_compliance_0.75,outside_in,philippine,12433,88,1261,1098,67,37.01111111111111,103,0.75
exp3_compliance_0.75,steffen,philippine,12433,88,1168,1239,61,32.87222222222222,121,0.75
exp3_compliance_0.75,random,philippine,12434,89,1441,1237,106,47.16111111111111,136,0.75
exp3_compliance_0.75,back_to_front,philippine,12434,89,1861,1729,95,87.3,223,0.75
exp3_compliance_0.75,outside_in,philippine,12434,89,1332,1234,51,40.07222222222222,114,0.75
exp3_compliance_0.75,steffen,philippine,12434,89,1213,1380,62,36.95,113,0.75
exp3_compliance_0.75,random,philippine,12435,90,1476,1261,91,53.06666666666667,158,0.75
exp3_compliance_0.75,back_to_front,philippine,12435,90,1867,1610,110,88.06666666666666,243,0.75
exp3_compliance_0.75,outside_in,philippine,12435,90,1339,1220,61,33.78333333333333,109,0.75
exp3_compliance_0.75,steffen,philippine,12435,90,1189,1122,52,31.83888888888889,92,0.75
exp3_compliance_0.75,random,philippine,12436,91,1544,1077,96,43.96111111111111,147,0.75
exp3_compliance_0.75,back_to_front,philippine,12436,91,1881,1535,84,85.32777777777778,258,0.75
exp3_compliance_0.75,outside_in,philippine,12436,91,1416,1116,59,38.97222222222222,124,0.75
exp3_compliance_0.75,steffen,philippine,12436,91,1136,1096,62,36.81666666666667,145,0.75
exp3_compliance_0.75,random,philippine,12437,92,1475,1126,94,44.672222222222224,113,0.75
exp3_compliance_0.75,back_to_front,philippine,12437,92,1784,1683,85,86.12777777777778,236,0.75
exp3_compliance_0.75,outside_in,philippine,12437,92,1473,1227,62,46.205555555555556,163,0.75
exp3_compliance_0.75,steffen,philippine,12437,92,1244,1308,66,36.6,131,0.75
exp3_compliance_0.75,random,philippine,12438,93,1372,1328,88,49.85,189,0.75
exp3_compliance_0.75,back_to_front,philippine,12438,93,1694,1653,95,79.83888888888889,216,0.75
exp3_compliance_0.75,outside_in,philippine,12438,93,1505,1293,69,48.47222222222222,183,0.75
exp3_compliance_0.75,steffen,philippine,12438,93,1339,1420,64,42.733333333333334,142,0.75
exp3_compliance_0.75,random,philippine,12439,94,1328,1154,92,40.05555555555556,128,0.75
exp3_compliance_0.75,back_to_front,philippine,12439,94,1912,1630,104,91.28333333333333,263,0.75
exp3_compliance_0.75,outside_in,philippine,12439,94,1370,1196,54,49.455555555555556,148,0.75
exp3_compliance_0.75,steffen,philippine,12439,94,1214,1248,71,27.894444444444446,89,0.75
exp3_compliance_0.75,random,philippine,12440,95,1517,1248,100,49.82222222222222,156,0.75
exp3_compliance_0.75,back_to_front,philippine,12440,95,1882,1767,97,98.82777777777778,286,0.75
exp3_compliance_0.75,outside_in,philippine,12440,95,1415,1086,58,43.416666666666664,114,0.75
exp3_compliance_0.75,steffen,philippine,12440,95,1187,1275,53,35.00555555555555,129,0.75
exp3_compliance_0.75,random,philippine,12441,96,1468,1144,80,49.077777777777776,136,0.75
exp3_compliance_0.75,back_to_front,philippine,12441,96,1627,1631,75,81.97222222222223,246,0.75
exp3_compliance_0.75,outside_in,philippine,12441,96,1502,1156,60,45.772222222222226,127,0.75
exp3_compliance_0.75,steffen,philippine,12441,96,1188,1391,54,33.483333333333334,115,0.75
exp3_compliance_0.75,random,philippine,12442,97,1464,1361,93,51.01111111111111,183,0.75
exp3_compliance_0.75,back_to_front,philippine,12442,97,1790,1682,88,94.46666666666667,285,0.75
exp3_compliance_0.75,outside_in,philippine,12442,97,1349,1211,70,45.83888888888889,135,0.75
exp3_compliance_0.75,steffen,philippine,12442,97,1170,1397,59,37.705555555555556,126,0.75
exp3_compliance_0.75,random,philippine,12443,98,1414,1267,94,50.4,155,0.75
exp3_compliance_0.75,back_to_front,philippine,12443,98,1755,1551,83,79.1,226,0.75
exp3_compliance_0.75,outside_in,philippine,12443,98,1379,1297,55,50.172222222222224,142,0.75
exp3_compliance_0.75,steffen,philippine,12443,98,1167,1170,49,30.81111111111111,124,0.75
exp3_compliance_0.75,random,philippine,12444,99,1404,1087,85,40.57222222222222,119,0.75
exp3_compliance_0.75,back_to_front,philippine,12444,99,1795,1393,91,76.16111111111111,250,0.75
exp3_compliance_0.75,outside_in,philippine,12444,99,1298,1216,62,38.861111111111114,139,0.75
exp3_compliance_0.75,steffen,philippine,12444,99,1288,1420,61,44.41111111111111,167,0.75
exp3_compliance_0.75,random,philippine,12445,100,1366,1186,84,47.12222222222222,142,0.75
exp3_compliance_0.75,back_to_front,philippine,12445,100,1727,1568,84,81.66666666666667,244,0.75
exp3_compliance_0.75,outside_in,philippine,12445,100,1404,1100,58,39.16111111111111,122,0.75
exp3_compliance_0.75,steffen,philippine,12445,100,1203,1076,73,31.85,112,0.75
exp3_compliance_0.75,random,philippine,12446,101,1628,1158,88,44.82222222222222,164,0.75
exp3_compliance_0.75,back_to_front,philippine,12446,101,1882,1745,90,92.51666666666667,233,0.75
exp3_compliance_0.75,outside_in,philippine,12446,101,1288,1371,54,38.96111111111111,131,0.75
exp3_compliance_0.75,steffen,philippine,12446,101,1143,1194,51,30.016666666666666,101,0.75
exp3_compliance_0.75,random,philippine,12447,102,1490,1153,93,44.394444444444446,135,0.75
exp3_compliance_0.75,back_to_front,philippine,12447,102,1628,1356,78,69.67222222222222,239,0.75
exp3_compliance_0.75,outside_in,philippine,12447,102,1407,1258,78,42.97222222222222,155,0.75
exp3_compliance_0.75,steffen,philippine,12447,102,1112,1428,60,31.177777777777777,121,0.75
exp3_compliance_0.75,random,philippine,12448,103,1535,1308,85,46.76111111111111,126,0.75
exp3_compliance_0.75,back_to_front,philippine,12448,103,1740,1515,91,82.92777777777778,222,0.75
exp3_compliance_0.75,outside_in,philippine,12448,103,1327,1156,65,34.90555555555556,116,0.75
exp3_compliance_0.75,steffen,philippine,12448,103,1447,1254,78,38.144444444444446,149,0.75
exp3_compliance_0.75,random,philippine,12449,104,1552,1222,91,50.983333333333334,137,0.75
exp3_compliance_0.75,back_to_front,philippine,12449,104,1838,1637,86,89.99444444444444,248,0.75
exp3_compliance_0.75,outside_in,philippine,12449,104,1371,1192,60,39.044444444444444,130,0.75
exp3_compliance_0.75,steffen,philippine,12449,104,1186,1326,58,34.25,116,0.75
exp3_compliance_0.75,random,philippine,12450,105,1522,1044,90,43.12777777777778,121,0.75
exp3_compliance_0.75,back_to_front,philippine,12450,105,1869,1639,94,91.08888888888889,268,0.75
exp3_compliance_0.75,outside_in,philippine,12450,105,1340,1272,62,39.76111111111111,187,0.75
exp3_compliance_0.75,steffen,philippine,12450,105,1111,1234,51,31.766666666666666,107,0.75
exp3_compliance_0.75,random,philippine,12451,106,1561,1061,99,47.38333333333333,142,0.75
exp3_compliance_0.75,back_to_front,philippine,12451,106,1808,1672,76,88.22777777777777,237,0.75
exp3_compliance_0.75,outside_in,philippine,12451,106,1433,1126,64,41.22222222222222,136,0.75
exp3_compliance_0.75,steffen,philippine,12451,106,1180,1196,52,30.788888888888888,107,0.75
exp3_compliance_0.75,random,philippine,12452,107,1555,1400,89,60.23888888888889,180,0.75
exp3_compliance_0.75,back_to_front,philippine,12452,107,1964,1857,95,99.66666666666667,273,0.75
exp3_compliance_0.75,outside_in,philippine,12452,107,1319,1083,54,36.15,122,0.75
exp3_compliance_0.75,steffen,philippine,12452,107,1120,1293,64,25.794444444444444,128,0.75
exp3_compliance_0.75,random,philippine,12453,108,1432,1145,88,50.28888888888889,172,0.75
exp3_compliance_0.75,back_to_front,philippine,12453,108,1803,1581,85,90.68888888888888,227,0.75
exp3_compliance_0.75,outside_in,philippine,12453,108,1283,1115,53,37.88333333333333,115,0.75
exp3_compliance_0.75,steffen,philippine,12453,108,1221,1231,56,34.55,128,0.75
exp3_compliance_0.75,random,philippine,12454,109,1358,1147,81,43.02777777777778,149,0.75
exp3_compliance_0.75,back_to_front,philippine,12454,109,1822,1632,81,88.83333333333333,263,0.75
exp3_compliance_0.75,outside_in,philippine,12454,109,1354,1237,59,41.36666666666667,115,0.75
exp3_compliance_0.75,steffen,philippine,12454,109,1316,1308,72,42.52777777777778,168,0.75
exp3_compliance_0.75,random,philippine,12455,110,1529,1356,97,56.544444444444444,194,0.75
exp3_compliance_0.75,back_to_front,philippine,12455,110,1707,1612,96,78.98333333333333,227,0.75
exp3_compliance_0.75,outside_in,philippine,12455,110,1451,1214,63,42.85,133,0.75
exp3_compliance_0.75,steffen,philippine,12455,110,1191,1280,54,30.366666666666667,120,0.75
exp3_compliance_0.75,random,philippine,12456,111,1495,1226,111,48.09444444444444,145,0.75
exp3_compliance_0.75,back_to_front,philippine,12456,111,1562,1588,96,82.3,256,0.75
exp3_compliance_0.75,outside_in,philippine,12456,111,1258,1198,54,43.28888888888889,155,0.75
exp3_compliance_0.75,steffen,philippine,12456,111,1279,1165,56,26.483333333333334,103,0.75
exp3_compliance_0.75,random,philippine,12457,112,1523,1180,95,47.18888888888889,134,0.75
exp3_compliance_0.75,back_to_front,philippine,12457,112,1697,1635,91,78.87777777777778,269,0.75
exp3_compliance_0.75,outside_in,philippine,12457,112,1515,1206,62,44.772222222222226,145,0.75
exp3_compliance_0.75,steffen,philippine,12457,112,1132,1208,68,27.366666666666667,111,0.75
exp3_compliance_0.75,random,philippine,12458,113,1486,1126,91,42.76111111111111,133,0.75
exp3_compliance_0.75,back_to_front,philippine,12458,113,1814,1676,92,87.82777777777778,207,0.75
exp3_compliance_0.75,outside_in,philippine,12458,113,1510,1331,59,46.80555555555556,136,0.75
exp3_compliance_0.75,steffen,philippine,12458,113,1180,1302,67,33.78888888888889,114,0.75
exp3_compliance_0.75,random,philippine,12459,114,1295,1221,82,45.105555555555554,142,0.75
exp3_compliance_0.75,back_to_front,philippine,12459,114,1816,1684,90,92.61111111111111,221,0.75
exp3_compliance_0.75,outside_in,philippine,12459,114,1339,1130,50,41.19444444444444,112,0.75
exp3_compliance_0.75,steffen,philippine,12459,114,1236,1116,56,34.32222222222222,103,0.75
exp3_compliance_0.75,random,philippine,12460,115,1592,1085,83,49.47222222222222,163,0.75
exp3_compliance_0.75,back_to_front,philippine,12460,115,1608,1725,98,81.5111111111111,234,0.75
exp3_compliance_0.75,outside_in,philippine,12460,115,1408,1252,61,40.477777777777774,136,0.75
exp3_compliance_0.75,steffen,philippine,12460,115,1041,1203,47,23.75,128,0.75
exp3_compliance_0.75,random,philippine,12461,116,1511,959,99,36.25,100,0.75
exp3_compliance_0.75,back_to_front,philippine,12461,116,1650,1598,80,75.42222222222222,204,0.75
exp3_compliance_0.75,outside_in,philippine,12461,116,1431,1168,72,40.71666666666667,142,0.75
exp3_compliance_0.75,steffen,philippine,12461,116,1148,1116,69,26.605555555555554,113,0.75
exp3_compliance_0.75,random,philippine,12462,117,1418,1240,88,43.99444444444445,124,0.75
exp3_compliance_0.75,back_to_front,philippine,12462,117,1774,1679,92,90.63333333333334,240,0.75
exp3_compliance_0.75,outside_in,philippine,12462,117,1417,1260,63,45.81111111111111,136,0.75
exp3_compliance_0.75,steffen,philippine,12462,117,1192,1266,47,41.43888888888889,124,0.75
exp3_compliance_0.75,random,philippine,12463,118,1421,1279,81,47.02777777777778,143,0.75
exp3_compliance_0.75,back_to_front,philippine,12463,118,1889,1618,93,83.35,223,0.75
exp3_compliance_0.75,outside_in,philippine,12463,118,1456,1142,65,44.50555555555555,152,0.75
exp3_compliance_0.75,steffen,philippine,12463,118,1250,1220,65,36.03888888888889,129,0.75
exp3_compliance_0.75,random,philippine,12464,119,1437,1217,83,51.09444444444444,162,0.75
exp3_compliance_0.75,back_to_front,philippine,12464,119,1694,1624,88,76.31666666666666,245,0.75
exp3_compliance_0.75,outside_in,philippine,12464,119,1319,1206,53,41.772222222222226,124,0.75
exp3_compliance_0.75,steffen,philippine,12464,119,1146,1194,64,30.85,105,0.75
exp3_compliance_0.75,random,philippine,12465,120,1476,1134,78,49.227777777777774,140,0.75
exp3_compliance_0.75,back_to_front,philippine,12465,120,1763,1552,96,75.10555555555555,193,0.75
exp3_compliance_0.75,outside_in,philippine,12465,120,1393,1099,55,38.888888888888886,151,0.75
exp3_compliance_0.75,steffen,philippine,12465,120,1189,1296,58,30.644444444444446,128,0.75
exp3_compliance_0.75,random,philippine,12466,121,1467,1248,83,47.544444444444444,162,0.75
exp3_compliance_0.75,back_to_front,philippine,12466,121,1666,1704,100,82.88333333333334,231,0.75
exp3_compliance_0.75,outside_in,philippine,12466,121,1333,1240,71,40.84444444444444,161,0.75
exp3_compliance_0.75,steffen,philippine,12466,121,1204,1245,53,31.227777777777778,116,0.75
exp3_compliance_0.75,random,philippine,12467,122,1585,1314,87,55.73888888888889,214,0.75
exp3_compliance_0.75,back_to_front,philippine,12467,122,1651,1713,68,74.12777777777778,222,0.75
exp3_compliance_0.75,outside_in,philippine,12467,122,1295,1163,53,37.97222222222222,115,0.75
exp3_compliance_0.75,steffen,philippine,12467,122,1230,1213,58,32.12777777777778,103,0.75
exp3_compliance_0.75,random,philippine,12468,123,1527,1232,92,51.38333333333333,158,0.75
exp3_compliance_0.75,back_to_front,philippine,12468,123,1811,1617,94,83.7388888888889,229,0.75
exp3_compliance_0.75,outside_in,philippine,12468,123,1289,1133,52,29.238888888888887,90,0.75
exp3_compliance_0.75,steffen,philippine,12468,123,1266,1388,61,38.69444444444444,174,0.75
exp3_compliance_0.75,random,philippine,12469,124,1422,1223,107,49.78333333333333,138,0.75
exp3_compliance_0.75,back_to_front,philippine,12469,124,1698,1777,84,91.56111111111112,252,0.75
exp3_compliance_0.75,outside_in,philippine,12469,124,1368,1191,56,38.22222222222222,139,0.75
exp3_compliance_0.75,steffen,philippine,12469,124,1122,1306,72,34.272222222222226,107,0.75
exp3_compliance_0.75,random,philippine,12470,125,1544,1164,94,52.977777777777774,194,0.75
exp3_compliance_0.75,back_to_front,philippine,12470,125,1800,1591,82,84.12222222222222,208,0.75
exp3_compliance_0.75,outside_in,philippine,12470,125,1430,1084,64,38.666666666666664,134,0.75
exp3_compliance_0.75,steffen,philippine,12470,125,1161,1104,61,29.88888888888889,112,0.75
exp3_compliance_0.75,random,philippine,12471,126,1536,1205,86,56.93333333333333,175,0.75
exp3_compliance_0.75,back_to_front,philippine,12471,126,1796,1653,94,89.08333333333333,270,0.75
exp3_compliance_0.75,outside_in,philippine,12471,126,1364,1142,62,41.455555555555556,106,0.75
exp3_compliance_0.75,steffen,philippine,12471,126,1204,1257,58,29.41111111111111,106,0.75
exp3_compliance_0.75,random,philippine,12472,127,1555,1055,104,37.56111111111111,113,0.75
exp3_compliance_0.75,back_to_front,philippine,12472,127,1866,1688,99,97.00555555555556,297,0.75
exp3_compliance_0.75,outside_in,philippine,12472,127,1484,1238,43,46.12222222222222,150,0.75
exp3_compliance_0.75,steffen,philippine,12472,127,1215,1350,45,40.022222222222226,130,0.75
exp3_compliance_0.75,random,philippine,12473,128,1467,1140,80,45.30555555555556,149,0.75
exp3_compliance_0.75,back_to_front,philippine,12473,128,1788,1663,82,85.43333333333334,235,0.75
exp3_compliance_0.75,outside_in,philippine,12473,128,1453,1164,59,41.75555555555555,153,0.75
exp3_compliance_0.75,steffen,philippine,12473,128,1216,1457,65,37.07222222222222,198,0.75
exp3_compliance_0.75,random,philippine,12474,129,1269,1039,76,37.62222222222222,120,0.75
exp3_compliance_0.75,back_to_front,philippine,12474,129,1749,1762,88,83.29444444444445,220,0.75
exp3_compliance_0.75,outside_in,philippine,12474,129,1262,1214,57,38.17777777777778,126,0.75
exp3_compliance_0.75,steffen,philippine,12474,129,1172,1364,57,37.111111111111114,146,0.75
exp3_compliance_0.75,random,philippine,12475,130,1603,1298,96,49.52777777777778,165,0.75
exp3_compliance_0.75,back_to_front,philippine,12475,130,1798,1667,87,89.03333333333333,235,0.75
exp3_compliance_0.75,outside_in,philippine,12475,130,1335,1156,46,36.28333333333333,132,0.75
exp3_compliance_0.75,steffen,philippine,12475,130,1400,1322,73,40.15555555555556,168,0.75
exp3_compliance_0.75,random,philippine,12476,131,1464,1363,91,57.705555555555556,168,0.75
exp3_compliance_0.75,back_to_front,philippine,12476,131,1882,1641,92,92.28333333333333,219,0.75
exp3_compliance_0.75,outside_in,philippine,12476,131,1398,1194,43,39.87777777777778,138,0.75
exp3_compliance_0.75,steffen,philippine,12476,131,1289,1285,60,41.022222222222226,137,0.75
exp3_compliance_0.75,random,philippine,12477,132,1514,1185,104,44.45,146,0.75
exp3_compliance_0.75,back_to_front,philippine,12477,132,1774,1687,80,77.85,215,0.75
exp3_compliance_0.75,outside_in,philippine,12477,132,1340,1264,50,49.544444444444444,158,0.75
exp3_compliance_0.75,steffen,philippine,12477,132,1275,1215,59,36.672222222222224,145,0.75
exp3_compliance_0.75,random,philippine,12478,133,1474,1149,78,47.81666666666667,136,0.75
exp3_compliance_0.75,back_to_front,philippine,12478,133,1701,1484,92,79.72222222222223,244,0.75
exp3_compliance_0.75,outside_in,philippine,12478,133,1373,1170,65,39.233333333333334,128,0.75
exp3_compliance_0.75,steffen,philippine,12478,133,1205,1146,59,30.211111111111112,99,0.75
exp3_compliance_0.75,random,philippine,12479,134,1575,1325,88,52.983333333333334,172,0.75
exp3_compliance_0.75,back_to_front,philippine,12479,134,1732,1636,96,79.41111111111111,237,0.75
exp3_compliance_0.75,outside_in,philippine,12479,134,1465,1252,50,45.73888888888889,156,0.75
exp3_compliance_0.75,steffen,philippine,12479,134,1191,1348,58,33.57222222222222,112,0.75
exp3_compliance_0.75,random,philippine,12480,135,1544,1129,93,42.34444444444444,124,0.75
exp3_compliance_0.75,back_to_front,philippine,12480,135,2002,1627,98,114.92222222222222,354,0.75
exp3_compliance_0.75,outside_in,philippine,12480,135,1378,1162,71,38.96111111111111,136,0.75
exp3_compliance_0.75,steffen,philippine,12480,135,1331,1339,64,39.78333333333333,115,0.75
exp3_compliance_0.75,random,philippine,12481,136,1396,1156,85,45.922222222222224,165,0.75
exp3_compliance_0.75,back_to_front,philippine,12481,136,1727,1563,86,85.09444444444445,241,0.75
exp3_compliance_0.75,outside_in,philippine,12481,136,1403,1061,66,37.638888888888886,130,0.75
exp3_compliance_0.75,steffen,philippine,12481,136,1161,1308,66,37.18333333333333,117,0.75
exp3_compliance_0.75,random,philippine,12482,137,1453,1142,90,39.41111111111111,144,0.75
exp3_compliance_0.75,back_to_front,philippine,12482,137,1621,1663,93,78.40555555555555,215,0.75
exp3_compliance_0.75,outside_in,philippine,12482,137,1356,1216,57,51.06111111111111,139,0.75
exp3_compliance_0.75,steffen,philippine,12482,137,1154,1385,61,30.394444444444446,107,0.75
exp3_compliance_0.75,random,philippine,12483,138,1472,1224,96,55.166666666666664,197,0.75
exp3_compliance_0.75,back_to_front,philippine,12483,138,1782,1617,80,79.31111111111112,224,0.75
exp3_compliance_0.75,outside_in,philippine,12483,138,1305,1133,43,37.41111111111111,120,0.75
exp3_compliance_0.75,steffen,philippine,12483,138,1218,1236,62,31.961111111111112,101,0.75
exp3_compliance_0.75,random,philippine,12484,139,1444,1137,86,48.05,145,0.75
exp3_compliance_0.75,back_to_front,philippine,12484,139,1734,1562,79,82.08888888888889,199,0.75
exp3_compliance_0.75,outside_in,philippine,12484,139,1356,1230,72,41.34444444444444,150,0.75
exp3_compliance_0.75,steffen,philippine,12484,139,1259,1270,56,42.50555555555555,126,0.75
exp3_compliance_0.75,random,philippine,12485,140,1452,1070,85,39.71111111111111,117,0.75
exp3_compliance_0.75,back_to_front,philippine,12485,140,1700,1597,86,81.55,257,0.75
exp3_compliance_0.75,outside_in,philippine,12485,140,1294,1055,50,38.333333333333336,118,0.75
exp3_compliance_0.75,steffen,philippine,12485,140,1110,1330,56,38.62222222222222,142,0.75
exp3_compliance_0.75,random,philippine,12486,141,1490,1196,92,45.0,138,0.75
exp3_compliance_0.75,back_to_front,philippine,12486,141,1734,1760,79,86.2611111111111,235,0.75
exp3_compliance_0.75,outside_in,philippine,12486,141,1310,1208,63,39.58888888888889,114,0.75
exp3_compliance_0.75,steffen,philippine,12486,141,1215,1273,71,39.583333333333336,146,0.75
exp3_compliance_0.75,random,philippine,12487,142,1424,1233,104,50.33888888888889,173,0.75
exp3_compliance_0.75,back_to_front,philippine,12487,142,1653,1620,95,73.5111111111111,202,0.75
exp3_compliance_0.75,outside_in,philippine,12487,142,1276,1090,53,35.794444444444444,156,0.75
exp3_compliance_0.75,steffen,philippine,12487,142,1201,1250,66,30.122222222222224,110,0.75
exp3_compliance_0.75,random,philippine,12488,143,1411,1113,81,42.75,110,0.75
exp3_compliance_0.75,back_to_front,philippine,12488,143,1723,1822,76,82.88888888888889,199,0.75
exp3_compliance_0.75,outside_in,philippine,12488,143,1479,1263,54,48.41111111111111,147,0.75
exp3_compliance_0.75,steffen,philippine,12488,143,1208,1446,60,37.43333333333333,153,0.75
exp3_compliance_0.75,random,philippine,12489,144,1391,1281,95,47.294444444444444,135,0.75
exp3_compliance_0.75,back_to_front,philippine,12489,144,1757,1649,103,83.95,235,0.75
exp3_compliance_0.75,outside_in,philippine,12489,144,1316,1328,69,46.138888888888886,163,0.75
exp3_compliance_0.75,steffen,philippine,12489,144,1212,1295,69,34.68888888888889,141,0.75
exp3_compliance_0.75,random,philippine,12490,145,1511,1185,85,44.4,171,0.75
exp3_compliance_0.75,back_to_front,philippine,12490,145,1668,1575,96,76.83333333333333,183,0.75
exp3_compliance_0.75,outside_in,philippine,12490,145,1318,1179,65,38.97222222222222,123,0.75
exp3_compliance_0.75,steffen,philippine,12490,145,1101,1155,52,29.733333333333334,90,0.75
exp3_compliance_0.75,random,philippine,12491,146,1397,1213,84,44.25555555555555,181,0.75
exp3_compliance_0.75,back_to_front,philippine,12491,146,1779,1596,87,77.93888888888888,172,0.75
exp3_compliance_0.75,outside_in,philippine,12491,146,1370,1114,72,40.644444444444446,165,0.75
exp3_compliance_0.75,steffen,philippine,12491,146,1266,1221,66,34.083333333333336,144,0.75
exp3_compliance_0.75,random,philippine,12492,147,1508,1256,96,46.92777777777778,169,0.75
exp3_compliance_0.75,back_to_front,philippine,12492,147,1722,1629,96,80.56111111111112,216,0.75
exp3_compliance_0.75,outside_in,philippine,12492,147,1300,1097,48,35.68333333333333,126,0.75
exp3_compliance_0.75,steffen,philippine,12492,147,1131,1197,57,29.872222222222224,110,0.75
exp3_compliance_0.75,random,philippine,12493,148,1607,1187,94,52.88333333333333,186,0.75
exp3_compliance_0.75,back_to_front,philippine,12493,148,1835,1714,97,91.00555555555556,231,0.75
exp3_compliance_0.75,outside_in,philippine,12493,148,1342,1166,49,36.2,118,0.75
exp3_compliance_0.75,steffen,philippine,12493,148,1179,1444,53,38.22222222222222,121,0.75
exp3_compliance_0.75,random,philippine,12494,149,1330,1229,93,44.88333333333333,151,0.75
exp3_compliance_0.75,back_to_front,philippine,12494,149,1836,1782,93,92.13888888888889,256,0.75
exp3_compliance_0.75,outside_in,philippine,12494,149,1380,1236,51,42.05,114,0.75
exp3_compliance_0.75,steffen,philippine,12494,149,1097,1387,61,31.32777777777778,117,0.75
exp3_compliance_0.75,random,philippine,12495,150,1552,1129,108,46.833333333333336,148,0.75
exp3_compliance_0.75,back_to_front,philippine,12495,150,1811,1751,84,94.31666666666666,258,0.75
exp3_compliance_0.75,outside_in,philippine,12495,150,1358,1242,57,45.98888888888889,153,0.75
exp3_compliance_0.75,steffen,philippine,12495,150,1214,1263,69,32.44444444444444,109,0.75
exp3_compliance_0.75,random,philippine,12496,151,1473,1296,86,47.9,137,0.75
exp3_compliance_0.75,back_to_front,philippine,12496,151,1763,1801,87,91.25555555555556,258,0.75
exp3_compliance_0.75,outside_in,philippine,12496,151,1396,1132,48,40.76111111111111,144,0.75
exp3_compliance_0.75,steffen,philippine,12496,151,1207,1367,57,41.611111111111114,170,0.75
exp3_compliance_0.75,random,philippine,12497,152,1454,1244,94,49.172222222222224,126,0.75
exp3_compliance_0.75,back_to_front,philippine,12497,152,1629,1581,88,73.72777777777777,193,0.75
exp3_compliance_0.75,outside_in,philippine,12497,152,1477,1188,62,41.67777777777778,118,0.75
exp3_compliance_0.75,steffen,philippine,12497,152,1218,1282,66,30.155555555555555,111,0.75
exp3_compliance_0.75,random,philippine,12498,153,1496,1241,93,42.53888888888889,134,0.75
exp3_compliance_0.75,back_to_front,philippine,12498,153,1663,1652,93,72.14444444444445,213,0.75
exp3_compliance_0.75,outside_in,philippine,12498,153,1513,1211,56,43.727777777777774,114,0.75
exp3_compliance_0.75,steffen,philippine,12498,153,1174,1267,72,31.7,125,0.75
exp3_compliance_0.75,random,philippine,12499,154,1549,1114,97,43.166666666666664,112,0.75
exp3_compliance_0.75,back_to_front,philippine,12499,154,1697,1705,76,76.96666666666667,193,0.75
exp3_compliance_0.75,outside_in,philippine,12499,154,1361,1205,68,40.31111111111111,125,0.75
exp3_compliance_0.75,steffen,philippine,12499,154,1283,1338,65,36.205555555555556,115,0.75
exp3_compliance_0.75,random,philippine,12500,155,1364,1180,85,41.983333333333334,133,0.75
exp3_compliance_0.75,back_to_front,philippine,12500,155,1832,1644,98,89.39444444444445,262,0.75
exp3_compliance_0.75,outside_in,philippine,12500,155,1435,1177,61,43.71111111111111,151,0.75
exp3_compliance_0.75,steffen,philippine,12500,155,1300,1361,65,40.65555555555556,124,0.75
exp3_compliance_0.75,random,philippine,12501,156,1476,1171,93,43.23888888888889,161,0.75
exp3_compliance_0.75,back_to_front,philippine,12501,156,1798,1679,85,91.62222222222222,260,0.75
exp3_compliance_0.75,outside_in,philippine,12501,156,1478,1303,71,56.022222222222226,186,0.75
exp3_compliance_0.75,steffen,philippine,12501,156,1274,1249,72,36.19444444444444,120,0.75
exp3_compliance_0.75,random,philippine,12502,157,1400,1091,87,41.111111111111114,129,0.75
exp3_compliance_0.75,back_to_front,philippine,12502,157,1957,1844,105,102.4888888888889,312,0.75
exp3_compliance_0.75,outside_in,philippine,12502,157,1439,1243,61,45.41111111111111,155,0.75
exp3_compliance_0.75,steffen,philippine,12502,157,1165,1244,62,33.416666666666664,130,0.75
exp3_compliance_0.75,random,philippine,12503,158,1429,1279,91,58.888888888888886,187,0.75
exp3_compliance_0.75,back_to_front,philippine,12503,158,1878,1777,83,95.31111111111112,256,0.75
exp3_compliance_0.75,outside_in,philippine,12503,158,1493,1162,63,45.58888888888889,148,0.75
exp3_compliance_0.75,steffen,philippine,12503,158,1226,1360,70,40.266666666666666,134,0.75
exp3_compliance_0.75,random,philippine,12504,159,1490,1106,82,42.25,129,0.75
exp3_compliance_0.75,back_to_front,philippine,12504,159,1748,1419,99,75.02777777777777,244,0.75
exp3_compliance_0.75,outside_in,philippine,12504,159,1495,1218,58,46.31111111111111,158,0.75
exp3_compliance_0.75,steffen,philippine,12504,159,1188,1252,55,35.794444444444444,123,0.75
exp3_compliance_0.75,random,philippine,12505,160,1399,1144,87,43.71666666666667,159,0.75
exp3_compliance_0.75,back_to_front,philippine,12505,160,1718,1713,89,85.49444444444444,251,0.75
exp3_compliance_0.75,outside_in,philippine,12505,160,1405,1239,74,45.333333333333336,125,0.75
exp3_compliance_0.75,steffen,philippine,12505,160,987,1309,52,28.655555555555555,96,0.75
exp3_compliance_0.75,random,philippine,12506,161,1421,1357,90,51.56111111111111,135,0.75
exp3_compliance_0.75,back_to_front,philippine,12506,161,1765,1419,102,75.06111111111112,187,0.75
exp3_compliance_0.75,outside_in,philippine,12506,161,1478,1207,65,46.044444444444444,138,0.75
exp3_compliance_0.75,steffen,philippine,12506,161,1197,1262,61,27.961111111111112,94,0.75
exp3_compliance_0.75,random,philippine,12507,162,1347,1115,89,41.833333333333336,136,0.75
exp3_compliance_0.75,back_to_front,philippine,12507,162,1665,1602,98,77.34444444444445,230,0.75
exp3_compliance_0.75,outside_in,philippine,12507,162,1454,1153,57,44.16111111111111,130,0.75
exp3_compliance_0.75,steffen,philippine,12507,162,1227,1317,59,31.916666666666668,121,0.75
exp3_compliance_0.75,random,philippine,12508,163,1300,1176,87,35.166666666666664,130,0.75
exp3_compliance_0.75,back_to_front,philippine,12508,163,1813,1625,103,83.51666666666667,230,0.75
exp3_compliance_0.75,outside_in,philippine,12508,163,1509,1212,68,47.922222222222224,182,0.75
exp3_compliance_0.75,steffen,philippine,12508,163,1268,1405,55,34.605555555555554,99,0.75
exp3_compliance_0.75,random,philippine,12509,164,1492,1322,83,50.76111111111111,150,0.75
exp3_compliance_0.75,back_to_front,philippine,12509,164,1667,1608,83,78.7611111111111,208,0.75
exp3_compliance_0.75,outside_in,philippine,12509,164,1452,1281,58,46.388888888888886,130,0.75
exp3_compliance_0.75,steffen,philippine,12509,164,1202,1128,65,32.84444444444444,119,0.75
exp3_compliance_0.75,random,philippine,12510,165,1340,1327,95,39.51111111111111,122,0.75
exp3_compliance_0.75,back_to_front,philippine,12510,165,1735,1751,80,87.41666666666667,233,0.75
exp3_compliance_0.75,outside_in,philippine,12510,165,1345,1299,57,43.50555555555555,143,0.75
exp3_compliance_0.75,steffen,philippine,12510,165,1194,1382,57,43.21111111111111,131,0.75
exp3_compliance_0.75,random,philippine,12511,166,1458,1333,88,48.6,160,0.75
exp3_compliance_0.75,back_to_front,philippine,12511,166,1846,1723,92,88.65,268,0.75
exp3_compliance_0.75,outside_in,philippine,12511,166,1383,1299,55,47.333333333333336,141,0.75
exp3_compliance_0.75,steffen,philippine,12511,166,1245,1153,65,29.016666666666666,132,0.75
exp3_compliance_0.75,random,philippine,12512,167,1473,1160,91,45.144444444444446,153,0.75
exp3_compliance_0.75,back_to_front,philippine,12512,167,2030,1688,90,103.31111111111112,280,0.75
exp3_compliance_0.75,outside_in,philippine,12512,167,1457,1239,58,43.833333333333336,132,0.75
exp3_compliance_0.75,steffen,philippine,12512,167,1220,1172,57,35.6,119,0.75
exp3_compliance_0.75,random,philippine,12513,168,1581,1200,92,48.28888888888889,160,0.75
exp3_compliance_0.75,back_to_front,philippine,12513,168,1800,1694,85,86.13888888888889,205,0.75
exp3_compliance_0.75,outside_in,philippine,12513,168,1361,1231,42,46.84444444444444,144,0.75
exp3_compliance_0.75,steffen,philippine,12513,168,1334,1423,54,42.65555555555556,135,0.75
exp3_compliance_0.75,random,philippine,12514,169,1478,1103,96,42.76111111111111,125,0.75
exp3_compliance_0.75,back_to_front,philippine,12514,169,1738,1652,91,86.12777777777778,284,0.75
exp3_compliance_0.75,outside_in,philippine,12514,169,1378,1093,60,39.6,116,0.75
exp3_compliance_0.75,steffen,philippine,12514,169,1324,1256,69,31.872222222222224,138,0.75
exp3_compliance_0.75,random,philippine,12515,170,1427,1047,84,39.72222222222222,119,0.75
exp3_compliance_0.75,back_to_front,philippine,12515,170,1803,1617,90,85.23333333333333,196,0.75
exp3_compliance_0.75,outside_in,philippine,12515,170,1302,1266,49,38.333333333333336,125,0.75
exp3_compliance_0.75,steffen,philippine,12515,170,1156,1073,63,29.294444444444444,119,0.75
exp3_compliance_0.75,random,philippine,12516,171,1459,1055,95,37.483333333333334,132,0.75
exp3_compliance_0.75,back_to_front,philippine,12516,171,1645,1561,74,79.67777777777778,232,0.75
exp3_compliance_0.75,outside_in,philippine,12516,171,1279,1102,58,36.76111111111111,116,0.75
exp3_compliance_0.75,steffen,philippine,12516,171,1212,1265,65,35.85,136,0.75
exp3_compliance_0.75,random,philippine,12517,172,1504,1128,80,44.61666666666667,154,0.75
exp3_compliance_0.75,back_to_front,philippine,12517,172,1846,1661,90,98.74444444444444,290,0.75
exp3_compliance_0.75,outside_in,philippine,12517,172,1472,1195,63,40.82222222222222,109,0.75
exp3_compliance_0.75,steffen,philippine,12517,172,1244,1159,68,30.72222222222222,146,0.75
exp3_compliance_0.75,random,philippine,12518,173,1488,1198,100,52.666666666666664,157,0.75
exp3_compliance_0.75,back_to_front,philippine,12518,173,1754,1671,86,86.53888888888889,201,0.75
exp3_compliance_0.75,outside_in,philippine,12518,173,1377,1217,67,40.96666666666667,122,0.75
exp3_compliance_0.75,steffen,philippine,12518,173,1290,1282,69,35.26111111111111,134,0.75
exp3_compliance_0.75,random,philippine,12519,174,1425,1277,86,50.766666666666666,155,0.75
exp3_compliance_0.75,back_to_front,philippine,12519,174,1866,1694,97,85.44444444444444,212,0.75
exp3_compliance_0.75,outside_in,philippine,12519,174,1490,1271,62,50.57222222222222,149,0.75
exp3_compliance_0.75,steffen,philippine,12519,174,1185,1220,50,27.13888888888889,132,0.75
exp3_compliance_0.75,random,philippine,12520,175,1357,1266,81,41.2,157,0.75
exp3_compliance_0.75,back_to_front,philippine,12520,175,1782,1606,81,84.18888888888888,218,0.75
exp3_compliance_0.75,outside_in,philippine,12520,175,1345,1170,64,36.62222222222222,120,0.75
exp3_compliance_0.75,steffen,philippine,12520,175,1172,1293,69,33.81666666666667,128,0.75
exp3_compliance_0.75,random,philippine,12521,176,1392,1281,82,46.52777777777778,143,0.75
exp3_compliance_0.75,back_to_front,philippine,12521,176,1919,1667,99,96.21111111111111,299,0.75
exp3_compliance_0.75,outside_in,philippine,12521,176,1313,1049,60,39.30555555555556,114,0.75
exp3_compliance_0.75,steffen,philippine,12521,176,1189,1026,63,30.738888888888887,110,0.75
exp3_compliance_0.75,random,philippine,12522,177,1441,1181,97,41.227777777777774,127,0.75
exp3_compliance_0.75,back_to_front,philippine,12522,177,1712,1677,82,91.36111111111111,248,0.75
exp3_compliance_0.75,outside_in,philippine,12522,177,1331,1170,67,38.422222222222224,113,0.75
exp3_compliance_0.75,steffen,philippine,12522,177,1195,1328,57,36.02777777777778,142,0.75
exp3_compliance_0.75,random,philippine,12523,178,1636,1122,86,50.65,140,0.75
exp3_compliance_0.75,back_to_front,philippine,12523,178,1762,1500,98,86.63888888888889,289,0.75
exp3_compliance_0.75,outside_in,philippine,12523,178,1248,1153,45,33.172222222222224,113,0.75
exp3_compliance_0.75,steffen,philippine,12523,178,1117,1189,67,30.933333333333334,108,0.75
exp3_compliance_0.75,random,philippine,12524,179,1356,1368,98,46.166666666666664,149,0.75
exp3_compliance_0.75,back_to_front,philippine,12524,179,1988,1529,80,95.08888888888889,282,0.75
exp3_compliance_0.75,outside_in,philippine,12524,179,1344,1197,53,41.01111111111111,114,0.75
exp3_compliance_0.75,steffen,philippine,12524,179,1205,1211,65,32.87777777777778,137,0.75
exp3_compliance_0.75,random,philippine,12525,180,1513,1155,93,46.916666666666664,144,0.75
exp3_compliance_0.75,back_to_front,philippine,12525,180,1583,1605,77,74.17222222222222,213,0.75
exp3_compliance_0.75,outside_in,philippine,12525,180,1342,1094,60,37.00555555555555,128,0.75
exp3_compliance_0.75,steffen,philippine,12525,180,1164,1267,60,34.166666666666664,138,0.75
exp3_compliance_0.75,random,philippine,12526,181,1499,1137,91,46.172222222222224,147,0.75
exp3_compliance_0.75,back_to_front,philippine,12526,181,1707,1683,80,72.86666666666666,212,0.75
exp3_compliance_0.75,outside_in,philippine,12526,181,1395,1113,65,39.605555555555554,112,0.75
exp3_compliance_0.75,steffen,philippine,12526,181,1137,1396,68,33.17777777777778,115,0.75
exp3_compliance_0.75,random,philippine,12527,182,1417,1177,80,43.85,182,0.75
exp3_compliance_0.75,back_to_front,philippine,12527,182,1861,1733,86,100.97777777777777,261,0.75
exp3_compliance_0.75,outside_in,philippine,12527,182,1387,1237,58,50.18333333333333,144,0.75
exp3_compliance_0.75,steffen,philippine,12527,182,1175,1104,58,34.144444444444446,122,0.75
exp3_compliance_0.75,random,philippine,12528,183,1519,1210,89,53.522222222222226,176,0.75
exp3_compliance_0.75,back_to_front,philippine,12528,183,1637,1490,102,78.13888888888889,215,0.75
exp3_compliance_0.75,outside_in,philippine,12528,183,1368,1116,55,39.138888888888886,117,0.75
exp3_compliance_0.75,steffen,philippine,12528,183,1231,1269,72,35.93888888888889,137,0.75
exp3_compliance_0.75,random,philippine,12529,184,1416,1107,69,44.6,135,0.75
exp3_compliance_0.75,back_to_front,philippine,12529,184,1834,1591,96,88.43888888888888,247,0.75
exp3_compliance_0.75,outside_in,philippine,12529,184,1366,1195,43,40.44444444444444,165,0.75
exp3_compliance_0.75,steffen,philippine,12529,184,1289,1206,58,36.67777777777778,149,0.75
exp3_compliance_0.75,random,philippine,12530,185,1445,1173,91,42.083333333333336,131,0.75
exp3_compliance_0.75,back_to_front,philippine,12530,185,1669,1588,79,78.13333333333334,223,0.75
exp3_compliance_0.75,outside_in,philippine,12530,185,1302,1207,61,42.55555555555556,138,0.75
exp3_compliance_0.75,steffen,philippine,12530,185,1303,1384,57,38.13333333333333,143,0.75
exp3_compliance_0.75,random,philippine,12531,186,1473,1177,93,50.05,138,0.75
exp3_compliance_0.75,back_to_front,philippine,12531,186,1942,1751,88,106.73333333333333,313,0.75
exp3_compliance_0.75,outside_in,philippine,12531,186,1361,1217,60,45.1,145,0.75
exp3_compliance_0.75,steffen,philippine,12531,186,1227,1413,59,41.21111111111111,140,0.75
exp3_compliance_0.75,random,philippine,12532,187,1382,1208,80,47.583333333333336,182,0.75
exp3_compliance_0.75,back_to_front,philippine,12532,187,1673,1495,82,77.97777777777777,272,0.75
exp3_compliance_0.75,outside_in,philippine,12532,187,1357,1155,63,40.105555555555554,137,0.75
exp3_compliance_0.75,steffen,philippine,12532,187,1267,1170,53,33.56111111111111,98,0.75
exp3_compliance_0.75,random,philippine,12533,188,1619,1298,87,58.80555555555556,168,0.75
exp3_compliance_0.75,back_to_front,philippine,12533,188,1596,1519,72,67.32222222222222,184,0.75
exp3_compliance_0.75,outside_in,philippine,12533,188,1321,1316,53,42.4,156,0.75
exp3_compliance_0.75,steffen,philippine,12533,188,1050,1341,59,27.58888888888889,124,0.75
exp3_compliance_0.75,random,philippine,12534,189,1599,1342,97,59.916666666666664,174,0.75
exp3_compliance_0.75,back_to_front,philippine,12534,189,1619,1509,86,71.25555555555556,203,0.75
exp3_compliance_0.75,outside_in,philippine,12534,189,1462,1184,68,45.483333333333334,184,0.75
exp3_compliance_0.75,steffen,philippine,12534,189,1172,1417,63,32.95,131,0.75
exp3_compliance_0.75,random,philippine,12535,190,1379,1111,73,39.41111111111111,103,0.75
exp3_compliance_0.75,back_to_front,philippine,12535,190,1839,1700,95,83.77222222222223,222,0.75
exp3_compliance_0.75,outside_in,philippine,12535,190,1527,1119,62,49.37222222222222,167,0.75
exp3_compliance_0.75,steffen,philippine,12535,190,1139,1294,44,30.133333333333333,143,0.75
exp3_compliance_0.75,random,philippine,12536,191,1512,1236,87,50.91111111111111,144,0.75
exp3_compliance_0.75,back_to_front,philippine,12536,191,1699,1628,82,81.58888888888889,241,0.75
exp3_compliance_0.75,outside_in,philippine,12536,191,1282,1134,70,36.37222222222222,105,0.75
exp3_compliance_0.75,steffen,philippine,12536,191,1091,1228,45,31.15,100,0.75
exp3_compliance_0.75,random,philippine,12537,192,1550,1093,87,49.044444444444444,127,0.75
exp3_compliance_0.75,back_to_front,philippine,12537,192,1640,1557,101,68.32222222222222,199,0.75
exp3_compliance_0.75,outside_in,philippine,12537,192,1232,1238,61,41.02777777777778,122,0.75
exp3_compliance_0.75,steffen,philippine,12537,192,1175,1084,62,31.755555555555556,147,0.75
exp3_compliance_0.75,random,philippine,12538,193,1484,1246,91,51.84444444444444,199,0.75
exp3_compliance_0.75,back_to_front,philippine,12538,193,1736,1569,104,86.90555555555555,246,0.75
exp3_compliance_0.75,outside_in,philippine,12538,193,1331,1208,62,46.016666666666666,150,0.75
exp3_compliance_0.75,steffen,philippine,12538,193,1171,1179,56,30.433333333333334,130,0.75
exp3_compliance_0.75,random,philippine,12539,194,1507,1202,87,46.455555555555556,127,0.75
exp3_compliance_0.75,back_to_front,philippine,12539,194,1830,1662,84,95.9,287,0.75
exp3_compliance_0.75,outside_in,philippine,12539,194,1423,1224,57,42.522222222222226,118,0.75
exp3_compliance_0.75,steffen,philippine,12539,194,1219,1182,66,31.055555555555557,114,0.75
exp3_compliance_0.75,random,philippine,12540,195,1430,1371,109,49.93888888888889,140,0.75
exp3_compliance_0.75,back_to_front,philippine,12540,195,1868,1767,79,93.37222222222222,251,0.75
exp3_compliance_0.75,outside_in,philippine,12540,195,1271,1294,61,41.772222222222226,156,0.75
exp3_compliance_0.75,steffen,philippine,12540,195,1139,1322,60,34.733333333333334,107,0.75
exp3_compliance_0.75,random,philippine,12541,196,1397,1269,87,45.05,151,0.75
exp3_compliance_0.75,back_to_front,philippine,12541,196,1787,1719,91,94.26666666666667,250,0.75
exp3_compliance_0.75,outside_in,philippine,12541,196,1400,1154,60,44.71666666666667,126,0.75
exp3_compliance_0.75,steffen,philippine,12541,196,1183,1229,62,30.58888888888889,105,0.75
exp3_compliance_0.75,random,philippine,12542,197,1479,1180,84,40.21666666666667,125,0.75
exp3_compliance_0.75,back_to_front,philippine,12542,197,1883,1699,86,97.17222222222222,283,0.75
exp3_compliance_0.75,outside_in,philippine,12542,197,1324,1320,59,44.25,127,0.75
exp3_compliance_0.75,steffen,philippine,12542,197,1174,1502,66,33.97222222222222,122,0.75
exp3_compliance_0.75,random,philippine,12543,198,1403,1285,86,34.977777777777774,115,0.75
exp3_compliance_0.75,back_to_front,philippine,12543,198,1766,1761,100,84.11666666666666,256,0.75
exp3_compliance_0.75,outside_in,philippine,12543,198,1413,1220,58,44.37777777777778,108,0.75
exp3_compliance_0.75,steffen,philippine,12543,198,1210,1379,70,33.76111111111111,139,0.75
exp3_compliance_0.75,random,philippine,12544,199,1586,1131,103,51.144444444444446,168,0.75
exp3_compliance_0.75,back_to_front,philippine,12544,199,1823,1551,85,91.82777777777778,260,0.75
exp3_compliance_0.75,outside_in,philippine,12544,199,1391,1182,68,38.016666666666666,107,0.75
exp3_compliance_0.75,steffen,philippine,12544,199,1286,1412,67,39.861111111111114,139,0.75
exp3_compliance_0.50,random,philippine,12345,0,1360,1116,87,42.794444444444444,145,0.5
exp3_compliance_0.50,back_to_front,philippine,12345,0,1573,1287,89,53.638888888888886,142,0.5
exp3_compliance_0.50,outside_in,philippine,12345,0,1365,1158,76,45.733333333333334,142,0.5
exp3_compliance_0.50,steffen,philippine,12345,0,1213,1264,76,36.16111111111111,116,0.5
exp3_compliance_0.50,random,philippine,12346,1,1397,1147,98,36.40555555555556,117,0.5
exp3_compliance_0.50,back_to_front,philippine,12346,1,1631,1477,89,70.81111111111112,249,0.5
exp3_compliance_0.50,outside_in,philippine,12346,1,1495,1199,79,42.83888888888889,119,0.5
exp3_compliance_0.50,steffen,philippine,12346,1,1315,1171,83,34.40555555555556,112,0.5
exp3_compliance_0.50,random,philippine,12347,2,1427,1256,89,44.01111111111111,168,0.5
exp3_compliance_0.50,back_to_front,philippine,12347,2,1627,1492,90,62.59444444444444,214,0.5
exp3_compliance_0.50,outside_in,philippine,12347,2,1327,1257,78,39.044444444444444,133,0.5
exp3_compliance_0.50,steffen,philippine,12347,2,1216,1252,85,30.516666666666666,101,0.5
exp3_compliance_0.50,random,philippine,12348,3,1359,1247,87,45.74444444444445,132,0.5
exp3_compliance_0.50,back_to_front,philippine,12348,3,1572,1476,86,65.55,191,0.5
exp3_compliance_0.50,outside_in,philippine,12348,3,1356,1210,87,39.63333333333333,118,0.5
exp3_compliance_0.50,steffen,philippine,12348,3,1261,1253,69,31.466666666666665,160,0.5
exp3_compliance_0.50,random,philippine,12349,4,1386,1230,93,48.888888888888886,194,0.5
exp3_compliance_0.50,back_to_front,philippine,12349,4,1601,1564,84,60.06666666666667,157,0.5
exp3_compliance_0.50,outside_in,philippine,12349,4,1363,1125,93,40.68888888888889,127,0.5
exp3_compliance_0.50,steffen,philippine,12349,4,1433,1181,78,33.022222222222226,132,0.5
exp3_compliance_0.50,random,philippine,12350,5,1262,1286,88,47.12222222222222,137,0.5
exp3_compliance_0.50,back_to_front,philippine,12350,5,1616,1310,95,56.455555555555556,156,0.5
exp3_compliance_0.50,outside_in,philippine,12350,5,1312,1285,79,39.044444444444444,142,0.5
exp3_compliance_0.50,steffen,philippine,12350,5,1256,1186,72,29.366666666666667,117,0.5
exp3_compliance_0.50,random,philippine,12351,6,1479,1158,82,47.55555555555556,117,0.5
exp3_compliance_0.50,back_to_front,philippine,12351,6,1545,1310,90,58.00555555555555,201,0.5
exp3_compliance_0.50,outside_in,philippine,12351,6,1450,1153,74,41.37222222222222,123,0.5
exp3_compliance_0.50,steffen,philippine,12351,6,1398,1132,86,40.68888888888889,155,0.5
exp3_compliance_0.50,random,philippine,12352,7,1518,1126,97,44.91111111111111,160,0.5
exp3_compliance_0.50,back_to_front,philippine,12352,7,1609,1444,100,65.0,202,0.5
exp3_compliance_0.50,outside_in,philippine,12352,7,1379,1143,72,39.67777777777778,149,0.5
exp3_compliance_0.50,steffen,philippine,12352,7,1288,1014,81,31.15,111,0.5
exp3_compliance_0.50,random,philippine,12353,8,1381,1080,83,42.43333333333333,124,0.5
exp3_compliance_0.50,back_to_front,philippine,12353,8,1619,1550,83,76.18888888888888,223,0.5
exp3_compliance_0.50,outside_in,philippine,12353,8,1457,1201,70,42.90555555555556,144,0.5
exp3_compliance_0.50,steffen,philippine,12353,8,1196,1159,68,27.433333333333334,100,0.5
exp3_compliance_0.50,random,philippine,12354,9,1476,1246,91,54.53333333333333,166,0.5
exp3_compliance_0.50,back_to_front,philippine,12354,9,1549,1341,84,61.12222222222222,175,0.5
exp3_compliance_0.50,outside_in,philippine,12354,9,1333,1036,80,40.31111111111111,115,0.5
exp3_compliance_0.50,steffen,philippine,12354,9,1238,1055,57,30.505555555555556,97,0.5
exp3_compliance_0.50,random,philippine,12355,10,1325,1151,93,39.916666666666664,120,0.5
exp3_compliance_0.50,back_to_front,philippine,12355,10,1509,1383,102,56.7,189,0.5
exp3_compliance_0.50,outside_in,philippine,12355,10,1305,969,81,29.822222222222223,106,0.5
exp3_compliance_0.50,steffen,philippine,12355,10,1213,1325,75,39.772222222222226,175,0.5
exp3_compliance_0.50,random,philippine,12356,11,1495,1181,90,47.705555555555556,183,0.5
exp3_compliance_0.50,back_to_front,philippine,12356,11,1504,1389,90,63.90555555555556,211,0.5
exp3_compliance_0.50,outside_in,philippine,12356,11,1427,1108,98,40.82222222222222,137,0.5
exp3_compliance_0.50,steffen,philippine,12356,11,1227,1239,84,30.83888888888889,97,0.5
exp3_compliance_0.50,random,philippine,12357,12,1360,1056,89,36.82222222222222,135,0.5
exp3_compliance_0.50,back_to_front,philippine,12357,12,1737,1417,88,78.08888888888889,223,0.5
exp3_compliance_0.50,outside_in,philippine,12357,12,1370,1142,71,36.81666666666667,118,0.5
exp3_compliance_0.50,steffen,philippine,12357,12,1373,972,80,34.6,121,0.5
exp3_compliance_0.50,random,philippine,12358,13,1422,1013,82,31.677777777777777,100,0.5
exp3_compliance_0.50,back_to_front,philippine,12358,13,1555,1361,94,58.977777777777774,180,0.5
exp3_compliance_0.50,outside_in,philippine,12358,13,1418,1395,72,49.544444444444444,150,0.5
exp3_compliance_0.50,steffen,philippine,12358,13,1230,1278,88,30.533333333333335,94,0.5
exp3_compliance_0.50,random,philippine,12359,14,1370,1126,78,43.31666666666667,163,0.5
exp3_compliance_0.50,back_to_front,philippine,12359,14,1570,1442,86,60.977777777777774,205,0.5
exp3_compliance_0.50,outside_in,philippine,12359,14,1478,1154,81,45.394444444444446,123,0.5
exp3_compliance_0.50,steffen,philippine,12359,14,1294,1038,71,35.144444444444446,118,0.5
exp3_compliance_0.50,random,philippine,12360,15,1371,1175,79,40.62222222222222,136,0.5
exp3_compliance_0.50,back_to_front,philippine,12360,15,1563,1457,91,75.11111111111111,271,0.5
exp3_compliance_0.50,outside_in,philippine,12360,15,1314,1201,80,41.93333333333333,136,0.5
exp3_compliance_0.50,steffen,philippine,12360,15,1233,1295,85,33.233333333333334,119,0.5
exp3_compliance_0.50,random,philippine,12361,16,1500,1160,97,47.75,176,0.5
exp3_compliance_0.50,back_to_front,philippine,12361,16,1880,1606,99,82.07777777777778,239,0.5
exp3_compliance_0.50,outside_in,philippine,12361,16,1469,1285,89,45.78333333333333,160,0.5
exp3_compliance_0.50,steffen,philippine,12361,16,1360,1104,68,38.327777777777776,165,0.5
exp3_compliance_0.50,random,philippine,12362,17,1330,1233,85,43.388888888888886,178,0.5
exp3_compliance_0.50,back_to_front,philippine,12362,17,1608,1256,94,62.233333333333334,290,0.5
exp3_compliance_0.50,outside_in,philippine,12362,17,1463,1219,90,44.605555555555554,161,0.5
exp3_compliance_0.50,steffen,philippine,12362,17,1361,1142,79,32.56111111111111,125,0.5
exp3_compliance_0.50,random,philippine,12363,18,1472,1190,88,52.15,180,0.5
exp3_compliance_0.50,back_to_front,philippine,12363,18,1614,1183,86,61.888888888888886,157,0.5
exp3_compliance_0.50,outside_in,philippine,12363,18,1482,1092,73,43.94444444444444,201,0.5
exp3_compliance_0.50,steffen,philippine,12363,18,1419,1070,71,36.1,123,0.5
exp3_compliance_0.50,random,philippine,12364,19,1330,1138,97,42.733333333333334,129,0.5
exp3_compliance_0.50,back_to_front,philippine,12364,19,1534,1379,88,67.57222222222222,228,0.5
exp3_compliance_0.50,outside_in,philippine,12364,19,1435,1256,75,46.92777777777778,170,0.5
exp3_compliance_0.50,steffen,philippine,12364,19,1354,1007,68,38.666666666666664,146,0.5
exp3_compliance_0.50,random,philippine,12365,20,1357,1014,90,35.144444444444446,102,0.5
exp3_compliance_0.50,back_to_front,philippine,12365,20,1541,1437,86,63.87777777777778,215,0.5
exp3_compliance_0.50,outside_in,philippine,12365,20,1351,1272,77,50.666666666666664,150,0.5
exp3_compliance_0.50,steffen,philippine,12365,20,1316,1213,82,38.0,145,0.5
exp3_compliance_0.50,random,philippine,12366,21,1470,1215,88,49.32222222222222,123,0.5
exp3_compliance_0.50,back_to_front,philippine,12366,21,1679,1295,82,65.9,186,0.5
exp3_compliance_0.50,outside_in,philippine,12366,21,1331,1029,85,36.73888888888889,151,0.5
exp3_compliance_0.50,steffen,philippine,12366,21,1276,1128,70,34.57222222222222,109,0.5
exp3_compliance_0.50,random,philippine,12367,22,1473,1137,82,43.49444444444445,165,0.5
exp3_compliance_0.50,back_to_front,philippine,12367,22,1450,1272,95,48.65,157,0.5
exp3_compliance_0.50,outside_in,philippine,12367,22,1449,1299,67,50.605555555555554,159,0.5
exp3_compliance_0.50,steffen,philippine,12367,22,1174,1166,72,31.8,111,0.5
exp3_compliance_0.50,random,philippine,12368,23,1485,1188,85,50.57222222222222,136,0.5
exp3_compliance_0.50,back_to_front,philippine,12368,23,1761,1577,83,79.25555555555556,232,0.5
exp3_compliance_0.50,outside_in,philippine,12368,23,1290,1139,74,33.68333333333333,108,0.5
exp3_compliance_0.50,steffen,philippine,12368,23,1361,1144,82,40.483333333333334,152,0.5
exp3_compliance_0.50,random,philippine,12369,24,1272,1209,87,44.03888888888889,146,0.5
exp3_compliance_0.50,back_to_front,philippine,12369,24,1579,1451,84,72.67222222222222,233,0.5
exp3_compliance_0.50,outside_in,philippine,12369,24,1412,1174,75,36.55555555555556,107,0.5
exp3_compliance_0.50,steffen,philippine,12369,24,1358,1152,77,31.355555555555554,113,0.5
exp3_compliance_0.50,random,philippine,12370,25,1431,1254,96,44.1,138,0.5
exp3_compliance_0.50,back_to_front,philippine,12370,25,1557,1504,94,61.894444444444446,165,0.5
exp3_compliance_0.50,outside_in,philippine,12370,25,1377,1311,71,45.138888888888886,125,0.5
exp3_compliance_0.50,steffen,philippine,12370,25,1399,1203,84,43.644444444444446,198,0.5
exp3_compliance_0.50,random,philippine,12371,26,1493,1216,93,50.516666666666666,137,0.5
exp3_compliance_0.50,back_to_front,philippine,12371,26,1542,1429,103,54.21111111111111,142,0.5
exp3_compliance_0.50,outside_in,philippine,12371,26,1307,1141,80,44.144444444444446,132,0.5
exp3_compliance_0.50,steffen,philippine,12371,26,1270,1254,76,37.416666666666664,164,0.5
exp3_compliance_0.50,random,philippine,12372,27,1447,1008,82,42.15555555555556,114,0.5
exp3_compliance_0.50,back_to_front,philippine,12372,27,1485,1368,94,54.827777777777776,199,0.5
exp3_compliance_0.50,outside_in,philippine,12372,27,1367,1076,58,33.40555555555556,106,0.5
exp3_compliance_0.50,steffen,philippine,12372,27,1254,1236,75,34.46666666666667,161,0.5
exp3_compliance_0.50,random,philippine,12373,28,1368,1220,85,40.96111111111111,130,0.5
exp3_compliance_0.50,back_to_front,philippine,12373,28,1626,1564,86,72.61111111111111,205,0.5
exp3_compliance_0.50,outside_in,philippine,12373,28,1362,1066,76,38.72222222222222,123,0.5
exp3_compliance_0.50,steffen,philippine,12373,28,1253,1215,85,33.65555555555556,120,0.5
exp3_compliance_0.50,random,philippine,12374,29,1390,1147,99,37.92777777777778,113,0.5
exp3_compliance_0.50,back_to_front,philippine,12374,29,1552,1409,83,69.95,233,0.5
exp3_compliance_0.50,outside_in,philippine,12374,29,1436,1057,76,38.25,123,0.5
exp3_compliance_0.50,steffen,philippine,12374,29,1185,1203,67,30.95,114,0.5
exp3_compliance_0.50,random,philippine,12375,30,1404,1259,78,47.227777777777774,137,0.5
exp3_compliance_0.50,back_to_front,philippine,12375,30,1530,1396,97,59.46666666666667,172,0.5
exp3_compliance_0.50,outside_in,philippine,12375,30,1417,1150,64,40.41111111111111,120,0.5
exp3_compliance_0.50,steffen,philippine,12375,30,1278,1309,69,34.355555555555554,91,0.5
exp3_compliance_0.50,random,philippine,12376,31,1453,1051,98,39.24444444444445,127,0.5
exp3_compliance_0.50,back_to_front,philippine,12376,31,1609,1385,88,62.894444444444446,192,0.5
exp3_compliance_0.50,outside_in,philippine,12376,31,1377,1087,85,41.96666666666667,113,0.5
exp3_compliance_0.50,steffen,philippine,12376,31,1296,1251,82,41.94444444444444,133,0.5
exp3_compliance_0.50,random,philippine,12377,32,1482,1149,98,39.32222222222222,138,0.5
exp3_compliance_0.50,back_to_front,philippine,12377,32,1512,1244,78,51.61666666666667,147,0.5
exp3_compliance_0.50,outside_in,philippine,12377,32,1400,1032,82,37.96666666666667,107,0.5
exp3_compliance_0.50,steffen,philippine,12377,32,1240,1087,68,31.705555555555556,106,0.5
exp3_compliance_0.50,random,philippine,12378,33,1360,1325,91,54.794444444444444,169,0.5
exp3_compliance_0.50,back_to_front,philippine,12378,33,1428,1257,92,46.111111111111114,154,0.5
exp3_compliance_0.50,outside_in,philippine,12378,33,1481,1109,82,40.227777777777774,175,0.5
exp3_compliance_0.50,steffen,philippine,12378,33,1330,1102,84,39.06666666666667,142,0.5
exp3_compliance_0.50,random,philippine,12379,34,1334,1085,92,36.28333333333333,118,0.5
exp3_compliance_0.50,back_to_front,philippine,12379,34,1530,1523,88,63.916666666666664,168,0.5
exp3_compliance_0.50,outside_in,philippine,12379,34,1330,1221,82,44.62222222222222,127,0.5
exp3_compliance_0.50,steffen,philippine,12379,34,1184,1063,88,31.761111111111113,108,0.5
exp3_compliance_0.50,random,philippine,12380,35,1433,1230,92,45.35,146,0.5
exp3_compliance_0.50,back_to_front,philippine,12380,35,1644,1549,92,78.07222222222222,251,0.5
exp3_compliance_0.50,outside_in,philippine,12380,35,1319,1193,66,41.327777777777776,115,0.5
exp3_compliance_0.50,steffen,philippine,12380,35,1352,1188,81,32.611111111111114,106,0.5
exp3_compliance_0.50,random,philippine,12381,36,1382,1104,89,40.47222222222222,125,0.5
exp3_compliance_0.50,back_to_front,philippine,12381,36,1567,1460,90,74.89444444444445,244,0.5
exp3_compliance_0.50,outside_in,philippine,12381,36,1565,1164,74,53.705555555555556,163,0.5
exp3_compliance_0.50,steffen,philippine,12381,36,1252,1250,93,32.31666666666667,128,0.5
exp3_compliance_0.50,random,philippine,12382,37,1465,1177,85,48.82222222222222,173,0.5
exp3_compliance_0.50,back_to_front,philippine,12382,37,1672,1342,88,64.7388888888889,182,0.5
exp3_compliance_0.50,outside_in,philippine,12382,37,1311,1115,87,44.26111111111111,124,0.5
exp3_compliance_0.50,steffen,philippine,12382,37,1265,1186,92,34.90555555555556,161,0.5
exp3_compliance_0.50,random,philippine,12383,38,1468,1271,91,43.36666666666667,150,0.5
exp3_compliance_0.50,back_to_front,philippine,12383,38,1524,1669,84,70.23333333333333,215,0.5
exp3_compliance_0.50,outside_in,philippine,12383,38,1372,1133,70,43.25555555555555,126,0.5
exp3_compliance_0.50,steffen,philippine,12383,38,1269,1095,84,30.405555555555555,109,0.5
exp3_compliance_0.50,random,philippine,12384,39,1493,1224,102,51.53888888888889,170,0.5
exp3_compliance_0.50,back_to_front,philippine,12384,39,1611,1367,104,58.92777777777778,173,0.5
exp3_compliance_0.50,outside_in,philippine,12384,39,1584,1128,72,48.55555555555556,175,0.5
exp3_compliance_0.50,steffen,philippine,12384,39,1288,1122,77,35.81666666666667,117,0.5
exp3_compliance_0.50,random,philippine,12385,40,1417,1128,101,38.19444444444444,153,0.5
exp3_compliance_0.50,back_to_front,philippine,12385,40,1671,1544,97,75.23333333333333,234,0.5
exp3_compliance_0.50,outside_in,philippine,12385,40,1385,1079,78,41.97222222222222,161,0.5
exp3_compliance_0.50,steffen,philippine,12385,40,1359,1260,76,35.577777777777776,112,0.5
exp3_compliance_0.50,random,philippine,12386,41,1556,1109,94,44.78888888888889,151,0.5
exp3_compliance_0.50,back_to_front,philippine,12386,41,1535,1377,92,59.477777777777774,158,0.5
exp3_compliance_0.50,outside_in,philippine,12386,41,1374,1166,78,37.88333333333333,136,0.5
exp3_compliance_0.50,steffen,philippine,12386,41,1213,1216,75,32.88333333333333,127,0.5
exp3_compliance_0.50,random,philippine,12387,42,1485,1032,93,41.916666666666664,122,0.5
exp3_compliance_0.50,back_to_front,philippine,12387,42,1647,1403,81,78.05555555555556,265,0.5
exp3_compliance_0.50,outside_in,philippine,12387,42,1462,1010,76,47.1,146,0.5
exp3_compliance_0.50,steffen,philippine,12387,42,1191,990,67,28.483333333333334,125,0.5
exp3_compliance_0.50,random,philippine,12388,43,1351,1098,83,37.394444444444446,108,0.5
exp3_compliance_0.50,back_to_front,philippine,12388,43,1536,1484,80,62.422222222222224,213,0.5
exp3_compliance_0.50,outside_in,philippine,12388,43,1385,989,71,35.43888888888889,112,0.5
exp3_compliance_0.50,steffen,philippine,12388,43,1213,1197,73,30.883333333333333,127,0.5
exp3_compliance_0.50,random,philippine,12389,44,1581,1161,97,47.56111111111111,128,0.5
exp3_compliance_0.50,back_to_front,philippine,12389,44,1674,1558,95,75.76666666666667,225,0.5
exp3_compliance_0.50,outside_in,philippine,12389,44,1406,1111,81,36.794444444444444,110,0.5
exp3_compliance_0.50,steffen,philippine,12389,44,1394,1190,68,34.644444444444446,111,0.5
exp3_compliance_0.50,random,philippine,12390,45,1521,1227,99,47.07222222222222,147,0.5
exp3_compliance_0.50,back_to_front,philippine,12390,45,1563,1320,95,65.45,192,0.5
exp3_compliance_0.50,outside_in,philippine,12390,45,1382,1101,84,41.138888888888886,166,0.5
exp3_compliance_0.50,steffen,philippine,12390,45,1247,1114,84,32.92777777777778,141,0.5
exp3_compliance_0.50,random,philippine,12391,46,1450,1040,89,40.577777777777776,113,0.5
exp3_compliance_0.50,back_to_front,philippine,12391,46,1468,1286,92,54.833333333333336,160,0.5
exp3_compliance_0.50,outside_in,philippine,12391,46,1391,1320,71,46.233333333333334,152,0.5
exp3_compliance_0.50,steffen,philippine,12391,46,1330,1162,82,33.922222222222224,125,0.5
exp3_compliance_0.50,random,philippine,12392,47,1496,1059,96,44.69444444444444,182,0.5
exp3_compliance_0.50,back_to_front,philippine,12392,47,1643,1399,108,59.55555555555556,172,0.5
exp3_compliance_0.50,outside_in,philippine,12392,47,1498,1127,84,48.05555555555556,184,0.5
exp3_compliance_0.50,steffen,philippine,12392,47,1202,1145,63,31.238888888888887,133,0.5
exp3_compliance_0.50,random,philippine,12393,48,1505,1125,89,40.55555555555556,140,0.5
exp3_compliance_0.50,back_to_front,philippine,12393,48,1616,1469,90,65.66666666666667,193,0.5
exp3_compliance_0.50,outside_in,philippine,12393,48,1311,1081,76,38.083333333333336,126,0.5
exp3_compliance_0.50,steffen,philippine,12393,48,1300,1090,73,32.25,115,0.5
exp3_compliance_0.50,random,philippine,12394,49,1488,1121,86,49.05,179,0.5
exp3_compliance_0.50,back_to_front,philippine,12394,49,1606,1299,91,63.05,160,0.5
exp3_compliance_0.50,outside_in,philippine,12394,49,1326,1140,77,47.327777777777776,164,0.5
exp3_compliance_0.50,steffen,philippine,12394,49,1186,1031,58,30.116666666666667,124,0.5
exp3_compliance_0.50,random,philippine,12395,50,1389,1057,77,39.333333333333336,119,0.5
exp3_compliance_0.50,back_to_front,philippine,12395,50,1666,1412,88,67.46666666666667,197,0.5
exp3_compliance_0.50,outside_in,philippine,12395,50,1405,1088,79,40.544444444444444,112,0.5
exp3_compliance_0.50,steffen,philippine,12395,50,1234,1169,72,38.733333333333334,154,0.5
exp3_compliance_0.50,random,philippine,12396,51,1498,1131,110,53.08888888888889,191,0.5
exp3_compliance_0.50,back_to_front,philippine,12396,51,1551,1480,79,65.4,202,0.5
exp3_compliance_0.50,outside_in,philippine,12396,51,1367,1193,81,45.53333333333333,159,0.5
exp3_compliance_0.50,steffen,philippine,12396,51,1183,1115,73,31.977777777777778,131,0.5
exp3_compliance_0.50,random,philippine,12397,52,1504,1134,88,55.30555555555556,180,0.5
exp3_compliance_0.50,back_to_front,philippine,12397,52,1587,1485,86,65.36666666666666,160,0.5
exp3_compliance_0.50,outside_in,philippine,12397,52,1424,1266,75,43.388888888888886,126,0.5
exp3_compliance_0.50,steffen,philippine,12397,52,1324,1086,85,38.022222222222226,137,0.5
exp3_compliance_0.50,random,philippine,12398,53,1492,1152,95,43.66111111111111,123,0.5
exp3_compliance_0.50,back_to_front,philippine,12398,53,1485,1324,74,58.922222222222224,182,0.5
exp3_compliance_0.50,outside_in,philippine,12398,53,1363,1160,65,38.388888888888886,111,0.5
exp3_compliance_0.50,steffen,philippine,12398,53,1286,1111,74,37.833333333333336,170,0.5
exp3_compliance_0.50,random,philippine,12399,54,1654,1061,96,50.016666666666666,141,0.5
exp3_compliance_0.50,back_to_front,philippine,12399,54,1591,1362,92,62.455555555555556,179,0.5
exp3_compliance_0.50,outside_in,philippine,12399,54,1436,1028,82,37.94444444444444,162,0.5
exp3_compliance_0.50,steffen,philippine,12399,54,1253,1075,71,35.48888888888889,157,0.5
exp3_compliance_0.50,random,philippine,12400,55,1444,1179,106,48.522222222222226,121,0.5
exp3_compliance_0.50,back_to_front,philippine,12400,55,1504,1412,86,61.66111111111111,226,0.5
exp3_compliance_0.50,outside_in,philippine,12400,55,1300,1287,75,42.80555555555556,129,0.5
exp3_compliance_0.50,steffen,philippine,12400,55,1402,1330,81,42.05,131,0.5
exp3_compliance_0.50,random,philippine,12401,56,1407,1060,94,40.31666666666667,117,0.5
exp3_compliance_0.50,back_to_front,philippine,12401,56,1552,1374,100,60.166666666666664,188,0.5
exp3_compliance_0.50,outside_in,philippine,12401,56,1346,1173,69,41.888888888888886,134,0.5
exp3_compliance_0.50,steffen,philippine,12401,56,1265,1183,92,34.21666666666667,99,0.5
exp3_compliance_0.50,random,philippine,12402,57,1465,1251,98,52.96666666666667,132,0.5
exp3_compliance_0.50,back_to_front,philippine,12402,57,1601,1444,91,62.361111111111114,198,0.5
exp3_compliance_0.50,outside_in,philippine,12402,57,1323,1121,89,37.733333333333334,117,0.5
exp3_compliance_0.50,steffen,philippine,12402,57,1277,1117,82,31.238888888888887,102,0.5
exp3_compliance_0.50,random,philippine,12403,58,1538,1153,105,49.22222222222222,157,0.5
exp3_compliance_0.50,back_to_front,philippine,12403,58,1606,1493,83,68.76666666666667,198,0.5
exp3_compliance_0.50,outside_in,philippine,12403,58,1363,1106,85,41.233333333333334,146,0.5
exp3_compliance_0.50,steffen,philippine,12403,58,1329,1004,75,36.833333333333336,122,0.5
exp3_compliance_0.50,random,philippine,12404,59,1247,1128,80,37.077777777777776,114,0.5
exp3_compliance_0.50,back_to_front,philippine,12404,59,1736,1517,94,73.17777777777778,211,0.5
exp3_compliance_0.50,outside_in,philippine,12404,59,1460,1102,85,39.34444444444444,127,0.5
exp3_compliance_0.50,steffen,philippine,12404,59,1332,1217,75,36.483333333333334,134,0.5
exp3_compliance_0.50,random,philippine,12405,60,1599,1151,93,51.85,173,0.5
exp3_compliance_0.50,back_to_front,philippine,12405,60,1536,1375,90,58.62222222222222,198,0.5
exp3_compliance_0.50,outside_in,philippine,12405,60,1541,1177,76,44.08888888888889,113,0.5
exp3_compliance_0.50,steffen,philippine,12405,60,1365,1263,80,44.21666666666667,125,0.5
exp3_compliance_0.50,random,philippine,12406,61,1417,1127,84,40.65555555555556,152,0.5
exp3_compliance_0.50,back_to_front,philippine,12406,61,1464,1344,97,52.63333333333333,169,0.5
exp3_compliance_0.50,outside_in,philippine,12406,61,1332,1198,83,42.2,126,0.5
exp3_compliance_0.50,steffen,philippine,12406,61,1271,1176,81,38.483333333333334,130,0.5
exp3_compliance_0.50,random,philippine,12407,62,1454,1087,78,43.48888888888889,148,0.5
exp3_compliance_0.50,back_to_front,philippine,12407,62,1616,1415,100,63.022222222222226,179,0.5
exp3_compliance_0.50,outside_in,philippine,12407,62,1361,1192,78,38.644444444444446,130,0.5
exp3_compliance_0.50,steffen,philippine,12407,62,1340,960,88,32.922222222222224,104,0.5
exp3_compliance_0.50,random,philippine,12408,63,1439,1098,87,39.16111111111111,119,0.5
exp3_compliance_0.50,back_to_front,philippine,12408,63,1647,1506,85,71.76666666666667,258,0.5
exp3_compliance_0.50,outside_in,philippine,12408,63,1282,1213,86,45.477777777777774,153,0.5
exp3_compliance_0.50,steffen,philippine,12408,63,1213,1113,79,28.75,92,0.5
exp3_compliance_0.50,random,philippine,12409,64,1427,1236,82,49.73888888888889,158,0.5
exp3_compliance_0.50,back_to_front,philippine,12409,64,1573,1453,88,73.57222222222222,307,0.5
exp3_compliance_0.50,outside_in,philippine,12409,64,1405,1105,77,39.01111111111111,106,0.5
exp3_compliance_0.50,steffen,philippine,12409,64,1229,1227,71,36.56666666666667,160,0.5
exp3_compliance_0.50,random,philippine,12410,65,1320,1183,89,38.34444444444444,152,0.5
exp3_compliance_0.50,back_to_front,philippine,12410,65,1610,1518,73,70.39444444444445,263,0.5
exp3_compliance_0.50,outside_in,philippine,12410,65,1332,1090,79,39.93888888888889,107,0.5
exp3_compliance_0.50,steffen,philippine,12410,65,1307,1080,75,40.827777777777776,128,0.5
exp3_compliance_0.50,random,philippine,12411,66,1394,1051,86,40.666666666666664,120,0.5
exp3_compliance_0.50,back_to_front,philippine,12411,66,1731,1380,95,67.61666666666666,242,0.5
exp3_compliance_0.50,outside_in,philippine,12411,66,1478,1205,81,47.577777777777776,136,0.5
exp3_compliance_0.50,steffen,philippine,12411,66,1314,1160,82,38.09444444444444,152,0.5
exp3_compliance_0.50,random,philippine,12412,67,1380,1171,80,44.105555555555554,147,0.5
exp3_compliance_0.50,back_to_front,philippine,12412,67,1527,1335,96,51.644444444444446,165,0.5
exp3_compliance_0.50,outside_in,philippine,12412,67,1330,1221,65,44.74444444444445,196,0.5
exp3_compliance_0.50,steffen,philippine,12412,67,1298,1371,90,43.44444444444444,171,0.5
exp3_compliance_0.50,random,philippine,12413,68,1553,1134,85,49.06666666666667,131,0.5
exp3_compliance_0.50,back_to_front,philippine,12413,68,1442,1346,92,56.16111111111111,215,0.5
exp3_compliance_0.50,outside_in,philippine,12413,68,1382,1127,60,43.50555555555555,128,0.5
exp3_compliance_0.50,steffen,philippine,12413,68,1335,1071,90,33.62777777777778,116,0.5
exp3_compliance_0.50,random,philippine,12414,69,1576,1257,84,53.794444444444444,143,0.5
exp3_compliance_0.50,back_to_front,philippine,12414,69,1600,1487,87,66.1,259,0.5
exp3_compliance_0.50,outside_in,philippine,12414,69,1344,1098,70,41.355555555555554,150,0.5
exp3_compliance_0.50,steffen,philippine,12414,69,1338,1166,82,30.81111111111111,99,0.5
exp3_compliance_0.50,random,philippine,12415,70,1334,1183,87,41.577777777777776,135,0.5
exp3_compliance_0.50,back_to_front,philippine,12415,70,1546,1437,75,58.13333333333333,152,0.5
exp3_compliance_0.50,outside_in,philippine,12415,70,1293,1251,80,37.86666666666667,133,0.5
exp3_compliance_0.50,steffen,philippine,12415,70,1268,1193,71,36.611111111111114,126,0.5
exp3_compliance_0.50,random,philippine,12416,71,1376,1154,89,39.022222222222226,109,0.5
exp3_compliance_0.50,back_to_front,philippine,12416,71,1635,1536,90,67.2611111111111,194,0.5
exp3_compliance_0.50,outside_in,philippine,12416,71,1343,1021,68,31.97222222222222,114,0.5
exp3_compliance_0.50,steffen,philippine,12416,71,1200,1269,66,31.97222222222222,109,0.5
exp3_compliance_0.50,random,philippine,12417,72,1429,1042,100,36.361111111111114,125,0.5
exp3_compliance_0.50,back_to_front,philippine,12417,72,1382,1298,99,52.76111111111111,192,0.5
exp3_compliance_0.50,outside_in,philippine,12417,72,1381,1031,78,38.97222222222222,111,0.5
exp3_compliance_0.50,steffen,philippine,12417,72,1371,1106,78,33.044444444444444,93,0.5
exp3_compliance_0.50,random,philippine,12418,73,1470,1061,102,49.56666666666667,148,0.5
exp3_compliance_0.50,back_to_front,philippine,12418,73,1614,1342,91,62.57222222222222,188,0.5
exp3_compliance_0.50,outside_in,philippine,12418,73,1383,1202,81,38.56666666666667,130,0.5
exp3_compliance_0.50,steffen,philippine,12418,73,1334,1150,85,34.00555555555555,124,0.5
exp3_compliance_0.50,random,philippine,12419,74,1521,1179,94,44.31111111111111,144,0.5
exp3_compliance_0.50,back_to_front,philippine,12419,74,1487,1434,83,63.327777777777776,214,0.5
exp3_compliance_0.50,outside_in,philippine,12419,74,1377,1183,68,47.394444444444446,174,0.5
exp3_compliance_0.50,steffen,philippine,12419,74,1224,1189,86,31.461111111111112,110,0.5
exp3_compliance_0.50,random,philippine,12420,75,1451,1226,87,43.75,165,0.5
exp3_compliance_0.50,back_to_front,philippine,12420,75,1518,1427,76,61.46666666666667,185,0.5
exp3_compliance_0.50,outside_in,philippine,12420,75,1196,1240,72,36.34444444444444,133,0.5
exp3_compliance_0.50,steffen,philippine,12420,75,1359,1320,70,42.166666666666664,135,0.5
exp3_compliance_0.50,random,philippine,12421,76,1366,1194,87,41.16111111111111,135,0.5
exp3_compliance_0.50,back_to_front,philippine,12421,76,1654,1686,90,78.05,213,0.5
exp3_compliance_0.50,outside_in,philippine,12421,76,1385,1113,82,40.794444444444444,123,0.5
exp3_compliance_0.50,steffen,philippine,12421,76,1274,1132,85,33.65,124,0.5
exp3_compliance_0.50,random,philippine,12422,77,1353,1226,103,40.49444444444445,138,0.5
exp3_compliance_0.50,back_to_front,philippine,12422,77,1560,1397,88,58.65555555555556,172,0.5
exp3_compliance_0.50,outside_in,philippine,12422,77,1557,1284,77,54.105555555555554,136,0.5
exp3_compliance_0.50,steffen,philippine,12422,77,1262,1030,69,32.56111111111111,144,0.5
exp3_compliance_0.50,random,philippine,12423,78,1513,1137,85,51.51111111111111,143,0.5
exp3_compliance_0.50,back_to_front,philippine,12423,78,1494,1239,87,52.7,168,0.5
exp3_compliance_0.50,outside_in,philippine,12423,78,1510,1210,91,48.166666666666664,148,0.5
exp3_compliance_0.50,steffen,philippine,12423,78,1275,1282,72,33.77777777777778,139,0.5
exp3_compliance_0.50,random,philippine,12424,79,1399,1169,91,39.00555555555555,126,0.5
exp3_compliance_0.50,back_to_front,philippine,12424,79,1488,1348,80,56.31111111111111,172,0.5
exp3_compliance_0.50,outside_in,philippine,12424,79,1412,1076,74,44.044444444444444,143,0.5
exp3_compliance_0.50,steffen,philippine,12424,79,1256,996,78,30.18888888888889,119,0.5
exp3_compliance_0.50,random,philippine,12425,80,1582,1140,102,47.705555555555556,159,0.5
exp3_compliance_0.50,back_to_front,philippine,12425,80,1540,1306,90,59.144444444444446,207,0.5
exp3_compliance_0.50,outside_in,philippine,12425,80,1471,1070,83,42.32222222222222,160,0.5
exp3_compliance_0.50,steffen,philippine,12425,80,1351,1000,77,34.705555555555556,128,0.5
exp3_compliance_0.50,random,philippine,12426,81,1459,1255,101,48.84444444444444,160,0.5
exp3_compliance_0.50,back_to_front,philippine,12426,81,1738,1337,73,71.27777777777777,229,0.5
exp3_compliance_0.50,outside_in,philippine,12426,81,1477,1090,80,46.55,164,0.5
exp3_compliance_0.50,steffen,philippine,12426,81,1241,1206,89,34.8,112,0.5
exp3_compliance_0.50,random,philippine,12427,82,1267,1285,99,37.76111111111111,117,0.5
exp3_compliance_0.50,back_to_front,philippine,12427,82,1531,1429,102,63.272222222222226,189,0.5
exp3_compliance_0.50,outside_in,philippine,12427,82,1467,1191,77,46.6,160,0.5
exp3_compliance_0.50,steffen,philippine,12427,82,1232,1159,79,29.072222222222223,127,0.5
exp3_compliance_0.50,random,philippine,12428,83,1384,1135,87,38.58888888888889,104,0.5
exp3_compliance_0.50,back_to_front,philippine,12428,83,1597,1393,69,68.10555555555555,217,0.5
exp3_compliance_0.50,outside_in,philippine,12428,83,1381,1260,80,45.422222222222224,168,0.5
exp3_compliance_0.50,steffen,philippine,12428,83,1178,1263,68,31.272222222222222,111,0.5
exp3_compliance_0.50,random,philippine,12429,84,1473,1255,91,52.01111111111111,217,0.5
exp3_compliance_0.50,back_to_front,philippine,12429,84,1522,1411,83,58.544444444444444,178,0.5
exp3_compliance_0.50,outside_in,philippine,12429,84,1365,1230,68,42.46111111111111,150,0.5
exp3_compliance_0.50,steffen,philippine,12429,84,1333,1252,81,35.06666666666667,136,0.5
exp3_compliance_0.50,random,philippine,12430,85,1463,1208,113,47.983333333333334,147,0.5
exp3_compliance_0.50,back_to_front,philippine,12430,85,1557,1329,83,60.522222222222226,222,0.5
exp3_compliance_0.50,outside_in,philippine,12430,85,1357,1151,67,39.24444444444445,138,0.5
exp3_compliance_0.50,steffen,philippine,12430,85,1388,1119,71,37.61666666666667,121,0.5
exp3_compliance_0.50,random,philippine,12431,86,1425,1158,93,45.111111111111114,155,0.5
exp3_compliance_0.50,back_to_front,philippine,12431,86,1618,1340,82,71.94444444444444,237,0.5
exp3_compliance_0.50,outside_in,philippine,12431,86,1387,1255,76,46.016666666666666,154,0.5
exp3_compliance_0.50,steffen,philippine,12431,86,1283,1029,83,34.86666666666667,136,0.5
exp3_compliance_0.50,random,philippine,12432,87,1526,1265,99,48.23888888888889,153,0.5
exp3_compliance_0.50,back_to_front,philippine,12432,87,1615,1453,82,70.21666666666667,253,0.5
exp3_compliance_0.50,outside_in,philippine,12432,87,1451,1009,79,37.86666666666667,113,0.5
exp3_compliance_0.50,steffen,philippine,12432,87,1213,1284,71,32.43333333333333,112,0.5
exp3_compliance_0.50,random,philippine,12433,88,1516,1222,94,45.772222222222226,146,0.5
exp3_compliance_0.50,back_to_front,philippine,12433,88,1740,1571,90,78.11111111111111,233,0.5
exp3_compliance_0.50,outside_in,philippine,12433,88,1362,1175,76,38.83888888888889,104,0.5
exp3_compliance_0.50,steffen,philippine,12433,88,1409,1252,73,41.93333333333333,131,0.5
exp3_compliance_0.50,random,philippine,12434,89,1536,1145,111,44.24444444444445,128,0.5
exp3_compliance_0.50,back_to_front,philippine,12434,89,1543,1454,85,69.57777777777778,236,0.5
exp3_compliance_0.50,outside_in,philippine,12434,89,1331,1197,73,39.30555555555556,134,0.5
exp3_compliance_0.50,steffen,philippine,12434,89,1236,1062,74,32.577777777777776,132,0.5
exp3_compliance_0.50,random,philippine,12435,90,1444,1208,97,46.272222222222226,149,0.5
exp3_compliance_0.50,back_to_front,philippine,12435,90,1669,1513,120,68.87777777777778,198,0.5
exp3_compliance_0.50,outside_in,philippine,12435,90,1387,1188,78,37.35,160,0.5
exp3_compliance_0.50,steffen,philippine,12435,90,1226,1116,82,30.122222222222224,109,0.5
exp3_compliance_0.50,random,philippine,12436,91,1647,1137,94,49.955555555555556,157,0.5
exp3_compliance_0.50,back_to_front,philippine,12436,91,1641,1386,93,60.48888888888889,199,0.5
exp3_compliance_0.50,outside_in,philippine,12436,91,1455,1204,78,54.03333333333333,196,0.5
exp3_compliance_0.50,steffen,philippine,12436,91,1347,1107,82,39.98888888888889,136,0.5
exp3_compliance_0.50,random,philippine,12437,92,1303,1085,77,42.43333333333333,118,0.5
exp3_compliance_0.50,back_to_front,philippine,12437,92,1500,1418,88,62.294444444444444,183,0.5
exp3_compliance_0.50,outside_in,philippine,12437,92,1469,1135,71,44.75555555555555,134,0.5
exp3_compliance_0.50,steffen,philippine,12437,92,1376,1182,87,39.666666666666664,156,0.5
exp3_compliance_0.50,random,philippine,12438,93,1420,1291,85,47.17777777777778,148,0.5
exp3_compliance_0.50,back_to_front,philippine,12438,93,1514,1500,93,64.7611111111111,181,0.5
exp3_compliance_0.50,outside_in,philippine,12438,93,1359,1110,75,40.611111111111114,143,0.5
exp3_compliance_0.50,steffen,philippine,12438,93,1267,1185,80,37.23888888888889,110,0.5
exp3_compliance_0.50,random,philippine,12439,94,1329,1057,81,35.111111111111114,88,0.5
exp3_compliance_0.50,back_to_front,philippine,12439,94,1610,1386,94,67.52777777777777,230,0.5
exp3_compliance_0.50,outside_in,philippine,12439,94,1356,1157,73,46.138888888888886,162,0.5
exp3_compliance_0.50,steffen,philippine,12439,94,1307,1208,82,34.03333333333333,101,0.5
exp3_compliance_0.50,random,philippine,12440,95,1453,1226,103,47.894444444444446,147,0.5
exp3_compliance_0.50,back_to_front,philippine,12440,95,1653,1506,87,71.39444444444445,224,0.5
exp3_compliance_0.50,outside_in,philippine,12440,95,1404,1130,73,40.205555555555556,119,0.5
exp3_compliance_0.50,steffen,philippine,12440,95,1238,1121,67,28.61111111111111,112,0.5
exp3_compliance_0.50,random,philippine,12441,96,1390,1212,80,48.76111111111111,129,0.5
exp3_compliance_0.50,back_to_front,philippine,12441,96,1530,1508,83,64.42777777777778,204,0.5
exp3_compliance_0.50,outside_in,philippine,12441,96,1585,1238,81,48.06111111111111,155,0.5
exp3_compliance_0.50,steffen,philippine,12441,96,1267,1178,81,29.516666666666666,105,0.5
exp3_compliance_0.50,random,philippine,12442,97,1467,1211,93,45.977777777777774,131,0.5
exp3_compliance_0.50,back_to_front,philippine,12442,97,1520,1453,92,69.95555555555555,195,0.5
exp3_compliance_0.50,outside_in,philippine,12442,97,1544,1199,74,45.5,143,0.5
exp3_compliance_0.50,steffen,philippine,12442,97,1316,1265,73,35.80555555555556,135,0.5
exp3_compliance_0.50,random,philippine,12443,98,1462,1179,83,50.15555555555556,167,0.5
exp3_compliance_0.50,back_to_front,philippine,12443,98,1605,1341,85,56.97222222222222,187,0.5
exp3_compliance_0.50,outside_in,philippine,12443,98,1330,1231,67,43.73888888888889,150,0.5
exp3_compliance_0.50,steffen,philippine,12443,98,1264,1113,68,34.45,158,0.5
exp3_compliance_0.50,random,philippine,12444,99,1547,1114,81,47.03333333333333,138,0.5
exp3_compliance_0.50,back_to_front,philippine,12444,99,1600,1169,88,55.03888888888889,164,0.5
exp3_compliance_0.50,outside_in,philippine,12444,99,1344,1039,91,36.73888888888889,107,0.5
exp3_compliance_0.50,steffen,philippine,12444,99,1253,1224,79,37.51111111111111,127,0.5
exp3_compliance_0.50,random,philippine,12445,100,1387,1111,93,46.955555555555556,155,0.5
exp3_compliance_0.50,back_to_front,philippine,12445,100,1557,1471,83,67.27222222222223,212,0.5
exp3_compliance_0.50,outside_in,philippine,12445,100,1434,1209,63,45.36666666666667,147,0.5
exp3_compliance_0.50,steffen,philippine,12445,100,1338,1049,83,35.15555555555556,116,0.5
exp3_compliance_0.50,random,philippine,12446,101,1565,1196,88,48.97222222222222,162,0.5
exp3_compliance_0.50,back_to_front,philippine,12446,101,1563,1474,87,68.26666666666667,241,0.5
exp3_compliance_0.50,outside_in,philippine,12446,101,1372,1321,73,43.77777777777778,160,0.5
exp3_compliance_0.50,steffen,philippine,12446,101,1288,1209,65,40.16111111111111,108,0.5
exp3_compliance_0.50,random,philippine,12447,102,1490,1111,97,41.172222222222224,122,0.5
exp3_compliance_0.50,back_to_front,philippine,12447,102,1460,1331,96,53.48888888888889,161,0.5
exp3_compliance_0.50,outside_in,philippine,12447,102,1430,1212,73,41.59444444444444,117,0.5
exp3_compliance_0.50,steffen,philippine,12447,102,1228,1309,82,35.205555555555556,117,0.5
exp3_compliance_0.50,random,philippine,12448,103,1467,1197,81,47.92777777777778,164,0.5
exp3_compliance_0.50,back_to_front,philippine,12448,103,1674,1491,95,67.4888888888889,234,0.5
exp3_compliance_0.50,outside_in,philippine,12448,103,1304,1140,85,36.69444444444444,104,0.5
exp3_compliance_0.50,steffen,philippine,12448,103,1346,1144,79,42.1,134,0.5
exp3_compliance_0.50,random,philippine,12449,104,1411,1097,91,44.55,139,0.5
exp3_compliance_0.50,back_to_front,philippine,12449,104,1672,1440,87,71.3,274,0.5
exp3_compliance_0.50,outside_in,philippine,12449,104,1517,1170,89,41.71111111111111,154,0.5
exp3_compliance_0.50,steffen,philippine,12449,104,1284,1226,86,36.96111111111111,142,0.5
exp3_compliance_0.50,random,philippine,12450,105,1595,954,84,42.12777777777778,115,0.5
exp3_compliance_0.50,back_to_front,philippine,12450,105,1712,1461,96,69.03333333333333,216,0.5
exp3_compliance_0.50,outside_in,philippine,12450,105,1422,1148,88,40.06666666666667,122,0.5
exp3_compliance_0.50,steffen,philippine,12450,105,1287,997,84,28.72222222222222,94,0.5
exp3_compliance_0.50,random,philippine,12451,106,1541,1066,89,50.916666666666664,174,0.5
exp3_compliance_0.50,back_to_front,philippine,12451,106,1497,1449,79,59.3,178,0.5
exp3_compliance_0.50,outside_in,philippine,12451,106,1396,1021,81,39.92777777777778,152,0.5
exp3_compliance_0.50,steffen,philippine,12451,106,1295,1144,73,31.08888888888889,130,0.5
exp3_compliance_0.50,random,philippine,12452,107,1475,1312,86,51.30555555555556,138,0.5
exp3_compliance_0.50,back_to_front,philippine,12452,107,1701,1507,87,74.58333333333333,242,0.5
exp3_compliance_0.50,outside_in,philippine,12452,107,1363,1071,76,40.205555555555556,151,0.5
exp3_compliance_0.50,steffen,philippine,12452,107,1274,1297,74,32.833333333333336,138,0.5
exp3_compliance_0.50,random,philippine,12453,108,1418,1133,92,48.644444444444446,179,0.5
exp3_compliance_0.50,back_to_front,philippine,12453,108,1538,1279,86,58.56666666666667,207,0.5
exp3_compliance_0.50,outside_in,philippine,12453,108,1357,1060,69,36.81666666666667,120,0.5
exp3_compliance_0.50,steffen,philippine,12453,108,1210,1117,72,27.961111111111112,102,0.5
exp3_compliance_0.50,random,philippine,12454,109,1361,1084,84,39.93888888888889,119,0.5
exp3_compliance_0.50,back_to_front,philippine,12454,109,1629,1382,95,64.65,258,0.5
exp3_compliance_0.50,outside_in,philippine,12454,109,1383,1178,84,41.57222222222222,112,0.5
exp3_compliance_0.50,steffen,philippine,12454,109,1209,1182,77,35.17777777777778,142,0.5
exp3_compliance_0.50,random,philippine,12455,110,1350,1177,91,44.15555555555556,142,0.5
exp3_compliance_0.50,back_to_front,philippine,12455,110,1512,1334,85,55.455555555555556,194,0.5
exp3_compliance_0.50,outside_in,philippine,12455,110,1369,1040,82,38.6,122,0.5
exp3_compliance_0.50,steffen,philippine,12455,110,1201,1162,59,33.733333333333334,93,0.5
exp3_compliance_0.50,random,philippine,12456,111,1410,1176,93,50.25555555555555,161,0.5
exp3_compliance_0.50,back_to_front,philippine,12456,111,1517,1393,98,60.12777777777778,179,0.5
exp3_compliance_0.50,outside_in,philippine,12456,111,1374,1125,76,40.672222222222224,127,0.5
exp3_compliance_0.50,steffen,philippine,12456,111,1323,1110,83,32.03888888888889,126,0.5
exp3_compliance_0.50,random,philippine,12457,112,1432,1153,87,47.23888888888889,142,0.5
exp3_compliance_0.50,back_to_front,philippine,12457,112,1572,1393,91,56.477777777777774,189,0.5
exp3_compliance_0.50,outside_in,philippine,12457,112,1528,1122,80,49.58888888888889,152,0.5
exp3_compliance_0.50,steffen,philippine,12457,112,1231,1070,85,37.422222222222224,122,0.5
exp3_compliance_0.50,random,philippine,12458,113,1326,1204,96,42.37222222222222,126,0.5
exp3_compliance_0.50,back_to_front,philippine,12458,113,1628,1423,100,63.477777777777774,178,0.5
exp3_compliance_0.50,outside_in,philippine,12458,113,1420,1102,75,36.43888888888889,143,0.5
exp3_compliance_0.50,steffen,philippine,12458,113,1332,1150,87,40.56666666666667,117,0.5
exp3_compliance_0.50,random,philippine,12459,114,1520,1119,91,47.63333333333333,163,0.5
exp3_compliance_0.50,back_to_front,philippine,12459,114,1730,1531,94,72.88333333333334,232,0.5
exp3_compliance_0.50,outside_in,philippine,12459,114,1359,1166,67,39.69444444444444,101,0.5
exp3_compliance_0.50,steffen,philippine,12459,114,1402,1253,66,38.672222222222224,130,0.5
exp3_compliance_0.50,random,philippine,12460,115,1529,1054,90,46.50555555555555,149,0.5
exp3_compliance_0.50,back_to_front,philippine,12460,115,1554,1425,99,60.35,172,0.5
exp3_compliance_0.50,outside_in,philippine,12460,115,1357,1111,82,39.47222222222222,157,0.5
exp3_compliance_0.50,steffen,philippine,12460,115,1203,1106,69,34.294444444444444,135,0.5
exp3_compliance_0.50,random,philippine,12461,116,1390,988,90,34.727777777777774,98,0.5
exp3_compliance_0.50,back_to_front,philippine,12461,116,1542,1495,86,70.25555555555556,183,0.5
exp3_compliance_0.50,outside_in,philippine,12461,116,1458,1129,94,41.638888888888886,125,0.5
exp3_compliance_0.50,steffen,philippine,12461,116,1310,957,76,30.18888888888889,136,0.5
exp3_compliance_0.50,random,philippine,12462,117,1361,1067,88,37.8,137,0.5
exp3_compliance_0.50,back_to_front,philippine,12462,117,1578,1426,91,65.21111111111111,183,0.5
exp3_compliance_0.50,outside_in,philippine,12462,117,1380,1227,68,43.17777777777778,127,0.5
exp3_compliance_0.50,steffen,philippine,12462,117,1235,1234,69,39.044444444444444,114,0.5
exp3_compliance_0.50,random,philippine,12463,118,1367,1113,93,40.21666666666667,125,0.5
exp3_compliance_0.50,back_to_front,philippine,12463,118,1675,1521,95,63.772222222222226,181,0.5
exp3_compliance_0.50,outside_in,philippine,12463,118,1328,1082,76,40.30555555555556,131,0.5
exp3_compliance_0.50,steffen,philippine,12463,118,1313,1085,84,31.82777777777778,101,0.5
exp3_compliance_0.50,random,philippine,12464,119,1385,1257,81,53.76111111111111,157,0.5
exp3_compliance_0.50,back_to_front,philippine,12464,119,1480,1384,87,61.99444444444445,179,0.5
exp3_compliance_0.50,outside_in,philippine,12464,119,1485,1133,75,41.18333333333333,129,0.5
exp3_compliance_0.50,steffen,philippine,12464,119,1259,1158,78,33.45,93,0.5
exp3_compliance_0.50,random,philippine,12465,120,1450,1080,92,48.16111111111111,158,0.5
exp3_compliance_0.50,back_to_front,philippine,12465,120,1601,1415,101,61.327777777777776,176,0.5
exp3_compliance_0.50,outside_in,philippine,12465,120,1411,1120,71,43.1,133,0.5
exp3_compliance_0.50,steffen,philippine,12465,120,1368,1201,80,36.46666666666667,160,0.5
exp3_compliance_0.50,random,philippine,12466,121,1354,1189,87,44.05,146,0.5
exp3_compliance_0.50,back_to_front,philippine,12466,121,1604,1452,99,71.97222222222223,220,0.5
exp3_compliance_0.50,outside_in,philippine,12466,121,1290,1145,86,39.75555555555555,156,0.5
exp3_compliance_0.50,steffen,philippine,12466,121,1323,1131,83,28.461111111111112,99,0.5
exp3_compliance_0.50,random,philippine,12467,122,1357,1157,88,43.22222222222222,193,0.5
exp3_compliance_0.50,back_to_front,philippine,12467,122,1471,1399,81,56.38333333333333,150,0.5
exp3_compliance_0.50,outside_in,philippine,12467,122,1400,1137,85,41.0,128,0.5
exp3_compliance_0.50,steffen,philippine,12467,122,1267,1198,83,32.53888888888889,136,0.5
exp3_compliance_0.50,random,philippine,12468,123,1515,1155,95,49.16111111111111,163,0.5
exp3_compliance_0.50,back_to_front,philippine,12468,123,1468,1335,87,55.355555555555554,187,0.5
exp3_compliance_0.50,outside_in,philippine,12468,123,1454,1233,63,41.27777777777778,135,0.5
exp3_compliance_0.50,steffen,philippine,12468,123,1361,1158,86,33.03888888888889,112,0.5
exp3_compliance_0.50,random,philippine,12469,124,1370,1158,95,44.52777777777778,122,0.5
exp3_compliance_0.50,back_to_front,philippine,12469,124,1497,1569,76,69.58888888888889,174,0.5
exp3_compliance_0.50,outside_in,philippine,12469,124,1332,996,68,35.416666666666664,143,0.5
exp3_compliance_0.50,steffen,philippine,12469,124,1374,1021,88,34.53333333333333,122,0.5
exp3_compliance_0.50,random,philippine,12470,125,1407,1014,96,46.91111111111111,133,0.5
exp3_compliance_0.50,back_to_front,philippine,12470,125,1516,1355,81,58.166666666666664,169,0.5
exp3_compliance_0.50,outside_in,philippine,12470,125,1290,1076,61,36.36666666666667,117,0.5
exp3_compliance_0.50,steffen,philippine,12470,125,1209,991,81,27.594444444444445,124,0.5
exp3_compliance_0.50,random,philippine,12471,126,1423,1271,89,57.016666666666666,174,0.5
exp3_compliance_0.50,back_to_front,philippine,12471,126,1448,1333,80,59.51111111111111,197,0.5
exp3_compliance_0.50,outside_in,philippine,12471,126,1361,1154,80,41.62222222222222,121,0.5
exp3_compliance_0.50,steffen,philippine,12471,126,1299,1236,76,33.71666666666667,111,0.5
exp3_compliance_0.50,random,philippine,12472,127,1414,1101,96,43.644444444444446,156,0.5
exp3_compliance_0.50,back_to_front,philippine,12472,127,1639,1427,90,68.36666666666666,213,0.5
exp3_compliance_0.50,outside_in,philippine,12472,127,1473,1244,63,46.95,147,0.5
exp3_compliance_0.50,steffen,philippine,12472,127,1258,1347,71,41.166666666666664,199,0.5
exp3_compliance_0.50,random,philippine,12473,128,1536,1209,77,46.53333333333333,165,0.5
exp3_compliance_0.50,back_to_front,philippine,12473,128,1494,1329,91,59.044444444444444,237,0.5
exp3_compliance_0.50,outside_in,philippine,12473,128,1477,1068,86,39.55555555555556,115,0.5
exp3_compliance_0.50,steffen,philippine,12473,128,1268,1079,84,28.67222222222222,96,0.5
exp3_compliance_0.50,random,philippine,12474,129,1431,1141,82,39.96666666666667,142,0.5
exp3_compliance_0.50,back_to_front,philippine,12474,129,1575,1532,83,61.97222222222222,183,0.5
exp3_compliance_0.50,outside_in,philippine,12474,129,1315,1188,70,34.80555555555556,91,0.5
exp3_compliance_0.50,steffen,philippine,12474,129,1132,1211,71,30.1,122,0.5
exp3_compliance_0.50,random,philippine,12475,130,1370,1199,85,43.727777777777774,147,0.5
exp3_compliance_0.50,back_to_front,philippine,12475,130,1636,1340,93,64.18333333333334,198,0.5
exp3_compliance_0.50,outside_in,philippine,12475,130,1441,1096,70,41.022222222222226,134,0.5
exp3_compliance_0.50,steffen,philippine,12475,130,1330,1169,82,36.644444444444446,122,0.5
exp3_compliance_0.50,random,philippine,12476,131,1408,1219,91,46.361111111111114,143,0.5
exp3_compliance_0.50,back_to_front,philippine,12476,131,1683,1361,101,65.7,253,0.5
exp3_compliance_0.50,outside_in,philippine,12476,131,1442,1227,77,44.75,142,0.5
exp3_compliance_0.50,steffen,philippine,12476,131,1322,1238,69,34.272222222222226,111,0.5
exp3_compliance_0.50,random,philippine,12477,132,1514,1301,103,53.03333333333333,190,0.5
exp3_compliance_0.50,back_to_front,philippine,12477,132,1724,1528,76,65.97777777777777,188,0.5
exp3_compliance_0.50,outside_in,philippine,12477,132,1317,1162,73,40.5,141,0.5
exp3_compliance_0.50,steffen,philippine,12477,132,1339,1143,85,38.42777777777778,131,0.5
exp3_compliance_0.50,random,philippine,12478,133,1446,1118,91,40.894444444444446,132,0.5
exp3_compliance_0.50,back_to_front,philippine,12478,133,1652,1261,87,68.61111111111111,209,0.5
exp3_compliance_0.50,outside_in,philippine,12478,133,1383,1060,78,38.67777777777778,129,0.5
exp3_compliance_0.50,steffen,philippine,12478,133,1378,1043,80,31.944444444444443,109,0.5
exp3_compliance_0.50,random,philippine,12479,134,1476,1094,84,42.294444444444444,132,0.5
exp3_compliance_0.50,back_to_front,philippine,12479,134,1486,1357,92,55.46666666666667,182,0.5
exp3_compliance_0.50,outside_in,philippine,12479,134,1399,1172,82,46.45,174,0.5
exp3_compliance_0.50,steffen,philippine,12479,134,1269,1374,70,42.388888888888886,139,0.5
exp3_compliance_0.50,random,philippine,12480,135,1445,1131,85,44.605555555555554,126,0.5
exp3_compliance_0.50,back_to_front,philippine,12480,135,1776,1487,101,89.82222222222222,298,0.5
exp3_compliance_0.50,outside_in,philippine,12480,135,1483,1070,90,41.55,139,0.5
exp3_compliance_0.50,steffen,philippine,12480,135,1421,1221,85,39.644444444444446,122,0.5
exp3_compliance_0.50,random,philippine,12481,136,1488,1133,96,43.37777777777778,129,0.5
exp3_compliance_0.50,back_to_front,philippine,12481,136,1511,1376,87,57.916666666666664,196,0.5
exp3_compliance_0.50,outside_in,philippine,12481,136,1438,1085,68,39.922222222222224,120,0.5
exp3_compliance_0.50,steffen,philippine,12481,136,1334,1296,67,39.75555555555555,148,0.5
exp3_compliance_0.50,random,philippine,12482,137,1406,1231,98,41.416666666666664,116,0.5
exp3_compliance_0.50,back_to_front,philippine,12482,137,1511,1466,95,56.93333333333333,158,0.5
exp3_compliance_0.50,outside_in,philippine,12482,137,1336,1144,78,40.583333333333336,135,0.5
exp3_compliance_0.50,steffen,philippine,12482,137,1270,1179,82,31.17222222222222,98,0.5
exp3_compliance_0.50,random,philippine,12483,138,1410,1305,89,52.833333333333336,147,0.5
exp3_compliance_0.50,back_to_front,philippine,12483,138,1525,1330,86,52.144444444444446,154,0.5
exp3_compliance_0.50,outside_in,philippine,12483,138,1273,1159,63,36.705555555555556,126,0.5
exp3_compliance_0.50,steffen,philippine,12483,138,1281,969,79,33.022222222222226,108,0.5
exp3_compliance_0.50,random,philippine,12484,139,1550,1103,86,44.93333333333333,163,0.5
exp3_compliance_0.50,back_to_front,philippine,12484,139,1546,1306,89,60.85,178,0.5
exp3_compliance_0.50,outside_in,philippine,12484,139,1399,1152,83,40.36666666666667,120,0.5
exp3_compliance_0.50,steffen,philippine,12484,139,1313,1138,88,31.83888888888889,131,0.5
exp3_compliance_0.50,random,philippine,12485,140,1433,991,97,38.80555555555556,118,0.5
exp3_compliance_0.50,back_to_front,philippine,12485,140,1508,1390,88,64.20555555555555,245,0.5
exp3_compliance_0.50,outside_in,philippine,12485,140,1375,1025,76,40.166666666666664,126,0.5
exp3_compliance_0.50,steffen,philippine,12485,140,1328,1260,80,36.294444444444444,127,0.5
exp3_compliance_0.50,random,philippine,12486,141,1444,1138,100,41.37222222222222,120,0.5
exp3_compliance_0.50,back_to_front,philippine,12486,141,1590,1446,97,65.60555555555555,158,0.5
exp3_compliance_0.50,outside_in,philippine,12486,141,1346,1221,77,43.227777777777774,148,0.5
exp3_compliance_0.50,steffen,philippine,12486,141,1281,1131,88,33.4,141,0.5
exp3_compliance_0.50,random,philippine,12487,142,1347,1208,96,45.172222222222224,127,0.5
exp3_compliance_0.50,back_to_front,philippine,12487,142,1572,1471,80,63.577777777777776,211,0.5
exp3_compliance_0.50,outside_in,philippine,12487,142,1374,1130,73,39.611111111111114,115,0.5
exp3_compliance_0.50,steffen,philippine,12487,142,1159,1193,75,29.866666666666667,111,0.5
exp3_compliance_0.50,random,philippine,12488,143,1376,1319,77,47.477777777777774,128,0.5
exp3_compliance_0.50,back_to_front,philippine,12488,143,1596,1449,82,63.68888888888889,187,0.5
exp3_compliance_0.50,outside_in,philippine,12488,143,1413,1194,65,45.333333333333336,122,0.5
exp3_compliance_0.50,steffen,philippine,12488,143,1299,1323,77,46.50555555555555,151,0.5
exp3_compliance_0.50,random,philippine,12489,144,1418,1229,101,47.92777777777778,123,0.5
exp3_compliance_0.50,back_to_front,philippine,12489,144,1642,1427,91,65.5111111111111,207,0.5
exp3_compliance_0.50,outside_in,philippine,12489,144,1345,1172,72,46.58888888888889,162,0.5
exp3_compliance_0.50,steffen,philippine,12489,144,1267,1027,94,31.58888888888889,101,0.5
exp3_compliance_0.50,random,philippine,12490,145,1498,1221,92,44.24444444444445,127,0.5
exp3_compliance_0.50,back_to_front,philippine,12490,145,1685,1388,104,70.45555555555555,218,0.5
exp3_compliance_0.50,outside_in,philippine,12490,145,1190,1051,77,31.77777777777778,94,0.5
exp3_compliance_0.50,steffen,philippine,12490,145,1212,1069,75,30.9,87,0.5
exp3_compliance_0.50,random,philippine,12491,146,1393,1149,106,39.71111111111111,134,0.5
exp3_compliance_0.50,back_to_front,philippine,12491,146,1565,1374,102,59.59444444444444,171,0.5
exp3_compliance_0.50,outside_in,philippine,12491,146,1326,1146,82,40.577777777777776,139,0.5
exp3_compliance_0.50,steffen,philippine,12491,146,1285,1008,77,31.233333333333334,133,0.5
exp3_compliance_0.50,random,philippine,12492,147,1426,1206,91,43.36666666666667,135,0.5
exp3_compliance_0.50,back_to_front,philippine,12492,147,1679,1432,98,67.41666666666667,210,0.5
exp3_compliance_0.50,outside_in,philippine,12492,147,1266,1004,69,36.01111111111111,146,0.5
exp3_compliance_0.50,steffen,philippine,12492,147,1254,1256,86,36.41111111111111,117,0.5
exp3_compliance_0.50,random,philippine,12493,148,1521,1166,85,45.74444444444445,123,0.5
exp3_compliance_0.50,back_to_front,philippine,12493,148,1603,1460,99,67.21111111111111,173,0.5
exp3_compliance_0.50,outside_in,philippine,12493,148,1335,1170,72,41.955555555555556,184,0.5
exp3_compliance_0.50,steffen,philippine,12493,148,1226,1170,82,32.90555555555556,112,0.5
exp3_compliance_0.50,random,philippine,12494,149,1361,1254,97,45.355555555555554,143,0.5
exp3_compliance_0.50,back_to_front,philippine,12494,149,1569,1330,92,62.44444444444444,202,0.5
exp3_compliance_0.50,outside_in,philippine,12494,149,1385,1169,74,38.15,122,0.5
exp3_compliance_0.50,steffen,philippine,12494,149,1136,1244,91,34.03333333333333,133,0.5
exp3_compliance_0.50,random,philippine,12495,150,1427,1074,89,44.205555555555556,135,0.5
exp3_compliance_0.50,back_to_front,philippine,12495,150,1475,1413,87,58.69444444444444,197,0.5
exp3_compliance_0.50,outside_in,philippine,12495,150,1397,1192,72,41.15555555555556,131,0.5
exp3_compliance_0.50,steffen,philippine,12495,150,1297,1050,85,27.95,82,0.5
exp3_compliance_0.50,random,philippine,12496,151,1362,1196,84,46.61666666666667,126,0.5
exp3_compliance_0.50,back_to_front,philippine,12496,151,1638,1590,84,73.72777777777777,227,0.5
exp3_compliance_0.50,outside_in,philippine,12496,151,1367,1178,83,40.916666666666664,141,0.5
exp3_compliance_0.50,steffen,philippine,12496,151,1211,1258,58,37.30555555555556,127,0.5
exp3_compliance_0.50,random,philippine,12497,152,1471,1147,84,44.62222222222222,122,0.5
exp3_compliance_0.50,back_to_front,philippine,12497,152,1509,1349,83,53.05555555555556,195,0.5
exp3_compliance_0.50,outside_in,philippine,12497,152,1456,1113,83,42.583333333333336,111,0.5
exp3_compliance_0.50,steffen,philippine,12497,152,1165,1251,79,30.627777777777776,104,0.5
exp3_compliance_0.50,random,philippine,12498,153,1440,1112,93,41.17777777777778,132,0.5
exp3_compliance_0.50,back_to_front,philippine,12498,153,1490,1337,95,49.227777777777774,137,0.5
exp3_compliance_0.50,outside_in,philippine,12498,153,1477,1163,75,41.172222222222224,113,0.5
exp3_compliance_0.50,steffen,philippine,12498,153,1259,1157,68,30.6,104,0.5
exp3_compliance_0.50,random,philippine,12499,154,1446,1095,81,41.516666666666666,119,0.5
exp3_compliance_0.50,back_to_front,philippine,12499,154,1575,1446,78,61.48888888888889,170,0.5
exp3_compliance_0.50,outside_in,philippine,12499,154,1379,1076,86,37.84444444444444,121,0.5
exp3_compliance_0.50,steffen,philippine,12499,154,1259,1095,84,33.23888888888889,117,0.5
exp3_compliance_0.50,random,philippine,12500,155,1441,1033,98,42.75555555555555,120,0.5
exp3_compliance_0.50,back_to_front,philippine,12500,155,1621,1413,92,65.8,204,0.5
exp3_compliance_0.50,outside_in,philippine,12500,155,1415,1197,78,46.95,141,0.5
exp3_compliance_0.50,steffen,philippine,12500,155,1268,1232,78,37.27777777777778,115,0.5
exp3_compliance_0.50,random,philippine,12501,156,1497,1154,101,41.772222222222226,121,0.5
exp3_compliance_0.50,back_to_front,philippine,12501,156,1590,1502,78,67.15555555555555,201,0.5
exp3_compliance_0.50,outside_in,philippine,12501,156,1539,1250,76,54.21666666666667,156,0.5
exp3_compliance_0.50,steffen,philippine,12501,156,1369,1068,87,34.52777777777778,132,0.5
exp3_compliance_0.50,random,philippine,12502,157,1395,1020,86,41.96111111111111,126,0.5
exp3_compliance_0.50,back_to_front,philippine,12502,157,1688,1441,108,73.2388888888889,221,0.5
exp3_compliance_0.50,outside_in,philippine,12502,157,1433,1208,90,38.516666666666666,145,0.5
exp3_compliance_0.50,steffen,philippine,12502,157,1297,1108,71,36.81111111111111,135,0.5
exp3_compliance_0.50,random,philippine,12503,158,1452,1269,78,50.77777777777778,177,0.5
exp3_compliance_0.50,back_to_front,philippine,12503,158,1711,1524,85,71.93333333333334,209,0.5
exp3_compliance_0.50,outside_in,philippine,12503,158,1349,1235,79,43.59444444444444,178,0.5
exp3_compliance_0.50,steffen,philippine,12503,158,1166,1072,82,31.155555555555555,120,0.5
exp3_compliance_0.50,random,philippine,12504,159,1471,926,87,32.922222222222224,108,0.5
exp3_compliance_0.50,back_to_front,philippine,12504,159,1623,1483,92,64.92222222222222,193,0.5
exp3_compliance_0.50,outside_in,philippine,12504,159,1527,1167,67,45.07222222222222,140,0.5
exp3_compliance_0.50,steffen,philippine,12504,159,1229,1103,66,33.611111111111114,113,0.5
exp3_compliance_0.50,random,philippine,12505,160,1347,1147,93,40.75555555555555,131,0.5
exp3_compliance_0.50,back_to_front,philippine,12505,160,1449,1325,91,51.01111111111111,144,0.5
exp3_compliance_0.50,outside_in,philippine,12505,160,1423,1340,76,49.28333333333333,132,0.5
exp3_compliance_0.50,steffen,philippine,12505,160,1066,1266,70,31.966666666666665,134,0.5
exp3_compliance_0.50,random,philippine,12506,161,1377,1165,81,44.144444444444446,129,0.5
exp3_compliance_0.50,back_to_front,philippine,12506,161,1724,1246,80,59.5,174,0.5
exp3_compliance_0.50,outside_in,philippine,12506,161,1444,1065,80,38.37777777777778,127,0.5
exp3_compliance_0.50,steffen,philippine,12506,161,1196,1291,67,30.866666666666667,112,0.5
exp3_compliance_0.50,random,philippine,12507,162,1476,1107,91,43.233333333333334,141,0.5
exp3_compliance_0.50,back_to_front,philippine,12507,162,1736,1327,96,65.87777777777778,217,0.5
exp3_compliance_0.50,outside_in,philippine,12507,162,1338,1091,74,42.53888888888889,120,0.5
exp3_compliance_0.50,steffen,philippine,12507,162,1304,1066,70,35.483333333333334,128,0.5
exp3_compliance_0.50,random,philippine,12508,163,1352,1197,98,38.85,119,0.5
exp3_compliance_0.50,back_to_front,philippine,12508,163,1544,1277,89,58.35,171,0.5
exp3_compliance_0.50,outside_in,philippine,12508,163,1379,1018,72,36.28333333333333,118,0.5
exp3_compliance_0.50,steffen,philippine,12508,163,1352,1177,83,35.205555555555556,113,0.5
exp3_compliance_0.50,random,philippine,12509,164,1482,1293,89,49.37222222222222,180,0.5
exp3_compliance_0.50,back_to_front,philippine,12509,164,1492,1508,82,69.41666666666667,218,0.5
exp3_compliance_0.50,outside_in,philippine,12509,164,1435,1106,80,43.36666666666667,127,0.5
exp3_compliance_0.50,steffen,philippine,12509,164,1256,1041,78,31.41111111111111,113,0.5
exp3_compliance_0.50,random,philippine,12510,165,1414,1267,96,44.15,157,0.5
exp3_compliance_0.50,back_to_front,philippine,12510,165,1529,1506,84,66.82777777777778,195,0.5
exp3_compliance_0.50,outside_in,philippine,12510,165,1474,1184,79,44.1,110,0.5
exp3_compliance_0.50,steffen,philippine,12510,165,1399,1220,77,41.355555555555554,113,0.5
exp3_compliance_0.50,random,philippine,12511,166,1514,1264,102,47.644444444444446,154,0.5
exp3_compliance_0.50,back_to_front,philippine,12511,166,1610,1369,92,63.294444444444444,258,0.5
exp3_compliance_0.50,outside_in,philippine,12511,166,1459,1262,66,41.93333333333333,147,0.5
exp3_compliance_0.50,steffen,philippine,12511,166,1216,1078,85,32.78333333333333,193,0.5
exp3_compliance_0.50,random,philippine,12512,167,1457,1222,84,49.666666666666664,180,0.5
exp3_compliance_0.50,back_to_front,philippine,12512,167,1809,1446,96,82.32777777777778,274,0.5
exp3_compliance_0.50,outside_in,philippine,12512,167,1592,1226,80,53.62222222222222,157,0.5
exp3_compliance_0.50,steffen,philippine,12512,167,1259,1242,80,41.88333333333333,158,0.5
exp3_compliance_0.50,random,philippine,12513,168,1575,1042,91,46.78888888888889,128,0.5
exp3_compliance_0.50,back_to_front,philippine,12513,168,1534,1283,87,55.77777777777778,214,0.5
exp3_compliance_0.50,outside_in,philippine,12513,168,1362,1204,69,48.99444444444445,150,0.5
exp3_compliance_0.50,steffen,philippine,12513,168,1398,1209,76,41.01111111111111,128,0.5
exp3_compliance_0.50,random,philippine,12514,169,1352,1182,92,42.43333333333333,125,0.5
exp3_compliance_0.50,back_to_front,philippine,12514,169,1615,1589,78,73.62222222222222,230,0.5
exp3_compliance_0.50,outside_in,philippine,12514,169,1527,1228,82,44.19444444444444,123,0.5
exp3_compliance_0.50,steffen,philippine,12514,169,1348,1253,80,31.9,108,0.5
exp3_compliance_0.50,random,philippine,12515,170,1384,1082,88,43.05555555555556,139,0.5
exp3_compliance_0.50,back_to_front,philippine,12515,170,1623,1526,86,67.60555555555555,163,0.5
exp3_compliance_0.50,outside_in,philippine,12515,170,1359,1167,64,39.44444444444444,141,0.5
exp3_compliance_0.50,steffen,philippine,12515,170,1321,1002,82,31.177777777777777,103,0.5
exp3_compliance_0.50,random,philippine,12516,171,1458,1109,88,40.57222222222222,128,0.5
exp3_compliance_0.50,back_to_front,philippine,12516,171,1517,1344,93,63.87222222222222,193,0.5
exp3_compliance_0.50,outside_in,philippine,12516,171,1268,1062,75,41.25555555555555,102,0.5
exp3_compliance_0.50,steffen,philippine,12516,171,1366,1098,87,40.11666666666667,136,0.5
exp3_compliance_0.50,random,philippine,12517,172,1479,1164,88,43.27777777777778,153,0.5
exp3_compliance_0.50,back_to_front,philippine,12517,172,1635,1423,83,67.82777777777778,208,0.5
exp3_compliance_0.50,outside_in,philippine,12517,172,1424,1166,69,40.75555555555555,115,0.5
exp3_compliance_0.50,steffen,philippine,12517,172,1214,962,77,22.933333333333334,100,0.5
exp3_compliance_0.50,random,philippine,12518,173,1460,1303,94,53.0,168,0.5
exp3_compliance_0.50,back_to_front,philippine,12518,173,1654,1504,83,64.34444444444445,184,0.5
exp3_compliance_0.50,outside_in,philippine,12518,173,1406,1143,90,43.4,140,0.5
exp3_compliance_0.50,steffen,philippine,12518,173,1370,1124,80,32.49444444444445,125,0.5
exp3_compliance_0.50,random,philippine,12519,174,1473,1018,89,40.327777777777776,110,0.5
exp3_compliance_0.50,back_to_front,philippine,12519,174,1590,1501,89,62.34444444444444,177,0.5
exp3_compliance_0.50,outside_in,philippine,12519,174,1388,1202,70,49.30555555555556,140,0.5
exp3_compliance_0.50,steffen,philippine,12519,174,1341,1257,77,35.227777777777774,102,0.5
exp3_compliance_0.50,random,philippine,12520,175,1446,1125,83,46.794444444444444,124,0.5
exp3_compliance_0.50,back_to_front,philippine,12520,175,1488,1428,87,55.916666666666664,184,0.5
exp3_compliance_0.50,outside_in,philippine,12520,175,1364,1148,80,36.077777777777776,126,0.5
exp3_compliance_0.50,steffen,philippine,12520,175,1246,1044,79,29.31111111111111,99,0.5
exp3_compliance_0.50,random,philippine,12521,176,1402,1247,92,47.81666666666667,148,0.5
exp3_compliance_0.50,back_to_front,philippine,12521,176,1742,1358,105,83.49444444444444,346,0.5
exp3_compliance_0.50,outside_in,philippine,12521,176,1316,1053,77,40.73888888888889,111,0.5
exp3_compliance_0.50,steffen,philippine,12521,176,1375,1118,80,37.46666666666667,126,0.5
exp3_compliance_0.50,random,philippine,12522,177,1511,1280,93,42.33888888888889,125,0.5
exp3_compliance_0.50,back_to_front,philippine,12522,177,1617,1555,79,74.03888888888889,222,0.5
exp3_compliance_0.50,outside_in,philippine,12522,177,1393,1098,69,42.07222222222222,136,0.5
exp3_compliance_0.50,steffen,philippine,12522,177,1247,1317,79,33.78333333333333,101,0.5
exp3_compliance_0.50,random,philippine,12523,178,1496,1033,104,42.93888888888889,136,0.5
exp3_compliance_0.50,back_to_front,philippine,12523,178,1639,1405,96,74.03333333333333,219,0.5
exp3_compliance_0.50,outside_in,philippine,12523,178,1317,1237,68,44.361111111111114,198,0.5
exp3_compliance_0.50,steffen,philippine,12523,178,1242,1060,79,32.5,152,0.5
exp3_compliance_0.50,random,philippine,12524,179,1441,1187,103,44.12777777777778,140,0.5
exp3_compliance_0.50,back_to_front,philippine,12524,179,1772,1519,86,77.97777777777777,208,0.5
exp3_compliance_0.50,outside_in,philippine,12524,179,1333,1125,70,35.68333333333333,96,0.5
exp3_compliance_0.50,steffen,philippine,12524,179,1234,1088,70,29.533333333333335,142,0.5
exp3_compliance_0.50,random,philippine,12525,180,1425,1282,99,49.016666666666666,134,0.5
exp3_compliance_0.50,back_to_front,philippine,12525,180,1539,1415,91,57.47222222222222,161,0.5
exp3_compliance_0.50,outside_in,philippine,12525,180,1355,1250,78,46.4,157,0.5
exp3_compliance_0.50,steffen,philippine,12525,180,1190,1330,68,38.62777777777778,167,0.5
exp3_compliance_0.50,random,philippine,12526,181,1334,1144,74,39.666666666666664,128,0.5
exp3_compliance_0.50,back_to_front,philippine,12526,181,1430,1236,70,48.44444444444444,164,0.5
exp3_compliance_0.50,outside_in,philippine,12526,181,1457,1137,84,48.416666666666664,149,0.5
exp3_compliance_0.50,steffen,philippine,12526,181,1321,1228,75,37.272222222222226,125,0.5
exp3_compliance_0.50,random,philippine,12527,182,1487,1184,76,45.8,133,0.5
exp3_compliance_0.50,back_to_front,philippine,12527,182,1583,1458,91,63.03333333333333,171,0.5
exp3_compliance_0.50,outside_in,philippine,12527,182,1405,1226,67,51.47222222222222,143,0.5
exp3_compliance_0.50,steffen,philippine,12527,182,1163,1044,84,36.72222222222222,156,0.5
exp3_compliance_0.50,random,philippine,12528,183,1542,1290,89,55.66111111111111,150,0.5
exp3_compliance_0.50,back_to_front,philippine,12528,183,1505,1438,99,57.07222222222222,195,0.5
exp3_compliance_0.50,outside_in,philippine,12528,183,1273,1069,69,39.62777777777778,169,0.5
exp3_compliance_0.50,steffen,philippine,12528,183,1267,1313,88,37.233333333333334,123,0.5
exp3_compliance_0.50,random,philippine,12529,184,1422,1236,76,43.76111111111111,125,0.5
exp3_compliance_0.50,back_to_front,philippine,12529,184,1541,1407,98,58.05555555555556,166,0.5
exp3_compliance_0.50,outside_in,philippine,12529,184,1361,1188,71,38.93333333333333,162,0.5
exp3_compliance_0.50,steffen,philippine,12529,184,1423,1190,81,40.49444444444445,138,0.5
exp3_compliance_0.50,random,philippine,12530,185,1401,1156,90,44.827777777777776,159,0.5
exp3_compliance_0.50,back_to_front,philippine,12530,185,1601,1448,84,66.62777777777778,203,0.5
exp3_compliance_0.50,outside_in,philippine,12530,185,1384,1158,80,45.111111111111114,150,0.5
exp3_compliance_0.50,steffen,philippine,12530,185,1388,1156,80,39.227777777777774,133,0.5
exp3_compliance_0.50,random,philippine,12531,186,1540,1159,89,46.17777777777778,142,0.5
exp3_compliance_0.50,back_to_front,philippine,12531,186,1596,1541,91,73.2611111111111,251,0.5
exp3_compliance_0.50,outside_in,philippine,12531,186,1325,1096,88,35.2,110,0.5
exp3_compliance_0.50,steffen,philippine,12531,186,1375,1282,84,40.166666666666664,153,0.5
exp3_compliance_0.50,random,philippine,12532,187,1424,1146,82,47.2,168,0.5
exp3_compliance_0.50,back_to_front,philippine,12532,187,1668,1248,92,59.577777777777776,170,0.5
exp3_compliance_0.50,outside_in,philippine,12532,187,1418,1163,88,38.45,135,0.5
exp3_compliance_0.50,steffen,philippine,12532,187,1290,1170,71,34.19444444444444,94,0.5
exp3_compliance_0.50,random,philippine,12533,188,1472,1149,81,46.69444444444444,139,0.5
exp3_compliance_0.50,back_to_front,philippine,12533,188,1482,1302,83,50.50555555555555,157,0.5
exp3_compliance_0.50,outside_in,philippine,12533,188,1284,1286,75,40.44444444444444,144,0.5
exp3_compliance_0.50,steffen,philippine,12533,188,1154,1373,71,30.305555555555557,95,0.5
exp3_compliance_0.50,random,philippine,12534,189,1530,1207,92,47.65,151,0.5
exp3_compliance_0.50,back_to_front,philippine,12534,189,1545,1377,96,60.96666666666667,179,0.5
exp3_compliance_0.50,outside_in,philippine,12534,189,1416,1223,77,48.56666666666667,173,0.5
exp3_compliance_0.50,steffen,philippine,12534,189,1287,1053,90,36.26111111111111,123,0.5
exp3_compliance_0.50,random,philippine,12535,190,1524,1118,95,45.83888888888889,113,0.5
exp3_compliance_0.50,back_to_front,philippine,12535,190,1610,1355,87,59.61666666666667,200,0.5
exp3_compliance_0.50,outside_in,philippine,12535,190,1406,1220,83,44.361111111111114,146,0.5
exp3_compliance_0.50,steffen,philippine,12535,190,1260,1367,73,34.15555555555556,116,0.5
exp3_compliance_0.50,random,philippine,12536,191,1554,1147,90,49.63333333333333,195,0.5
exp3_compliance_0.50,back_to_front,philippine,12536,191,1489,1287,83,49.11666666666667,155,0.5
exp3_compliance_0.50,outside_in,philippine,12536,191,1269,1062,85,34.583333333333336,108,0.5
exp3_compliance_0.50,steffen,philippine,12536,191,1153,1139,67,27.194444444444443,94,0.5
exp3_compliance_0.50,random,philippine,12537,192,1496,1128,89,43.422222222222224,121,0.5
exp3_compliance_0.50,back_to_front,philippine,12537,192,1476,1344,89,49.388888888888886,149,0.5
exp3_compliance_0.50,outside_in,philippine,12537,192,1302,1062,73,34.16111111111111,111,0.5
exp3_compliance_0.50,steffen,philippine,12537,192,1211,1088,74,34.888888888888886,116,0.5
exp3_compliance_0.50,random,philippine,12538,193,1310,1106,87,35.31666666666667,114,0.5
exp3_compliance_0.50,back_to_front,philippine,12538,193,1531,1289,87,62.69444444444444,215,0.5
exp3_compliance_0.50,outside_in,philippine,12538,193,1397,1266,79,46.855555555555554,128,0.5
exp3_compliance_0.50,steffen,philippine,12538,193,1317,1031,77,32.705555555555556,176,0.5
exp3_compliance_0.50,random,philippine,12539,194,1332,1223,78,43.605555555555554,122,0.5
exp3_compliance_0.50,back_to_front,philippine,12539,194,1760,1585,92,91.99444444444444,323,0.5
exp3_compliance_0.50,outside_in,philippine,12539,194,1516,1137,79,44.65555555555556,132,0.5
exp3_compliance_0.50,steffen,philippine,12539,194,1269,1132,76,32.38333333333333,112,0.5
exp3_compliance_0.50,random,philippine,12540,195,1444,1115,99,44.45,122,0.5
exp3_compliance_0.50,back_to_front,philippine,12540,195,1611,1488,89,63.21666666666667,179,0.5
exp3_compliance_0.50,outside_in,philippine,12540,195,1237,1046,83,36.50555555555555,116,0.5
exp3_compliance_0.50,steffen,philippine,12540,195,1258,1176,89,36.78888888888889,129,0.5
exp3_compliance_0.50,random,philippine,12541,196,1402,1269,89,47.72222222222222,163,0.5
exp3_compliance_0.50,back_to_front,philippine,12541,196,1634,1493,94,71.0,222,0.5
exp3_compliance_0.50,outside_in,philippine,12541,196,1306,1172,83,40.68888888888889,173,0.5
exp3_compliance_0.50,steffen,philippine,12541,196,1307,1155,73,33.95,115,0.5
exp3_compliance_0.50,random,philippine,12542,197,1414,1174,91,42.17777777777778,111,0.5
exp3_compliance_0.50,back_to_front,philippine,12542,197,1604,1428,80,73.23333333333333,229,0.5
exp3_compliance_0.50,outside_in,philippine,12542,197,1514,1156,78,49.46666666666667,132,0.5
exp3_compliance_0.50,steffen,philippine,12542,197,1247,1326,74,38.18888888888889,116,0.5
exp3_compliance_0.50,random,philippine,12543,198,1461,1391,84,44.93333333333333,115,0.5
exp3_compliance_0.50,back_to_front,philippine,12543,198,1518,1343,86,63.81666666666667,202,0.5
exp3_compliance_0.50,outside_in,philippine,12543,198,1445,1162,90,45.022222222222226,154,0.5
exp3_compliance_0.50,steffen,philippine,12543,198,1308,1189,82,30.372222222222224,95,0.5
exp3_compliance_0.50,random,philippine,12544,199,1481,1017,100,41.44444444444444,185,0.5
exp3_compliance_0.50,back_to_front,philippine,12544,199,1631,1366,95,66.94444444444444,192,0.5
exp3_compliance_0.50,outside_in,philippine,12544,199,1388,1033,78,35.62777777777778,91,0.5
exp3_compliance_0.50,steffen,philippine,12544,199,1355,1246,76,42.85,145,0.5
exp3_compliance_0.25,random,philippine,12345,0,1410,1145,89,43.95,156,0.25
exp3_compliance_0.25,back_to_front,philippine,12345,0,1421,1112,90,39.83888888888889,111,0.25
exp3_compliance_0.25,outside_in,philippine,12345,0,1496,1035,90,42.86666666666667,154,0.25
exp3_compliance_0.25,steffen,philippine,12345,0,1367,960,96,38.422222222222224,156,0.25
exp3_compliance_0.25,random,philippine,12346,1,1334,1144,84,39.166666666666664,135,0.25
exp3_compliance_0.25,back_to_front,philippine,12346,1,1440,1301,94,49.266666666666666,151,0.25
exp3_compliance_0.25,outside_in,philippine,12346,1,1534,1050,82,43.27777777777778,163,0.25
exp3_compliance_0.25,steffen,philippine,12346,1,1349,1263,74,40.083333333333336,160,0.25
exp3_compliance_0.25,random,philippine,12347,2,1392,1170,100,41.03333333333333,121,0.25
exp3_compliance_0.25,back_to_front,philippine,12347,2,1367,1090,101,39.644444444444446,126,0.25
exp3_compliance_0.25,outside_in,philippine,12347,2,1414,1245,94,42.766666666666666,117,0.25
exp3_compliance_0.25,steffen,philippine,12347,2,1340,1160,88,37.63333333333333,124,0.25
exp3_compliance_0.25,random,philippine,12348,3,1415,1102,94,44.955555555555556,153,0.25
exp3_compliance_0.25,back_to_front,philippine,12348,3,1439,1385,84,51.41111111111111,186,0.25
exp3_compliance_0.25,outside_in,philippine,12348,3,1365,1181,83,47.27777777777778,144,0.25
exp3_compliance_0.25,steffen,philippine,12348,3,1311,1017,84,29.42222222222222,89,0.25
exp3_compliance_0.25,random,philippine,12349,4,1343,1188,86,41.26111111111111,118,0.25
exp3_compliance_0.25,back_to_front,philippine,12349,4,1408,1245,80,38.06111111111111,124,0.25
exp3_compliance_0.25,outside_in,philippine,12349,4,1403,1176,93,45.15,140,0.25
exp3_compliance_0.25,steffen,philippine,12349,4,1431,1053,91,40.16111111111111,141,0.25
exp3_compliance_0.25,random,philippine,12350,5,1384,1048,88,38.25555555555555,118,0.25
exp3_compliance_0.25,back_to_front,philippine,12350,5,1470,1289,98,46.644444444444446,147,0.25
exp3_compliance_0.25,outside_in,philippine,12350,5,1288,1251,86,41.69444444444444,130,0.25
exp3_compliance_0.25,steffen,philippine,12350,5,1298,1197,82,37.71111111111111,153,0.25
exp3_compliance_0.25,random,philippine,12351,6,1381,1126,77,41.44444444444444,148,0.25
exp3_compliance_0.25,back_to_front,philippine,12351,6,1447,1140,90,42.90555555555556,148,0.25
exp3_compliance_0.25,outside_in,philippine,12351,6,1398,1082,89,42.544444444444444,145,0.25
exp3_compliance_0.25,steffen,philippine,12351,6,1379,1104,80,39.477777777777774,110,0.25
exp3_compliance_0.25,random,philippine,12352,7,1436,996,83,38.41111111111111,139,0.25
exp3_compliance_0.25,back_to_front,philippine,12352,7,1471,1097,85,49.06666666666667,173,0.25
exp3_compliance_0.25,outside_in,philippine,12352,7,1381,1139,98,38.43333333333333,109,0.25
exp3_compliance_0.25,steffen,philippine,12352,7,1218,966,81,28.905555555555555,100,0.25
exp3_compliance_0.25,random,philippine,12353,8,1414,986,106,38.92777777777778,118,0.25
exp3_compliance_0.25,back_to_front,philippine,12353,8,1431,1338,81,55.3,168,0.25
exp3_compliance_0.25,outside_in,philippine,12353,8,1374,1144,79,41.105555555555554,119,0.25
exp3_compliance_0.25,steffen,philippine,12353,8,1436,1214,89,41.99444444444445,135,0.25
exp3_compliance_0.25,random,philippine,12354,9,1355,1076,83,38.01111111111111,122,0.25
exp3_compliance_0.25,back_to_front,philippine,12354,9,1407,1112,90,47.71666666666667,113,0.25
exp3_compliance_0.25,outside_in,philippine,12354,9,1345,1158,78,39.45,123,0.25
exp3_compliance_0.25,steffen,philippine,12354,9,1374,1124,72,43.05,121,0.25
exp3_compliance_0.25,random,philippine,12355,10,1498,1145,90,47.15555555555556,176,0.25
exp3_compliance_0.25,back_to_front,philippine,12355,10,1338,1150,90,41.35,143,0.25
exp3_compliance_0.25,outside_in,philippine,12355,10,1356,1064,87,36.72222222222222,112,0.25
exp3_compliance_0.25,steffen,philippine,12355,10,1370,1081,87,36.46111111111111,115,0.25
exp3_compliance_0.25,random,philippine,12356,11,1493,1236,102,50.96666666666667,128,0.25
exp3_compliance_0.25,back_to_front,philippine,12356,11,1401,1131,84,40.47222222222222,131,0.25
exp3_compliance_0.25,outside_in,philippine,12356,11,1355,1066,101,39.34444444444444,114,0.25
exp3_compliance_0.25,steffen,philippine,12356,11,1418,1236,99,45.544444444444444,163,0.25
exp3_compliance_0.25,random,philippine,12357,12,1363,1066,91,40.53888888888889,115,0.25
exp3_compliance_0.25,back_to_front,philippine,12357,12,1528,1203,91,45.87777777777778,116,0.25
exp3_compliance_0.25,outside_in,philippine,12357,12,1519,1053,94,40.916666666666664,149,0.25
exp3_compliance_0.25,steffen,philippine,12357,12,1483,1035,76,42.03888888888889,114,0.25
exp3_compliance_0.25,random,philippine,12358,13,1395,1145,84,38.91111111111111,110,0.25
exp3_compliance_0.25,back_to_front,philippine,12358,13,1514,1274,88,47.75555555555555,128,0.25
exp3_compliance_0.25,outside_in,philippine,12358,13,1439,1267,90,52.516666666666666,151,0.25
exp3_compliance_0.25,steffen,philippine,12358,13,1378,1235,92,43.68888888888889,151,0.25
exp3_compliance_0.25,random,philippine,12359,14,1390,1262,81,50.23888888888889,157,0.25
exp3_compliance_0.25,back_to_front,philippine,12359,14,1462,1188,80,45.26111111111111,149,0.25
exp3_compliance_0.25,outside_in,philippine,12359,14,1357,1207,84,46.833333333333336,140,0.25
exp3_compliance_0.25,steffen,philippine,12359,14,1311,1218,91,46.7,164,0.25
exp3_compliance_0.25,random,philippine,12360,15,1446,1002,92,40.06666666666667,144,0.25
exp3_compliance_0.25,back_to_front,philippine,12360,15,1432,1304,87,50.53888888888889,166,0.25
exp3_compliance_0.25,outside_in,philippine,12360,15,1393,1099,100,43.31111111111111,127,0.25
exp3_compliance_0.25,steffen,philippine,12360,15,1380,927,84,32.12222222222222,108,0.25
exp3_compliance_0.25,random,philippine,12361,16,1444,1055,93,37.794444444444444,126,0.25
exp3_compliance_0.25,back_to_front,philippine,12361,16,1557,1309,95,58.23888888888889,199,0.25
exp3_compliance_0.25,outside_in,philippine,12361,16,1237,1207,90,37.90555555555556,112,0.25
exp3_compliance_0.25,steffen,philippine,12361,16,1484,1044,104,35.68888888888889,120,0.25
exp3_compliance_0.25,random,philippine,12362,17,1382,1143,69,40.90555555555556,134,0.25
exp3_compliance_0.25,back_to_front,philippine,12362,17,1401,1251,88,42.138888888888886,159,0.25
exp3_compliance_0.25,outside_in,philippine,12362,17,1435,1208,97,37.71111111111111,129,0.25
exp3_compliance_0.25,steffen,philippine,12362,17,1355,1042,81,34.99444444444445,90,0.25
exp3_compliance_0.25,random,philippine,12363,18,1552,911,84,37.85,110,0.25
exp3_compliance_0.25,back_to_front,philippine,12363,18,1484,1150,98,44.48888888888889,141,0.25
exp3_compliance_0.25,outside_in,philippine,12363,18,1460,1100,81,40.138888888888886,111,0.25
exp3_compliance_0.25,steffen,philippine,12363,18,1444,1059,89,48.111111111111114,171,0.25
exp3_compliance_0.25,random,philippine,12364,19,1407,1066,75,39.327777777777776,184,0.25
exp3_compliance_0.25,back_to_front,philippine,12364,19,1364,1171,82,53.7,206,0.25
exp3_compliance_0.25,outside_in,philippine,12364,19,1259,1159,82,36.083333333333336,103,0.25
exp3_compliance_0.25,steffen,philippine,12364,19,1375,1019,86,42.80555555555556,131,0.25
exp3_compliance_0.25,random,philippine,12365,20,1254,1023,77,29.61111111111111,94,0.25
exp3_compliance_0.25,back_to_front,philippine,12365,20,1533,1366,96,50.766666666666666,164,0.25
exp3_compliance_0.25,outside_in,philippine,12365,20,1404,1302,86,44.083333333333336,127,0.25
exp3_compliance_0.25,steffen,philippine,12365,20,1415,1178,88,35.916666666666664,135,0.25
exp3_compliance_0.25,random,philippine,12366,21,1464,1084,99,40.27777777777778,125,0.25
exp3_compliance_0.25,back_to_front,philippine,12366,21,1578,1228,82,52.75555555555555,191,0.25
exp3_compliance_0.25,outside_in,philippine,12366,21,1442,1046,90,38.87222222222222,116,0.25
exp3_compliance_0.25,steffen,philippine,12366,21,1340,1137,85,39.07222222222222,121,0.25
exp3_compliance_0.25,random,philippine,12367,22,1367,1108,89,39.27777777777778,137,0.25
exp3_compliance_0.25,back_to_front,philippine,12367,22,1376,1271,94,44.861111111111114,136,0.25
exp3_compliance_0.25,outside_in,philippine,12367,22,1388,1305,81,43.31111111111111,141,0.25
exp3_compliance_0.25,steffen,philippine,12367,22,1329,1166,73,37.30555555555556,134,0.25
exp3_compliance_0.25,random,philippine,12368,23,1537,1038,96,45.67777777777778,146,0.25
exp3_compliance_0.25,back_to_front,philippine,12368,23,1433,1275,89,49.09444444444444,189,0.25
exp3_compliance_0.25,outside_in,philippine,12368,23,1330,1086,84,35.827777777777776,100,0.25
exp3_compliance_0.25,steffen,philippine,12368,23,1413,1189,85,45.98888888888889,136,0.25
exp3_compliance_0.25,random,philippine,12369,24,1322,1155,86,35.016666666666666,102,0.25
exp3_compliance_0.25,back_to_front,philippine,12369,24,1454,1193,90,48.28888888888889,135,0.25
exp3_compliance_0.25,outside_in,philippine,12369,24,1412,1085,80,36.93333333333333,118,0.25
exp3_compliance_0.25,steffen,philippine,12369,24,1328,1159,78,36.11666666666667,103,0.25
exp3_compliance_0.25,random,philippine,12370,25,1437,1114,96,39.83888888888889,109,0.25
exp3_compliance_0.25,back_to_front,philippine,12370,25,1517,1331,92,52.672222222222224,146,0.25
exp3_compliance_0.25,outside_in,philippine,12370,25,1414,1153,89,40.666666666666664,130,0.25
exp3_compliance_0.25,steffen,philippine,12370,25,1411,1021,80,43.7,168,0.25
exp3_compliance_0.25,random,philippine,12371,26,1353,1002,83,41.522222222222226,141,0.25
exp3_compliance_0.25,back_to_front,philippine,12371,26,1471,1210,93,42.272222222222226,121,0.25
exp3_compliance_0.25,outside_in,philippine,12371,26,1433,1146,84,39.32222222222222,151,0.25
exp3_compliance_0.25,steffen,philippine,12371,26,1438,1128,102,39.71666666666667,124,0.25
exp3_compliance_0.25,random,philippine,12372,27,1400,867,92,39.12777777777778,122,0.25
exp3_compliance_0.25,back_to_front,philippine,12372,27,1473,1225,96,45.93333333333333,134,0.25
exp3_compliance_0.25,outside_in,philippine,12372,27,1390,1056,71,36.138888888888886,111,0.25
exp3_compliance_0.25,steffen,philippine,12372,27,1345,1061,95,37.01111111111111,111,0.25
exp3_compliance_0.25,random,philippine,12373,28,1284,1212,90,44.888888888888886,151,0.25
exp3_compliance_0.25,back_to_front,philippine,12373,28,1380,1284,90,46.705555555555556,127,0.25
exp3_compliance_0.25,outside_in,philippine,12373,28,1318,1192,78,36.638888888888886,125,0.25
exp3_compliance_0.25,steffen,philippine,12373,28,1448,964,92,38.68888888888889,118,0.25
exp3_compliance_0.25,random,philippine,12374,29,1318,1133,86,35.03333333333333,116,0.25
exp3_compliance_0.25,back_to_front,philippine,12374,29,1376,1257,100,52.138888888888886,167,0.25
exp3_compliance_0.25,outside_in,philippine,12374,29,1427,1092,105,43.31111111111111,157,0.25
exp3_compliance_0.25,steffen,philippine,12374,29,1407,1179,86,42.35,145,0.25
exp3_compliance_0.25,random,philippine,12375,30,1557,1238,98,50.31666666666667,174,0.25
exp3_compliance_0.25,back_to_front,philippine,12375,30,1405,1058,96,40.53333333333333,108,0.25
exp3_compliance_0.25,outside_in,philippine,12375,30,1458,1204,81,43.21111111111111,142,0.25
exp3_compliance_0.25,steffen,philippine,12375,30,1248,1169,76,35.11666666666667,116,0.25
exp3_compliance_0.25,random,philippine,12376,31,1304,1087,90,38.12777777777778,141,0.25
exp3_compliance_0.25,back_to_front,philippine,12376,31,1483,1241,88,48.42777777777778,169,0.25
exp3_compliance_0.25,outside_in,philippine,12376,31,1429,1147,95,45.916666666666664,129,0.25
exp3_compliance_0.25,steffen,philippine,12376,31,1349,1097,84,39.68888888888889,150,0.25
exp3_compliance_0.25,random,philippine,12377,32,1485,1144,97,41.71111111111111,131,0.25
exp3_compliance_0.25,back_to_front,philippine,12377,32,1352,1115,84,38.93333333333333,106,0.25
exp3_compliance_0.25,outside_in,philippine,12377,32,1463,1123,83,41.87222222222222,109,0.25
exp3_compliance_0.25,steffen,philippine,12377,32,1315,1099,87,40.03333333333333,123,0.25
exp3_compliance_0.25,random,philippine,12378,33,1407,1189,78,44.62777777777778,137,0.25
exp3_compliance_0.25,back_to_front,philippine,12378,33,1416,1187,99,44.3,154,0.25
exp3_compliance_0.25,outside_in,philippine,12378,33,1375,1013,97,35.42777777777778,105,0.25
exp3_compliance_0.25,steffen,philippine,12378,33,1450,946,87,36.977777777777774,112,0.25
exp3_compliance_0.25,random,philippine,12379,34,1370,1044,103,33.077777777777776,125,0.25
exp3_compliance_0.25,back_to_front,philippine,12379,34,1412,1292,90,43.15555555555556,135,0.25
exp3_compliance_0.25,outside_in,philippine,12379,34,1363,1139,81,40.25555555555555,119,0.25
exp3_compliance_0.25,steffen,philippine,12379,34,1299,1097,88,35.77777777777778,136,0.25
exp3_compliance_0.25,random,philippine,12380,35,1510,1175,90,44.55555555555556,157,0.25
exp3_compliance_0.25,back_to_front,philippine,12380,35,1384,1369,91,55.09444444444444,191,0.25
exp3_compliance_0.25,outside_in,philippine,12380,35,1450,1144,84,39.138888888888886,129,0.25
exp3_compliance_0.25,steffen,philippine,12380,35,1432,1110,81,43.733333333333334,126,0.25
exp3_compliance_0.25,random,philippine,12381,36,1380,965,97,32.67777777777778,122,0.25
exp3_compliance_0.25,back_to_front,philippine,12381,36,1468,1277,84,50.12777777777778,174,0.25
exp3_compliance_0.25,outside_in,philippine,12381,36,1476,1160,98,46.93888888888889,128,0.25
exp3_compliance_0.25,steffen,philippine,12381,36,1317,1095,96,36.144444444444446,123,0.25
exp3_compliance_0.25,random,philippine,12382,37,1510,1016,94,40.81111111111111,121,0.25
exp3_compliance_0.25,back_to_front,philippine,12382,37,1308,1167,78,45.205555555555556,124,0.25
exp3_compliance_0.25,outside_in,philippine,12382,37,1382,1007,88,40.76111111111111,121,0.25
exp3_compliance_0.25,steffen,philippine,12382,37,1325,1060,87,33.75555555555555,98,0.25
exp3_compliance_0.25,random,philippine,12383,38,1280,1069,89,35.50555555555555,107,0.25
exp3_compliance_0.25,back_to_front,philippine,12383,38,1245,1158,80,35.111111111111114,102,0.25
exp3_compliance_0.25,outside_in,philippine,12383,38,1351,1076,86,34.516666666666666,115,0.25
exp3_compliance_0.25,steffen,philippine,12383,38,1333,1067,92,36.6,113,0.25
exp3_compliance_0.25,random,philippine,12384,39,1495,1071,101,41.81666666666667,134,0.25
exp3_compliance_0.25,back_to_front,philippine,12384,39,1458,1024,87,42.93888888888889,135,0.25
exp3_compliance_0.25,outside_in,philippine,12384,39,1506,1191,72,49.96111111111111,144,0.25
exp3_compliance_0.25,steffen,philippine,12384,39,1364,1150,97,43.644444444444446,147,0.25
exp3_compliance_0.25,random,philippine,12385,40,1479,1177,98,37.15,132,0.25
exp3_compliance_0.25,back_to_front,philippine,12385,40,1471,1203,101,46.12777777777778,141,0.25
exp3_compliance_0.25,outside_in,philippine,12385,40,1432,1130,79,47.38333333333333,140,0.25
exp3_compliance_0.25,steffen,philippine,12385,40,1383,1075,99,38.09444444444444,117,0.25
exp3_compliance_0.25,random,philippine,12386,41,1556,1270,93,54.34444444444444,166,0.25
exp3_compliance_0.25,back_to_front,philippine,12386,41,1407,1104,95,45.82222222222222,124,0.25
exp3_compliance_0.25,outside_in,philippine,12386,41,1481,1251,89,46.577777777777776,147,0.25
exp3_compliance_0.25,steffen,philippine,12386,41,1390,1015,86,35.45,127,0.25
exp3_compliance_0.25,random,philippine,12387,42,1560,1099,79,41.90555555555556,118,0.25
exp3_compliance_0.25,back_to_front,philippine,12387,42,1343,1099,70,41.833333333333336,125,0.25
exp3_compliance_0.25,outside_in,philippine,12387,42,1519,1068,69,42.111111111111114,134,0.25
exp3_compliance_0.25,steffen,philippine,12387,42,1362,916,90,31.75,133,0.25
exp3_compliance_0.25,random,philippine,12388,43,1341,1189,73,37.19444444444444,128,0.25
exp3_compliance_0.25,back_to_front,philippine,12388,43,1437,1294,91,45.483333333333334,134,0.25
exp3_compliance_0.25,outside_in,philippine,12388,43,1554,1014,90,37.861111111111114,111,0.25
exp3_compliance_0.25,steffen,philippine,12388,43,1431,1140,87,40.5,126,0.25
exp3_compliance_0.25,random,philippine,12389,44,1436,1169,92,46.03888888888889,138,0.25
exp3_compliance_0.25,back_to_front,philippine,12389,44,1396,1279,81,53.27777777777778,155,0.25
exp3_compliance_0.25,outside_in,philippine,12389,44,1355,1158,83,38.016666666666666,136,0.25
exp3_compliance_0.25,steffen,philippine,12389,44,1383,1059,79,36.31111111111111,123,0.25
exp3_compliance_0.25,random,philippine,12390,45,1478,1151,98,47.08888888888889,162,0.25
exp3_compliance_0.25,back_to_front,philippine,12390,45,1575,1216,94,54.96666666666667,183,0.25
exp3_compliance_0.25,outside_in,philippine,12390,45,1404,1030,84,41.605555555555554,164,0.25
exp3_compliance_0.25,steffen,philippine,12390,45,1424,1083,85,39.45,127,0.25
exp3_compliance_0.25,random,philippine,12391,46,1397,1139,91,45.75,166,0.25
exp3_compliance_0.25,back_to_front,philippine,12391,46,1404,1126,89,41.416666666666664,119,0.25
exp3_compliance_0.25,outside_in,philippine,12391,46,1417,1139,84,44.794444444444444,138,0.25
exp3_compliance_0.25,steffen,philippine,12391,46,1352,1054,79,36.955555555555556,118,0.25
exp3_compliance_0.25,random,philippine,12392,47,1528,1054,98,46.733333333333334,143,0.25
exp3_compliance_0.25,back_to_front,philippine,12392,47,1420,1194,102,46.272222222222226,128,0.25
exp3_compliance_0.25,outside_in,philippine,12392,47,1455,1104,77,47.05,178,0.25
exp3_compliance_0.25,steffen,philippine,12392,47,1291,1041,75,40.41111111111111,177,0.25
exp3_compliance_0.25,random,philippine,12393,48,1367,1215,79,41.455555555555556,126,0.25
exp3_compliance_0.25,back_to_front,philippine,12393,48,1411,1271,96,44.3,153,0.25
exp3_compliance_0.25,outside_in,philippine,12393,48,1424,1136,88,45.644444444444446,167,0.25
exp3_compliance_0.25,steffen,philippine,12393,48,1443,1083,92,40.33888888888889,118,0.25
exp3_compliance_0.25,random,philippine,12394,49,1490,1082,95,43.522222222222226,117,0.25
exp3_compliance_0.25,back_to_front,philippine,12394,49,1495,1081,91,42.38333333333333,126,0.25
exp3_compliance_0.25,outside_in,philippine,12394,49,1405,1097,90,43.45,141,0.25
exp3_compliance_0.25,steffen,philippine,12394,49,1331,917,87,30.816666666666666,118,0.25
exp3_compliance_0.25,random,philippine,12395,50,1307,1160,80,38.56111111111111,126,0.25
exp3_compliance_0.25,back_to_front,philippine,12395,50,1408,1180,73,42.705555555555556,132,0.25
exp3_compliance_0.25,outside_in,philippine,12395,50,1395,1066,86,40.894444444444446,114,0.25
exp3_compliance_0.25,steffen,philippine,12395,50,1398,1080,90,41.72222222222222,123,0.25
exp3_compliance_0.25,random,philippine,12396,51,1429,1065,91,46.016666666666666,185,0.25
exp3_compliance_0.25,back_to_front,philippine,12396,51,1456,1255,95,48.71666666666667,174,0.25
exp3_compliance_0.25,outside_in,philippine,12396,51,1326,1203,104,40.99444444444445,123,0.25
exp3_compliance_0.25,steffen,philippine,12396,51,1509,1118,89,51.577777777777776,189,0.25
exp3_compliance_0.25,random,philippine,12397,52,1406,1224,89,52.25555555555555,199,0.25
exp3_compliance_0.25,back_to_front,philippine,12397,52,1523,1276,96,50.19444444444444,136,0.25
exp3_compliance_0.25,outside_in,philippine,12397,52,1364,1080,81,39.59444444444444,129,0.25
exp3_compliance_0.25,steffen,philippine,12397,52,1315,1012,90,35.205555555555556,90,0.25
exp3_compliance_0.25,random,philippine,12398,53,1371,1184,85,41.40555555555556,132,0.25
exp3_compliance_0.25,back_to_front,philippine,12398,53,1330,1247,74,41.87222222222222,136,0.25
exp3_compliance_0.25,outside_in,philippine,12398,53,1332,1046,75,36.48888888888889,110,0.25
exp3_compliance_0.25,steffen,philippine,12398,53,1349,1058,89,37.62222222222222,109,0.25
exp3_compliance_0.25,random,philippine,12399,54,1380,956,82,34.92777777777778,143,0.25
exp3_compliance_0.25,back_to_front,philippine,12399,54,1404,1170,79,47.43333333333333,171,0.25
exp3_compliance_0.25,outside_in,philippine,12399,54,1426,991,106,38.62777777777778,121,0.25
exp3_compliance_0.25,steffen,philippine,12399,54,1295,1038,82,32.611111111111114,105,0.25
exp3_compliance_0.25,random,philippine,12400,55,1299,1121,99,39.01111111111111,112,0.25
exp3_compliance_0.25,back_to_front,philippine,12400,55,1383,1461,90,57.05555555555556,213,0.25
exp3_compliance_0.25,outside_in,philippine,12400,55,1357,1245,90,42.16111111111111,123,0.25
exp3_compliance_0.25,steffen,philippine,12400,55,1340,1025,91,35.172222222222224,107,0.25
exp3_compliance_0.25,random,philippine,12401,56,1442,1074,90,44.06111111111111,155,0.25
exp3_compliance_0.25,back_to_front,philippine,12401,56,1393,1090,87,40.58888888888889,110,0.25
exp3_compliance_0.25,outside_in,philippine,12401,56,1361,1141,75,39.111111111111114,143,0.25
exp3_compliance_0.25,steffen,philippine,12401,56,1347,1180,99,40.85,133,0.25
exp3_compliance_0.25,random,philippine,12402,57,1478,1154,103,47.31666666666667,140,0.25
exp3_compliance_0.25,back_to_front,philippine,12402,57,1372,1079,89,36.95,114,0.25
exp3_compliance_0.25,outside_in,philippine,12402,57,1368,1183,92,45.15555555555556,126,0.25
exp3_compliance_0.25,steffen,philippine,12402,57,1368,1111,81,38.22222222222222,121,0.25
exp3_compliance_0.25,random,philippine,12403,58,1479,1114,100,45.67777777777778,157,0.25
exp3_compliance_0.25,back_to_front,philippine,12403,58,1511,1337,84,59.73888888888889,183,0.25
exp3_compliance_0.25,outside_in,philippine,12403,58,1353,1090,97,42.02777777777778,149,0.25
exp3_compliance_0.25,steffen,philippine,12403,58,1338,1160,90,42.43888888888889,134,0.25
exp3_compliance_0.25,random,philippine,12404,59,1330,1035,82,40.35,148,0.25
exp3_compliance_0.25,back_to_front,philippine,12404,59,1468,1253,101,46.48888888888889,142,0.25
exp3_compliance_0.25,outside_in,philippine,12404,59,1502,1162,95,39.80555555555556,118,0.25
exp3_compliance_0.25,steffen,philippine,12404,59,1366,1191,72,41.516666666666666,128,0.25
exp3_compliance_0.25,random,philippine,12405,60,1608,1018,88,36.611111111111114,120,0.25
exp3_compliance_0.25,back_to_front,philippine,12405,60,1452,1248,85,47.78333333333333,132,0.25
exp3_compliance_0.25,outside_in,philippine,12405,60,1404,1146,93,46.105555555555554,145,0.25
exp3_compliance_0.25,steffen,philippine,12405,60,1476,1135,85,45.50555555555555,186,0.25
exp3_compliance_0.25,random,philippine,12406,61,1400,1242,83,47.922222222222224,143,0.25
exp3_compliance_0.25,back_to_front,philippine,12406,61,1489,1334,108,52.08888888888889,170,0.25
exp3_compliance_0.25,outside_in,philippine,12406,61,1527,1058,99,38.25555555555555,124,0.25
exp3_compliance_0.25,steffen,philippine,12406,61,1360,1245,83,41.21111111111111,120,0.25
exp3_compliance_0.25,random,philippine,12407,62,1365,1101,84,41.022222222222226,120,0.25
exp3_compliance_0.25,back_to_front,philippine,12407,62,1302,1197,74,39.62222222222222,117,0.25
exp3_compliance_0.25,outside_in,philippine,12407,62,1340,1090,79,36.666666666666664,96,0.25
exp3_compliance_0.25,steffen,philippine,12407,62,1369,967,92,32.91111111111111,105,0.25
exp3_compliance_0.25,random,philippine,12408,63,1442,1053,93,43.43333333333333,133,0.25
exp3_compliance_0.25,back_to_front,philippine,12408,63,1554,1260,95,49.94444444444444,132,0.25
exp3_compliance_0.25,outside_in,philippine,12408,63,1303,1254,89,44.41111111111111,154,0.25
exp3_compliance_0.25,steffen,philippine,12408,63,1295,1169,82,35.022222222222226,141,0.25
exp3_compliance_0.25,random,philippine,12409,64,1378,1133,98,41.31666666666667,138,0.25
exp3_compliance_0.25,back_to_front,philippine,12409,64,1551,1355,92,66.91666666666667,182,0.25
exp3_compliance_0.25,outside_in,philippine,12409,64,1476,1065,86,38.98888888888889,130,0.25
exp3_compliance_0.25,steffen,philippine,12409,64,1423,1128,95,46.40555555555556,126,0.25
exp3_compliance_0.25,random,philippine,12410,65,1392,947,88,34.57222222222222,109,0.25
exp3_compliance_0.25,back_to_front,philippine,12410,65,1370,1066,94,35.22222222222222,110,0.25
exp3_compliance_0.25,outside_in,philippine,12410,65,1434,1282,81,49.50555555555555,172,0.25
exp3_compliance_0.25,steffen,philippine,12410,65,1339,1097,86,38.65,118,0.25
exp3_compliance_0.25,random,philippine,12411,66,1413,1010,88,39.61666666666667,131,0.25
exp3_compliance_0.25,back_to_front,philippine,12411,66,1341,1185,82,42.33888888888889,123,0.25
exp3_compliance_0.25,outside_in,philippine,12411,66,1496,1092,85,41.28333333333333,139,0.25
exp3_compliance_0.25,steffen,philippine,12411,66,1301,1082,94,37.16111111111111,97,0.25
exp3_compliance_0.25,random,philippine,12412,67,1348,1153,79,39.75555555555555,132,0.25
exp3_compliance_0.25,back_to_front,philippine,12412,67,1410,1184,106,38.62777777777778,125,0.25
exp3_compliance_0.25,outside_in,philippine,12412,67,1356,1116,83,42.083333333333336,129,0.25
exp3_compliance_0.25,steffen,philippine,12412,67,1249,1099,83,38.37222222222222,123,0.25
exp3_compliance_0.25,random,philippine,12413,68,1457,1052,87,41.227777777777774,129,0.25
exp3_compliance_0.25,back_to_front,philippine,12413,68,1326,1108,94,41.02777777777778,142,0.25
exp3_compliance_0.25,outside_in,philippine,12413,68,1392,1094,84,39.077777777777776,125,0.25
exp3_compliance_0.25,steffen,philippine,12413,68,1394,1135,97,46.861111111111114,150,0.25
exp3_compliance_0.25,random,philippine,12414,69,1518,1045,91,43.894444444444446,116,0.25
exp3_compliance_0.25,back_to_front,philippine,12414,69,1457,1304,88,49.02777777777778,164,0.25
exp3_compliance_0.25,outside_in,philippine,12414,69,1375,1134,85,37.34444444444444,95,0.25
exp3_compliance_0.25,steffen,philippine,12414,69,1407,1042,81,34.43333333333333,136,0.25
exp3_compliance_0.25,random,philippine,12415,70,1363,1077,82,39.81111111111111,117,0.25
exp3_compliance_0.25,back_to_front,philippine,12415,70,1389,1120,86,39.544444444444444,147,0.25
exp3_compliance_0.25,outside_in,philippine,12415,70,1460,1248,88,50.25555555555555,168,0.25
exp3_compliance_0.25,steffen,philippine,12415,70,1311,1058,81,33.666666666666664,122,0.25
exp3_compliance_0.25,random,philippine,12416,71,1407,1290,89,47.46666666666667,142,0.25
exp3_compliance_0.25,back_to_front,philippine,12416,71,1360,1186,90,40.49444444444445,120,0.25
exp3_compliance_0.25,outside_in,philippine,12416,71,1400,1157,82,38.72222222222222,119,0.25
exp3_compliance_0.25,steffen,philippine,12416,71,1225,1073,76,32.22222222222222,121,0.25
exp3_compliance_0.25,random,philippine,12417,72,1477,956,92,35.35,161,0.25
exp3_compliance_0.25,back_to_front,philippine,12417,72,1236,1196,92,42.583333333333336,134,0.25
exp3_compliance_0.25,outside_in,philippine,12417,72,1439,1068,93,42.5,125,0.25
exp3_compliance_0.25,steffen,philippine,12417,72,1399,1059,82,39.71666666666667,132,0.25
exp3_compliance_0.25,random,philippine,12418,73,1442,1191,92,49.8,169,0.25
exp3_compliance_0.25,back_to_front,philippine,12418,73,1465,1119,91,49.577777777777776,157,0.25
exp3_compliance_0.25,outside_in,philippine,12418,73,1438,1016,81,39.733333333333334,109,0.25
exp3_compliance_0.25,steffen,philippine,12418,73,1328,1106,84,33.95,99,0.25
exp3_compliance_0.25,random,philippine,12419,74,1476,1098,96,44.59444444444444,159,0.25
exp3_compliance_0.25,back_to_front,philippine,12419,74,1409,1114,81,47.68888888888889,173,0.25
exp3_compliance_0.25,outside_in,philippine,12419,74,1425,1054,80,45.044444444444444,184,0.25
exp3_compliance_0.25,steffen,philippine,12419,74,1391,1302,95,45.272222222222226,109,0.25
exp3_compliance_0.25,random,philippine,12420,75,1364,1169,84,42.57222222222222,145,0.25
exp3_compliance_0.25,back_to_front,philippine,12420,75,1371,1291,108,43.97222222222222,146,0.25
exp3_compliance_0.25,outside_in,philippine,12420,75,1405,1108,86,37.327777777777776,147,0.25
exp3_compliance_0.25,steffen,philippine,12420,75,1317,1179,82,36.416666666666664,104,0.25
exp3_compliance_0.25,random,philippine,12421,76,1337,1254,79,38.78888888888889,134,0.25
exp3_compliance_0.25,back_to_front,philippine,12421,76,1657,1398,97,54.766666666666666,148,0.25
exp3_compliance_0.25,outside_in,philippine,12421,76,1289,1053,87,31.105555555555554,118,0.25
exp3_compliance_0.25,steffen,philippine,12421,76,1443,1046,95,41.45,131,0.25
exp3_compliance_0.25,random,philippine,12422,77,1400,1035,101,41.55,124,0.25
exp3_compliance_0.25,back_to_front,philippine,12422,77,1373,1168,79,41.666666666666664,135,0.25
exp3_compliance_0.25,outside_in,philippine,12422,77,1385,1256,83,50.827777777777776,127,0.25
exp3_compliance_0.25,steffen,philippine,12422,77,1369,1047,87,38.87222222222222,152,0.25
exp3_compliance_0.25,random,philippine,12423,78,1430,1126,83,43.28333333333333,141,0.25
exp3_compliance_0.25,back_to_front,philippine,12423,78,1406,1097,86,40.62777777777778,121,0.25
exp3_compliance_0.25,outside_in,philippine,12423,78,1488,1149,89,40.67777777777778,111,0.25
exp3_compliance_0.25,steffen,philippine,12423,78,1403,1147,79,36.85,114,0.25
exp3_compliance_0.25,random,philippine,12424,79,1422,1179,84,45.3,175,0.25
exp3_compliance_0.25,back_to_front,philippine,12424,79,1393,1032,88,44.15555555555556,128,0.25
exp3_compliance_0.25,outside_in,philippine,12424,79,1378,960,95,35.483333333333334,106,0.25
exp3_compliance_0.25,steffen,philippine,12424,79,1388,1090,88,40.333333333333336,136,0.25
exp3_compliance_0.25,random,philippine,12425,80,1451,1153,95,41.37222222222222,124,0.25
exp3_compliance_0.25,back_to_front,philippine,12425,80,1395,1165,102,45.47222222222222,124,0.25
exp3_compliance_0.25,outside_in,philippine,12425,80,1465,851,99,38.888888888888886,108,0.25
exp3_compliance_0.25,steffen,philippine,12425,80,1349,1028,88,38.888888888888886,138,0.25
exp3_compliance_0.25,random,philippine,12426,81,1469,1138,88,41.3,134,0.25
exp3_compliance_0.25,back_to_front,philippine,12426,81,1549,1335,86,51.25555555555555,177,0.25
exp3_compliance_0.25,outside_in,philippine,12426,81,1432,1146,87,38.077777777777776,120,0.25
exp3_compliance_0.25,steffen,philippine,12426,81,1346,1229,94,41.71666666666667,163,0.25
exp3_compliance_0.25,random,philippine,12427,82,1229,1054,86,33.983333333333334,108,0.25
exp3_compliance_0.25,back_to_front,philippine,12427,82,1411,1223,82,50.43333333333333,203,0.25
exp3_compliance_0.25,outside_in,philippine,12427,82,1479,1092,81,45.827777777777776,162,0.25
exp3_compliance_0.25,steffen,philippine,12427,82,1311,1133,89,33.62777777777778,108,0.25
exp3_compliance_0.25,random,philippine,12428,83,1402,1225,89,38.3,126,0.25
exp3_compliance_0.25,back_to_front,philippine,12428,83,1356,1242,87,45.40555555555556,124,0.25
exp3_compliance_0.25,outside_in,philippine,12428,83,1403,1158,91,43.58888888888889,171,0.25
exp3_compliance_0.25,steffen,philippine,12428,83,1354,1124,78,38.3,124,0.25
exp3_compliance_0.25,random,philippine,12429,84,1433,1103,79,46.105555555555554,132,0.25
exp3_compliance_0.25,back_to_front,philippine,12429,84,1390,1226,93,43.62777777777778,177,0.25
exp3_compliance_0.25,outside_in,philippine,12429,84,1337,1187,86,36.37777777777778,112,0.25
exp3_compliance_0.25,steffen,philippine,12429,84,1443,1170,85,43.17777777777778,141,0.25
exp3_compliance_0.25,random,philippine,12430,85,1463,1123,99,41.68888888888889,110,0.25
exp3_compliance_0.25,back_to_front,philippine,12430,85,1430,1129,90,48.28333333333333,195,0.25
exp3_compliance_0.25,outside_in,philippine,12430,85,1457,1074,77,39.74444444444445,134,0.25
exp3_compliance_0.25,steffen,philippine,12430,85,1342,1091,83,37.605555555555554,117,0.25
exp3_compliance_0.25,random,philippine,12431,86,1467,1141,99,46.361111111111114,158,0.25
exp3_compliance_0.25,back_to_front,philippine,12431,86,1448,1079,80,46.022222222222226,199,0.25
exp3_compliance_0.25,outside_in,philippine,12431,86,1546,1086,86,41.81666666666667,109,0.25
exp3_compliance_0.25,steffen,philippine,12431,86,1476,1203,91,48.17777777777778,123,0.25
exp3_compliance_0.25,random,philippine,12432,87,1463,1059,88,38.27777777777778,128,0.25
exp3_compliance_0.25,back_to_front,philippine,12432,87,1401,1261,79,47.172222222222224,142,0.25
exp3_compliance_0.25,outside_in,philippine,12432,87,1466,924,98,37.516666666666666,122,0.25
exp3_compliance_0.25,steffen,philippine,12432,87,1193,1094,80,31.25,98,0.25
exp3_compliance_0.25,random,philippine,12433,88,1489,1281,99,45.74444444444445,147,0.25
exp3_compliance_0.25,back_to_front,philippine,12433,88,1567,1317,96,54.455555555555556,165,0.25
exp3_compliance_0.25,outside_in,philippine,12433,88,1410,1234,98,43.294444444444444,131,0.25
exp3_compliance_0.25,steffen,philippine,12433,88,1517,1205,94,48.92777777777778,171,0.25
exp3_compliance_0.25,random,philippine,12434,89,1363,1085,93,40.76111111111111,119,0.25
exp3_compliance_0.25,back_to_front,philippine,12434,89,1447,1348,90,54.69444444444444,150,0.25
exp3_compliance_0.25,outside_in,philippine,12434,89,1321,1235,82,44.272222222222226,152,0.25
exp3_compliance_0.25,steffen,philippine,12434,89,1350,1141,76,35.477777777777774,154,0.25
exp3_compliance_0.25,random,philippine,12435,90,1436,1076,92,40.37222222222222,127,0.25
exp3_compliance_0.25,back_to_front,philippine,12435,90,1451,1203,88,45.85,145,0.25
exp3_compliance_0.25,outside_in,philippine,12435,90,1371,1053,85,35.02777777777778,139,0.25
exp3_compliance_0.25,steffen,philippine,12435,90,1327,972,80,32.53333333333333,121,0.25
exp3_compliance_0.25,random,philippine,12436,91,1531,1130,93,41.138888888888886,166,0.25
exp3_compliance_0.25,back_to_front,philippine,12436,91,1508,1284,91,56.82222222222222,163,0.25
exp3_compliance_0.25,outside_in,philippine,12436,91,1330,1095,82,38.23888888888889,138,0.25
exp3_compliance_0.25,steffen,philippine,12436,91,1382,1028,84,38.71111111111111,138,0.25
exp3_compliance_0.25,random,philippine,12437,92,1450,1101,89,37.85,132,0.25
exp3_compliance_0.25,back_to_front,philippine,12437,92,1442,1207,98,44.483333333333334,207,0.25
exp3_compliance_0.25,outside_in,philippine,12437,92,1383,1121,80,39.22222222222222,134,0.25
exp3_compliance_0.25,steffen,philippine,12437,92,1439,1126,87,39.76111111111111,160,0.25
exp3_compliance_0.25,random,philippine,12438,93,1408,1203,87,43.477777777777774,143,0.25
exp3_compliance_0.25,back_to_front,philippine,12438,93,1648,1234,100,53.96111111111111,186,0.25
exp3_compliance_0.25,outside_in,philippine,12438,93,1309,1203,77,39.93888888888889,114,0.25
exp3_compliance_0.25,steffen,philippine,12438,93,1324,1201,69,36.888888888888886,107,0.25
exp3_compliance_0.25,random,philippine,12439,94,1402,1058,82,36.916666666666664,116,0.25
exp3_compliance_0.25,back_to_front,philippine,12439,94,1467,1232,105,46.56666666666667,156,0.25
exp3_compliance_0.25,outside_in,philippine,12439,94,1358,1114,89,41.772222222222226,121,0.25
exp3_compliance_0.25,steffen,philippine,12439,94,1329,1175,87,38.5,136,0.25
exp3_compliance_0.25,random,philippine,12440,95,1503,1160,86,43.522222222222226,132,0.25
exp3_compliance_0.25,back_to_front,philippine,12440,95,1376,1209,92,43.61666666666667,165,0.25
exp3_compliance_0.25,outside_in,philippine,12440,95,1411,1073,95,35.333333333333336,102,0.25
exp3_compliance_0.25,steffen,philippine,12440,95,1247,1160,79,35.766666666666666,150,0.25
exp3_compliance_0.25,random,philippine,12441,96,1424,1125,82,42.43333333333333,125,0.25
exp3_compliance_0.25,back_to_front,philippine,12441,96,1325,1165,105,39.31111111111111,114,0.25
exp3_compliance_0.25,outside_in,philippine,12441,96,1477,1147,97,41.40555555555556,144,0.25
exp3_compliance_0.25,steffen,philippine,12441,96,1411,1080,88,38.08888888888889,148,0.25
exp3_compliance_0.25,random,philippine,12442,97,1453,1212,89,48.25555555555555,164,0.25
exp3_compliance_0.25,back_to_front,philippine,12442,97,1308,1064,84,40.56111111111111,122,0.25
exp3_compliance_0.25,outside_in,philippine,12442,97,1373,1083,88,40.666666666666664,137,0.25
exp3_compliance_0.25,steffen,philippine,12442,97,1343,1181,96,40.65,138,0.25
exp3_compliance_0.25,random,philippine,12443,98,1443,1071,98,44.81666666666667,164,0.25
exp3_compliance_0.25,back_to_front,philippine,12443,98,1332,1376,85,46.26111111111111,126,0.25
exp3_compliance_0.25,outside_in,philippine,12443,98,1530,1133,94,49.43333333333333,177,0.25
exp3_compliance_0.25,steffen,philippine,12443,98,1280,1298,77,45.15,166,0.25
exp3_compliance_0.25,random,philippine,12444,99,1380,995,78,30.02777777777778,101,0.25
exp3_compliance_0.25,back_to_front,philippine,12444,99,1483,1035,93,41.90555555555556,131,0.25
exp3_compliance_0.25,outside_in,philippine,12444,99,1312,1117,85,37.32222222222222,102,0.25
exp3_compliance_0.25,steffen,philippine,12444,99,1286,1139,80,35.06666666666667,116,0.25
exp3_compliance_0.25,random,philippine,12445,100,1463,997,81,46.23888888888889,130,0.25
exp3_compliance_0.25,back_to_front,philippine,12445,100,1520,1213,100,47.85,159,0.25
exp3_compliance_0.25,outside_in,philippine,12445,100,1378,1199,80,47.21111111111111,178,0.25
exp3_compliance_0.25,steffen,philippine,12445,100,1423,1114,85,42.83888888888889,122,0.25
exp3_compliance_0.25,random,philippine,12446,101,1597,1142,92,46.67777777777778,135,0.25
exp3_compliance_0.25,back_to_front,philippine,12446,101,1391,1226,97,48.3,121,0.25
exp3_compliance_0.25,outside_in,philippine,12446,101,1386,1120,89,37.55,112,0.25
exp3_compliance_0.25,steffen,philippine,12446,101,1468,1148,85,47.333333333333336,138,0.25
exp3_compliance_0.25,random,philippine,12447,102,1386,1233,92,42.63333333333333,112,0.25
exp3_compliance_0.25,back_to_front,philippine,12447,102,1384,1264,97,49.06111111111111,153,0.25
exp3_compliance_0.25,outside_in,philippine,12447,102,1506,1188,79,40.44444444444444,125,0.25
exp3_compliance_0.25,steffen,philippine,12447,102,1288,1262,91,38.50555555555555,139,0.25
exp3_compliance_0.25,random,philippine,12448,103,1435,1254,76,41.94444444444444,144,0.25
exp3_compliance_0.25,back_to_front,philippine,12448,103,1493,1284,92,52.77777777777778,176,0.25
exp3_compliance_0.25,outside_in,philippine,12448,103,1289,1039,86,33.57222222222222,135,0.25
exp3_compliance_0.25,steffen,philippine,12448,103,1452,985,84,35.49444444444445,143,0.25
exp3_compliance_0.25,random,philippine,12449,104,1324,1013,86,32.7,95,0.25
exp3_compliance_0.25,back_to_front,philippine,12449,104,1425,1230,91,50.44444444444444,137,0.25
exp3_compliance_0.25,outside_in,philippine,12449,104,1357,1150,86,37.022222222222226,120,0.25
exp3_compliance_0.25,steffen,philippine,12449,104,1376,1057,90,33.12777777777778,130,0.25
exp3_compliance_0.25,random,philippine,12450,105,1468,1130,85,39.37222222222222,95,0.25
exp3_compliance_0.25,back_to_front,philippine,12450,105,1470,1292,99,47.544444444444444,138,0.25
exp3_compliance_0.25,outside_in,philippine,12450,105,1446,1240,99,53.68888888888889,166,0.25
exp3_compliance_0.25,steffen,philippine,12450,105,1375,1114,93,39.73888888888889,154,0.25
exp3_compliance_0.25,random,philippine,12451,106,1415,1199,91,45.30555555555556,144,0.25
exp3_compliance_0.25,back_to_front,philippine,12451,106,1413,1214,79,49.05555555555556,137,0.25
exp3_compliance_0.25,outside_in,philippine,12451,106,1506,1117,94,45.11666666666667,184,0.25
exp3_compliance_0.25,steffen,philippine,12451,106,1382,1168,85,40.17777777777778,148,0.25
exp3_compliance_0.25,random,philippine,12452,107,1486,1189,96,46.88333333333333,129,0.25
exp3_compliance_0.25,back_to_front,philippine,12452,107,1488,1188,88,45.022222222222226,140,0.25
exp3_compliance_0.25,outside_in,philippine,12452,107,1233,1210,96,45.25,175,0.25
exp3_compliance_0.25,steffen,philippine,12452,107,1207,1093,78,35.57222222222222,123,0.25
exp3_compliance_0.25,random,philippine,12453,108,1377,1198,92,48.8,177,0.25
exp3_compliance_0.25,back_to_front,philippine,12453,108,1472,1183,99,45.727777777777774,213,0.25
exp3_compliance_0.25,outside_in,philippine,12453,108,1525,1077,79,37.28333333333333,174,0.25
exp3_compliance_0.25,steffen,philippine,12453,108,1405,1155,86,39.78333333333333,156,0.25
exp3_compliance_0.25,random,philippine,12454,109,1215,1187,94,34.077777777777776,114,0.25
exp3_compliance_0.25,back_to_front,philippine,12454,109,1579,1225,93,55.62777777777778,192,0.25
exp3_compliance_0.25,outside_in,philippine,12454,109,1396,1093,92,36.333333333333336,130,0.25
exp3_compliance_0.25,steffen,philippine,12454,109,1302,1113,91,38.75555555555555,132,0.25
exp3_compliance_0.25,random,philippine,12455,110,1520,1108,104,46.45,143,0.25
exp3_compliance_0.25,back_to_front,philippine,12455,110,1437,1281,96,46.34444444444444,124,0.25
exp3_compliance_0.25,outside_in,philippine,12455,110,1468,1206,89,45.53333333333333,142,0.25
exp3_compliance_0.25,steffen,philippine,12455,110,1429,1043,97,48.46111111111111,159,0.25
exp3_compliance_0.25,random,philippine,12456,111,1338,1161,89,39.57222222222222,114,0.25
exp3_compliance_0.25,back_to_front,philippine,12456,111,1360,1117,98,42.144444444444446,135,0.25
exp3_compliance_0.25,outside_in,philippine,12456,111,1391,1102,87,38.3,109,0.25
exp3_compliance_0.25,steffen,philippine,12456,111,1497,1053,91,38.861111111111114,125,0.25
exp3_compliance_0.25,random,philippine,12457,112,1447,1148,89,44.38333333333333,137,0.25
exp3_compliance_0.25,back_to_front,philippine,12457,112,1399,1141,98,38.861111111111114,117,0.25
exp3_compliance_0.25,outside_in,philippine,12457,112,1469,1108,83,46.294444444444444,125,0.25
exp3_compliance_0.25,steffen,philippine,12457,112,1483,1018,96,38.43888888888889,129,0.25
exp3_compliance_0.25,random,philippine,12458,113,1417,1233,94,43.138888888888886,163,0.25
exp3_compliance_0.25,back_to_front,philippine,12458,113,1501,1158,82,45.58888888888889,167,0.25
exp3_compliance_0.25,outside_in,philippine,12458,113,1423,1193,83,45.44444444444444,142,0.25
exp3_compliance_0.25,steffen,philippine,12458,113,1363,1161,93,43.227777777777774,168,0.25
exp3_compliance_0.25,random,philippine,12459,114,1380,1112,96,41.03333333333333,145,0.25
exp3_compliance_0.25,back_to_front,philippine,12459,114,1548,1269,84,53.91111111111111,163,0.25
exp3_compliance_0.25,outside_in,philippine,12459,114,1389,1143,71,36.12222222222222,144,0.25
exp3_compliance_0.25,steffen,philippine,12459,114,1504,1055,93,38.361111111111114,128,0.25
exp3_compliance_0.25,random,philippine,12460,115,1393,1125,81,42.727777777777774,163,0.25
exp3_compliance_0.25,back_to_front,philippine,12460,115,1357,1152,91,39.81666666666667,97,0.25
exp3_compliance_0.25,outside_in,philippine,12460,115,1410,1100,89,39.95,142,0.25
exp3_compliance_0.25,steffen,philippine,12460,115,1228,1153,82,36.25,143,0.25
exp3_compliance_0.25,random,philippine,12461,116,1278,1111,94,41.23888888888889,147,0.25
exp3_compliance_0.25,back_to_front,philippine,12461,116,1420,1264,91,46.56111111111111,148,0.25
exp3_compliance_0.25,outside_in,philippine,12461,116,1445,1193,92,44.78888888888889,129,0.25
exp3_compliance_0.25,steffen,philippine,12461,116,1462,1056,81,38.28333333333333,128,0.25
exp3_compliance_0.25,random,philippine,12462,117,1386,1037,88,40.03888888888889,132,0.25
exp3_compliance_0.25,back_to_front,philippine,12462,117,1321,1142,90,40.25555555555555,124,0.25
exp3_compliance_0.25,outside_in,philippine,12462,117,1370,1181,77,41.422222222222224,140,0.25
exp3_compliance_0.25,steffen,philippine,12462,117,1321,1227,74,36.666666666666664,121,0.25
exp3_compliance_0.25,random,philippine,12463,118,1367,934,93,34.37777777777778,113,0.25
exp3_compliance_0.25,back_to_front,philippine,12463,118,1341,1146,99,41.19444444444444,132,0.25
exp3_compliance_0.25,outside_in,philippine,12463,118,1466,1184,87,46.37222222222222,191,0.25
exp3_compliance_0.25,steffen,philippine,12463,118,1506,1037,89,42.666666666666664,141,0.25
exp3_compliance_0.25,random,philippine,12464,119,1439,1095,90,35.25,107,0.25
exp3_compliance_0.25,back_to_front,philippine,12464,119,1402,1218,83,44.2,177,0.25
exp3_compliance_0.25,outside_in,philippine,12464,119,1448,1055,83,42.18888888888889,124,0.25
exp3_compliance_0.25,steffen,philippine,12464,119,1329,1005,83,30.3,110,0.25
exp3_compliance_0.25,random,philippine,12465,120,1674,1118,85,53.34444444444444,143,0.25
exp3_compliance_0.25,back_to_front,philippine,12465,120,1557,1305,87,51.483333333333334,149,0.25
exp3_compliance_0.25,outside_in,philippine,12465,120,1446,1096,96,42.83888888888889,146,0.25
exp3_compliance_0.25,steffen,philippine,12465,120,1393,1116,77,36.422222222222224,100,0.25
exp3_compliance_0.25,random,philippine,12466,121,1350,1064,97,41.105555555555554,115,0.25
exp3_compliance_0.25,back_to_front,philippine,12466,121,1377,1274,80,46.26111111111111,132,0.25
exp3_compliance_0.25,outside_in,philippine,12466,121,1409,1107,93,36.19444444444444,124,0.25
exp3_compliance_0.25,steffen,philippine,12466,121,1348,1045,88,32.388888888888886,94,0.25
exp3_compliance_0.25,random,philippine,12467,122,1426,1096,77,41.34444444444444,119,0.25
exp3_compliance_0.25,back_to_front,philippine,12467,122,1411,1143,75,40.861111111111114,128,0.25
exp3_compliance_0.25,outside_in,philippine,12467,122,1366,1164,84,39.25555555555555,123,0.25
exp3_compliance_0.25,steffen,philippine,12467,122,1327,1188,83,43.03888888888889,145,0.25
exp3_compliance_0.25,random,philippine,12468,123,1431,1237,95,47.25,151,0.25
exp3_compliance_0.25,back_to_front,philippine,12468,123,1439,1069,102,45.09444444444444,131,0.25
exp3_compliance_0.25,outside_in,philippine,12468,123,1409,1074,92,38.36666666666667,98,0.25
exp3_compliance_0.25,steffen,philippine,12468,123,1315,1113,82,36.36666666666667,152,0.25
exp3_compliance_0.25,random,philippine,12469,124,1463,997,90,44.07222222222222,154,0.25
exp3_compliance_0.25,back_to_front,philippine,12469,124,1272,1382,91,47.355555555555554,132,0.25
exp3_compliance_0.25,outside_in,philippine,12469,124,1494,968,84,37.55555555555556,113,0.25
exp3_compliance_0.25,steffen,philippine,12469,124,1395,1053,91,36.644444444444446,121,0.25
exp3_compliance_0.25,random,philippine,12470,125,1303,1109,89,41.37777777777778,125,0.25
exp3_compliance_0.25,back_to_front,philippine,12470,125,1313,1129,85,39.11666666666667,116,0.25
exp3_compliance_0.25,outside_in,philippine,12470,125,1471,951,78,43.4,151,0.25
exp3_compliance_0.25,steffen,philippine,12470,125,1468,955,99,38.56666666666667,224,0.25
exp3_compliance_0.25,random,philippine,12471,126,1471,1146,80,53.93333333333333,174,0.25
exp3_compliance_0.25,back_to_front,philippine,12471,126,1540,1194,91,51.37222222222222,141,0.25
exp3_compliance_0.25,outside_in,philippine,12471,126,1380,1283,89,48.361111111111114,131,0.25
exp3_compliance_0.25,steffen,philippine,12471,126,1452,1215,81,37.644444444444446,150,0.25
exp3_compliance_0.25,random,philippine,12472,127,1420,1006,87,35.44444444444444,98,0.25
exp3_compliance_0.25,back_to_front,philippine,12472,127,1451,1296,88,46.416666666666664,150,0.25
exp3_compliance_0.25,outside_in,philippine,12472,127,1383,1187,86,44.99444444444445,128,0.25
exp3_compliance_0.25,steffen,philippine,12472,127,1265,1129,81,37.772222222222226,142,0.25
exp3_compliance_0.25,random,philippine,12473,128,1415,1116,95,41.32222222222222,123,0.25
exp3_compliance_0.25,back_to_front,philippine,12473,128,1387,1275,93,48.17777777777778,155,0.25
exp3_compliance_0.25,outside_in,philippine,12473,128,1457,1050,87,36.97222222222222,95,0.25
exp3_compliance_0.25,steffen,philippine,12473,128,1220,954,72,31.27777777777778,131,0.25
exp3_compliance_0.25,random,philippine,12474,129,1343,1064,90,35.42777777777778,135,0.25
exp3_compliance_0.25,back_to_front,philippine,12474,129,1449,1256,89,52.666666666666664,143,0.25
exp3_compliance_0.25,outside_in,philippine,12474,129,1360,1196,87,36.18888888888889,118,0.25
exp3_compliance_0.25,steffen,philippine,12474,129,1335,1082,67,42.12222222222222,150,0.25
exp3_compliance_0.25,random,philippine,12475,130,1450,1209,87,43.65555555555556,182,0.25
exp3_compliance_0.25,back_to_front,philippine,12475,130,1451,1176,100,43.82222222222222,134,0.25
exp3_compliance_0.25,outside_in,philippine,12475,130,1433,1121,91,45.855555555555554,190,0.25
exp3_compliance_0.25,steffen,philippine,12475,130,1367,1156,84,40.43333333333333,129,0.25
exp3_compliance_0.25,random,philippine,12476,131,1407,1126,89,44.21111111111111,138,0.25
exp3_compliance_0.25,back_to_front,philippine,12476,131,1548,1232,91,51.577777777777776,143,0.25
exp3_compliance_0.25,outside_in,philippine,12476,131,1445,1138,98,41.78333333333333,139,0.25
exp3_compliance_0.25,steffen,philippine,12476,131,1405,1122,88,39.69444444444444,162,0.25
exp3_compliance_0.25,random,philippine,12477,132,1571,1215,94,45.855555555555554,112,0.25
exp3_compliance_0.25,back_to_front,philippine,12477,132,1501,1274,89,46.144444444444446,140,0.25
exp3_compliance_0.25,outside_in,philippine,12477,132,1431,1144,82,40.605555555555554,139,0.25
exp3_compliance_0.25,steffen,philippine,12477,132,1318,1076,89,36.705555555555556,127,0.25
exp3_compliance_0.25,random,philippine,12478,133,1386,1087,75,43.92777777777778,147,0.25
exp3_compliance_0.25,back_to_front,philippine,12478,133,1388,1049,96,41.36666666666667,108,0.25
exp3_compliance_0.25,outside_in,philippine,12478,133,1481,945,90,35.73888888888889,160,0.25
exp3_compliance_0.25,steffen,philippine,12478,133,1378,1146,87,38.977777777777774,146,0.25
exp3_compliance_0.25,random,philippine,12479,134,1489,1153,85,41.977777777777774,126,0.25
exp3_compliance_0.25,back_to_front,philippine,12479,134,1412,1060,95,35.3,104,0.25
exp3_compliance_0.25,outside_in,philippine,12479,134,1558,1185,91,54.388888888888886,178,0.25
exp3_compliance_0.25,steffen,philippine,12479,134,1364,1356,92,51.766666666666666,129,0.25
exp3_compliance_0.25,random,philippine,12480,135,1406,1178,96,40.855555555555554,111,0.25
exp3_compliance_0.25,back_to_front,philippine,12480,135,1588,1218,101,65.88333333333334,267,0.25
exp3_compliance_0.25,outside_in,philippine,12480,135,1480,1191,91,48.18333333333333,159,0.25
exp3_compliance_0.25,steffen,philippine,12480,135,1421,1166,89,44.077777777777776,146,0.25
exp3_compliance_0.25,random,philippine,12481,136,1387,961,93,35.43333333333333,118,0.25
exp3_compliance_0.25,back_to_front,philippine,12481,136,1414,1250,93,52.48888888888889,127,0.25
exp3_compliance_0.25,outside_in,philippine,12481,136,1467,1160,82,40.45,98,0.25
exp3_compliance_0.25,steffen,philippine,12481,136,1244,1064,80,36.33888888888889,165,0.25
exp3_compliance_0.25,random,philippine,12482,137,1482,1023,105,39.705555555555556,123,0.25
exp3_compliance_0.25,back_to_front,philippine,12482,137,1333,1234,88,43.07222222222222,153,0.25
exp3_compliance_0.25,outside_in,philippine,12482,137,1362,1086,92,42.794444444444444,152,0.25
exp3_compliance_0.25,steffen,philippine,12482,137,1353,1094,88,33.19444444444444,116,0.25
exp3_compliance_0.25,random,philippine,12483,138,1452,1149,85,49.44444444444444,161,0.25
exp3_compliance_0.25,back_to_front,philippine,12483,138,1498,1116,89,40.87222222222222,137,0.25
exp3_compliance_0.25,outside_in,philippine,12483,138,1358,1082,91,40.3,114,0.25
exp3_compliance_0.25,steffen,philippine,12483,138,1400,955,89,35.73888888888889,112,0.25
exp3_compliance_0.25,random,philippine,12484,139,1457,1093,87,46.27777777777778,180,0.25
exp3_compliance_0.25,back_to_front,philippine,12484,139,1432,1016,96,37.794444444444444,114,0.25
exp3_compliance_0.25,outside_in,philippine,12484,139,1401,1088,93,40.977777777777774,134,0.25
exp3_compliance_0.25,steffen,philippine,12484,139,1326,1024,91,40.30555555555556,148,0.25
exp3_compliance_0.25,random,philippine,12485,140,1357,1070,84,31.38888888888889,122,0.25
exp3_compliance_0.25,back_to_front,philippine,12485,140,1434,1156,91,44.71111111111111,140,0.25
exp3_compliance_0.25,outside_in,philippine,12485,140,1293,1079,95,38.78888888888889,148,0.25
exp3_compliance_0.25,steffen,philippine,12485,140,1290,990,92,37.00555555555555,136,0.25
exp3_compliance_0.25,random,philippine,12486,141,1528,1136,95,43.105555555555554,145,0.25
exp3_compliance_0.25,back_to_front,philippine,12486,141,1413,1090,94,41.28888888888889,131,0.25
exp3_compliance_0.25,outside_in,philippine,12486,141,1383,1225,97,41.19444444444444,143,0.25
exp3_compliance_0.25,steffen,philippine,12486,141,1299,1160,86,38.227777777777774,131,0.25
exp3_compliance_0.25,random,philippine,12487,142,1436,1221,109,46.72222222222222,137,0.25
exp3_compliance_0.25,back_to_front,philippine,12487,142,1392,1168,94,36.74444444444445,150,0.25
exp3_compliance_0.25,outside_in,philippine,12487,142,1456,1208,96,44.922222222222224,149,0.25
exp3_compliance_0.25,steffen,philippine,12487,142,1277,1273,95,37.7,131,0.25
exp3_compliance_0.25,random,philippine,12488,143,1455,1194,93,44.24444444444445,145,0.25
exp3_compliance_0.25,back_to_front,philippine,12488,143,1499,1272,87,45.06111111111111,137,0.25
exp3_compliance_0.25,outside_in,philippine,12488,143,1587,1090,90,46.977777777777774,119,0.25
exp3_compliance_0.25,steffen,philippine,12488,143,1330,1068,78,38.37222222222222,157,0.25
exp3_compliance_0.25,random,philippine,12489,144,1441,1251,94,43.144444444444446,165,0.25
exp3_compliance_0.25,back_to_front,philippine,12489,144,1600,1257,107,53.71111111111111,152,0.25
exp3_compliance_0.25,outside_in,philippine,12489,144,1361,1138,78,38.227777777777774,115,0.25
exp3_compliance_0.25,steffen,philippine,12489,144,1357,1185,92,41.02777777777778,130,0.25
exp3_compliance_0.25,random,philippine,12490,145,1457,1094,91,38.31111111111111,161,0.25
exp3_compliance_0.25,back_to_front,philippine,12490,145,1490,1065,85,42.93333333333333,139,0.25
exp3_compliance_0.25,outside_in,philippine,12490,145,1471,1088,91,38.05555555555556,127,0.25
exp3_compliance_0.25,steffen,philippine,12490,145,1341,1131,82,37.361111111111114,136,0.25
exp3_compliance_0.25,random,philippine,12491,146,1388,1167,90,41.705555555555556,130,0.25
exp3_compliance_0.25,back_to_front,philippine,12491,146,1447,1099,102,47.95,147,0.25
exp3_compliance_0.25,outside_in,philippine,12491,146,1362,1114,90,42.31111111111111,125,0.25
exp3_compliance_0.25,steffen,philippine,12491,146,1397,1091,96,35.75,126,0.25
exp3_compliance_0.25,random,philippine,12492,147,1360,1090,98,40.09444444444444,105,0.25
exp3_compliance_0.25,back_to_front,philippine,12492,147,1461,1279,101,51.68888888888889,166,0.25
exp3_compliance_0.25,outside_in,philippine,12492,147,1401,1206,83,39.19444444444444,151,0.25
exp3_compliance_0.25,steffen,philippine,12492,147,1382,1112,92,42.86666666666667,131,0.25
exp3_compliance_0.25,random,philippine,12493,148,1529,1192,101,45.52777777777778,137,0.25
exp3_compliance_0.25,back_to_front,philippine,12493,148,1410,1242,96,47.35,133,0.25
exp3_compliance_0.25,outside_in,philippine,12493,148,1499,1118,84,42.34444444444444,189,0.25
exp3_compliance_0.25,steffen,philippine,12493,148,1380,1124,79,40.894444444444446,161,0.25
exp3_compliance_0.25,random,philippine,12494,149,1339,1226,95,40.72222222222222,133,0.25
exp3_compliance_0.25,back_to_front,philippine,12494,149,1418,1128,88,42.80555555555556,131,0.25
exp3_compliance_0.25,outside_in,philippine,12494,149,1362,1152,80,40.9,136,0.25
exp3_compliance_0.25,steffen,philippine,12494,149,1352,1161,89,41.43333333333333,148,0.25
exp3_compliance_0.25,random,philippine,12495,150,1416,1163,94,44.977777777777774,168,0.25
exp3_compliance_0.25,back_to_front,philippine,12495,150,1414,1435,91,52.08888888888889,141,0.25
exp3_compliance_0.25,outside_in,philippine,12495,150,1388,1097,88,40.26111111111111,133,0.25
exp3_compliance_0.25,steffen,philippine,12495,150,1375,1074,97,40.27777777777778,119,0.25
exp3_compliance_0.25,random,philippine,12496,151,1355,1152,80,44.327777777777776,117,0.25
exp3_compliance_0.25,back_to_front,philippine,12496,151,1533,1230,104,52.15555555555556,163,0.25
exp3_compliance_0.25,outside_in,philippine,12496,151,1383,1138,86,39.24444444444445,106,0.25
exp3_compliance_0.25,steffen,philippine,12496,151,1328,1083,83,40.53888888888889,146,0.25
exp3_compliance_0.25,random,philippine,12497,152,1443,1158,80,44.25,115,0.25
exp3_compliance_0.25,back_to_front,philippine,12497,152,1392,1078,78,37.35,114,0.25
exp3_compliance_0.25,outside_in,philippine,12497,152,1446,1061,85,41.077777777777776,139,0.25
exp3_compliance_0.25,steffen,philippine,12497,152,1350,1143,77,37.983333333333334,96,0.25
exp3_compliance_0.25,random,philippine,12498,153,1389,1162,93,37.45,124,0.25
exp3_compliance_0.25,back_to_front,philippine,12498,153,1350,1069,91,40.65,115,0.25
exp3_compliance_0.25,outside_in,philippine,12498,153,1421,1090,83,37.58888888888889,106,0.25
exp3_compliance_0.25,steffen,philippine,12498,153,1414,1123,89,38.672222222222224,135,0.25
exp3_compliance_0.25,random,philippine,12499,154,1331,1127,85,39.88333333333333,166,0.25
exp3_compliance_0.25,back_to_front,philippine,12499,154,1466,1146,82,46.76111111111111,160,0.25
exp3_compliance_0.25,outside_in,philippine,12499,154,1422,1142,95,44.18333333333333,135,0.25
exp3_compliance_0.25,steffen,philippine,12499,154,1375,1143,91,40.111111111111114,134,0.25
exp3_compliance_0.25,random,philippine,12500,155,1495,1079,89,42.355555555555554,144,0.25
exp3_compliance_0.25,back_to_front,philippine,12500,155,1433,1220,84,46.888888888888886,160,0.25
exp3_compliance_0.25,outside_in,philippine,12500,155,1373,1037,77,36.23888888888889,138,0.25
exp3_compliance_0.25,steffen,philippine,12500,155,1319,1105,89,35.766666666666666,128,0.25
exp3_compliance_0.25,random,philippine,12501,156,1378,1153,92,36.67777777777778,98,0.25
exp3_compliance_0.25,back_to_front,philippine,12501,156,1404,1256,87,53.97222222222222,164,0.25
exp3_compliance_0.25,outside_in,philippine,12501,156,1464,1261,88,52.6,158,0.25
exp3_compliance_0.25,steffen,philippine,12501,156,1459,947,96,40.327777777777776,149,0.25
exp3_compliance_0.25,random,philippine,12502,157,1511,1172,94,44.34444444444444,135,0.25
exp3_compliance_0.25,back_to_front,philippine,12502,157,1481,1287,98,51.76111111111111,145,0.25
exp3_compliance_0.25,outside_in,philippine,12502,157,1539,1108,97,43.28333333333333,139,0.25
exp3_compliance_0.25,steffen,philippine,12502,157,1394,1067,90,38.50555555555555,110,0.25
exp3_compliance_0.25,random,philippine,12503,158,1430,1091,84,46.977777777777774,128,0.25
exp3_compliance_0.25,back_to_front,philippine,12503,158,1436,1303,86,45.36666666666667,138,0.25
exp3_compliance_0.25,outside_in,philippine,12503,158,1378,1104,89,38.43333333333333,99,0.25
exp3_compliance_0.25,steffen,philippine,12503,158,1349,1053,88,37.13333333333333,118,0.25
exp3_compliance_0.25,random,philippine,12504,159,1464,1046,96,41.827777777777776,150,0.25
exp3_compliance_0.25,back_to_front,philippine,12504,159,1398,1146,80,43.67777777777778,124,0.25
exp3_compliance_0.25,outside_in,philippine,12504,159,1470,1082,87,36.09444444444444,112,0.25
exp3_compliance_0.25,steffen,philippine,12504,159,1320,1184,87,37.394444444444446,149,0.25
exp3_compliance_0.25,random,philippine,12505,160,1325,1073,81,36.78333333333333,137,0.25
exp3_compliance_0.25,back_to_front,philippine,12505,160,1352,1202,86,45.266666666666666,150,0.25
exp3_compliance_0.25,outside_in,philippine,12505,160,1308,1081,77,34.91111111111111,116,0.25
exp3_compliance_0.25,steffen,philippine,12505,160,1234,1148,75,32.78333333333333,103,0.25
exp3_compliance_0.25,random,philippine,12506,161,1377,1134,91,43.18888888888889,113,0.25
exp3_compliance_0.25,back_to_front,philippine,12506,161,1483,980,96,42.45,130,0.25
exp3_compliance_0.25,outside_in,philippine,12506,161,1534,1219,106,48.18333333333333,150,0.25
exp3_compliance_0.25,steffen,philippine,12506,161,1464,1165,85,36.24444444444445,109,0.25
exp3_compliance_0.25,random,philippine,12507,162,1529,1203,89,46.13333333333333,147,0.25
exp3_compliance_0.25,back_to_front,philippine,12507,162,1445,970,88,33.772222222222226,125,0.25
exp3_compliance_0.25,outside_in,philippine,12507,162,1323,1003,97,39.37777777777778,124,0.25
exp3_compliance_0.25,steffen,philippine,12507,162,1337,953,80,38.49444444444445,146,0.25
exp3_compliance_0.25,random,philippine,12508,163,1387,1046,93,35.5,120,0.25
exp3_compliance_0.25,back_to_front,philippine,12508,163,1510,1248,95,52.73888888888889,153,0.25
exp3_compliance_0.25,outside_in,philippine,12508,163,1379,1106,92,43.67777777777778,120,0.25
exp3_compliance_0.25,steffen,philippine,12508,163,1462,996,103,37.266666666666666,162,0.25
exp3_compliance_0.25,random,philippine,12509,164,1347,1092,78,47.06666666666667,138,0.25
exp3_compliance_0.25,back_to_front,philippine,12509,164,1483,1175,90,44.30555555555556,160,0.25
exp3_compliance_0.25,outside_in,philippine,12509,164,1451,1036,77,43.794444444444444,123,0.25
exp3_compliance_0.25,steffen,philippine,12509,164,1377,1060,86,38.044444444444444,125,0.25
exp3_compliance_0.25,random,philippine,12510,165,1413,1104,92,36.15555555555556,108,0.25
exp3_compliance_0.25,back_to_front,philippine,12510,165,1431,1141,92,40.28333333333333,123,0.25
exp3_compliance_0.25,outside_in,philippine,12510,165,1459,1172,88,44.955555555555556,143,0.25
exp3_compliance_0.25,steffen,philippine,12510,165,1420,1131,94,44.34444444444444,121,0.25
exp3_compliance_0.25,random,philippine,12511,166,1541,1068,99,39.577777777777776,153,0.25
exp3_compliance_0.25,back_to_front,philippine,12511,166,1446,1292,77,46.5,142,0.25
exp3_compliance_0.25,outside_in,philippine,12511,166,1363,1102,84,41.233333333333334,125,0.25
exp3_compliance_0.25,steffen,philippine,12511,166,1362,1067,91,35.90555555555556,148,0.25
exp3_compliance_0.25,random,philippine,12512,167,1462,1053,87,39.19444444444444,123,0.25
exp3_compliance_0.25,back_to_front,philippine,12512,167,1454,1230,99,50.55,134,0.25
exp3_compliance_0.25,outside_in,philippine,12512,167,1362,1073,81,40.766666666666666,117,0.25
exp3_compliance_0.25,steffen,philippine,12512,167,1414,1196,89,47.93333333333333,161,0.25
exp3_compliance_0.25,random,philippine,12513,168,1471,1076,88,41.583333333333336,157,0.25
exp3_compliance_0.25,back_to_front,philippine,12513,168,1489,1185,95,41.68333333333333,122,0.25
exp3_compliance_0.25,outside_in,philippine,12513,168,1368,1102,78,39.74444444444445,122,0.25
exp3_compliance_0.25,steffen,philippine,12513,168,1396,1185,87,37.75555555555555,138,0.25
exp3_compliance_0.25,random,philippine,12514,169,1382,1092,87,41.28888888888889,113,0.25
exp3_compliance_0.25,back_to_front,philippine,12514,169,1348,1220,83,41.327777777777776,146,0.25
exp3_compliance_0.25,outside_in,philippine,12514,169,1493,967,94,42.35,124,0.25
exp3_compliance_0.25,steffen,philippine,12514,169,1415,1013,96,35.56111111111111,125,0.25
exp3_compliance_0.25,random,philippine,12515,170,1430,1108,84,41.95,136,0.25
exp3_compliance_0.25,back_to_front,philippine,12515,170,1356,1263,83,43.05555555555556,118,0.25
exp3_compliance_0.25,outside_in,philippine,12515,170,1296,1154,84,39.27777777777778,137,0.25
exp3_compliance_0.25,steffen,philippine,12515,170,1506,986,94,44.25,170,0.25
exp3_compliance_0.25,random,philippine,12516,171,1440,1109,89,47.294444444444444,155,0.25
exp3_compliance_0.25,back_to_front,philippine,12516,171,1401,1213,89,43.84444444444444,118,0.25
exp3_compliance_0.25,outside_in,philippine,12516,171,1432,941,88,40.44444444444444,133,0.25
exp3_compliance_0.25,steffen,philippine,12516,171,1523,1161,88,55.727777777777774,160,0.25
exp3_compliance_0.25,random,philippine,12517,172,1489,1185,86,43.166666666666664,129,0.25
exp3_compliance_0.25,back_to_front,philippine,12517,172,1376,1175,99,40.794444444444444,113,0.25
exp3_compliance_0.25,outside_in,philippine,12517,172,1412,1080,96,39.766666666666666,123,0.25
exp3_compliance_0.25,steffen,philippine,12517,172,1437,1001,100,36.98888888888889,130,0.25
exp3_compliance_0.25,random,philippine,12518,173,1398,1182,90,44.13333333333333,105,0.25
exp3_compliance_0.25,back_to_front,philippine,12518,173,1410,1287,87,51.41111111111111,146,0.25
exp3_compliance_0.25,outside_in,philippine,12518,173,1346,1162,89,42.93333333333333,132,0.25
exp3_compliance_0.25,steffen,philippine,12518,173,1422,1021,87,37.922222222222224,131,0.25
exp3_compliance_0.25,random,philippine,12519,174,1347,1175,78,40.80555555555556,133,0.25
exp3_compliance_0.25,back_to_front,philippine,12519,174,1418,1157,82,45.611111111111114,133,0.25
exp3_compliance_0.25,outside_in,philippine,12519,174,1498,1161,93,50.28888888888889,148,0.25
exp3_compliance_0.25,steffen,philippine,12519,174,1450,1095,92,41.98888888888889,147,0.25
exp3_compliance_0.25,random,philippine,12520,175,1431,1100,91,42.13333333333333,136,0.25
exp3_compliance_0.25,back_to_front,philippine,12520,175,1482,1216,88,46.59444444444444,161,0.25
exp3_compliance_0.25,outside_in,philippine,12520,175,1410,1076,75,40.73888888888889,123,0.25
exp3_compliance_0.25,steffen,philippine,12520,175,1299,1028,81,31.605555555555554,114,0.25
exp3_compliance_0.25,random,philippine,12521,176,1434,1124,98,45.016666666666666,202,0.25
exp3_compliance_0.25,back_to_front,philippine,12521,176,1423,1139,92,49.138888888888886,181,0.25
exp3_compliance_0.25,outside_in,philippine,12521,176,1293,1086,104,40.05555555555556,137,0.25
exp3_compliance_0.25,steffen,philippine,12521,176,1407,1018,89,35.72222222222222,120,0.25
exp3_compliance_0.25,random,philippine,12522,177,1409,1067,84,40.772222222222226,129,0.25
exp3_compliance_0.25,back_to_front,philippine,12522,177,1492,1221,82,50.172222222222224,147,0.25
exp3_compliance_0.25,outside_in,philippine,12522,177,1427,1029,100,40.605555555555554,141,0.25
exp3_compliance_0.25,steffen,philippine,12522,177,1355,1197,88,41.294444444444444,127,0.25
exp3_compliance_0.25,random,philippine,12523,178,1473,1068,90,41.544444444444444,142,0.25
exp3_compliance_0.25,back_to_front,philippine,12523,178,1556,1225,104,56.51111111111111,175,0.25
exp3_compliance_0.25,outside_in,philippine,12523,178,1389,1067,80,39.58888888888889,131,0.25
exp3_compliance_0.25,steffen,philippine,12523,178,1443,1120,95,44.388888888888886,142,0.25
exp3_compliance_0.25,random,philippine,12524,179,1346,1202,95,43.73888888888889,123,0.25
exp3_compliance_0.25,back_to_front,philippine,12524,179,1503,1167,79,44.861111111111114,141,0.25
exp3_compliance_0.25,outside_in,philippine,12524,179,1503,1094,84,39.12222222222222,138,0.25
exp3_compliance_0.25,steffen,philippine,12524,179,1347,1019,81,36.02777777777778,130,0.25
exp3_compliance_0.25,random,philippine,12525,180,1359,1104,93,41.483333333333334,122,0.25
exp3_compliance_0.25,back_to_front,philippine,12525,180,1435,1270,95,50.7,158,0.25
exp3_compliance_0.25,outside_in,philippine,12525,180,1451,1092,90,44.65,158,0.25
exp3_compliance_0.25,steffen,philippine,12525,180,1297,1204,72,38.827777777777776,149,0.25
exp3_compliance_0.25,random,philippine,12526,181,1333,1162,94,39.0,128,0.25
exp3_compliance_0.25,back_to_front,philippine,12526,181,1329,1228,79,39.361111111111114,128,0.25
exp3_compliance_0.25,outside_in,philippine,12526,181,1450,1206,94,43.37222222222222,129,0.25
exp3_compliance_0.25,steffen,philippine,12526,181,1376,1047,87,35.44444444444444,130,0.25
exp3_compliance_0.25,random,philippine,12527,182,1380,1098,89,40.43333333333333,111,0.25
exp3_compliance_0.25,back_to_front,philippine,12527,182,1454,1212,91,48.32222222222222,154,0.25
exp3_compliance_0.25,outside_in,philippine,12527,182,1333,1249,84,46.46666666666667,155,0.25
exp3_compliance_0.25,steffen,philippine,12527,182,1258,1002,89,35.43888888888889,113,0.25
exp3_compliance_0.25,random,philippine,12528,183,1457,1184,93,50.19444444444444,124,0.25
exp3_compliance_0.25,back_to_front,philippine,12528,183,1432,1098,97,48.577777777777776,131,0.25
exp3_compliance_0.25,outside_in,philippine,12528,183,1382,1169,89,41.86666666666667,135,0.25
exp3_compliance_0.25,steffen,philippine,12528,183,1394,1090,82,38.416666666666664,146,0.25
exp3_compliance_0.25,random,philippine,12529,184,1417,1002,93,33.55,111,0.25
exp3_compliance_0.25,back_to_front,philippine,12529,184,1361,1112,78,35.93333333333333,135,0.25
exp3_compliance_0.25,outside_in,philippine,12529,184,1467,1205,81,42.0,116,0.25
exp3_compliance_0.25,steffen,philippine,12529,184,1444,1218,96,42.516666666666666,151,0.25
exp3_compliance_0.25,random,philippine,12530,185,1480,1282,79,48.922222222222224,155,0.25
exp3_compliance_0.25,back_to_front,philippine,12530,185,1537,1250,88,53.12777777777778,202,0.25
exp3_compliance_0.25,outside_in,philippine,12530,185,1391,1102,88,39.166666666666664,109,0.25
exp3_compliance_0.25,steffen,philippine,12530,185,1482,902,87,39.138888888888886,138,0.25
exp3_compliance_0.25,random,philippine,12531,186,1478,1122,79,45.05555555555556,123,0.25
exp3_compliance_0.25,back_to_front,philippine,12531,186,1456,1143,86,47.0,148,0.25
exp3_compliance_0.25,outside_in,philippine,12531,186,1370,1091,94,39.38333333333333,108,0.25
exp3_compliance_0.25,steffen,philippine,12531,186,1391,1212,96,45.87222222222222,204,0.25
exp3_compliance_0.25,random,philippine,12532,187,1309,1058,85,34.58888888888889,110,0.25
exp3_compliance_0.25,back_to_front,philippine,12532,187,1462,1155,79,42.27777777777778,157,0.25
exp3_compliance_0.25,outside_in,philippine,12532,187,1382,1060,87,37.93333333333333,113,0.25
exp3_compliance_0.25,steffen,philippine,12532,187,1391,1192,78,44.638888888888886,133,0.25
exp3_compliance_0.25,random,philippine,12533,188,1356,1192,84,45.97222222222222,162,0.25
exp3_compliance_0.25,back_to_front,philippine,12533,188,1397,1176,91,39.577777777777776,119,0.25
exp3_compliance_0.25,outside_in,philippine,12533,188,1348,1273,77,41.611111111111114,150,0.25
exp3_compliance_0.25,steffen,philippine,12533,188,1325,1196,78,35.583333333333336,125,0.25
exp3_compliance_0.25,random,philippine,12534,189,1560,1174,94,49.43333333333333,174,0.25
exp3_compliance_0.25,back_to_front,philippine,12534,189,1353,1177,95,49.62777777777778,160,0.25
exp3_compliance_0.25,outside_in,philippine,12534,189,1350,1209,84,41.75555555555555,122,0.25
exp3_compliance_0.25,steffen,philippine,12534,189,1361,1055,86,38.8,121,0.25
exp3_compliance_0.25,random,philippine,12535,190,1491,1135,88,45.111111111111114,121,0.25
exp3_compliance_0.25,back_to_front,philippine,12535,190,1503,1216,100,46.13333333333333,134,0.25
exp3_compliance_0.25,outside_in,philippine,12535,190,1456,1209,88,51.105555555555554,153,0.25
exp3_compliance_0.25,steffen,philippine,12535,190,1400,1234,84,42.35,130,0.25
exp3_compliance_0.25,random,philippine,12536,191,1476,969,95,37.666666666666664,98,0.25
exp3_compliance_0.25,back_to_front,philippine,12536,191,1463,1049,86,46.016666666666666,144,0.25
exp3_compliance_0.25,outside_in,philippine,12536,191,1393,1075,81,38.772222222222226,135,0.25
exp3_compliance_0.25,steffen,philippine,12536,191,1228,1205,80,34.63333333333333,104,0.25
exp3_compliance_0.25,random,philippine,12537,192,1437,1038,86,41.705555555555556,124,0.25
exp3_compliance_0.25,back_to_front,philippine,12537,192,1471,1194,95,45.59444444444444,185,0.25
exp3_compliance_0.25,outside_in,philippine,12537,192,1401,1099,92,38.93333333333333,142,0.25
exp3_compliance_0.25,steffen,philippine,12537,192,1398,1099,89,38.25555555555555,128,0.25
exp3_compliance_0.25,random,philippine,12538,193,1357,1095,96,40.68333333333333,136,0.25
exp3_compliance_0.25,back_to_front,philippine,12538,193,1198,1303,89,41.18333333333333,129,0.25
exp3_compliance_0.25,outside_in,philippine,12538,193,1496,1163,80,49.62777777777778,176,0.25
exp3_compliance_0.25,steffen,philippine,12538,193,1432,1095,91,40.105555555555554,130,0.25
exp3_compliance_0.25,random,philippine,12539,194,1464,1071,85,39.07222222222222,120,0.25
exp3_compliance_0.25,back_to_front,philippine,12539,194,1479,1116,91,54.27777777777778,202,0.25
exp3_compliance_0.25,outside_in,philippine,12539,194,1421,1088,90,37.138888888888886,118,0.25
exp3_compliance_0.25,steffen,philippine,12539,194,1372,1126,89,36.77777777777778,106,0.25
exp3_compliance_0.25,random,philippine,12540,195,1428,1107,88,41.983333333333334,122,0.25
exp3_compliance_0.25,back_to_front,philippine,12540,195,1395,1379,88,45.68333333333333,149,0.25
exp3_compliance_0.25,outside_in,philippine,12540,195,1384,1028,93,40.26111111111111,150,0.25
exp3_compliance_0.25,steffen,philippine,12540,195,1305,986,86,29.194444444444443,98,0.25
exp3_compliance_0.25,random,philippine,12541,196,1397,1068,88,36.6,127,0.25
exp3_compliance_0.25,back_to_front,philippine,12541,196,1481,1465,96,55.09444444444444,198,0.25
exp3_compliance_0.25,outside_in,philippine,12541,196,1327,1095,81,40.105555555555554,140,0.25
exp3_compliance_0.25,steffen,philippine,12541,196,1470,1121,88,37.46666666666667,119,0.25
exp3_compliance_0.25,random,philippine,12542,197,1394,1223,94,41.8,124,0.25
exp3_compliance_0.25,back_to_front,philippine,12542,197,1449,1288,85,55.15555555555556,189,0.25
exp3_compliance_0.25,outside_in,philippine,12542,197,1365,1137,90,40.36666666666667,137,0.25
exp3_compliance_0.25,steffen,philippine,12542,197,1312,1134,82,39.422222222222224,109,0.25
exp3_compliance_0.25,random,philippine,12543,198,1430,1076,90,40.43888888888889,119,0.25
exp3_compliance_0.25,back_to_front,philippine,12543,198,1471,1214,94,51.455555555555556,165,0.25
exp3_compliance_0.25,outside_in,philippine,12543,198,1473,1031,105,39.38333333333333,128,0.25
exp3_compliance_0.25,steffen,philippine,12543,198,1342,944,78,36.53888888888889,110,0.25
exp3_compliance_0.25,random,philippine,12544,199,1650,1067,102,48.13333333333333,164,0.25
exp3_compliance_0.25,back_to_front,philippine,12544,199,1411,1271,80,46.53888888888889,156,0.25
exp3_compliance_0.25,outside_in,philippine,12544,199,1424,1147,74,39.577777777777776,108,0.25
exp3_compliance_0.25,steffen,philippine,12544,199,1415,1159,91,44.166666666666664,162,0.25
exp3_compliance_0.00,random,philippine,12345,0,1354,1044,82,36.81666666666667,115,0.0
exp3_compliance_0.00,back_to_front,philippine,12345,0,1527,1039,106,39.583333333333336,118,0.0
exp3_compliance_0.00,outside_in,philippine,12345,0,1415,999,89,42.96111111111111,131,0.0
exp3_compliance_0.00,steffen,philippine,12345,0,1318,971,96,35.955555555555556,145,0.0
exp3_compliance_0.00,random,philippine,12346,1,1386,1051,95,39.272222222222226,138,0.0
exp3_compliance_0.00,back_to_front,philippine,12346,1,1401,1122,99,39.46111111111111,116,0.0
exp3_compliance_0.00,outside_in,philippine,12346,1,1403,1104,88,39.727777777777774,139,0.0
exp3_compliance_0.00,steffen,philippine,12346,1,1327,1044,90,35.111111111111114,98,0.0
exp3_compliance_0.00,random,philippine,12347,2,1398,1115,96,37.36666666666667,127,0.0
exp3_compliance_0.00,back_to_front,philippine,12347,2,1345,1100,87,34.49444444444445,110,0.0
exp3_compliance_0.00,outside_in,philippine,12347,2,1377,1116,87,38.93888888888889,112,0.0
exp3_compliance_0.00,steffen,philippine,12347,2,1591,1193,94,50.87222222222222,178,0.0
exp3_compliance_0.00,random,philippine,12348,3,1522,1191,92,47.772222222222226,163,0.0
exp3_compliance_0.00,back_to_front,philippine,12348,3,1471,1042,77,41.022222222222226,121,0.0
exp3_compliance_0.00,outside_in,philippine,12348,3,1415,1102,89,43.86666666666667,125,0.0
exp3_compliance_0.00,steffen,philippine,12348,3,1417,1058,92,43.93888888888889,128,0.0
exp3_compliance_0.00,random,philippine,12349,4,1319,1055,92,39.727777777777774,141,0.0
exp3_compliance_0.00,back_to_front,philippine,12349,4,1417,1061,102,35.016666666666666,99,0.0
exp3_compliance_0.00,outside_in,philippine,12349,4,1400,1079,79,40.166666666666664,134,0.0
exp3_compliance_0.00,steffen,philippine,12349,4,1438,1245,99,44.05,152,0.0
exp3_compliance_0.00,random,philippine,12350,5,1403,1196,96,47.105555555555554,145,0.0
exp3_compliance_0.00,back_to_front,philippine,12350,5,1390,1040,95,41.57222222222222,113,0.0
exp3_compliance_0.00,outside_in,philippine,12350,5,1388,1043,92,40.266666666666666,149,0.0
exp3_compliance_0.00,steffen,philippine,12350,5,1405,1129,90,39.394444444444446,130,0.0
exp3_compliance_0.00,random,philippine,12351,6,1570,1050,101,48.81111111111111,154,0.0
exp3_compliance_0.00,back_to_front,philippine,12351,6,1378,1000,93,40.23888888888889,117,0.0
exp3_compliance_0.00,outside_in,philippine,12351,6,1435,930,96,34.68333333333333,114,0.0
exp3_compliance_0.00,steffen,philippine,12351,6,1462,964,87,41.15555555555556,124,0.0
exp3_compliance_0.00,random,philippine,12352,7,1459,989,76,36.083333333333336,100,0.0
exp3_compliance_0.00,back_to_front,philippine,12352,7,1491,1112,93,40.46111111111111,162,0.0
exp3_compliance_0.00,outside_in,philippine,12352,7,1371,1065,94,38.77777777777778,147,0.0
exp3_compliance_0.00,steffen,philippine,12352,7,1333,1006,89,37.28888888888889,106,0.0
exp3_compliance_0.00,random,philippine,12353,8,1400,1045,100,43.51111111111111,128,0.0
exp3_compliance_0.00,back_to_front,philippine,12353,8,1404,1229,90,44.416666666666664,136,0.0
exp3_compliance_0.00,outside_in,philippine,12353,8,1464,995,98,38.56666666666667,115,0.0
exp3_compliance_0.00,steffen,philippine,12353,8,1382,1072,84,36.46666666666667,168,0.0
exp3_compliance_0.00,random,philippine,12354,9,1359,1008,87,35.05,142,0.0
exp3_compliance_0.00,back_to_front,philippine,12354,9,1542,974,98,45.75,152,0.0
exp3_compliance_0.00,outside_in,philippine,12354,9,1471,1060,81,44.894444444444446,130,0.0
exp3_compliance_0.00,steffen,philippine,12354,9,1441,1006,86,37.4,124,0.0
exp3_compliance_0.00,random,philippine,12355,10,1551,1136,97,48.81666666666667,145,0.0
exp3_compliance_0.00,back_to_front,philippine,12355,10,1408,1050,93,37.794444444444444,118,0.0
exp3_compliance_0.00,outside_in,philippine,12355,10,1367,1034,91,38.45,117,0.0
exp3_compliance_0.00,steffen,philippine,12355,10,1360,1007,92,34.111111111111114,109,0.0
exp3_compliance_0.00,random,philippine,12356,11,1499,1129,87,45.03888888888889,120,0.0
exp3_compliance_0.00,back_to_front,philippine,12356,11,1482,1094,101,40.583333333333336,142,0.0
exp3_compliance_0.00,outside_in,philippine,12356,11,1300,1048,88,32.8,119,0.0
exp3_compliance_0.00,steffen,philippine,12356,11,1319,1147,86,37.894444444444446,128,0.0
exp3_compliance_0.00,random,philippine,12357,12,1445,1016,94,38.85,125,0.0
exp3_compliance_0.00,back_to_front,philippine,12357,12,1463,1039,93,45.71666666666667,164,0.0
exp3_compliance_0.00,outside_in,philippine,12357,12,1331,961,90,36.87777777777778,121,0.0
exp3_compliance_0.00,steffen,philippine,12357,12,1591,966,90,41.42777777777778,144,0.0
exp3_compliance_0.00,random,philippine,12358,13,1582,1008,91,35.96666666666667,108,0.0
exp3_compliance_0.00,back_to_front,philippine,12358,13,1473,1144,87,44.07222222222222,147,0.0
exp3_compliance_0.00,outside_in,philippine,12358,13,1319,1123,101,41.15555555555556,137,0.0
exp3_compliance_0.00,steffen,philippine,12358,13,1393,1146,89,43.58888888888889,133,0.0
exp3_compliance_0.00,random,philippine,12359,14,1449,1056,97,36.69444444444444,142,0.0
exp3_compliance_0.00,back_to_front,philippine,12359,14,1492,1143,86,42.077777777777776,163,0.0
exp3_compliance_0.00,outside_in,philippine,12359,14,1454,1053,86,39.638888888888886,121,0.0
exp3_compliance_0.00,steffen,philippine,12359,14,1486,1017,92,41.88333333333333,121,0.0
exp3_compliance_0.00,random,philippine,12360,15,1477,1177,86,39.87222222222222,134,0.0
exp3_compliance_0.00,back_to_front,philippine,12360,15,1367,996,97,35.85,93,0.0
exp3_compliance_0.00,outside_in,philippine,12360,15,1319,1075,90,36.272222222222226,126,0.0
exp3_compliance_0.00,steffen,philippine,12360,15,1363,962,83,37.388888888888886,118,0.0
exp3_compliance_0.00,random,philippine,12361,16,1458,1160,91,42.48888888888889,212,0.0
exp3_compliance_0.00,back_to_front,philippine,12361,16,1374,1002,85,35.43888888888889,105,0.0
exp3_compliance_0.00,outside_in,philippine,12361,16,1257,936,95,33.58888888888889,114,0.0
exp3_compliance_0.00,steffen,philippine,12361,16,1462,1032,103,40.1,139,0.0
exp3_compliance_0.00,random,philippine,12362,17,1464,1056,102,38.62777777777778,151,0.0
exp3_compliance_0.00,back_to_front,philippine,12362,17,1468,1057,99,37.02777777777778,117,0.0
exp3_compliance_0.00,outside_in,philippine,12362,17,1524,833,94,33.15555555555556,119,0.0
exp3_compliance_0.00,steffen,philippine,12362,17,1382,1111,99,42.97222222222222,135,0.0
exp3_compliance_0.00,random,philippine,12363,18,1459,875,86,38.48888888888889,134,0.0
exp3_compliance_0.00,back_to_front,philippine,12363,18,1351,972,80,39.23888888888889,122,0.0
exp3_compliance_0.00,outside_in,philippine,12363,18,1517,1072,88,43.43888888888889,116,0.0
exp3_compliance_0.00,steffen,philippine,12363,18,1602,1060,83,44.016666666666666,123,0.0
exp3_compliance_0.00,random,philippine,12364,19,1351,1063,73,36.23888888888889,104,0.0
exp3_compliance_0.00,back_to_front,philippine,12364,19,1458,1069,94,42.205555555555556,133,0.0
exp3_compliance_0.00,outside_in,philippine,12364,19,1424,1032,85,38.861111111111114,161,0.0
exp3_compliance_0.00,steffen,philippine,12364,19,1412,1088,92,41.605555555555554,100,0.0
exp3_compliance_0.00,random,philippine,12365,20,1317,1045,87,34.861111111111114,108,0.0
exp3_compliance_0.00,back_to_front,philippine,12365,20,1401,1050,81,34.94444444444444,121,0.0
exp3_compliance_0.00,outside_in,philippine,12365,20,1360,1137,79,40.76111111111111,132,0.0
exp3_compliance_0.00,steffen,philippine,12365,20,1326,1050,92,35.25,108,0.0
exp3_compliance_0.00,random,philippine,12366,21,1274,1046,77,35.016666666666666,116,0.0
exp3_compliance_0.00,back_to_front,philippine,12366,21,1449,1065,80,44.11666666666667,171,0.0
exp3_compliance_0.00,outside_in,philippine,12366,21,1397,1013,92,34.25,100,0.0
exp3_compliance_0.00,steffen,philippine,12366,21,1319,1005,93,37.56111111111111,114,0.0
exp3_compliance_0.00,random,philippine,12367,22,1485,1136,80,46.955555555555556,154,0.0
exp3_compliance_0.00,back_to_front,philippine,12367,22,1277,1128,93,35.98888888888889,153,0.0
exp3_compliance_0.00,outside_in,philippine,12367,22,1420,1308,84,48.2,187,0.0
exp3_compliance_0.00,steffen,philippine,12367,22,1358,1144,86,38.416666666666664,115,0.0
exp3_compliance_0.00,random,philippine,12368,23,1398,1081,94,40.61666666666667,126,0.0
exp3_compliance_0.00,back_to_front,philippine,12368,23,1409,1029,94,41.46111111111111,167,0.0
exp3_compliance_0.00,outside_in,philippine,12368,23,1380,1043,75,37.516666666666666,146,0.0
exp3_compliance_0.00,steffen,philippine,12368,23,1415,1085,98,41.666666666666664,117,0.0
exp3_compliance_0.00,random,philippine,12369,24,1248,1225,86,36.11666666666667,102,0.0
exp3_compliance_0.00,back_to_front,philippine,12369,24,1421,1176,91,42.28888888888889,147,0.0
exp3_compliance_0.00,outside_in,philippine,12369,24,1235,1094,92,34.99444444444445,118,0.0
exp3_compliance_0.00,steffen,philippine,12369,24,1319,1109,81,37.644444444444446,135,0.0
exp3_compliance_0.00,random,philippine,12370,25,1434,1152,85,45.705555555555556,156,0.0
exp3_compliance_0.00,back_to_front,philippine,12370,25,1468,983,92,39.80555555555556,110,0.0
exp3_compliance_0.00,outside_in,philippine,12370,25,1420,1070,100,38.55555555555556,110,0.0
exp3_compliance_0.00,steffen,philippine,12370,25,1474,1087,96,42.90555555555556,121,0.0
exp3_compliance_0.00,random,philippine,12371,26,1403,1075,85,42.577777777777776,128,0.0
exp3_compliance_0.00,back_to_front,philippine,12371,26,1465,1000,99,38.31111111111111,109,0.0
exp3_compliance_0.00,outside_in,philippine,12371,26,1529,1151,102,47.022222222222226,145,0.0
exp3_compliance_0.00,steffen,philippine,12371,26,1399,1046,88,38.41111111111111,142,0.0
exp3_compliance_0.00,random,philippine,12372,27,1445,1166,91,43.31111111111111,148,0.0
exp3_compliance_0.00,back_to_front,philippine,12372,27,1396,1071,93,38.84444444444444,111,0.0
exp3_compliance_0.00,outside_in,philippine,12372,27,1433,979,98,31.833333333333332,103,0.0
exp3_compliance_0.00,steffen,philippine,12372,27,1335,971,94,33.78888888888889,110,0.0
exp3_compliance_0.00,random,philippine,12373,28,1273,1060,77,32.38333333333333,100,0.0
exp3_compliance_0.00,back_to_front,philippine,12373,28,1433,1107,86,41.28333333333333,144,0.0
exp3_compliance_0.00,outside_in,philippine,12373,28,1291,1169,89,40.95,128,0.0
exp3_compliance_0.00,steffen,philippine,12373,28,1364,1013,93,38.077777777777776,122,0.0
exp3_compliance_0.00,random,philippine,12374,29,1350,1007,94,39.861111111111114,104,0.0
exp3_compliance_0.00,back_to_front,philippine,12374,29,1419,997,86,40.65,107,0.0
exp3_compliance_0.00,outside_in,philippine,12374,29,1409,1168,93,40.65555555555556,109,0.0
exp3_compliance_0.00,steffen,philippine,12374,29,1475,994,108,39.75,124,0.0
exp3_compliance_0.00,random,philippine,12375,30,1570,1103,85,44.8,117,0.0
exp3_compliance_0.00,back_to_front,philippine,12375,30,1402,964,83,34.18888888888889,96,0.0
exp3_compliance_0.00,outside_in,philippine,12375,30,1387,1014,101,35.77777777777778,112,0.0
exp3_compliance_0.00,steffen,philippine,12375,30,1397,1117,87,40.43333333333333,122,0.0
exp3_compliance_0.00,random,philippine,12376,31,1488,1078,94,46.638888888888886,149,0.0
exp3_compliance_0.00,back_to_front,philippine,12376,31,1396,1041,83,42.08888888888889,148,0.0
exp3_compliance_0.00,outside_in,philippine,12376,31,1429,1134,87,45.138888888888886,145,0.0
exp3_compliance_0.00,steffen,philippine,12376,31,1440,1175,91,43.233333333333334,135,0.0
exp3_compliance_0.00,random,philippine,12377,32,1440,1089,97,42.75,118,0.0
exp3_compliance_0.00,back_to_front,philippine,12377,32,1333,1009,88,32.172222222222224,96,0.0
exp3_compliance_0.00,outside_in,philippine,12377,32,1589,1083,98,46.15,151,0.0
exp3_compliance_0.00,steffen,philippine,12377,32,1368,1030,87,39.422222222222224,104,0.0
exp3_compliance_0.00,random,philippine,12378,33,1370,1215,83,46.8,137,0.0
exp3_compliance_0.00,back_to_front,philippine,12378,33,1467,1084,93,38.82222222222222,106,0.0
exp3_compliance_0.00,outside_in,philippine,12378,33,1423,1117,91,39.56111111111111,140,0.0
exp3_compliance_0.00,steffen,philippine,12378,33,1414,1107,84,38.82222222222222,118,0.0
exp3_compliance_0.00,random,philippine,12379,34,1393,1057,90,37.388888888888886,167,0.0
exp3_compliance_0.00,back_to_front,philippine,12379,34,1437,1226,82,44.455555555555556,138,0.0
exp3_compliance_0.00,outside_in,philippine,12379,34,1372,1166,92,42.355555555555554,129,0.0
exp3_compliance_0.00,steffen,philippine,12379,34,1382,1082,87,36.644444444444446,111,0.0
exp3_compliance_0.00,random,philippine,12380,35,1433,999,89,35.93333333333333,131,0.0
exp3_compliance_0.00,back_to_front,philippine,12380,35,1327,1043,103,34.3,123,0.0
exp3_compliance_0.00,outside_in,philippine,12380,35,1422,1066,94,40.105555555555554,133,0.0
exp3_compliance_0.00,steffen,philippine,12380,35,1428,926,86,37.76111111111111,136,0.0
exp3_compliance_0.00,random,philippine,12381,36,1326,1119,84,35.672222222222224,105,0.0
exp3_compliance_0.00,back_to_front,philippine,12381,36,1307,1154,78,41.91111111111111,120,0.0
exp3_compliance_0.00,outside_in,philippine,12381,36,1364,1091,96,40.17777777777778,130,0.0
exp3_compliance_0.00,steffen,philippine,12381,36,1353,1167,95,37.644444444444446,94,0.0
exp3_compliance_0.00,random,philippine,12382,37,1439,995,86,38.12222222222222,132,0.0
exp3_compliance_0.00,back_to_front,philippine,12382,37,1393,1064,97,42.03888888888889,141,0.0
exp3_compliance_0.00,outside_in,philippine,12382,37,1296,1042,80,34.35,125,0.0
exp3_compliance_0.00,steffen,philippine,12382,37,1407,1157,81,41.21111111111111,120,0.0
exp3_compliance_0.00,random,philippine,12383,38,1413,1188,90,38.19444444444444,113,0.0
exp3_compliance_0.00,back_to_front,philippine,12383,38,1314,931,90,34.416666666666664,117,0.0
exp3_compliance_0.00,outside_in,philippine,12383,38,1406,1093,93,40.922222222222224,174,0.0
exp3_compliance_0.00,steffen,philippine,12383,38,1454,1158,94,40.638888888888886,132,0.0
exp3_compliance_0.00,random,philippine,12384,39,1416,1103,80,43.855555555555554,155,0.0
exp3_compliance_0.00,back_to_front,philippine,12384,39,1639,917,93,42.37777777777778,158,0.0
exp3_compliance_0.00,outside_in,philippine,12384,39,1460,981,93,41.06111111111111,134,0.0
exp3_compliance_0.00,steffen,philippine,12384,39,1324,1122,98,41.62777777777778,138,0.0
exp3_compliance_0.00,random,philippine,12385,40,1427,1056,81,40.97222222222222,122,0.0
exp3_compliance_0.00,back_to_front,philippine,12385,40,1449,1103,88,38.477777777777774,112,0.0
exp3_compliance_0.00,outside_in,philippine,12385,40,1358,1304,86,45.23888888888889,148,0.0
exp3_compliance_0.00,steffen,philippine,12385,40,1374,1163,89,42.922222222222224,98,0.0
exp3_compliance_0.00,random,philippine,12386,41,1534,1150,89,40.99444444444445,121,0.0
exp3_compliance_0.00,back_to_front,philippine,12386,41,1382,953,84,35.78888888888889,110,0.0
exp3_compliance_0.00,outside_in,philippine,12386,41,1369,1018,94,35.43333333333333,127,0.0
exp3_compliance_0.00,steffen,philippine,12386,41,1489,1048,92,40.388888888888886,105,0.0
exp3_compliance_0.00,random,philippine,12387,42,1492,1066,87,45.99444444444445,140,0.0
exp3_compliance_0.00,back_to_front,philippine,12387,42,1418,1104,101,42.916666666666664,133,0.0
exp3_compliance_0.00,outside_in,philippine,12387,42,1408,923,94,32.76111111111111,108,0.0
exp3_compliance_0.00,steffen,philippine,12387,42,1489,976,102,35.30555555555556,118,0.0
exp3_compliance_0.00,random,philippine,12388,43,1429,1020,95,35.28333333333333,105,0.0
exp3_compliance_0.00,back_to_front,philippine,12388,43,1402,1006,86,35.227777777777774,115,0.0
exp3_compliance_0.00,outside_in,philippine,12388,43,1575,1040,99,37.66111111111111,134,0.0
exp3_compliance_0.00,steffen,philippine,12388,43,1410,1076,91,43.455555555555556,138,0.0
exp3_compliance_0.00,random,philippine,12389,44,1517,1124,84,52.13333333333333,184,0.0
exp3_compliance_0.00,back_to_front,philippine,12389,44,1468,1038,84,41.52777777777778,124,0.0
exp3_compliance_0.00,outside_in,philippine,12389,44,1407,1078,99,44.61666666666667,155,0.0
exp3_compliance_0.00,steffen,philippine,12389,44,1565,1105,100,48.72222222222222,135,0.0
exp3_compliance_0.00,random,philippine,12390,45,1383,982,102,39.65,171,0.0
exp3_compliance_0.00,back_to_front,philippine,12390,45,1409,1028,94,36.94444444444444,140,0.0
exp3_compliance_0.00,outside_in,philippine,12390,45,1415,1093,100,41.59444444444444,131,0.0
exp3_compliance_0.00,steffen,philippine,12390,45,1313,1158,87,44.27777777777778,130,0.0
exp3_compliance_0.00,random,philippine,12391,46,1367,1132,75,41.61666666666667,117,0.0
exp3_compliance_0.00,back_to_front,philippine,12391,46,1394,1129,93,37.12777777777778,97,0.0
exp3_compliance_0.00,outside_in,philippine,12391,46,1462,1229,98,38.82222222222222,107,0.0
exp3_compliance_0.00,steffen,philippine,12391,46,1409,1106,89,41.044444444444444,160,0.0
exp3_compliance_0.00,random,philippine,12392,47,1430,1003,79,38.233333333333334,113,0.0
exp3_compliance_0.00,back_to_front,philippine,12392,47,1385,954,82,37.516666666666666,134,0.0
exp3_compliance_0.00,outside_in,philippine,12392,47,1466,1012,94,39.93333333333333,124,0.0
exp3_compliance_0.00,steffen,philippine,12392,47,1472,1039,93,39.605555555555554,151,0.0
exp3_compliance_0.00,random,philippine,12393,48,1386,1004,98,36.98888888888889,153,0.0
exp3_compliance_0.00,back_to_front,philippine,12393,48,1453,997,98,41.18888888888889,131,0.0
exp3_compliance_0.00,outside_in,philippine,12393,48,1433,1147,101,50.68333333333333,173,0.0
exp3_compliance_0.00,steffen,philippine,12393,48,1496,1220,74,46.22222222222222,177,0.0
exp3_compliance_0.00,random,philippine,12394,49,1316,1073,84,36.0,131,0.0
exp3_compliance_0.00,back_to_front,philippine,12394,49,1537,1120,102,46.05555555555556,190,0.0
exp3_compliance_0.00,outside_in,philippine,12394,49,1382,1064,99,40.94444444444444,120,0.0
exp3_compliance_0.00,steffen,philippine,12394,49,1289,1111,90,37.922222222222224,124,0.0
exp3_compliance_0.00,random,philippine,12395,50,1332,1046,85,40.638888888888886,134,0.0
exp3_compliance_0.00,back_to_front,philippine,12395,50,1464,1159,89,33.98888888888889,107,0.0
exp3_compliance_0.00,outside_in,philippine,12395,50,1502,1073,92,38.82222222222222,136,0.0
exp3_compliance_0.00,steffen,philippine,12395,50,1444,961,90,34.205555555555556,138,0.0
exp3_compliance_0.00,random,philippine,12396,51,1278,1055,91,37.977777777777774,114,0.0
exp3_compliance_0.00,back_to_front,philippine,12396,51,1512,1064,99,46.7,133,0.0
exp3_compliance_0.00,outside_in,philippine,12396,51,1414,1130,79,36.43888888888889,115,0.0
exp3_compliance_0.00,steffen,philippine,12396,51,1334,1148,95,42.19444444444444,129,0.0
exp3_compliance_0.00,random,philippine,12397,52,1463,1148,91,44.55,152,0.0
exp3_compliance_0.00,back_to_front,philippine,12397,52,1471,1202,91,41.21111111111111,109,0.0
exp3_compliance_0.00,outside_in,philippine,12397,52,1442,1119,86,44.65555555555556,149,0.0
exp3_compliance_0.00,steffen,philippine,12397,52,1282,1106,86,36.15,123,0.0
exp3_compliance_0.00,random,philippine,12398,53,1431,1069,94,40.355555555555554,125,0.0
exp3_compliance_0.00,back_to_front,philippine,12398,53,1340,1109,91,38.19444444444444,110,0.0
exp3_compliance_0.00,outside_in,philippine,12398,53,1336,994,91,39.016666666666666,126,0.0
exp3_compliance_0.00,steffen,philippine,12398,53,1290,1140,89,42.63333333333333,141,0.0
exp3_compliance_0.00,random,philippine,12399,54,1386,952,85,35.233333333333334,122,0.0
exp3_compliance_0.00,back_to_front,philippine,12399,54,1434,979,91,36.53333333333333,130,0.0
exp3_compliance_0.00,outside_in,philippine,12399,54,1370,1059,79,40.95,122,0.0
exp3_compliance_0.00,steffen,philippine,12399,54,1374,1044,84,42.833333333333336,151,0.0
exp3_compliance_0.00,random,philippine,12400,55,1496,1223,90,45.96666666666667,131,0.0
exp3_compliance_0.00,back_to_front,philippine,12400,55,1371,958,88,37.93333333333333,126,0.0
exp3_compliance_0.00,outside_in,philippine,12400,55,1308,1073,95,37.27777777777778,126,0.0
exp3_compliance_0.00,steffen,philippine,12400,55,1544,1113,94,44.75555555555555,187,0.0
exp3_compliance_0.00,random,philippine,12401,56,1327,1076,86,37.166666666666664,119,0.0
exp3_compliance_0.00,back_to_front,philippine,12401,56,1333,1083,89,40.1,132,0.0
exp3_compliance_0.00,outside_in,philippine,12401,56,1381,1066,93,39.68888888888889,120,0.0
exp3_compliance_0.00,steffen,philippine,12401,56,1408,1003,91,36.53333333333333,149,0.0
exp3_compliance_0.00,random,philippine,12402,57,1378,1209,97,47.35,172,0.0
exp3_compliance_0.00,back_to_front,philippine,12402,57,1334,1022,86,36.477777777777774,133,0.0
exp3_compliance_0.00,outside_in,philippine,12402,57,1307,1181,107,47.388888888888886,145,0.0
exp3_compliance_0.00,steffen,philippine,12402,57,1254,1102,91,38.05555555555556,164,0.0
exp3_compliance_0.00,random,philippine,12403,58,1512,1111,88,47.33888888888889,142,0.0
exp3_compliance_0.00,back_to_front,philippine,12403,58,1394,1036,106,38.40555555555556,159,0.0
exp3_compliance_0.00,outside_in,philippine,12403,58,1405,1122,90,40.483333333333334,131,0.0
exp3_compliance_0.00,steffen,philippine,12403,58,1282,1128,98,33.18333333333333,108,0.0
exp3_compliance_0.00,random,philippine,12404,59,1311,1272,81,45.81666666666667,127,0.0
exp3_compliance_0.00,back_to_front,philippine,12404,59,1502,1191,92,47.272222222222226,161,0.0
exp3_compliance_0.00,outside_in,philippine,12404,59,1425,1044,96,39.233333333333334,111,0.0
exp3_compliance_0.00,steffen,philippine,12404,59,1433,1080,95,45.93333333333333,147,0.0
exp3_compliance_0.00,random,philippine,12405,60,1488,1089,90,40.977777777777774,126,0.0
exp3_compliance_0.00,back_to_front,philippine,12405,60,1391,952,109,39.172222222222224,122,0.0
exp3_compliance_0.00,outside_in,philippine,12405,60,1464,1021,94,37.46666666666667,120,0.0
exp3_compliance_0.00,steffen,philippine,12405,60,1447,1096,92,48.3,129,0.0
exp3_compliance_0.00,random,philippine,12406,61,1471,1059,95,41.28888888888889,121,0.0
exp3_compliance_0.00,back_to_front,philippine,12406,61,1452,1191,87,41.46666666666667,121,0.0
exp3_compliance_0.00,outside_in,philippine,12406,61,1434,1159,98,44.68888888888889,180,0.0
exp3_compliance_0.00,steffen,philippine,12406,61,1375,1006,93,39.422222222222224,134,0.0
exp3_compliance_0.00,random,philippine,12407,62,1295,1054,89,33.5,88,0.0
exp3_compliance_0.00,back_to_front,philippine,12407,62,1314,939,85,32.922222222222224,105,0.0
exp3_compliance_0.00,outside_in,philippine,12407,62,1279,1241,79,43.12222222222222,142,0.0
exp3_compliance_0.00,steffen,philippine,12407,62,1369,1124,84,39.24444444444445,120,0.0
exp3_compliance_0.00,random,philippine,12408,63,1439,1026,103,41.90555555555556,152,0.0
exp3_compliance_0.00,back_to_front,philippine,12408,63,1429,1079,90,36.21666666666667,135,0.0
exp3_compliance_0.00,outside_in,philippine,12408,63,1364,1177,79,39.06666666666667,132,0.0
exp3_compliance_0.00,steffen,philippine,12408,63,1353,1009,89,32.63333333333333,92,0.0
exp3_compliance_0.00,random,philippine,12409,64,1355,1075,85,37.605555555555554,113,0.0
exp3_compliance_0.00,back_to_front,philippine,12409,64,1437,1156,94,49.97222222222222,149,0.0
exp3_compliance_0.00,outside_in,philippine,12409,64,1452,1105,91,37.87222222222222,150,0.0
exp3_compliance_0.00,steffen,philippine,12409,64,1453,1178,87,44.977777777777774,125,0.0
exp3_compliance_0.00,random,philippine,12410,65,1333,1015,86,36.93333333333333,119,0.0
exp3_compliance_0.00,back_to_front,philippine,12410,65,1401,1046,94,38.172222222222224,127,0.0
exp3_compliance_0.00,outside_in,philippine,12410,65,1404,1013,95,40.827777777777776,150,0.0
exp3_compliance_0.00,steffen,philippine,12410,65,1366,1043,83,37.455555555555556,158,0.0
exp3_compliance_0.00,random,philippine,12411,66,1408,999,75,36.23888888888889,125,0.0
exp3_compliance_0.00,back_to_front,philippine,12411,66,1338,1186,93,45.105555555555554,146,0.0
exp3_compliance_0.00,outside_in,philippine,12411,66,1371,989,75,35.03888888888889,106,0.0
exp3_compliance_0.00,steffen,philippine,12411,66,1378,935,95,35.78333333333333,148,0.0
exp3_compliance_0.00,random,philippine,12412,67,1442,906,100,35.03333333333333,109,0.0
exp3_compliance_0.00,back_to_front,philippine,12412,67,1404,1199,70,43.166666666666664,139,0.0
exp3_compliance_0.00,outside_in,philippine,12412,67,1400,1207,97,52.522222222222226,183,0.0
exp3_compliance_0.00,steffen,philippine,12412,67,1387,1053,88,38.666666666666664,105,0.0
exp3_compliance_0.00,random,philippine,12413,68,1445,1202,81,47.983333333333334,127,0.0
exp3_compliance_0.00,back_to_front,philippine,12413,68,1381,1077,99,35.71666666666667,110,0.0
exp3_compliance_0.00,outside_in,philippine,12413,68,1424,1034,95,42.26111111111111,131,0.0
exp3_compliance_0.00,steffen,philippine,12413,68,1347,1089,105,39.827777777777776,143,0.0
exp3_compliance_0.00,random,philippine,12414,69,1508,1109,88,44.794444444444444,122,0.0
exp3_compliance_0.00,back_to_front,philippine,12414,69,1399,1074,84,43.81666666666667,135,0.0
exp3_compliance_0.00,outside_in,philippine,12414,69,1436,1179,76,41.66111111111111,149,0.0
exp3_compliance_0.00,steffen,philippine,12414,69,1310,914,86,34.18333333333333,132,0.0
exp3_compliance_0.00,random,philippine,12415,70,1432,1130,105,41.31666666666667,145,0.0
exp3_compliance_0.00,back_to_front,philippine,12415,70,1484,1186,95,41.4,115,0.0
exp3_compliance_0.00,outside_in,philippine,12415,70,1434,1119,84,40.80555555555556,140,0.0
exp3_compliance_0.00,steffen,philippine,12415,70,1354,1136,99,35.61666666666667,137,0.0
exp3_compliance_0.00,random,philippine,12416,71,1442,1187,98,44.0,132,0.0
exp3_compliance_0.00,back_to_front,philippine,12416,71,1400,1073,98,43.166666666666664,131,0.0
exp3_compliance_0.00,outside_in,philippine,12416,71,1312,1029,78,32.327777777777776,84,0.0
exp3_compliance_0.00,steffen,philippine,12416,71,1292,1138,79,31.9,98,0.0
exp3_compliance_0.00,random,philippine,12417,72,1440,973,100,38.522222222222226,121,0.0
exp3_compliance_0.00,back_to_front,philippine,12417,72,1268,971,78,33.26111111111111,112,0.0
exp3_compliance_0.00,outside_in,philippine,12417,72,1301,1045,86,39.55,142,0.0
exp3_compliance_0.00,steffen,philippine,12417,72,1413,1044,95,39.233333333333334,118,0.0
exp3_compliance_0.00,random,philippine,12418,73,1429,1094,95,48.43888888888889,133,0.0
exp3_compliance_0.00,back_to_front,philippine,12418,73,1454,1181,90,47.01111111111111,133,0.0
exp3_compliance_0.00,outside_in,philippine,12418,73,1348,1055,96,38.92777777777778,128,0.0
exp3_compliance_0.00,steffen,philippine,12418,73,1336,1044,79,34.394444444444446,132,0.0
exp3_compliance_0.00,random,philippine,12419,74,1403,1131,84,40.772222222222226,171,0.0
exp3_compliance_0.00,back_to_front,philippine,12419,74,1261,1078,70,30.894444444444446,108,0.0
exp3_compliance_0.00,outside_in,philippine,12419,74,1345,1214,80,41.99444444444445,147,0.0
exp3_compliance_0.00,steffen,philippine,12419,74,1319,1141,102,38.09444444444444,128,0.0
exp3_compliance_0.00,random,philippine,12420,75,1568,1044,117,45.49444444444445,139,0.0
exp3_compliance_0.00,back_to_front,philippine,12420,75,1316,1121,90,35.455555555555556,152,0.0
exp3_compliance_0.00,outside_in,philippine,12420,75,1257,1086,73,36.12777777777778,125,0.0
exp3_compliance_0.00,steffen,philippine,12420,75,1300,1107,74,41.94444444444444,165,0.0
exp3_compliance_0.00,random,philippine,12421,76,1362,1184,90,40.7,116,0.0
exp3_compliance_0.00,back_to_front,philippine,12421,76,1377,1104,85,38.044444444444444,108,0.0
exp3_compliance_0.00,outside_in,philippine,12421,76,1357,1148,90,36.68333333333333,130,0.0
exp3_compliance_0.00,steffen,philippine,12421,76,1445,1209,86,46.105555555555554,134,0.0
exp3_compliance_0.00,random,philippine,12422,77,1344,1117,84,37.3,132,0.0
exp3_compliance_0.00,back_to_front,philippine,12422,77,1523,1020,95,42.227777777777774,120,0.0
exp3_compliance_0.00,outside_in,philippine,12422,77,1418,1126,106,43.06111111111111,122,0.0
exp3_compliance_0.00,steffen,philippine,12422,77,1360,1143,87,41.37777777777778,164,0.0
exp3_compliance_0.00,random,philippine,12423,78,1420,917,91,35.44444444444444,119,0.0
exp3_compliance_0.00,back_to_front,philippine,12423,78,1331,1137,74,35.2,105,0.0
exp3_compliance_0.00,outside_in,philippine,12423,78,1419,1096,96,36.00555555555555,137,0.0
exp3_compliance_0.00,steffen,philippine,12423,78,1380,1142,92,38.0,123,0.0
exp3_compliance_0.00,random,philippine,12424,79,1367,973,93,34.95,126,0.0
exp3_compliance_0.00,back_to_front,philippine,12424,79,1337,1007,77,36.50555555555555,127,0.0
exp3_compliance_0.00,outside_in,philippine,12424,79,1366,969,85,35.68888888888889,108,0.0
exp3_compliance_0.00,steffen,philippine,12424,79,1500,1064,88,41.90555555555556,130,0.0
exp3_compliance_0.00,random,philippine,12425,80,1377,1110,87,41.861111111111114,134,0.0
exp3_compliance_0.00,back_to_front,philippine,12425,80,1407,1079,95,41.15,174,0.0
exp3_compliance_0.00,outside_in,philippine,12425,80,1391,1029,94,38.7,172,0.0
exp3_compliance_0.00,steffen,philippine,12425,80,1420,1037,90,42.01111111111111,134,0.0
exp3_compliance_0.00,random,philippine,12426,81,1414,1204,85,48.45,163,0.0
exp3_compliance_0.00,back_to_front,philippine,12426,81,1376,1121,94,40.34444444444444,144,0.0
exp3_compliance_0.00,outside_in,philippine,12426,81,1389,1130,91,44.272222222222226,110,0.0
exp3_compliance_0.00,steffen,philippine,12426,81,1422,1193,99,47.30555555555556,162,0.0
exp3_compliance_0.00,random,philippine,12427,82,1314,1097,94,34.955555555555556,106,0.0
exp3_compliance_0.00,back_to_front,philippine,12427,82,1505,1080,85,46.18888888888889,169,0.0
exp3_compliance_0.00,outside_in,philippine,12427,82,1359,1070,87,45.01111111111111,128,0.0
exp3_compliance_0.00,steffen,philippine,12427,82,1343,1001,76,32.93888888888889,87,0.0
exp3_compliance_0.00,random,philippine,12428,83,1340,1084,89,33.23888888888889,127,0.0
exp3_compliance_0.00,back_to_front,philippine,12428,83,1412,1203,84,43.638888888888886,129,0.0
exp3_compliance_0.00,outside_in,philippine,12428,83,1452,1073,100,42.42777777777778,126,0.0
exp3_compliance_0.00,steffen,philippine,12428,83,1466,1092,97,39.43333333333333,136,0.0
exp3_compliance_0.00,random,philippine,12429,84,1394,1165,89,41.583333333333336,116,0.0
exp3_compliance_0.00,back_to_front,philippine,12429,84,1304,1092,95,38.105555555555554,105,0.0
exp3_compliance_0.00,outside_in,philippine,12429,84,1489,1078,100,49.94444444444444,164,0.0
exp3_compliance_0.00,steffen,philippine,12429,84,1429,1167,84,44.24444444444445,135,0.0
exp3_compliance_0.00,random,philippine,12430,85,1297,1033,80,39.888888888888886,139,0.0
exp3_compliance_0.00,back_to_front,philippine,12430,85,1480,996,95,37.477777777777774,128,0.0
exp3_compliance_0.00,outside_in,philippine,12430,85,1230,1134,88,36.09444444444444,129,0.0
exp3_compliance_0.00,steffen,philippine,12430,85,1412,1113,104,43.077777777777776,155,0.0
exp3_compliance_0.00,random,philippine,12431,86,1408,1061,75,38.638888888888886,91,0.0
exp3_compliance_0.00,back_to_front,philippine,12431,86,1289,1033,86,34.77777777777778,104,0.0
exp3_compliance_0.00,outside_in,philippine,12431,86,1572,1038,89,47.12222222222222,161,0.0
exp3_compliance_0.00,steffen,philippine,12431,86,1404,1191,100,41.96666666666667,123,0.0
exp3_compliance_0.00,random,philippine,12432,87,1430,1066,99,40.577777777777776,135,0.0
exp3_compliance_0.00,back_to_front,philippine,12432,87,1481,1158,89,48.93888888888889,152,0.0
exp3_compliance_0.00,outside_in,philippine,12432,87,1425,1103,92,40.08888888888889,120,0.0
exp3_compliance_0.00,steffen,philippine,12432,87,1406,992,114,38.27777777777778,144,0.0
exp3_compliance_0.00,random,philippine,12433,88,1423,1230,102,47.09444444444444,146,0.0
exp3_compliance_0.00,back_to_front,philippine,12433,88,1543,1003,88,42.61666666666667,128,0.0
exp3_compliance_0.00,outside_in,philippine,12433,88,1379,1151,89,38.45,148,0.0
exp3_compliance_0.00,steffen,philippine,12433,88,1538,991,95,39.65555555555556,111,0.0
exp3_compliance_0.00,random,philippine,12434,89,1362,1181,81,42.65555555555556,119,0.0
exp3_compliance_0.00,back_to_front,philippine,12434,89,1348,1075,94,40.38333333333333,158,0.0
exp3_compliance_0.00,outside_in,philippine,12434,89,1279,1012,95,32.22222222222222,101,0.0
exp3_compliance_0.00,steffen,philippine,12434,89,1370,1092,94,36.08888888888889,121,0.0
exp3_compliance_0.00,random,philippine,12435,90,1364,1049,90,37.605555555555554,135,0.0
exp3_compliance_0.00,back_to_front,philippine,12435,90,1389,1044,89,41.15,138,0.0
exp3_compliance_0.00,outside_in,philippine,12435,90,1318,1009,82,37.53888888888889,133,0.0
exp3_compliance_0.00,steffen,philippine,12435,90,1337,1145,91,35.78333333333333,120,0.0
exp3_compliance_0.00,random,philippine,12436,91,1420,948,73,37.73888888888889,161,0.0
exp3_compliance_0.00,back_to_front,philippine,12436,91,1404,987,84,36.01111111111111,126,0.0
exp3_compliance_0.00,outside_in,philippine,12436,91,1438,1035,92,42.65555555555556,138,0.0
exp3_compliance_0.00,steffen,philippine,12436,91,1336,1061,86,40.33888888888889,114,0.0
exp3_compliance_0.00,random,philippine,12437,92,1328,956,91,31.094444444444445,108,0.0
exp3_compliance_0.00,back_to_front,philippine,12437,92,1300,1181,98,42.861111111111114,166,0.0
exp3_compliance_0.00,outside_in,philippine,12437,92,1558,1034,95,43.144444444444446,132,0.0
exp3_compliance_0.00,steffen,philippine,12437,92,1381,1075,95,38.43888888888889,107,0.0
exp3_compliance_0.00,random,philippine,12438,93,1345,1094,86,37.644444444444446,128,0.0
exp3_compliance_0.00,back_to_front,philippine,12438,93,1425,986,81,40.455555555555556,138,0.0
exp3_compliance_0.00,outside_in,philippine,12438,93,1386,1149,73,41.13333333333333,110,0.0
exp3_compliance_0.00,steffen,philippine,12438,93,1444,1035,91,39.105555555555554,111,0.0
exp3_compliance_0.00,random,philippine,12439,94,1394,1179,85,41.36666666666667,115,0.0
exp3_compliance_0.00,back_to_front,philippine,12439,94,1461,1094,110,41.16111111111111,118,0.0
exp3_compliance_0.00,outside_in,philippine,12439,94,1329,1124,97,43.827777777777776,116,0.0
exp3_compliance_0.00,steffen,philippine,12439,94,1618,1153,107,39.50555555555555,122,0.0
exp3_compliance_0.00,random,philippine,12440,95,1409,1111,101,43.47222222222222,169,0.0
exp3_compliance_0.00,back_to_front,philippine,12440,95,1330,1273,89,39.37777777777778,120,0.0
exp3_compliance_0.00,outside_in,philippine,12440,95,1390,1093,91,38.955555555555556,164,0.0
exp3_compliance_0.00,steffen,philippine,12440,95,1321,1144,95,37.8,158,0.0
exp3_compliance_0.00,random,philippine,12441,96,1376,1056,102,39.85,99,0.0
exp3_compliance_0.00,back_to_front,philippine,12441,96,1427,1161,103,42.24444444444445,122,0.0
exp3_compliance_0.00,outside_in,philippine,12441,96,1486,1131,80,47.37777777777778,168,0.0
exp3_compliance_0.00,steffen,philippine,12441,96,1327,949,85,32.31111111111111,127,0.0
exp3_compliance_0.00,random,philippine,12442,97,1422,1156,102,45.56666666666667,137,0.0
exp3_compliance_0.00,back_to_front,philippine,12442,97,1343,939,90,37.5,104,0.0
exp3_compliance_0.00,outside_in,philippine,12442,97,1416,1281,92,47.6,137,0.0
exp3_compliance_0.00,steffen,philippine,12442,97,1451,1094,100,38.75,148,0.0
exp3_compliance_0.00,random,philippine,12443,98,1450,1114,84,46.15555555555556,126,0.0
exp3_compliance_0.00,back_to_front,philippine,12443,98,1261,1129,88,38.06111111111111,153,0.0
exp3_compliance_0.00,outside_in,philippine,12443,98,1470,1098,87,41.46111111111111,121,0.0
exp3_compliance_0.00,steffen,philippine,12443,98,1333,1217,95,42.22222222222222,160,0.0
exp3_compliance_0.00,random,philippine,12444,99,1411,1000,98,36.638888888888886,111,0.0
exp3_compliance_0.00,back_to_front,philippine,12444,99,1489,1134,92,43.66111111111111,178,0.0
exp3_compliance_0.00,outside_in,philippine,12444,99,1311,958,78,36.388888888888886,115,0.0
exp3_compliance_0.00,steffen,philippine,12444,99,1357,1001,88,42.78888888888889,158,0.0
exp3_compliance_0.00,random,philippine,12445,100,1546,1116,103,51.52777777777778,141,0.0
exp3_compliance_0.00,back_to_front,philippine,12445,100,1343,985,108,34.05555555555556,107,0.0
exp3_compliance_0.00,outside_in,philippine,12445,100,1353,1063,88,37.93333333333333,98,0.0
exp3_compliance_0.00,steffen,philippine,12445,100,1407,1056,87,41.52777777777778,136,0.0
exp3_compliance_0.00,random,philippine,12446,101,1441,1106,90,44.28333333333333,130,0.0
exp3_compliance_0.00,back_to_front,philippine,12446,101,1399,1152,83,38.31111111111111,138,0.0
exp3_compliance_0.00,outside_in,philippine,12446,101,1422,1063,81,32.78888888888889,97,0.0
exp3_compliance_0.00,steffen,philippine,12446,101,1399,1146,88,43.56111111111111,126,0.0
exp3_compliance_0.00,random,philippine,12447,102,1423,1185,92,45.21111111111111,129,0.0
exp3_compliance_0.00,back_to_front,philippine,12447,102,1380,1012,86,37.45,121,0.0
exp3_compliance_0.00,outside_in,philippine,12447,102,1438,1020,92,39.26111111111111,128,0.0
exp3_compliance_0.00,steffen,philippine,12447,102,1456,1123,99,43.44444444444444,152,0.0
exp3_compliance_0.00,random,philippine,12448,103,1438,999,90,36.26111111111111,100,0.0
exp3_compliance_0.00,back_to_front,philippine,12448,103,1341,1049,92,36.92777777777778,121,0.0
exp3_compliance_0.00,outside_in,philippine,12448,103,1448,961,94,33.93888888888889,121,0.0
exp3_compliance_0.00,steffen,philippine,12448,103,1513,1115,85,40.577777777777776,109,0.0
exp3_compliance_0.00,random,philippine,12449,104,1377,1027,86,41.544444444444444,142,0.0
exp3_compliance_0.00,back_to_front,philippine,12449,104,1451,1003,91,42.772222222222226,125,0.0
exp3_compliance_0.00,outside_in,philippine,12449,104,1536,1169,104,42.71666666666667,124,0.0
exp3_compliance_0.00,steffen,philippine,12449,104,1528,1088,102,40.34444444444444,129,0.0
exp3_compliance_0.00,random,philippine,12450,105,1467,1024,100,38.22222222222222,132,0.0
exp3_compliance_0.00,back_to_front,philippine,12450,105,1352,962,83,38.53888888888889,149,0.0
exp3_compliance_0.00,outside_in,philippine,12450,105,1362,1019,84,40.3,143,0.0
exp3_compliance_0.00,steffen,philippine,12450,105,1362,1085,77,37.6,105,0.0
exp3_compliance_0.00,random,philippine,12451,106,1403,980,85,36.06111111111111,115,0.0
exp3_compliance_0.00,back_to_front,philippine,12451,106,1452,1169,93,48.83888888888889,145,0.0
exp3_compliance_0.00,outside_in,philippine,12451,106,1353,1009,95,39.08888888888889,146,0.0
exp3_compliance_0.00,steffen,philippine,12451,106,1304,1009,88,31.366666666666667,121,0.0
exp3_compliance_0.00,random,philippine,12452,107,1322,1116,74,36.32222222222222,134,0.0
exp3_compliance_0.00,back_to_front,philippine,12452,107,1410,1039,100,35.81111111111111,117,0.0
exp3_compliance_0.00,outside_in,philippine,12452,107,1425,1250,108,47.72222222222222,134,0.0
exp3_compliance_0.00,steffen,philippine,12452,107,1426,1073,84,38.833333333333336,133,0.0
exp3_compliance_0.00,random,philippine,12453,108,1381,1064,86,37.827777777777776,123,0.0
exp3_compliance_0.00,back_to_front,philippine,12453,108,1239,1026,92,33.93333333333333,119,0.0
exp3_compliance_0.00,outside_in,philippine,12453,108,1330,949,89,38.833333333333336,118,0.0
exp3_compliance_0.00,steffen,philippine,12453,108,1482,943,84,36.733333333333334,125,0.0
exp3_compliance_0.00,random,philippine,12454,109,1369,1142,75,38.94444444444444,132,0.0
exp3_compliance_0.00,back_to_front,philippine,12454,109,1447,1187,95,45.388888888888886,163,0.0
exp3_compliance_0.00,outside_in,philippine,12454,109,1357,1128,87,41.266666666666666,128,0.0
exp3_compliance_0.00,steffen,philippine,12454,109,1432,1040,99,39.27777777777778,144,0.0
exp3_compliance_0.00,random,philippine,12455,110,1490,1246,96,51.46111111111111,161,0.0
exp3_compliance_0.00,back_to_front,philippine,12455,110,1374,1067,89,39.416666666666664,113,0.0
exp3_compliance_0.00,outside_in,philippine,12455,110,1406,1084,95,37.388888888888886,124,0.0
exp3_compliance_0.00,steffen,philippine,12455,110,1494,1189,94,44.42777777777778,141,0.0
exp3_compliance_0.00,random,philippine,12456,111,1303,1129,81,35.916666666666664,132,0.0
exp3_compliance_0.00,back_to_front,philippine,12456,111,1346,1081,84,38.21666666666667,114,0.0
exp3_compliance_0.00,outside_in,philippine,12456,111,1444,1131,81,49.56666666666667,161,0.0
exp3_compliance_0.00,steffen,philippine,12456,111,1455,1022,91,39.35,157,0.0
exp3_compliance_0.00,random,philippine,12457,112,1413,1030,96,43.99444444444445,125,0.0
exp3_compliance_0.00,back_to_front,philippine,12457,112,1247,1149,87,35.611111111111114,116,0.0
exp3_compliance_0.00,outside_in,philippine,12457,112,1419,1114,106,39.21111111111111,147,0.0
exp3_compliance_0.00,steffen,philippine,12457,112,1467,993,101,40.36666666666667,113,0.0
exp3_compliance_0.00,random,philippine,12458,113,1330,1296,89,47.355555555555554,138,0.0
exp3_compliance_0.00,back_to_front,philippine,12458,113,1449,1066,89,43.51111111111111,115,0.0
exp3_compliance_0.00,outside_in,philippine,12458,113,1483,1149,89,45.8,161,0.0
exp3_compliance_0.00,steffen,philippine,12458,113,1543,1091,90,47.88333333333333,156,0.0
exp3_compliance_0.00,random,philippine,12459,114,1407,966,96,37.605555555555554,121,0.0
exp3_compliance_0.00,back_to_front,philippine,12459,114,1543,1090,84,46.977777777777774,174,0.0
exp3_compliance_0.00,outside_in,philippine,12459,114,1336,1041,101,39.58888888888889,131,0.0
exp3_compliance_0.00,steffen,philippine,12459,114,1480,1045,97,42.855555555555554,114,0.0
exp3_compliance_0.00,random,philippine,12460,115,1414,1018,90,40.78333333333333,132,0.0
exp3_compliance_0.00,back_to_front,philippine,12460,115,1390,1025,80,35.105555555555554,109,0.0
exp3_compliance_0.00,outside_in,philippine,12460,115,1412,949,88,37.62777777777778,105,0.0
exp3_compliance_0.00,steffen,philippine,12460,115,1318,1142,78,35.19444444444444,95,0.0
exp3_compliance_0.00,random,philippine,12461,116,1363,1092,84,37.81666666666667,119,0.0
exp3_compliance_0.00,back_to_front,philippine,12461,116,1274,1154,83,40.47222222222222,125,0.0
exp3_compliance_0.00,outside_in,philippine,12461,116,1431,1086,95,38.53888888888889,112,0.0
exp3_compliance_0.00,steffen,philippine,12461,116,1433,1015,77,38.31111111111111,111,0.0
exp3_compliance_0.00,random,philippine,12462,117,1412,1049,82,36.5,136,0.0
exp3_compliance_0.00,back_to_front,philippine,12462,117,1380,1028,101,38.4,120,0.0
exp3_compliance_0.00,outside_in,philippine,12462,117,1517,1161,78,42.87777777777778,138,0.0
exp3_compliance_0.00,steffen,philippine,12462,117,1390,985,90,37.65,118,0.0
exp3_compliance_0.00,random,philippine,12463,118,1356,1013,83,38.59444444444444,112,0.0
exp3_compliance_0.00,back_to_front,philippine,12463,118,1373,1168,84,39.45,106,0.0
exp3_compliance_0.00,outside_in,philippine,12463,118,1336,1030,97,36.977777777777774,105,0.0
exp3_compliance_0.00,steffen,philippine,12463,118,1424,1055,85,37.48888888888889,119,0.0
exp3_compliance_0.00,random,philippine,12464,119,1350,1061,76,40.077777777777776,110,0.0
exp3_compliance_0.00,back_to_front,philippine,12464,119,1446,1136,95,43.03333333333333,143,0.0
exp3_compliance_0.00,outside_in,philippine,12464,119,1396,1118,87,40.73888888888889,126,0.0
exp3_compliance_0.00,steffen,philippine,12464,119,1318,1127,90,42.34444444444444,145,0.0
exp3_compliance_0.00,random,philippine,12465,120,1424,1147,89,39.55,139,0.0
exp3_compliance_0.00,back_to_front,philippine,12465,120,1475,1122,90,39.25,111,0.0
exp3_compliance_0.00,outside_in,philippine,12465,120,1475,1133,85,46.583333333333336,152,0.0
exp3_compliance_0.00,steffen,philippine,12465,120,1435,1017,87,38.50555555555555,108,0.0
exp3_compliance_0.00,random,philippine,12466,121,1497,1071,95,37.76111111111111,123,0.0
exp3_compliance_0.00,back_to_front,philippine,12466,121,1391,1103,93,35.71111111111111,127,0.0
exp3_compliance_0.00,outside_in,philippine,12466,121,1300,1095,90,34.18333333333333,91,0.0
exp3_compliance_0.00,steffen,philippine,12466,121,1271,1051,91,27.461111111111112,121,0.0
exp3_compliance_0.00,random,philippine,12467,122,1458,1067,89,39.97222222222222,122,0.0
exp3_compliance_0.00,back_to_front,philippine,12467,122,1360,1058,79,34.861111111111114,102,0.0
exp3_compliance_0.00,outside_in,philippine,12467,122,1368,1122,91,36.82222222222222,118,0.0
exp3_compliance_0.00,steffen,philippine,12467,122,1398,979,96,42.916666666666664,177,0.0
exp3_compliance_0.00,random,philippine,12468,123,1390,1137,75,36.43333333333333,117,0.0
exp3_compliance_0.00,back_to_front,philippine,12468,123,1403,1123,104,44.06111111111111,130,0.0
exp3_compliance_0.00,outside_in,philippine,12468,123,1331,1151,79,35.544444444444444,128,0.0
exp3_compliance_0.00,steffen,philippine,12468,123,1332,1096,91,37.35,116,0.0
exp3_compliance_0.00,random,philippine,12469,124,1388,1141,93,42.93333333333333,135,0.0
exp3_compliance_0.00,back_to_front,philippine,12469,124,1376,1170,109,36.92777777777778,138,0.0
exp3_compliance_0.00,outside_in,philippine,12469,124,1493,1033,96,39.30555555555556,121,0.0
exp3_compliance_0.00,steffen,philippine,12469,124,1414,1083,92,39.19444444444444,114,0.0
exp3_compliance_0.00,random,philippine,12470,125,1401,1062,101,42.75,156,0.0
exp3_compliance_0.00,back_to_front,philippine,12470,125,1377,1161,90,43.611111111111114,125,0.0
exp3_compliance_0.00,outside_in,philippine,12470,125,1470,1088,87,41.56111111111111,144,0.0
exp3_compliance_0.00,steffen,philippine,12470,125,1464,1076,83,38.66111111111111,113,0.0
exp3_compliance_0.00,random,philippine,12471,126,1357,1143,99,41.083333333333336,131,0.0
exp3_compliance_0.00,back_to_front,philippine,12471,126,1398,1067,96,41.24444444444445,158,0.0
exp3_compliance_0.00,outside_in,philippine,12471,126,1366,1144,87,41.0,134,0.0
exp3_compliance_0.00,steffen,philippine,12471,126,1410,1030,90,42.13333333333333,161,0.0
exp3_compliance_0.00,random,philippine,12472,127,1440,1161,94,39.855555555555554,159,0.0
exp3_compliance_0.00,back_to_front,philippine,12472,127,1485,1189,90,44.34444444444444,118,0.0
exp3_compliance_0.00,outside_in,philippine,12472,127,1527,1082,90,55.30555555555556,146,0.0
exp3_compliance_0.00,steffen,philippine,12472,127,1422,1127,90,46.577777777777776,159,0.0
exp3_compliance_0.00,random,philippine,12473,128,1430,1023,85,34.81111111111111,114,0.0
exp3_compliance_0.00,back_to_front,philippine,12473,128,1301,1044,78,38.28888888888889,111,0.0
exp3_compliance_0.00,outside_in,philippine,12473,128,1488,1090,92,36.92777777777778,112,0.0
exp3_compliance_0.00,steffen,philippine,12473,128,1322,1011,95,32.077777777777776,107,0.0
exp3_compliance_0.00,random,philippine,12474,129,1303,1052,89,38.47222222222222,120,0.0
exp3_compliance_0.00,back_to_front,philippine,12474,129,1437,1143,93,45.016666666666666,140,0.0
exp3_compliance_0.00,outside_in,philippine,12474,129,1322,1195,77,38.45,109,0.0
exp3_compliance_0.00,steffen,philippine,12474,129,1421,1060,89,39.6,160,0.0
exp3_compliance_0.00,random,philippine,12475,130,1413,1135,83,41.888888888888886,118,0.0
exp3_compliance_0.00,back_to_front,philippine,12475,130,1449,947,102,36.76111111111111,127,0.0
exp3_compliance_0.00,outside_in,philippine,12475,130,1318,1144,83,39.68888888888889,105,0.0
exp3_compliance_0.00,steffen,philippine,12475,130,1508,1169,93,45.894444444444446,132,0.0
exp3_compliance_0.00,random,philippine,12476,131,1355,979,91,36.86666666666667,175,0.0
exp3_compliance_0.00,back_to_front,philippine,12476,131,1368,993,97,37.18888888888889,118,0.0
exp3_compliance_0.00,outside_in,philippine,12476,131,1409,1093,93,44.59444444444444,130,0.0
exp3_compliance_0.00,steffen,philippine,12476,131,1379,1065,80,33.32222222222222,107,0.0
exp3_compliance_0.00,random,philippine,12477,132,1416,1098,80,36.82222222222222,110,0.0
exp3_compliance_0.00,back_to_front,philippine,12477,132,1452,1103,101,40.355555555555554,133,0.0
exp3_compliance_0.00,outside_in,philippine,12477,132,1256,1037,79,38.327777777777776,124,0.0
exp3_compliance_0.00,steffen,philippine,12477,132,1523,1086,100,43.477777777777774,151,0.0
exp3_compliance_0.00,random,philippine,12478,133,1516,992,92,43.12222222222222,128,0.0
exp3_compliance_0.00,back_to_front,philippine,12478,133,1473,1056,78,40.71666666666667,176,0.0
exp3_compliance_0.00,outside_in,philippine,12478,133,1437,1057,97,44.3,163,0.0
exp3_compliance_0.00,steffen,philippine,12478,133,1519,1070,80,40.077777777777776,142,0.0
exp3_compliance_0.00,random,philippine,12479,134,1342,1193,83,45.00555555555555,133,0.0
exp3_compliance_0.00,back_to_front,philippine,12479,134,1389,1068,99,41.8,133,0.0
exp3_compliance_0.00,outside_in,philippine,12479,134,1384,1066,80,45.01111111111111,163,0.0
exp3_compliance_0.00,steffen,philippine,12479,134,1439,1127,79,46.69444444444444,155,0.0
exp3_compliance_0.00,random,philippine,12480,135,1491,1137,88,40.766666666666666,139,0.0
exp3_compliance_0.00,back_to_front,philippine,12480,135,1607,1059,92,52.93888888888889,165,0.0
exp3_compliance_0.00,outside_in,philippine,12480,135,1499,1083,97,42.75,132,0.0
exp3_compliance_0.00,steffen,philippine,12480,135,1412,1050,89,35.17777777777778,99,0.0
exp3_compliance_0.00,random,philippine,12481,136,1395,992,97,35.68333333333333,103,0.0
exp3_compliance_0.00,back_to_front,philippine,12481,136,1322,1076,82,42.65,134,0.0
exp3_compliance_0.00,outside_in,philippine,12481,136,1340,1084,89,41.62222222222222,139,0.0
exp3_compliance_0.00,steffen,philippine,12481,136,1460,1104,95,45.577777777777776,224,0.0
exp3_compliance_0.00,random,philippine,12482,137,1370,1041,96,39.74444444444445,127,0.0
exp3_compliance_0.00,back_to_front,philippine,12482,137,1290,1214,89,37.5,122,0.0
exp3_compliance_0.00,outside_in,philippine,12482,137,1399,1192,98,40.611111111111114,107,0.0
exp3_compliance_0.00,steffen,philippine,12482,137,1510,1007,87,38.65555555555556,130,0.0
exp3_compliance_0.00,random,philippine,12483,138,1290,1197,85,47.25555555555555,153,0.0
exp3_compliance_0.00,back_to_front,philippine,12483,138,1327,1064,86,36.05555555555556,114,0.0
exp3_compliance_0.00,outside_in,philippine,12483,138,1386,1109,85,43.544444444444444,118,0.0
exp3_compliance_0.00,steffen,philippine,12483,138,1333,1087,85,42.46111111111111,162,0.0
exp3_compliance_0.00,random,philippine,12484,139,1404,1007,91,39.705555555555556,169,0.0
exp3_compliance_0.00,back_to_front,philippine,12484,139,1288,1077,84,39.3,118,0.0
exp3_compliance_0.00,outside_in,philippine,12484,139,1361,1069,96,40.50555555555555,120,0.0
exp3_compliance_0.00,steffen,philippine,12484,139,1424,940,89,39.00555555555555,158,0.0
exp3_compliance_0.00,random,philippine,12485,140,1412,1041,82,40.61666666666667,132,0.0
exp3_compliance_0.00,back_to_front,philippine,12485,140,1473,1071,102,42.96666666666667,177,0.0
exp3_compliance_0.00,outside_in,philippine,12485,140,1396,1094,101,44.105555555555554,133,0.0
exp3_compliance_0.00,steffen,philippine,12485,140,1345,1059,90,41.34444444444444,130,0.0
exp3_compliance_0.00,random,philippine,12486,141,1454,1131,96,44.21111111111111,108,0.0
exp3_compliance_0.00,back_to_front,philippine,12486,141,1429,1034,94,40.105555555555554,127,0.0
exp3_compliance_0.00,outside_in,philippine,12486,141,1443,1082,97,39.48888888888889,113,0.0
exp3_compliance_0.00,steffen,philippine,12486,141,1321,1111,88,43.94444444444444,137,0.0
exp3_compliance_0.00,random,philippine,12487,142,1496,1166,91,43.361111111111114,158,0.0
exp3_compliance_0.00,back_to_front,philippine,12487,142,1508,1036,95,36.71666666666667,108,0.0
exp3_compliance_0.00,outside_in,philippine,12487,142,1407,1228,85,43.03333333333333,182,0.0
exp3_compliance_0.00,steffen,philippine,12487,142,1439,1154,94,45.99444444444445,145,0.0
exp3_compliance_0.00,random,philippine,12488,143,1452,1150,89,41.09444444444444,127,0.0
exp3_compliance_0.00,back_to_front,philippine,12488,143,1302,1114,96,40.67777777777778,117,0.0
exp3_compliance_0.00,outside_in,philippine,12488,143,1515,1161,92,45.15,130,0.0
exp3_compliance_0.00,steffen,philippine,12488,143,1339,1150,94,39.388888888888886,136,0.0
exp3_compliance_0.00,random,philippine,12489,144,1385,1046,92,37.85,111,0.0
exp3_compliance_0.00,back_to_front,philippine,12489,144,1442,1068,91,39.97222222222222,140,0.0
exp3_compliance_0.00,outside_in,philippine,12489,144,1402,1091,95,37.32222222222222,131,0.0
exp3_compliance_0.00,steffen,philippine,12489,144,1393,1190,90,40.422222222222224,116,0.0
exp3_compliance_0.00,random,philippine,12490,145,1402,1123,99,44.98888888888889,130,0.0
exp3_compliance_0.00,back_to_front,philippine,12490,145,1374,1063,95,36.855555555555554,154,0.0
exp3_compliance_0.00,outside_in,philippine,12490,145,1442,1017,103,41.75,143,0.0
exp3_compliance_0.00,steffen,philippine,12490,145,1336,1104,100,43.61666666666667,105,0.0
exp3_compliance_0.00,random,philippine,12491,146,1456,1097,88,44.00555555555555,115,0.0
exp3_compliance_0.00,back_to_front,philippine,12491,146,1424,1057,86,35.73888888888889,123,0.0
exp3_compliance_0.00,outside_in,philippine,12491,146,1353,1042,83,34.13333333333333,144,0.0
exp3_compliance_0.00,steffen,philippine,12491,146,1287,970,78,33.57222222222222,114,0.0
exp3_compliance_0.00,random,philippine,12492,147,1298,1075,78,36.71111111111111,107,0.0
exp3_compliance_0.00,back_to_front,philippine,12492,147,1468,1015,95,37.983333333333334,118,0.0
exp3_compliance_0.00,outside_in,philippine,12492,147,1421,1057,94,34.36666666666667,105,0.0
exp3_compliance_0.00,steffen,philippine,12492,147,1392,1194,88,46.96666666666667,118,0.0
exp3_compliance_0.00,random,philippine,12493,148,1410,981,82,34.46666666666667,108,0.0
exp3_compliance_0.00,back_to_front,philippine,12493,148,1372,1143,99,37.75555555555555,107,0.0
exp3_compliance_0.00,outside_in,philippine,12493,148,1368,1084,101,40.72222222222222,130,0.0
exp3_compliance_0.00,steffen,philippine,12493,148,1385,993,78,36.93888888888889,125,0.0
exp3_compliance_0.00,random,philippine,12494,149,1345,1249,86,45.92777777777778,120,0.0
exp3_compliance_0.00,back_to_front,philippine,12494,149,1376,945,103,32.33888888888889,109,0.0
exp3_compliance_0.00,outside_in,philippine,12494,149,1467,1116,89,37.22222222222222,129,0.0
exp3_compliance_0.00,steffen,philippine,12494,149,1377,1144,99,42.394444444444446,114,0.0
exp3_compliance_0.00,random,philippine,12495,150,1497,1101,75,42.00555555555555,147,0.0
exp3_compliance_0.00,back_to_front,philippine,12495,150,1369,1084,98,35.68333333333333,139,0.0
exp3_compliance_0.00,outside_in,philippine,12495,150,1370,1226,88,43.977777777777774,149,0.0
exp3_compliance_0.00,steffen,philippine,12495,150,1295,1129,90,34.827777777777776,130,0.0
exp3_compliance_0.00,random,philippine,12496,151,1321,1032,97,38.422222222222224,144,0.0
exp3_compliance_0.00,back_to_front,philippine,12496,151,1375,1118,90,40.294444444444444,119,0.0
exp3_compliance_0.00,outside_in,philippine,12496,151,1418,1168,79,38.12777777777778,109,0.0
exp3_compliance_0.00,steffen,philippine,12496,151,1608,1156,97,46.86666666666667,222,0.0
exp3_compliance_0.00,random,philippine,12497,152,1396,1177,101,42.327777777777776,109,0.0
exp3_compliance_0.00,back_to_front,philippine,12497,152,1332,1175,87,37.50555555555555,129,0.0
exp3_compliance_0.00,outside_in,philippine,12497,152,1472,1086,85,42.916666666666664,141,0.0
exp3_compliance_0.00,steffen,philippine,12497,152,1377,1047,84,36.78333333333333,132,0.0
exp3_compliance_0.00,random,philippine,12498,153,1384,1165,88,40.827777777777776,152,0.0
exp3_compliance_0.00,back_to_front,philippine,12498,153,1314,1140,88,39.97222222222222,130,0.0
exp3_compliance_0.00,outside_in,philippine,12498,153,1372,992,92,36.25,144,0.0
exp3_compliance_0.00,steffen,philippine,12498,153,1366,942,94,35.76111111111111,112,0.0
exp3_compliance_0.00,random,philippine,12499,154,1423,1114,105,40.605555555555554,123,0.0
exp3_compliance_0.00,back_to_front,philippine,12499,154,1454,1071,91,39.233333333333334,95,0.0
exp3_compliance_0.00,outside_in,philippine,12499,154,1387,1091,101,41.55,128,0.0
exp3_compliance_0.00,steffen,philippine,12499,154,1323,1006,89,35.73888888888889,126,0.0
exp3_compliance_0.00,random,philippine,12500,155,1320,1066,88,38.19444444444444,110,0.0
exp3_compliance_0.00,back_to_front,philippine,12500,155,1483,1061,95,44.2,132,0.0
exp3_compliance_0.00,outside_in,philippine,12500,155,1465,1059,99,40.516666666666666,161,0.0
exp3_compliance_0.00,steffen,philippine,12500,155,1365,1006,87,36.78333333333333,134,0.0
exp3_compliance_0.00,random,philippine,12501,156,1345,1145,87,36.894444444444446,109,0.0
exp3_compliance_0.00,back_to_front,philippine,12501,156,1414,1021,103,45.72222222222222,147,0.0
exp3_compliance_0.00,outside_in,philippine,12501,156,1380,1114,89,36.172222222222224,127,0.0
exp3_compliance_0.00,steffen,philippine,12501,156,1466,945,99,36.88333333333333,112,0.0
exp3_compliance_0.00,random,philippine,12502,157,1429,917,85,33.894444444444446,124,0.0
exp3_compliance_0.00,back_to_front,philippine,12502,157,1347,1176,92,42.78888888888889,209,0.0
exp3_compliance_0.00,outside_in,philippine,12502,157,1342,1049,108,37.63333333333333,128,0.0
exp3_compliance_0.00,steffen,philippine,12502,157,1486,1061,86,38.66111111111111,117,0.0
exp3_compliance_0.00,random,philippine,12503,158,1445,1060,87,46.40555555555556,128,0.0
exp3_compliance_0.00,back_to_front,philippine,12503,158,1449,1206,91,38.17777777777778,104,0.0
exp3_compliance_0.00,outside_in,philippine,12503,158,1352,1159,89,39.983333333333334,156,0.0
exp3_compliance_0.00,steffen,philippine,12503,158,1296,1129,85,42.35,131,0.0
exp3_compliance_0.00,random,philippine,12504,159,1352,1000,84,36.31666666666667,117,0.0
exp3_compliance_0.00,back_to_front,philippine,12504,159,1481,993,92,39.92777777777778,113,0.0
exp3_compliance_0.00,outside_in,philippine,12504,159,1544,1060,92,44.63333333333333,172,0.0
exp3_compliance_0.00,steffen,philippine,12504,159,1435,1147,87,42.46666666666667,150,0.0
exp3_compliance_0.00,random,philippine,12505,160,1339,1148,77,39.19444444444444,127,0.0
exp3_compliance_0.00,back_to_front,philippine,12505,160,1291,1164,86,36.41111111111111,111,0.0
exp3_compliance_0.00,outside_in,philippine,12505,160,1333,1079,87,42.333333333333336,139,0.0
exp3_compliance_0.00,steffen,philippine,12505,160,1249,1023,81,34.74444444444445,124,0.0
exp3_compliance_0.00,random,philippine,12506,161,1511,1121,90,42.35,139,0.0
exp3_compliance_0.00,back_to_front,philippine,12506,161,1518,1155,99,47.35,186,0.0
exp3_compliance_0.00,outside_in,philippine,12506,161,1360,1090,81,33.47222222222222,86,0.0
exp3_compliance_0.00,steffen,philippine,12506,161,1424,1047,93,40.327777777777776,121,0.0
exp3_compliance_0.00,random,philippine,12507,162,1349,1044,89,37.46111111111111,120,0.0
exp3_compliance_0.00,back_to_front,philippine,12507,162,1532,943,94,34.94444444444444,111,0.0
exp3_compliance_0.00,outside_in,philippine,12507,162,1300,975,92,33.105555555555554,109,0.0
exp3_compliance_0.00,steffen,philippine,12507,162,1390,1163,95,43.983333333333334,115,0.0
exp3_compliance_0.00,random,philippine,12508,163,1412,1068,100,35.983333333333334,108,0.0
exp3_compliance_0.00,back_to_front,philippine,12508,163,1495,1062,97,47.73888888888889,155,0.0
exp3_compliance_0.00,outside_in,philippine,12508,163,1366,1106,94,38.83888888888889,134,0.0
exp3_compliance_0.00,steffen,philippine,12508,163,1419,1153,110,42.727777777777774,138,0.0
exp3_compliance_0.00,random,philippine,12509,164,1301,1066,100,40.12222222222222,132,0.0
exp3_compliance_0.00,back_to_front,philippine,12509,164,1343,973,88,35.34444444444444,131,0.0
exp3_compliance_0.00,outside_in,philippine,12509,164,1358,1097,80,42.06666666666667,139,0.0
exp3_compliance_0.00,steffen,philippine,12509,164,1327,1048,85,32.06666666666667,103,0.0
exp3_compliance_0.00,random,philippine,12510,165,1358,982,93,38.48888888888889,139,0.0
exp3_compliance_0.00,back_to_front,philippine,12510,165,1398,1091,100,37.327777777777776,104,0.0
exp3_compliance_0.00,outside_in,philippine,12510,165,1345,1206,86,38.022222222222226,200,0.0
exp3_compliance_0.00,steffen,philippine,12510,165,1427,1209,94,44.577777777777776,156,0.0
exp3_compliance_0.00,random,philippine,12511,166,1329,941,90,35.06111111111111,102,0.0
exp3_compliance_0.00,back_to_front,philippine,12511,166,1450,1090,102,41.94444444444444,131,0.0
exp3_compliance_0.00,outside_in,philippine,12511,166,1490,1111,94,44.53888888888889,125,0.0
exp3_compliance_0.00,steffen,philippine,12511,166,1311,1035,84,34.86666666666667,141,0.0
exp3_compliance_0.00,random,philippine,12512,167,1400,977,84,38.1,107,0.0
exp3_compliance_0.00,back_to_front,philippine,12512,167,1482,1143,84,40.66111111111111,133,0.0
exp3_compliance_0.00,outside_in,philippine,12512,167,1361,1003,82,38.65555555555556,109,0.0
exp3_compliance_0.00,steffen,philippine,12512,167,1381,1030,94,39.43888888888889,116,0.0
exp3_compliance_0.00,random,philippine,12513,168,1504,1174,89,41.93888888888889,130,0.0
exp3_compliance_0.00,back_to_front,philippine,12513,168,1523,1151,89,44.78888888888889,154,0.0
exp3_compliance_0.00,outside_in,philippine,12513,168,1427,1114,95,46.638888888888886,156,0.0
exp3_compliance_0.00,steffen,philippine,12513,168,1385,1049,85,35.63333333333333,128,0.0
exp3_compliance_0.00,random,philippine,12514,169,1297,1104,96,40.522222222222226,115,0.0
exp3_compliance_0.00,back_to_front,philippine,12514,169,1386,1161,96,45.5,164,0.0
exp3_compliance_0.00,outside_in,philippine,12514,169,1485,954,113,33.166666666666664,99,0.0
exp3_compliance_0.00,steffen,philippine,12514,169,1478,1049,88,45.044444444444444,142,0.0
exp3_compliance_0.00,random,philippine,12515,170,1510,1157,84,46.11666666666667,145,0.0
exp3_compliance_0.00,back_to_front,philippine,12515,170,1352,1095,97,44.65,143,0.0
exp3_compliance_0.00,outside_in,philippine,12515,170,1278,950,82,31.08888888888889,104,0.0
exp3_compliance_0.00,steffen,philippine,12515,170,1347,1095,90,44.42777777777778,162,0.0
exp3_compliance_0.00,random,philippine,12516,171,1529,999,81,37.827777777777776,98,0.0
exp3_compliance_0.00,back_to_front,philippine,12516,171,1301,1059,77,35.21111111111111,88,0.0
exp3_compliance_0.00,outside_in,philippine,12516,171,1405,1222,90,49.93333333333333,168,0.0
exp3_compliance_0.00,steffen,philippine,12516,171,1535,1038,107,48.272222222222226,198,0.0
exp3_compliance_0.00,random,philippine,12517,172,1378,1009,81,40.33888888888889,119,0.0
exp3_compliance_0.00,back_to_front,philippine,12517,172,1499,1132,82,47.07222222222222,154,0.0
exp3_compliance_0.00,outside_in,philippine,12517,172,1446,1037,95,40.955555555555556,129,0.0
exp3_compliance_0.00,steffen,philippine,12517,172,1420,1076,108,40.44444444444444,120,0.0
exp3_compliance_0.00,random,philippine,12518,173,1433,1085,91,42.05,184,0.0
exp3_compliance_0.00,back_to_front,philippine,12518,173,1398,958,97,41.2,149,0.0
exp3_compliance_0.00,outside_in,philippine,12518,173,1532,1055,104,41.766666666666666,179,0.0
exp3_compliance_0.00,steffen,philippine,12518,173,1536,1256,78,51.205555555555556,129,0.0
exp3_compliance_0.00,random,philippine,12519,174,1499,1080,100,46.9,134,0.0
exp3_compliance_0.00,back_to_front,philippine,12519,174,1292,1103,83,35.34444444444444,108,0.0
exp3_compliance_0.00,outside_in,philippine,12519,174,1325,1101,90,40.01111111111111,118,0.0
exp3_compliance_0.00,steffen,philippine,12519,174,1525,1005,86,39.294444444444444,99,0.0
exp3_compliance_0.00,random,philippine,12520,175,1293,993,86,36.955555555555556,116,0.0
exp3_compliance_0.00,back_to_front,philippine,12520,175,1483,1135,86,42.61666666666667,132,0.0
exp3_compliance_0.00,outside_in,philippine,12520,175,1418,1104,88,35.38333333333333,111,0.0
exp3_compliance_0.00,steffen,philippine,12520,175,1457,1148,91,42.21111111111111,187,0.0
exp3_compliance_0.00,random,philippine,12521,176,1457,1016,96,39.016666666666666,133,0.0
exp3_compliance_0.00,back_to_front,philippine,12521,176,1473,1109,86,45.85,126,0.0
exp3_compliance_0.00,outside_in,philippine,12521,176,1347,1152,96,41.71111111111111,131,0.0
exp3_compliance_0.00,steffen,philippine,12521,176,1436,1018,94,38.91111111111111,116,0.0
exp3_compliance_0.00,random,philippine,12522,177,1357,1121,100,38.7,117,0.0
exp3_compliance_0.00,back_to_front,philippine,12522,177,1388,1137,85,38.42777777777778,129,0.0
exp3_compliance_0.00,outside_in,philippine,12522,177,1409,1001,94,38.68333333333333,144,0.0
exp3_compliance_0.00,steffen,philippine,12522,177,1473,1143,94,44.46666666666667,110,0.0
exp3_compliance_0.00,random,philippine,12523,178,1453,1044,95,37.16111111111111,112,0.0
exp3_compliance_0.00,back_to_front,philippine,12523,178,1450,1048,83,45.605555555555554,132,0.0
exp3_compliance_0.00,outside_in,philippine,12523,178,1297,1028,72,33.7,103,0.0
exp3_compliance_0.00,steffen,philippine,12523,178,1403,1021,92,40.32222222222222,126,0.0
exp3_compliance_0.00,random,philippine,12524,179,1391,1156,89,41.87777777777778,160,0.0
exp3_compliance_0.00,back_to_front,philippine,12524,179,1377,1114,90,42.583333333333336,154,0.0
exp3_compliance_0.00,outside_in,philippine,12524,179,1534,877,95,36.43888888888889,124,0.0
exp3_compliance_0.00,steffen,philippine,12524,179,1344,978,78,33.84444444444444,106,0.0
exp3_compliance_0.00,random,philippine,12525,180,1324,1086,91,35.30555555555556,123,0.0
exp3_compliance_0.00,back_to_front,philippine,12525,180,1405,1057,87,38.705555555555556,122,0.0
exp3_compliance_0.00,outside_in,philippine,12525,180,1435,1122,89,42.544444444444444,137,0.0
exp3_compliance_0.00,steffen,philippine,12525,180,1362,1134,92,44.36666666666667,188,0.0
exp3_compliance_0.00,random,philippine,12526,181,1374,1104,96,40.57222222222222,143,0.0
exp3_compliance_0.00,back_to_front,philippine,12526,181,1522,1018,108,38.46111111111111,174,0.0
exp3_compliance_0.00,outside_in,philippine,12526,181,1406,1047,91,36.016666666666666,110,0.0
exp3_compliance_0.00,steffen,philippine,12526,181,1456,1106,80,37.483333333333334,118,0.0
exp3_compliance_0.00,random,philippine,12527,182,1372,1068,92,38.00555555555555,132,0.0
exp3_compliance_0.00,back_to_front,philippine,12527,182,1408,944,91,36.9,126,0.0
exp3_compliance_0.00,outside_in,philippine,12527,182,1356,1039,93,38.66111111111111,128,0.0
exp3_compliance_0.00,steffen,philippine,12527,182,1431,1051,101,44.6,160,0.0
exp3_compliance_0.00,random,philippine,12528,183,1401,1100,96,43.91111111111111,129,0.0
exp3_compliance_0.00,back_to_front,philippine,12528,183,1455,1136,92,43.25,155,0.0
exp3_compliance_0.00,outside_in,philippine,12528,183,1463,1096,92,45.28333333333333,145,0.0
exp3_compliance_0.00,steffen,philippine,12528,183,1437,1207,101,43.41111111111111,157,0.0
exp3_compliance_0.00,random,philippine,12529,184,1364,1220,81,41.12777777777778,144,0.0
exp3_compliance_0.00,back_to_front,philippine,12529,184,1355,1172,97,38.50555555555555,151,0.0
exp3_compliance_0.00,outside_in,philippine,12529,184,1446,1013,96,37.44444444444444,122,0.0
exp3_compliance_0.00,steffen,philippine,12529,184,1432,1007,101,36.4,121,0.0
exp3_compliance_0.00,random,philippine,12530,185,1421,1010,89,42.12777777777778,163,0.0
exp3_compliance_0.00,back_to_front,philippine,12530,185,1657,1074,110,42.455555555555556,123,0.0
exp3_compliance_0.00,outside_in,philippine,12530,185,1385,1011,102,35.88333333333333,107,0.0
exp3_compliance_0.00,steffen,philippine,12530,185,1515,1077,88,46.03888888888889,135,0.0
exp3_compliance_0.00,random,philippine,12531,186,1475,1096,87,45.0,145,0.0
exp3_compliance_0.00,back_to_front,philippine,12531,186,1396,905,84,35.06111111111111,104,0.0
exp3_compliance_0.00,outside_in,philippine,12531,186,1390,1108,94,43.32222222222222,165,0.0
exp3_compliance_0.00,steffen,philippine,12531,186,1427,1143,76,43.62222222222222,113,0.0
exp3_compliance_0.00,random,philippine,12532,187,1337,1104,89,40.577777777777776,118,0.0
exp3_compliance_0.00,back_to_front,philippine,12532,187,1381,1043,91,38.83888888888889,147,0.0
exp3_compliance_0.00,outside_in,philippine,12532,187,1437,974,101,35.41111111111111,119,0.0
exp3_compliance_0.00,steffen,philippine,12532,187,1395,1035,83,36.394444444444446,116,0.0
exp3_compliance_0.00,random,philippine,12533,188,1526,1082,109,46.483333333333334,153,0.0
exp3_compliance_0.00,back_to_front,philippine,12533,188,1403,1209,100,45.9,156,0.0
exp3_compliance_0.00,outside_in,philippine,12533,188,1414,1115,106,44.30555555555556,134,0.0
exp3_compliance_0.00,steffen,philippine,12533,188,1355,1090,99,38.138888888888886,166,0.0
exp3_compliance_0.00,random,philippine,12534,189,1521,1168,85,49.02777777777778,150,0.0
exp3_compliance_0.00,back_to_front,philippine,12534,189,1341,1129,103,38.416666666666664,133,0.0
exp3_compliance_0.00,outside_in,philippine,12534,189,1367,1105,87,41.62777777777778,124,0.0
exp3_compliance_0.00,steffen,philippine,12534,189,1369,1087,93,41.81666666666667,133,0.0
exp3_compliance_0.00,random,philippine,12535,190,1275,1163,93,37.105555555555554,117,0.0
exp3_compliance_0.00,back_to_front,philippine,12535,190,1488,1128,97,40.5,139,0.0
exp3_compliance_0.00,outside_in,philippine,12535,190,1536,1190,98,47.477777777777774,187,0.0
exp3_compliance_0.00,steffen,philippine,12535,190,1546,1112,96,41.68888888888889,123,0.0
exp3_compliance_0.00,random,philippine,12536,191,1431,906,94,37.37777777777778,127,0.0
exp3_compliance_0.00,back_to_front,philippine,12536,191,1363,1005,82,38.80555555555556,117,0.0
exp3_compliance_0.00,outside_in,philippine,12536,191,1292,909,88,33.36666666666667,96,0.0
exp3_compliance_0.00,steffen,philippine,12536,191,1259,1082,84,36.28888888888889,108,0.0
exp3_compliance_0.00,random,philippine,12537,192,1443,1032,114,39.544444444444444,142,0.0
exp3_compliance_0.00,back_to_front,philippine,12537,192,1455,1065,97,43.91111111111111,162,0.0
exp3_compliance_0.00,outside_in,philippine,12537,192,1355,1104,91,39.977777777777774,158,0.0
exp3_compliance_0.00,steffen,philippine,12537,192,1355,1171,74,39.56666666666667,113,0.0
exp3_compliance_0.00,random,philippine,12538,193,1338,1129,88,39.06666666666667,116,0.0
exp3_compliance_0.00,back_to_front,philippine,12538,193,1404,1035,99,41.40555555555556,114,0.0
exp3_compliance_0.00,outside_in,philippine,12538,193,1359,1095,80,37.78333333333333,121,0.0
exp3_compliance_0.00,steffen,philippine,12538,193,1427,1118,94,41.68888888888889,155,0.0
exp3_compliance_0.00,random,philippine,12539,194,1370,1111,104,39.75555555555555,144,0.0
exp3_compliance_0.00,back_to_front,philippine,12539,194,1478,1187,83,48.93333333333333,141,0.0
exp3_compliance_0.00,outside_in,philippine,12539,194,1456,1013,92,36.43888888888889,104,0.0
exp3_compliance_0.00,steffen,philippine,12539,194,1403,989,85,34.19444444444444,128,0.0
exp3_compliance_0.00,random,philippine,12540,195,1396,1070,87,39.88333333333333,125,0.0
exp3_compliance_0.00,back_to_front,philippine,12540,195,1401,1038,94,41.58888888888889,108,0.0
exp3_compliance_0.00,outside_in,philippine,12540,195,1350,1234,98,41.63333333333333,153,0.0
exp3_compliance_0.00,steffen,philippine,12540,195,1358,1144,90,39.983333333333334,139,0.0
exp3_compliance_0.00,random,philippine,12541,196,1353,1066,96,37.955555555555556,134,0.0
exp3_compliance_0.00,back_to_front,philippine,12541,196,1298,1083,98,39.07222222222222,126,0.0
exp3_compliance_0.00,outside_in,philippine,12541,196,1356,1145,77,42.83888888888889,135,0.0
exp3_compliance_0.00,steffen,philippine,12541,196,1462,1127,85,45.13333333333333,146,0.0
exp3_compliance_0.00,random,philippine,12542,197,1469,1062,89,40.37777777777778,119,0.0
exp3_compliance_0.00,back_to_front,philippine,12542,197,1343,1154,97,42.21666666666667,116,0.0
exp3_compliance_0.00,outside_in,philippine,12542,197,1309,1067,89,38.727777777777774,150,0.0
exp3_compliance_0.00,steffen,philippine,12542,197,1381,1008,109,35.46111111111111,114,0.0
exp3_compliance_0.00,random,philippine,12543,198,1302,1248,92,36.61666666666667,113,0.0
exp3_compliance_0.00,back_to_front,philippine,12543,198,1354,1032,86,34.43888888888889,121,0.0
exp3_compliance_0.00,outside_in,philippine,12543,198,1532,1085,93,37.90555555555556,114,0.0
exp3_compliance_0.00,steffen,philippine,12543,198,1532,1151,106,42.7,178,0.0
exp3_compliance_0.00,random,philippine,12544,199,1487,1059,87,44.355555555555554,141,0.0
exp3_compliance_0.00,back_to_front,philippine,12544,199,1508,1154,83,49.983333333333334,189,0.0
exp3_compliance_0.00,outside_in,philippine,12544,199,1406,1008,81,38.06666666666667,122,0.0
exp3_compliance_0.00,steffen,philippine,12544,199,1356,1061,90,43.144444444444446,107,0.0
