experiment,strategy,scenario,seed,rep_id,total_boarding_time_s,aisle_interference_events,seat_interference_events,mean_wait_time_s,max_wait_time_s,stow_multiplier,walk_speed_mean
exp5_stow0.5_walk0.6,random,baseline,12345,0,965,575,84,14.972222222222221,61,0.5,0.6
exp5_stow0.5_walk0.6,back_to_front,baseline,12345,0,1173,1311,94,54.611111111111114,169,0.5,0.6
exp5_stow0.5_walk0.6,outside_in,baseline,12345,0,796,560,0,10.261111111111111,60,0.5,0.6
exp5_stow0.5_walk0.6,steffen,baseline,12345,0,599,434,0,3.9611111111111112,29,0.5,0.6
exp5_stow0.5_walk0.6,random,baseline,12346,1,1006,561,90,19.333333333333332,76,0.5,0.6
exp5_stow0.5_walk0.6,back_to_front,baseline,12346,1,1242,1211,92,57.27777777777778,161,0.5,0.6
exp5_stow0.5_walk0.6,outside_in,baseline,12346,1,832,559,0,13.372222222222222,80,0.5,0.6
exp5_stow0.5_walk0.6,steffen,baseline,12346,1,593,276,0,4.1722222222222225,41,0.5,0.6
exp5_stow0.5_walk0.6,random,baseline,12347,2,1144,649,91,18.644444444444446,67,0.5,0.6
exp5_stow0.5_walk0.6,back_to_front,baseline,12347,2,1293,1241,87,47.21666666666667,133,0.5,0.6
exp5_stow0.5_walk0.6,outside_in,baseline,12347,2,931,635,0,13.277777777777779,53,0.5,0.6
exp5_stow0.5_walk0.6,steffen,baseline,12347,2,695,462,0,5.411111111111111,44,0.5,0.6
exp5_stow0.5_walk0.6,random,baseline,12348,3,1062,639,100,20.4,93,0.5,0.6
exp5_stow0.5_walk0.6,back_to_front,baseline,12348,3,1261,1126,115,50.894444444444446,141,0.5,0.6
exp5_stow0.5_walk0.6,outside_in,baseline,12348,3,808,569,0,11.933333333333334,47,0.5,0.6
exp5_stow0.5_walk0.6,steffen,baseline,12348,3,620,399,0,4.977777777777778,45,0.5,0.6
exp5_stow0.5_walk0.6,random,baseline,12349,4,1115,588,77,19.455555555555556,89,0.5,0.6
exp5_stow0.5_walk0.6,back_to_front,baseline,12349,4,1290,1160,94,51.53333333333333,137,0.5,0.6
exp5_stow0.5_walk0.6,outside_in,baseline,12349,4,916,546,0,12.455555555555556,45,0.5,0.6
exp5_stow0.5_walk0.6,steffen,baseline,12349,4,670,378,0,4.5777777777777775,40,0.5,0.6
exp5_stow0.5_walk0.6,random,baseline,12350,5,995,607,87,19.105555555555554,81,0.5,0.6
exp5_stow0.5_walk0.6,back_to_front,baseline,12350,5,1359,1269,83,61.49444444444445,183,0.5,0.6
exp5_stow0.5_walk0.6,outside_in,baseline,12350,5,855,590,0,13.183333333333334,59,0.5,0.6
exp5_stow0.5_walk0.6,steffen,baseline,12350,5,630,481,0,5.377777777777778,38,0.5,0.6
exp5_stow0.5_walk0.6,random,baseline,12351,6,1030,591,96,21.616666666666667,89,0.5,0.6
exp5_stow0.5_walk0.6,back_to_front,baseline,12351,6,1244,1240,79,56.03333333333333,135,0.5,0.6
exp5_stow0.5_walk0.6,outside_in,baseline,12351,6,854,480,0,10.955555555555556,48,0.5,0.6
exp5_stow0.5_walk0.6,steffen,baseline,12351,6,597,336,0,4.116666666666666,43,0.5,0.6
exp5_stow0.5_walk0.6,random,baseline,12352,7,1084,558,85,20.883333333333333,96,0.5,0.6
exp5_stow0.5_walk0.6,back_to_front,baseline,12352,7,1235,1196,83,52.17777777777778,142,0.5,0.6
exp5_stow0.5_walk0.6,outside_in,baseline,12352,7,879,558,0,12.988888888888889,61,0.5,0.6
exp5_stow0.5_walk0.6,steffen,baseline,12352,7,612,273,0,3.966666666666667,42,0.5,0.6
exp5_stow0.5_walk0.6,random,baseline,12353,8,1016,644,96,20.805555555555557,91,0.5,0.6
exp5_stow0.5_walk0.6,back_to_front,baseline,12353,8,1205,1171,86,51.53888888888889,150,0.5,0.6
exp5_stow0.5_walk0.6,outside_in,baseline,12353,8,787,591,0,12.7,63,0.5,0.6
exp5_stow0.5_walk0.6,steffen,baseline,12353,8,593,438,0,4.666666666666667,29,0.5,0.6
exp5_stow0.5_walk0.6,random,baseline,12354,9,1001,635,86,22.083333333333332,80,0.5,0.6
exp5_stow0.5_walk0.6,back_to_front,baseline,12354,9,1203,1247,87,52.36666666666667,145,0.5,0.6
exp5_stow0.5_walk0.6,outside_in,baseline,12354,9,783,646,0,15.716666666666667,70,0.5,0.6
exp5_stow0.5_walk0.6,steffen,baseline,12354,9,596,389,0,4.388888888888889,37,0.5,0.6
exp5_stow0.5_walk0.6,random,baseline,12355,10,1027,545,88,19.066666666666666,96,0.5,0.6
exp5_stow0.5_walk0.6,back_to_front,baseline,12355,10,1092,1243,81,41.294444444444444,126,0.5,0.6
exp5_stow0.5_walk0.6,outside_in,baseline,12355,10,845,533,0,12.472222222222221,69,0.5,0.6
exp5_stow0.5_walk0.6,steffen,baseline,12355,10,597,329,0,3.9166666666666665,39,0.5,0.6
exp5_stow0.5_walk0.6,random,baseline,12356,11,990,593,91,19.344444444444445,63,0.5,0.6
exp5_stow0.5_walk0.6,back_to_front,baseline,12356,11,1126,1146,86,41.28888888888889,97,0.5,0.6
exp5_stow0.5_walk0.6,outside_in,baseline,12356,11,832,543,0,12.772222222222222,50,0.5,0.6
exp5_stow0.5_walk0.6,steffen,baseline,12356,11,602,370,0,4.411111111111111,39,0.5,0.6
exp5_stow0.5_walk0.6,random,baseline,12357,12,975,588,75,17.75,78,0.5,0.6
exp5_stow0.5_walk0.6,back_to_front,baseline,12357,12,1202,1274,77,54.46666666666667,190,0.5,0.6
exp5_stow0.5_walk0.6,outside_in,baseline,12357,12,785,590,0,12.066666666666666,74,0.5,0.6
exp5_stow0.5_walk0.6,steffen,baseline,12357,12,602,363,0,4.538888888888889,37,0.5,0.6
exp5_stow0.5_walk0.6,random,baseline,12358,13,939,674,82,19.483333333333334,90,0.5,0.6
exp5_stow0.5_walk0.6,back_to_front,baseline,12358,13,1193,1152,89,51.4,143,0.5,0.6
exp5_stow0.5_walk0.6,outside_in,baseline,12358,13,799,570,0,11.394444444444444,47,0.5,0.6
exp5_stow0.5_walk0.6,steffen,baseline,12358,13,588,348,0,3.977777777777778,30,0.5,0.6
exp5_stow0.5_walk0.6,random,baseline,12359,14,1004,687,94,20.866666666666667,82,0.5,0.6
exp5_stow0.5_walk0.6,back_to_front,baseline,12359,14,1232,1281,83,52.09444444444444,150,0.5,0.6
exp5_stow0.5_walk0.6,outside_in,baseline,12359,14,824,518,0,10.305555555555555,47,0.5,0.6
exp5_stow0.5_walk0.6,steffen,baseline,12359,14,624,431,0,4.877777777777778,33,0.5,0.6
exp5_stow0.5_walk0.6,random,baseline,12360,15,1004,612,87,20.727777777777778,89,0.5,0.6
exp5_stow0.5_walk0.6,back_to_front,baseline,12360,15,1163,1292,102,50.52777777777778,147,0.5,0.6
exp5_stow0.5_walk0.6,outside_in,baseline,12360,15,782,585,0,11.572222222222223,76,0.5,0.6
exp5_stow0.5_walk0.6,steffen,baseline,12360,15,586,453,0,4.938888888888889,46,0.5,0.6
exp5_stow0.5_walk0.6,random,baseline,12361,16,1130,643,82,23.916666666666668,77,0.5,0.6
exp5_stow0.5_walk0.6,back_to_front,baseline,12361,16,1263,1254,95,57.43333333333333,149,0.5,0.6
exp5_stow0.5_walk0.6,outside_in,baseline,12361,16,851,601,0,13.772222222222222,70,0.5,0.6
exp5_stow0.5_walk0.6,steffen,baseline,12361,16,611,368,0,4.855555555555555,62,0.5,0.6
exp5_stow0.5_walk0.6,random,baseline,12362,17,1013,705,80,19.883333333333333,81,0.5,0.6
exp5_stow0.5_walk0.6,back_to_front,baseline,12362,17,1192,1294,102,55.672222222222224,156,0.5,0.6
exp5_stow0.5_walk0.6,outside_in,baseline,12362,17,813,661,0,11.777777777777779,52,0.5,0.6
exp5_stow0.5_walk0.6,steffen,baseline,12362,17,598,483,0,5.294444444444444,36,0.5,0.6
exp5_stow0.5_walk0.6,random,baseline,12363,18,907,603,83,15.366666666666667,57,0.5,0.6
exp5_stow0.5_walk0.6,back_to_front,baseline,12363,18,1166,1127,98,51.93888888888889,158,0.5,0.6
exp5_stow0.5_walk0.6,outside_in,baseline,12363,18,789,536,0,10.9,56,0.5,0.6
exp5_stow0.5_walk0.6,steffen,baseline,12363,18,599,310,0,3.772222222222222,50,0.5,0.6
exp5_stow0.5_walk0.6,random,baseline,12364,19,966,619,89,17.72222222222222,99,0.5,0.6
exp5_stow0.5_walk0.6,back_to_front,baseline,12364,19,1229,1184,89,49.57222222222222,131,0.5,0.6
exp5_stow0.5_walk0.6,outside_in,baseline,12364,19,827,512,0,10.944444444444445,56,0.5,0.6
exp5_stow0.5_walk0.6,steffen,baseline,12364,19,629,377,0,4.122222222222222,41,0.5,0.6
exp5_stow0.5_walk0.6,random,baseline,12365,20,980,598,102,20.75,76,0.5,0.6
exp5_stow0.5_walk0.6,back_to_front,baseline,12365,20,1214,1294,82,51.07222222222222,124,0.5,0.6
exp5_stow0.5_walk0.6,outside_in,baseline,12365,20,874,600,0,16.255555555555556,76,0.5,0.6
exp5_stow0.5_walk0.6,steffen,baseline,12365,20,594,325,0,3.9166666666666665,34,0.5,0.6
exp5_stow0.5_walk0.6,random,baseline,12366,21,967,580,78,19.294444444444444,80,0.5,0.6
exp5_stow0.5_walk0.6,back_to_front,baseline,12366,21,1246,1244,84,55.80555555555556,159,0.5,0.6
exp5_stow0.5_walk0.6,outside_in,baseline,12366,21,787,565,0,11.505555555555556,62,0.5,0.6
exp5_stow0.5_walk0.6,steffen,baseline,12366,21,624,310,0,5.305555555555555,49,0.5,0.6
exp5_stow0.5_walk0.6,random,baseline,12367,22,1050,682,88,20.33888888888889,68,0.5,0.6
exp5_stow0.5_walk0.6,back_to_front,baseline,12367,22,1199,1227,94,48.638888888888886,149,0.5,0.6
exp5_stow0.5_walk0.6,outside_in,baseline,12367,22,880,593,0,13.672222222222222,51,0.5,0.6
exp5_stow0.5_walk0.6,steffen,baseline,12367,22,616,419,0,4.938888888888889,40,0.5,0.6
exp5_stow0.5_walk0.6,random,baseline,12368,23,1068,686,93,22.2,70,0.5,0.6
exp5_stow0.5_walk0.6,back_to_front,baseline,12368,23,1184,1261,76,52.483333333333334,131,0.5,0.6
exp5_stow0.5_walk0.6,outside_in,baseline,12368,23,799,579,0,10.983333333333333,37,0.5,0.6
exp5_stow0.5_walk0.6,steffen,baseline,12368,23,596,508,0,5.55,28,0.5,0.6
exp5_stow0.5_walk0.6,random,baseline,12369,24,1036,711,100,19.933333333333334,91,0.5,0.6
exp5_stow0.5_walk0.6,back_to_front,baseline,12369,24,1250,1371,89,57.13333333333333,145,0.5,0.6
exp5_stow0.5_walk0.6,outside_in,baseline,12369,24,847,620,0,13.238888888888889,66,0.5,0.6
exp5_stow0.5_walk0.6,steffen,baseline,12369,24,634,477,0,5.688888888888889,51,0.5,0.6
exp5_stow0.5_walk0.6,random,baseline,12370,25,1007,602,81,16.461111111111112,64,0.5,0.6
exp5_stow0.5_walk0.6,back_to_front,baseline,12370,25,1223,1210,86,45.48888888888889,130,0.5,0.6
exp5_stow0.5_walk0.6,outside_in,baseline,12370,25,849,535,0,10.994444444444444,43,0.5,0.6
exp5_stow0.5_walk0.6,steffen,baseline,12370,25,622,448,0,5.122222222222222,48,0.5,0.6
exp5_stow0.5_walk0.6,random,baseline,12371,26,1047,624,89,17.944444444444443,73,0.5,0.6
exp5_stow0.5_walk0.6,back_to_front,baseline,12371,26,1203,1189,84,48.327777777777776,138,0.5,0.6
exp5_stow0.5_walk0.6,outside_in,baseline,12371,26,807,587,0,11.127777777777778,85,0.5,0.6
exp5_stow0.5_walk0.6,steffen,baseline,12371,26,618,454,0,4.616666666666666,51,0.5,0.6
exp5_stow0.5_walk0.6,random,baseline,12372,27,1100,594,85,18.52777777777778,82,0.5,0.6
exp5_stow0.5_walk0.6,back_to_front,baseline,12372,27,1277,1289,97,59.66111111111111,161,0.5,0.6
exp5_stow0.5_walk0.6,outside_in,baseline,12372,27,833,567,0,11.694444444444445,63,0.5,0.6
exp5_stow0.5_walk0.6,steffen,baseline,12372,27,611,426,0,4.611111111111111,32,0.5,0.6
exp5_stow0.5_walk0.6,random,baseline,12373,28,965,548,91,19.57777777777778,79,0.5,0.6
exp5_stow0.5_walk0.6,back_to_front,baseline,12373,28,1170,1152,82,45.32222222222222,131,0.5,0.6
exp5_stow0.5_walk0.6,outside_in,baseline,12373,28,788,502,0,9.827777777777778,45,0.5,0.6
exp5_stow0.5_walk0.6,steffen,baseline,12373,28,608,357,0,4.166666666666667,47,0.5,0.6
exp5_stow0.5_walk0.6,random,baseline,12374,29,994,603,81,18.494444444444444,70,0.5,0.6
exp5_stow0.5_walk0.6,back_to_front,baseline,12374,29,1198,1289,88,47.23888888888889,135,0.5,0.6
exp5_stow0.5_walk0.6,outside_in,baseline,12374,29,831,554,0,10.455555555555556,39,0.5,0.6
exp5_stow0.5_walk0.6,steffen,baseline,12374,29,629,423,0,4.366666666666666,35,0.5,0.6
exp5_stow0.5_walk0.6,random,baseline,12375,30,1026,658,101,18.216666666666665,62,0.5,0.6
exp5_stow0.5_walk0.6,back_to_front,baseline,12375,30,1202,1234,98,48.59444444444444,151,0.5,0.6
exp5_stow0.5_walk0.6,outside_in,baseline,12375,30,847,618,0,12.805555555555555,61,0.5,0.6
exp5_stow0.5_walk0.6,steffen,baseline,12375,30,612,489,0,5.45,36,0.5,0.6
exp5_stow0.5_walk0.6,random,baseline,12376,31,1088,644,89,24.33888888888889,78,0.5,0.6
exp5_stow0.5_walk0.6,back_to_front,baseline,12376,31,1233,1160,86,51.95,136,0.5,0.6
exp5_stow0.5_walk0.6,outside_in,baseline,12376,31,829,597,0,14.205555555555556,51,0.5,0.6
exp5_stow0.5_walk0.6,steffen,baseline,12376,31,638,472,0,5.933333333333334,36,0.5,0.6
exp5_stow0.5_walk0.6,random,baseline,12377,32,1020,619,79,20.43888888888889,78,0.5,0.6
exp5_stow0.5_walk0.6,back_to_front,baseline,12377,32,1288,1340,88,57.7,142,0.5,0.6
exp5_stow0.5_walk0.6,outside_in,baseline,12377,32,810,565,0,11.377777777777778,75,0.5,0.6
exp5_stow0.5_walk0.6,steffen,baseline,12377,32,633,423,0,5.372222222222222,48,0.5,0.6
exp5_stow0.5_walk0.6,random,baseline,12378,33,1032,591,95,19.13888888888889,79,0.5,0.6
exp5_stow0.5_walk0.6,back_to_front,baseline,12378,33,1247,1294,97,57.23888888888889,159,0.5,0.6
exp5_stow0.5_walk0.6,outside_in,baseline,12378,33,768,560,0,10.255555555555556,49,0.5,0.6
exp5_stow0.5_walk0.6,steffen,baseline,12378,33,587,431,0,4.677777777777778,41,0.5,0.6
exp5_stow0.5_walk0.6,random,baseline,12379,34,947,643,82,16.77777777777778,61,0.5,0.6
exp5_stow0.5_walk0.6,back_to_front,baseline,12379,34,1174,1299,89,52.81666666666667,143,0.5,0.6
exp5_stow0.5_walk0.6,outside_in,baseline,12379,34,828,515,0,10.983333333333333,45,0.5,0.6
exp5_stow0.5_walk0.6,steffen,baseline,12379,34,607,327,0,4.055555555555555,46,0.5,0.6
exp5_stow0.5_walk0.6,random,baseline,12380,35,972,623,79,16.855555555555554,69,0.5,0.6
exp5_stow0.5_walk0.6,back_to_front,baseline,12380,35,1190,1281,88,46.69444444444444,136,0.5,0.6
exp5_stow0.5_walk0.6,outside_in,baseline,12380,35,821,627,0,11.0,60,0.5,0.6
exp5_stow0.5_walk0.6,steffen,baseline,12380,35,650,490,0,5.461111111111111,59,0.5,0.6
exp5_stow0.5_walk0.6,random,baseline,12381,36,962,752,83,22.194444444444443,78,0.5,0.6
exp5_stow0.5_walk0.6,back_to_front,baseline,12381,36,1196,1286,87,51.516666666666666,128,0.5,0.6
exp5_stow0.5_walk0.6,outside_in,baseline,12381,36,810,659,0,11.855555555555556,52,0.5,0.6
exp5_stow0.5_walk0.6,steffen,baseline,12381,36,587,564,0,5.111111111111111,33,0.5,0.6
exp5_stow0.5_walk0.6,random,baseline,12382,37,1029,576,96,21.52777777777778,88,0.5,0.6
exp5_stow0.5_walk0.6,back_to_front,baseline,12382,37,1237,1197,100,55.11666666666667,183,0.5,0.6
exp5_stow0.5_walk0.6,outside_in,baseline,12382,37,839,478,0,10.327777777777778,69,0.5,0.6
exp5_stow0.5_walk0.6,steffen,baseline,12382,37,628,276,0,4.211111111111111,74,0.5,0.6
exp5_stow0.5_walk0.6,random,baseline,12383,38,953,562,89,18.733333333333334,69,0.5,0.6
exp5_stow0.5_walk0.6,back_to_front,baseline,12383,38,1257,1196,96,51.955555555555556,128,0.5,0.6
exp5_stow0.5_walk0.6,outside_in,baseline,12383,38,792,516,0,9.35,44,0.5,0.6
exp5_stow0.5_walk0.6,steffen,baseline,12383,38,609,289,0,3.4833333333333334,33,0.5,0.6
exp5_stow0.5_walk0.6,random,baseline,12384,39,1014,487,102,16.566666666666666,62,0.5,0.6
exp5_stow0.5_walk0.6,back_to_front,baseline,12384,39,1215,1116,93,47.00555555555555,119,0.5,0.6
exp5_stow0.5_walk0.6,outside_in,baseline,12384,39,815,442,0,9.738888888888889,41,0.5,0.6
exp5_stow0.5_walk0.6,steffen,baseline,12384,39,625,323,0,4.105555555555555,35,0.5,0.6
exp5_stow0.5_walk0.6,random,baseline,12385,40,975,583,90,16.227777777777778,63,0.5,0.6
exp5_stow0.5_walk0.6,back_to_front,baseline,12385,40,1132,1201,93,47.78888888888889,155,0.5,0.6
exp5_stow0.5_walk0.6,outside_in,baseline,12385,40,809,604,0,11.761111111111111,44,0.5,0.6
exp5_stow0.5_walk0.6,steffen,baseline,12385,40,609,453,0,4.955555555555556,31,0.5,0.6
exp5_stow0.5_walk0.6,random,baseline,12386,41,982,599,95,17.18888888888889,80,0.5,0.6
exp5_stow0.5_walk0.6,back_to_front,baseline,12386,41,1142,1279,74,45.13333333333333,117,0.5,0.6
exp5_stow0.5_walk0.6,outside_in,baseline,12386,41,786,588,0,10.416666666666666,46,0.5,0.6
exp5_stow0.5_walk0.6,steffen,baseline,12386,41,622,464,0,4.7555555555555555,39,0.5,0.6
exp5_stow0.5_walk0.6,random,baseline,12387,42,1013,526,90,17.2,66,0.5,0.6
exp5_stow0.5_walk0.6,back_to_front,baseline,12387,42,1228,1154,96,49.85,160,0.5,0.6
exp5_stow0.5_walk0.6,outside_in,baseline,12387,42,790,558,0,11.366666666666667,46,0.5,0.6
exp5_stow0.5_walk0.6,steffen,baseline,12387,42,593,344,0,4.116666666666666,41,0.5,0.6
exp5_stow0.5_walk0.6,random,baseline,12388,43,1045,573,90,17.727777777777778,62,0.5,0.6
exp5_stow0.5_walk0.6,back_to_front,baseline,12388,43,1237,1118,99,45.53888888888889,112,0.5,0.6
exp5_stow0.5_walk0.6,outside_in,baseline,12388,43,903,610,0,13.394444444444444,53,0.5,0.6
exp5_stow0.5_walk0.6,steffen,baseline,12388,43,642,468,0,5.022222222222222,36,0.5,0.6
exp5_stow0.5_walk0.6,random,baseline,12389,44,1026,622,97,20.455555555555556,77,0.5,0.6
exp5_stow0.5_walk0.6,back_to_front,baseline,12389,44,1174,1260,80,48.977777777777774,144,0.5,0.6
exp5_stow0.5_walk0.6,outside_in,baseline,12389,44,848,582,0,12.238888888888889,47,0.5,0.6
exp5_stow0.5_walk0.6,steffen,baseline,12389,44,626,439,0,4.5,36,0.5,0.6
exp5_stow0.5_walk0.6,random,baseline,12390,45,1007,513,92,16.044444444444444,69,0.5,0.6
exp5_stow0.5_walk0.6,back_to_front,baseline,12390,45,1200,1247,96,48.21111111111111,134,0.5,0.6
exp5_stow0.5_walk0.6,outside_in,baseline,12390,45,842,477,0,10.116666666666667,50,0.5,0.6
exp5_stow0.5_walk0.6,steffen,baseline,12390,45,640,269,0,3.272222222222222,26,0.5,0.6
exp5_stow0.5_walk0.6,random,baseline,12391,46,1059,588,91,20.372222222222224,65,0.5,0.6
exp5_stow0.5_walk0.6,back_to_front,baseline,12391,46,1279,1165,92,51.87777777777778,119,0.5,0.6
exp5_stow0.5_walk0.6,outside_in,baseline,12391,46,857,546,0,11.816666666666666,45,0.5,0.6
exp5_stow0.5_walk0.6,steffen,baseline,12391,46,621,407,0,5.122222222222222,41,0.5,0.6
exp5_stow0.5_walk0.6,random,baseline,12392,47,1034,666,90,20.083333333333332,90,0.5,0.6
exp5_stow0.5_walk0.6,back_to_front,baseline,12392,47,1198,1280,85,46.73888888888889,131,0.5,0.6
exp5_stow0.5_walk0.6,outside_in,baseline,12392,47,869,589,0,12.605555555555556,61,0.5,0.6
exp5_stow0.5_walk0.6,steffen,baseline,12392,47,622,442,0,4.527777777777778,34,0.5,0.6
exp5_stow0.5_walk0.6,random,baseline,12393,48,1050,673,101,19.144444444444446,61,0.5,0.6
exp5_stow0.5_walk0.6,back_to_front,baseline,12393,48,1281,1177,105,51.4,134,0.5,0.6
exp5_stow0.5_walk0.6,outside_in,baseline,12393,48,894,547,0,11.555555555555555,69,0.5,0.6
exp5_stow0.5_walk0.6,steffen,baseline,12393,48,641,452,0,4.7444444444444445,49,0.5,0.6
exp5_stow0.5_walk0.6,random,baseline,12394,49,993,622,85,19.261111111111113,58,0.5,0.6
exp5_stow0.5_walk0.6,back_to_front,baseline,12394,49,1245,1198,79,45.74444444444445,112,0.5,0.6
exp5_stow0.5_walk0.6,outside_in,baseline,12394,49,793,610,0,11.605555555555556,52,0.5,0.6
exp5_stow0.5_walk0.6,steffen,baseline,12394,49,625,441,0,4.5055555555555555,35,0.5,0.6
exp5_stow0.5_walk0.6,random,baseline,12395,50,947,680,90,18.86111111111111,77,0.5,0.6
exp5_stow0.5_walk0.6,back_to_front,baseline,12395,50,1165,1133,93,49.98888888888889,172,0.5,0.6
exp5_stow0.5_walk0.6,outside_in,baseline,12395,50,800,586,0,10.522222222222222,50,0.5,0.6
exp5_stow0.5_walk0.6,steffen,baseline,12395,50,604,474,0,5.044444444444444,39,0.5,0.6
exp5_stow0.5_walk0.6,random,baseline,12396,51,1018,701,97,21.816666666666666,65,0.5,0.6
exp5_stow0.5_walk0.6,back_to_front,baseline,12396,51,1220,1303,90,51.02777777777778,137,0.5,0.6
exp5_stow0.5_walk0.6,outside_in,baseline,12396,51,852,543,0,11.055555555555555,52,0.5,0.6
exp5_stow0.5_walk0.6,steffen,baseline,12396,51,650,408,0,4.988888888888889,27,0.5,0.6
exp5_stow0.5_walk0.6,random,baseline,12397,52,963,615,90,18.655555555555555,82,0.5,0.6
exp5_stow0.5_walk0.6,back_to_front,baseline,12397,52,1162,1193,91,49.53888888888889,128,0.5,0.6
exp5_stow0.5_walk0.6,outside_in,baseline,12397,52,821,475,0,9.438888888888888,53,0.5,0.6
exp5_stow0.5_walk0.6,steffen,baseline,12397,52,634,262,0,3.3944444444444444,32,0.5,0.6
exp5_stow0.5_walk0.6,random,baseline,12398,53,993,577,79,17.988888888888887,84,0.5,0.6
exp5_stow0.5_walk0.6,back_to_front,baseline,12398,53,1201,1211,97,49.76111111111111,172,0.5,0.6
exp5_stow0.5_walk0.6,outside_in,baseline,12398,53,793,619,0,11.305555555555555,56,0.5,0.6
exp5_stow0.5_walk0.6,steffen,baseline,12398,53,631,380,0,3.9722222222222223,33,0.5,0.6
exp5_stow0.5_walk0.6,random,baseline,12399,54,1065,508,98,18.977777777777778,63,0.5,0.6
exp5_stow0.5_walk0.6,back_to_front,baseline,12399,54,1254,1311,90,53.02777777777778,156,0.5,0.6
exp5_stow0.5_walk0.6,outside_in,baseline,12399,54,849,538,0,12.011111111111111,41,0.5,0.6
exp5_stow0.5_walk0.6,steffen,baseline,12399,54,625,334,0,4.4222222222222225,37,0.5,0.6
exp5_stow0.5_walk0.6,random,baseline,12400,55,1023,674,88,21.733333333333334,81,0.5,0.6
exp5_stow0.5_walk0.6,back_to_front,baseline,12400,55,1118,1157,89,49.58888888888889,165,0.5,0.6
exp5_stow0.5_walk0.6,outside_in,baseline,12400,55,760,591,0,10.35,57,0.5,0.6
exp5_stow0.5_walk0.6,steffen,baseline,12400,55,601,372,0,4.15,29,0.5,0.6
exp5_stow0.5_walk0.6,random,baseline,12401,56,1002,673,85,22.05,81,0.5,0.6
exp5_stow0.5_walk0.6,back_to_front,baseline,12401,56,1194,1305,93,54.62777777777778,165,0.5,0.6
exp5_stow0.5_walk0.6,outside_in,baseline,12401,56,773,605,0,12.238888888888889,44,0.5,0.6
exp5_stow0.5_walk0.6,steffen,baseline,12401,56,617,456,0,5.816666666666666,59,0.5,0.6
exp5_stow0.5_walk0.6,random,baseline,12402,57,1055,676,104,25.38888888888889,86,0.5,0.6
exp5_stow0.5_walk0.6,back_to_front,baseline,12402,57,1213,1237,90,49.361111111111114,141,0.5,0.6
exp5_stow0.5_walk0.6,outside_in,baseline,12402,57,861,568,0,12.894444444444444,61,0.5,0.6
exp5_stow0.5_walk0.6,steffen,baseline,12402,57,626,453,0,5.05,52,0.5,0.6
exp5_stow0.5_walk0.6,random,baseline,12403,58,1098,597,84,21.677777777777777,96,0.5,0.6
exp5_stow0.5_walk0.6,back_to_front,baseline,12403,58,1183,1171,85,45.666666666666664,121,0.5,0.6
exp5_stow0.5_walk0.6,outside_in,baseline,12403,58,846,585,0,12.3,45,0.5,0.6
exp5_stow0.5_walk0.6,steffen,baseline,12403,58,633,402,0,4.788888888888889,33,0.5,0.6
exp5_stow0.5_walk0.6,random,baseline,12404,59,1027,736,85,20.288888888888888,97,0.5,0.6
exp5_stow0.5_walk0.6,back_to_front,baseline,12404,59,1312,1358,84,54.19444444444444,148,0.5,0.6
exp5_stow0.5_walk0.6,outside_in,baseline,12404,59,904,524,0,13.166666666666666,69,0.5,0.6
exp5_stow0.5_walk0.6,steffen,baseline,12404,59,642,600,0,5.727777777777778,34,0.5,0.6
exp5_stow0.5_walk0.6,random,baseline,12405,60,1075,563,98,22.63888888888889,96,0.5,0.6
exp5_stow0.5_walk0.6,back_to_front,baseline,12405,60,1273,1238,98,55.644444444444446,136,0.5,0.6
exp5_stow0.5_walk0.6,outside_in,baseline,12405,60,839,518,0,12.36111111111111,45,0.5,0.6
exp5_stow0.5_walk0.6,steffen,baseline,12405,60,619,411,0,4.655555555555556,34,0.5,0.6
exp5_stow0.5_walk0.6,random,baseline,12406,61,991,645,96,17.316666666666666,83,0.5,0.6
exp5_stow0.5_walk0.6,back_to_front,baseline,12406,61,1310,1301,87,57.93333333333333,163,0.5,0.6
exp5_stow0.5_walk0.6,outside_in,baseline,12406,61,845,542,0,12.172222222222222,78,0.5,0.6
exp5_stow0.5_walk0.6,steffen,baseline,12406,61,597,367,0,4.116666666666666,28,0.5,0.6
exp5_stow0.5_walk0.6,random,baseline,12407,62,950,631,88,17.133333333333333,85,0.5,0.6
exp5_stow0.5_walk0.6,back_to_front,baseline,12407,62,1219,1244,93,51.81666666666667,143,0.5,0.6
exp5_stow0.5_walk0.6,outside_in,baseline,12407,62,812,528,0,9.655555555555555,38,0.5,0.6
exp5_stow0.5_walk0.6,steffen,baseline,12407,62,620,423,0,4.7555555555555555,41,0.5,0.6
exp5_stow0.5_walk0.6,random,baseline,12408,63,1073,565,93,18.461111111111112,64,0.5,0.6
exp5_stow0.5_walk0.6,back_to_front,baseline,12408,63,1293,1304,96,55.13333333333333,143,0.5,0.6
exp5_stow0.5_walk0.6,outside_in,baseline,12408,63,927,553,0,12.411111111111111,57,0.5,0.6
exp5_stow0.5_walk0.6,steffen,baseline,12408,63,665,378,0,5.127777777777778,50,0.5,0.6
exp5_stow0.5_walk0.6,random,baseline,12409,64,1101,570,95,20.788888888888888,74,0.5,0.6
exp5_stow0.5_walk0.6,back_to_front,baseline,12409,64,1205,1384,97,56.91111111111111,176,0.5,0.6
exp5_stow0.5_walk0.6,outside_in,baseline,12409,64,840,553,0,11.377777777777778,55,0.5,0.6
exp5_stow0.5_walk0.6,steffen,baseline,12409,64,617,367,0,4.2444444444444445,34,0.5,0.6
exp5_stow0.5_walk0.6,random,baseline,12410,65,1031,610,91,19.122222222222224,73,0.5,0.6
exp5_stow0.5_walk0.6,back_to_front,baseline,12410,65,1221,1237,97,57.05,155,0.5,0.6
exp5_stow0.5_walk0.6,outside_in,baseline,12410,65,819,508,0,12.11111111111111,48,0.5,0.6
exp5_stow0.5_walk0.6,steffen,baseline,12410,65,624,337,0,4.105555555555555,36,0.5,0.6
exp5_stow0.5_walk0.6,random,baseline,12411,66,1076,587,96,22.288888888888888,77,0.5,0.6
exp5_stow0.5_walk0.6,back_to_front,baseline,12411,66,1272,1239,96,53.81666666666667,142,0.5,0.6
exp5_stow0.5_walk0.6,outside_in,baseline,12411,66,821,550,0,12.544444444444444,55,0.5,0.6
exp5_stow0.5_walk0.6,steffen,baseline,12411,66,625,370,0,4.7555555555555555,38,0.5,0.6
exp5_stow0.5_walk0.6,random,baseline,12412,67,1049,716,78,22.772222222222222,78,0.5,0.6
exp5_stow0.5_walk0.6,back_to_front,baseline,12412,67,1316,1288,98,59.333333333333336,164,0.5,0.6
exp5_stow0.5_walk0.6,outside_in,baseline,12412,67,837,563,0,11.488888888888889,83,0.5,0.6
exp5_stow0.5_walk0.6,steffen,baseline,12412,67,625,393,0,4.088888888888889,36,0.5,0.6
exp5_stow0.5_walk0.6,random,baseline,12413,68,1021,588,107,20.6,73,0.5,0.6
exp5_stow0.5_walk0.6,back_to_front,baseline,12413,68,1235,1228,83,53.03888888888889,150,0.5,0.6
exp5_stow0.5_walk0.6,outside_in,baseline,12413,68,780,538,0,10.633333333333333,40,0.5,0.6
exp5_stow0.5_walk0.6,steffen,baseline,12413,68,598,388,0,4.555555555555555,42,0.5,0.6
exp5_stow0.5_walk0.6,random,baseline,12414,69,1057,623,86,21.35,76,0.5,0.6
exp5_stow0.5_walk0.6,back_to_front,baseline,12414,69,1233,1243,85,50.50555555555555,142,0.5,0.6
exp5_stow0.5_walk0.6,outside_in,baseline,12414,69,862,524,0,11.35,65,0.5,0.6
exp5_stow0.5_walk0.6,steffen,baseline,12414,69,597,413,0,4.683333333333334,34,0.5,0.6
exp5_stow0.5_walk0.6,random,baseline,12415,70,981,575,90,16.494444444444444,66,0.5,0.6
exp5_stow0.5_walk0.6,back_to_front,baseline,12415,70,1181,1315,88,50.955555555555556,136,0.5,0.6
exp5_stow0.5_walk0.6,outside_in,baseline,12415,70,821,558,0,11.877777777777778,50,0.5,0.6
exp5_stow0.5_walk0.6,steffen,baseline,12415,70,623,383,0,4.283333333333333,39,0.5,0.6
exp5_stow0.5_walk0.6,random,baseline,12416,71,1011,581,81,18.566666666666666,82,0.5,0.6
exp5_stow0.5_walk0.6,back_to_front,baseline,12416,71,1217,1301,92,51.477777777777774,140,0.5,0.6
exp5_stow0.5_walk0.6,outside_in,baseline,12416,71,853,633,0,14.805555555555555,61,0.5,0.6
exp5_stow0.5_walk0.6,steffen,baseline,12416,71,630,522,0,5.694444444444445,59,0.5,0.6
exp5_stow0.5_walk0.6,random,baseline,12417,72,1014,570,85,19.155555555555555,79,0.5,0.6
exp5_stow0.5_walk0.6,back_to_front,baseline,12417,72,1197,1239,93,46.03333333333333,118,0.5,0.6
exp5_stow0.5_walk0.6,outside_in,baseline,12417,72,868,539,0,11.244444444444444,43,0.5,0.6
exp5_stow0.5_walk0.6,steffen,baseline,12417,72,621,360,0,4.455555555555556,35,0.5,0.6
exp5_stow0.5_walk0.6,random,baseline,12418,73,1006,616,89,20.727777777777778,107,0.5,0.6
exp5_stow0.5_walk0.6,back_to_front,baseline,12418,73,1208,1322,93,57.59444444444444,155,0.5,0.6
exp5_stow0.5_walk0.6,outside_in,baseline,12418,73,805,595,0,12.822222222222223,60,0.5,0.6
exp5_stow0.5_walk0.6,steffen,baseline,12418,73,604,450,0,4.8,38,0.5,0.6
exp5_stow0.5_walk0.6,random,baseline,12419,74,1035,731,92,23.927777777777777,101,0.5,0.6
exp5_stow0.5_walk0.6,back_to_front,baseline,12419,74,1131,1198,80,42.83888888888889,132,0.5,0.6
exp5_stow0.5_walk0.6,outside_in,baseline,12419,74,812,662,0,10.5,65,0.5,0.6
exp5_stow0.5_walk0.6,steffen,baseline,12419,74,618,514,0,5.794444444444444,77,0.5,0.6
exp5_stow0.5_walk0.6,random,baseline,12420,75,992,601,93,17.066666666666666,60,0.5,0.6
exp5_stow0.5_walk0.6,back_to_front,baseline,12420,75,1283,1191,89,55.22222222222222,162,0.5,0.6
exp5_stow0.5_walk0.6,outside_in,baseline,12420,75,836,560,0,10.877777777777778,40,0.5,0.6
exp5_stow0.5_walk0.6,steffen,baseline,12420,75,642,453,0,4.811111111111111,40,0.5,0.6
exp5_stow0.5_walk0.6,random,baseline,12421,76,1006,626,98,23.727777777777778,96,0.5,0.6
exp5_stow0.5_walk0.6,back_to_front,baseline,12421,76,1108,1199,86,48.861111111111114,147,0.5,0.6
exp5_stow0.5_walk0.6,outside_in,baseline,12421,76,761,533,0,10.055555555555555,41,0.5,0.6
exp5_stow0.5_walk0.6,steffen,baseline,12421,76,583,345,0,4.094444444444444,35,0.5,0.6
exp5_stow0.5_walk0.6,random,baseline,12422,77,1054,706,87,22.044444444444444,66,0.5,0.6
exp5_stow0.5_walk0.6,back_to_front,baseline,12422,77,1185,1323,79,49.022222222222226,136,0.5,0.6
exp5_stow0.5_walk0.6,outside_in,baseline,12422,77,814,594,0,12.716666666666667,50,0.5,0.6
exp5_stow0.5_walk0.6,steffen,baseline,12422,77,623,455,0,5.55,31,0.5,0.6
exp5_stow0.5_walk0.6,random,baseline,12423,78,1088,660,99,25.894444444444446,120,0.5,0.6
exp5_stow0.5_walk0.6,back_to_front,baseline,12423,78,1332,1234,89,63.577777777777776,179,0.5,0.6
exp5_stow0.5_walk0.6,outside_in,baseline,12423,78,835,626,0,13.077777777777778,55,0.5,0.6
exp5_stow0.5_walk0.6,steffen,baseline,12423,78,610,466,0,5.611111111111111,49,0.5,0.6
exp5_stow0.5_walk0.6,random,baseline,12424,79,971,570,87,16.38888888888889,75,0.5,0.6
exp5_stow0.5_walk0.6,back_to_front,baseline,12424,79,1191,1227,91,47.69444444444444,148,0.5,0.6
exp5_stow0.5_walk0.6,outside_in,baseline,12424,79,800,594,0,11.394444444444444,49,0.5,0.6
exp5_stow0.5_walk0.6,steffen,baseline,12424,79,623,335,0,4.161111111111111,28,0.5,0.6
exp5_stow0.5_walk0.6,random,baseline,12425,80,984,546,97,18.56111111111111,66,0.5,0.6
exp5_stow0.5_walk0.6,back_to_front,baseline,12425,80,1191,1270,95,56.50555555555555,188,0.5,0.6
exp5_stow0.5_walk0.6,outside_in,baseline,12425,80,833,578,0,11.672222222222222,55,0.5,0.6
exp5_stow0.5_walk0.6,steffen,baseline,12425,80,588,370,0,4.2555555555555555,36,0.5,0.6
exp5_stow0.5_walk0.6,random,baseline,12426,81,1055,711,97,22.45,123,0.5,0.6
exp5_stow0.5_walk0.6,back_to_front,baseline,12426,81,1159,1218,77,43.42777777777778,106,0.5,0.6
exp5_stow0.5_walk0.6,outside_in,baseline,12426,81,801,595,0,11.255555555555556,47,0.5,0.6
exp5_stow0.5_walk0.6,steffen,baseline,12426,81,602,402,0,3.9944444444444445,37,0.5,0.6
exp5_stow0.5_walk0.6,random,baseline,12427,82,1036,602,81,19.1,59,0.5,0.6
exp5_stow0.5_walk0.6,back_to_front,baseline,12427,82,1277,1284,91,62.72222222222222,182,0.5,0.6
exp5_stow0.5_walk0.6,outside_in,baseline,12427,82,829,636,0,14.466666666666667,57,0.5,0.6
exp5_stow0.5_walk0.6,steffen,baseline,12427,82,593,428,0,4.95,38,0.5,0.6
exp5_stow0.5_walk0.6,random,baseline,12428,83,997,645,80,20.488888888888887,75,0.5,0.6
exp5_stow0.5_walk0.6,back_to_front,baseline,12428,83,1245,1313,93,56.077777777777776,143,0.5,0.6
exp5_stow0.5_walk0.6,outside_in,baseline,12428,83,861,540,0,12.63888888888889,49,0.5,0.6
exp5_stow0.5_walk0.6,steffen,baseline,12428,83,610,464,0,5.122222222222222,37,0.5,0.6
exp5_stow0.5_walk0.6,random,baseline,12429,84,1106,707,87,23.866666666666667,87,0.5,0.6
exp5_stow0.5_walk0.6,back_to_front,baseline,12429,84,1390,1261,96,60.23888888888889,138,0.5,0.6
exp5_stow0.5_walk0.6,outside_in,baseline,12429,84,905,576,0,13.305555555555555,63,0.5,0.6
exp5_stow0.5_walk0.6,steffen,baseline,12429,84,646,535,0,5.794444444444444,54,0.5,0.6
exp5_stow0.5_walk0.6,random,baseline,12430,85,1012,633,103,19.738888888888887,103,0.5,0.6
exp5_stow0.5_walk0.6,back_to_front,baseline,12430,85,1239,1275,87,52.25,135,0.5,0.6
exp5_stow0.5_walk0.6,outside_in,baseline,12430,85,810,644,0,12.144444444444444,55,0.5,0.6
exp5_stow0.5_walk0.6,steffen,baseline,12430,85,603,340,0,3.6444444444444444,31,0.5,0.6
exp5_stow0.5_walk0.6,random,baseline,12431,86,1087,634,97,22.08888888888889,81,0.5,0.6
exp5_stow0.5_walk0.6,back_to_front,baseline,12431,86,1093,1244,84,45.46111111111111,152,0.5,0.6
exp5_stow0.5_walk0.6,outside_in,baseline,12431,86,815,556,0,10.883333333333333,56,0.5,0.6
exp5_stow0.5_walk0.6,steffen,baseline,12431,86,587,395,0,4.572222222222222,36,0.5,0.6
exp5_stow0.5_walk0.6,random,baseline,12432,87,991,505,95,16.272222222222222,62,0.5,0.6
exp5_stow0.5_walk0.6,back_to_front,baseline,12432,87,1251,1284,92,56.63333333333333,157,0.5,0.6
exp5_stow0.5_walk0.6,outside_in,baseline,12432,87,823,488,0,10.233333333333333,49,0.5,0.6
exp5_stow0.5_walk0.6,steffen,baseline,12432,87,612,316,0,3.5555555555555554,35,0.5,0.6
exp5_stow0.5_walk0.6,random,baseline,12433,88,1042,601,90,19.716666666666665,76,0.5,0.6
exp5_stow0.5_walk0.6,back_to_front,baseline,12433,88,1154,1231,83,45.4,143,0.5,0.6
exp5_stow0.5_walk0.6,outside_in,baseline,12433,88,801,530,0,11.61111111111111,62,0.5,0.6
exp5_stow0.5_walk0.6,steffen,baseline,12433,88,599,372,0,4.322222222222222,34,0.5,0.6
exp5_stow0.5_walk0.6,random,baseline,12434,89,968,644,92,18.194444444444443,84,0.5,0.6
exp5_stow0.5_walk0.6,back_to_front,baseline,12434,89,1087,1351,84,46.86666666666667,136,0.5,0.6
exp5_stow0.5_walk0.6,outside_in,baseline,12434,89,781,631,0,11.783333333333333,58,0.5,0.6
exp5_stow0.5_walk0.6,steffen,baseline,12434,89,590,491,0,4.95,39,0.5,0.6
exp5_stow0.5_walk0.6,random,baseline,12435,90,1089,669,100,27.333333333333332,126,0.5,0.6
exp5_stow0.5_walk0.6,back_to_front,baseline,12435,90,1274,1348,87,56.5,160,0.5,0.6
exp5_stow0.5_walk0.6,outside_in,baseline,12435,90,901,642,0,19.944444444444443,107,0.5,0.6
exp5_stow0.5_walk0.6,steffen,baseline,12435,90,664,409,0,5.344444444444444,91,0.5,0.6
exp5_stow0.5_walk0.6,random,baseline,12436,91,957,748,101,22.233333333333334,92,0.5,0.6
exp5_stow0.5_walk0.6,back_to_front,baseline,12436,91,1293,1326,85,64.17777777777778,190,0.5,0.6
exp5_stow0.5_walk0.6,outside_in,baseline,12436,91,794,585,0,10.933333333333334,53,0.5,0.6
exp5_stow0.5_walk0.6,steffen,baseline,12436,91,591,331,0,4.083333333333333,31,0.5,0.6
exp5_stow0.5_walk0.6,random,baseline,12437,92,1017,671,93,24.855555555555554,84,0.5,0.6
exp5_stow0.5_walk0.6,back_to_front,baseline,12437,92,1213,1244,93,51.87222222222222,145,0.5,0.6
exp5_stow0.5_walk0.6,outside_in,baseline,12437,92,835,622,0,17.166666666666668,94,0.5,0.6
exp5_stow0.5_walk0.6,steffen,baseline,12437,92,611,423,0,5.783333333333333,46,0.5,0.6
exp5_stow0.5_walk0.6,random,baseline,12438,93,949,547,94,17.377777777777776,66,0.5,0.6
exp5_stow0.5_walk0.6,back_to_front,baseline,12438,93,1246,1171,87,52.94444444444444,134,0.5,0.6
exp5_stow0.5_walk0.6,outside_in,baseline,12438,93,821,557,0,11.372222222222222,44,0.5,0.6
exp5_stow0.5_walk0.6,steffen,baseline,12438,93,619,401,0,4.611111111111111,31,0.5,0.6
exp5_stow0.5_walk0.6,random,baseline,12439,94,997,643,92,18.533333333333335,93,0.5,0.6
exp5_stow0.5_walk0.6,back_to_front,baseline,12439,94,1166,1280,89,50.31111111111111,136,0.5,0.6
exp5_stow0.5_walk0.6,outside_in,baseline,12439,94,820,682,0,13.53888888888889,63,0.5,0.6
exp5_stow0.5_walk0.6,steffen,baseline,12439,94,588,420,0,4.383333333333334,32,0.5,0.6
exp5_stow0.5_walk0.6,random,baseline,12440,95,1036,651,89,22.072222222222223,108,0.5,0.6
exp5_stow0.5_walk0.6,back_to_front,baseline,12440,95,1167,1240,93,53.50555555555555,167,0.5,0.6
exp5_stow0.5_walk0.6,outside_in,baseline,12440,95,805,658,0,14.005555555555556,54,0.5,0.6
exp5_stow0.5_walk0.6,steffen,baseline,12440,95,576,429,0,4.461111111111111,35,0.5,0.6
exp5_stow0.5_walk0.6,random,baseline,12441,96,1050,667,90,21.6,72,0.5,0.6
exp5_stow0.5_walk0.6,back_to_front,baseline,12441,96,1148,1153,88,44.98888888888889,107,0.5,0.6
exp5_stow0.5_walk0.6,outside_in,baseline,12441,96,832,658,0,12.838888888888889,46,0.5,0.6
exp5_stow0.5_walk0.6,steffen,baseline,12441,96,622,466,0,4.9,33,0.5,0.6
exp5_stow0.5_walk0.6,random,baseline,12442,97,1066,608,93,21.544444444444444,76,0.5,0.6
exp5_stow0.5_walk0.6,back_to_front,baseline,12442,97,1263,1382,93,54.166666666666664,133,0.5,0.6
exp5_stow0.5_walk0.6,outside_in,baseline,12442,97,907,658,0,18.11111111111111,78,0.5,0.6
exp5_stow0.5_walk0.6,steffen,baseline,12442,97,640,471,0,6.305555555555555,44,0.5,0.6
exp5_stow0.5_walk0.6,random,baseline,12443,98,1022,698,85,22.233333333333334,79,0.5,0.6
exp5_stow0.5_walk0.6,back_to_front,baseline,12443,98,1255,1250,87,54.55555555555556,132,0.5,0.6
exp5_stow0.5_walk0.6,outside_in,baseline,12443,98,849,631,0,15.094444444444445,45,0.5,0.6
exp5_stow0.5_walk0.6,steffen,baseline,12443,98,604,462,0,5.35,32,0.5,0.6
exp5_stow0.5_walk0.6,random,baseline,12444,99,948,625,84,17.783333333333335,69,0.5,0.6
exp5_stow0.5_walk0.6,back_to_front,baseline,12444,99,1139,1271,93,47.27777777777778,138,0.5,0.6
exp5_stow0.5_walk0.6,outside_in,baseline,12444,99,816,551,0,11.011111111111111,37,0.5,0.6
exp5_stow0.5_walk0.6,steffen,baseline,12444,99,618,419,0,4.411111111111111,48,0.5,0.6
exp5_stow0.5_walk0.6,random,baseline,12445,100,933,568,91,18.67222222222222,66,0.5,0.6
exp5_stow0.5_walk0.6,back_to_front,baseline,12445,100,1163,1170,85,49.272222222222226,136,0.5,0.6
exp5_stow0.5_walk0.6,outside_in,baseline,12445,100,771,484,0,8.416666666666666,51,0.5,0.6
exp5_stow0.5_walk0.6,steffen,baseline,12445,100,592,304,0,3.588888888888889,28,0.5,0.6
exp5_stow0.5_walk0.6,random,baseline,12446,101,976,586,97,21.133333333333333,137,0.5,0.6
exp5_stow0.5_walk0.6,back_to_front,baseline,12446,101,1231,1213,99,56.93333333333333,146,0.5,0.6
exp5_stow0.5_walk0.6,outside_in,baseline,12446,101,830,549,0,13.655555555555555,65,0.5,0.6
exp5_stow0.5_walk0.6,steffen,baseline,12446,101,611,312,0,4.611111111111111,56,0.5,0.6
exp5_stow0.5_walk0.6,random,baseline,12447,102,1068,546,99,18.7,64,0.5,0.6
exp5_stow0.5_walk0.6,back_to_front,baseline,12447,102,1194,1237,87,50.077777777777776,152,0.5,0.6
exp5_stow0.5_walk0.6,outside_in,baseline,12447,102,858,493,0,11.8,56,0.5,0.6
exp5_stow0.5_walk0.6,steffen,baseline,12447,102,636,317,0,3.9833333333333334,39,0.5,0.6
exp5_stow0.5_walk0.6,random,baseline,12448,103,1040,662,88,20.13888888888889,81,0.5,0.6
exp5_stow0.5_walk0.6,back_to_front,baseline,12448,103,1158,1312,75,48.77777777777778,163,0.5,0.6
exp5_stow0.5_walk0.6,outside_in,baseline,12448,103,850,614,0,12.838888888888889,45,0.5,0.6
exp5_stow0.5_walk0.6,steffen,baseline,12448,103,601,496,0,5.0,32,0.5,0.6
exp5_stow0.5_walk0.6,random,baseline,12449,104,1061,614,96,19.766666666666666,65,0.5,0.6
exp5_stow0.5_walk0.6,back_to_front,baseline,12449,104,1089,1069,83,35.31666666666667,94,0.5,0.6
exp5_stow0.5_walk0.6,outside_in,baseline,12449,104,829,502,0,11.3,46,0.5,0.6
exp5_stow0.5_walk0.6,steffen,baseline,12449,104,610,336,0,4.227777777777778,26,0.5,0.6
exp5_stow0.5_walk0.6,random,baseline,12450,105,983,557,100,17.27777777777778,105,0.5,0.6
exp5_stow0.5_walk0.6,back_to_front,baseline,12450,105,1209,1170,86,47.32222222222222,128,0.5,0.6
exp5_stow0.5_walk0.6,outside_in,baseline,12450,105,813,590,0,11.161111111111111,54,0.5,0.6
exp5_stow0.5_walk0.6,steffen,baseline,12450,105,589,361,0,3.8,28,0.5,0.6
exp5_stow0.5_walk0.6,random,baseline,12451,106,995,597,103,21.233333333333334,78,0.5,0.6
exp5_stow0.5_walk0.6,back_to_front,baseline,12451,106,1300,1310,83,56.58888888888889,138,0.5,0.6
exp5_stow0.5_walk0.6,outside_in,baseline,12451,106,858,572,0,12.666666666666666,63,0.5,0.6
exp5_stow0.5_walk0.6,steffen,baseline,12451,106,629,373,0,4.561111111111111,39,0.5,0.6
exp5_stow0.5_walk0.6,random,baseline,12452,107,950,596,69,16.677777777777777,60,0.5,0.6
exp5_stow0.5_walk0.6,back_to_front,baseline,12452,107,1259,1257,93,54.03333333333333,144,0.5,0.6
exp5_stow0.5_walk0.6,outside_in,baseline,12452,107,824,560,0,9.96111111111111,62,0.5,0.6
exp5_stow0.5_walk0.6,steffen,baseline,12452,107,631,402,0,4.7555555555555555,34,0.5,0.6
exp5_stow0.5_walk0.6,random,baseline,12453,108,1002,566,95,16.866666666666667,65,0.5,0.6
exp5_stow0.5_walk0.6,back_to_front,baseline,12453,108,1220,1283,90,52.96111111111111,158,0.5,0.6
exp5_stow0.5_walk0.6,outside_in,baseline,12453,108,787,582,0,9.716666666666667,47,0.5,0.6
exp5_stow0.5_walk0.6,steffen,baseline,12453,108,618,425,0,4.305555555555555,32,0.5,0.6
exp5_stow0.5_walk0.6,random,baseline,12454,109,1079,635,81,20.555555555555557,80,0.5,0.6
exp5_stow0.5_walk0.6,back_to_front,baseline,12454,109,1379,1267,87,61.25,148,0.5,0.6
exp5_stow0.5_walk0.6,outside_in,baseline,12454,109,903,567,0,13.222222222222221,75,0.5,0.6
exp5_stow0.5_walk0.6,steffen,baseline,12454,109,658,420,0,6.205555555555556,58,0.5,0.6
exp5_stow0.5_walk0.6,random,baseline,12455,110,1085,675,107,22.033333333333335,83,0.5,0.6
exp5_stow0.5_walk0.6,back_to_front,baseline,12455,110,1312,1344,91,59.87777777777778,170,0.5,0.6
exp5_stow0.5_walk0.6,outside_in,baseline,12455,110,811,656,0,12.044444444444444,48,0.5,0.6
exp5_stow0.5_walk0.6,steffen,baseline,12455,110,622,419,0,4.411111111111111,29,0.5,0.6
exp5_stow0.5_walk0.6,random,baseline,12456,111,992,555,99,17.855555555555554,60,0.5,0.6
exp5_stow0.5_walk0.6,back_to_front,baseline,12456,111,1269,1168,88,58.833333333333336,191,0.5,0.6
exp5_stow0.5_walk0.6,outside_in,baseline,12456,111,796,528,0,11.1,49,0.5,0.6
exp5_stow0.5_walk0.6,steffen,baseline,12456,111,615,359,0,3.911111111111111,29,0.5,0.6
exp5_stow0.5_walk0.6,random,baseline,12457,112,1030,702,98,18.855555555555554,65,0.5,0.6
exp5_stow0.5_walk0.6,back_to_front,baseline,12457,112,1232,1330,92,51.46111111111111,133,0.5,0.6
exp5_stow0.5_walk0.6,outside_in,baseline,12457,112,853,561,0,12.477777777777778,51,0.5,0.6
exp5_stow0.5_walk0.6,steffen,baseline,12457,112,653,542,0,6.083333333333333,45,0.5,0.6
exp5_stow0.5_walk0.6,random,baseline,12458,113,1024,669,90,24.522222222222222,90,0.5,0.6
exp5_stow0.5_walk0.6,back_to_front,baseline,12458,113,1155,1266,81,45.21666666666667,127,0.5,0.6
exp5_stow0.5_walk0.6,outside_in,baseline,12458,113,848,615,0,13.533333333333333,60,0.5,0.6
exp5_stow0.5_walk0.6,steffen,baseline,12458,113,637,451,0,4.711111111111111,32,0.5,0.6
exp5_stow0.5_walk0.6,random,baseline,12459,114,1015,650,83,23.394444444444446,105,0.5,0.6
exp5_stow0.5_walk0.6,back_to_front,baseline,12459,114,1253,1144,94,54.44444444444444,144,0.5,0.6
exp5_stow0.5_walk0.6,outside_in,baseline,12459,114,855,656,0,15.266666666666667,67,0.5,0.6
exp5_stow0.5_walk0.6,steffen,baseline,12459,114,590,449,0,4.344444444444444,29,0.5,0.6
exp5_stow0.5_walk0.6,random,baseline,12460,115,1081,715,88,19.47222222222222,70,0.5,0.6
exp5_stow0.5_walk0.6,back_to_front,baseline,12460,115,1214,1359,92,59.638888888888886,212,0.5,0.6
exp5_stow0.5_walk0.6,outside_in,baseline,12460,115,801,603,0,11.027777777777779,50,0.5,0.6
exp5_stow0.5_walk0.6,steffen,baseline,12460,115,598,502,0,4.888888888888889,38,0.5,0.6
exp5_stow0.5_walk0.6,random,baseline,12461,116,920,577,70,14.883333333333333,71,0.5,0.6
exp5_stow0.5_walk0.6,back_to_front,baseline,12461,116,1068,1236,71,39.28333333333333,119,0.5,0.6
exp5_stow0.5_walk0.6,outside_in,baseline,12461,116,788,498,0,9.533333333333333,48,0.5,0.6
exp5_stow0.5_walk0.6,steffen,baseline,12461,116,586,409,0,4.25,30,0.5,0.6
exp5_stow0.5_walk0.6,random,baseline,12462,117,1009,664,89,20.305555555555557,88,0.5,0.6
exp5_stow0.5_walk0.6,back_to_front,baseline,12462,117,1268,1347,105,53.65555555555556,147,0.5,0.6
exp5_stow0.5_walk0.6,outside_in,baseline,12462,117,880,653,0,13.294444444444444,72,0.5,0.6
exp5_stow0.5_walk0.6,steffen,baseline,12462,117,629,524,0,5.738888888888889,49,0.5,0.6
exp5_stow0.5_walk0.6,random,baseline,12463,118,969,506,85,16.944444444444443,61,0.5,0.6
exp5_stow0.5_walk0.6,back_to_front,baseline,12463,118,1176,1305,94,49.96666666666667,149,0.5,0.6
exp5_stow0.5_walk0.6,outside_in,baseline,12463,118,811,449,0,10.061111111111112,47,0.5,0.6
exp5_stow0.5_walk0.6,steffen,baseline,12463,118,621,272,0,4.405555555555556,37,0.5,0.6
exp5_stow0.5_walk0.6,random,baseline,12464,119,1003,651,89,18.816666666666666,93,0.5,0.6
exp5_stow0.5_walk0.6,back_to_front,baseline,12464,119,1319,1224,101,55.24444444444445,139,0.5,0.6
exp5_stow0.5_walk0.6,outside_in,baseline,12464,119,809,556,0,9.105555555555556,39,0.5,0.6
exp5_stow0.5_walk0.6,steffen,baseline,12464,119,632,375,0,4.366666666666666,37,0.5,0.6
exp5_stow0.5_walk0.6,random,baseline,12465,120,954,649,94,21.066666666666666,96,0.5,0.6
exp5_stow0.5_walk0.6,back_to_front,baseline,12465,120,1205,1234,87,56.28888888888889,255,0.5,0.6
exp5_stow0.5_walk0.6,outside_in,baseline,12465,120,805,602,0,12.033333333333333,132,0.5,0.6
exp5_stow0.5_walk0.6,steffen,baseline,12465,120,619,479,0,7.3277777777777775,52,0.5,0.6
exp5_stow0.5_walk0.6,random,baseline,12466,121,987,579,70,17.783333333333335,66,0.5,0.6
exp5_stow0.5_walk0.6,back_to_front,baseline,12466,121,1197,1252,96,53.01111111111111,143,0.5,0.6
exp5_stow0.5_walk0.6,outside_in,baseline,12466,121,825,508,0,11.46111111111111,45,0.5,0.6
exp5_stow0.5_walk0.6,steffen,baseline,12466,121,592,376,0,4.594444444444444,48,0.5,0.6
exp5_stow0.5_walk0.6,random,baseline,12467,122,1059,599,98,21.47222222222222,77,0.5,0.6
exp5_stow0.5_walk0.6,back_to_front,baseline,12467,122,1210,1235,85,51.55555555555556,145,0.5,0.6
exp5_stow0.5_walk0.6,outside_in,baseline,12467,122,797,507,0,9.422222222222222,42,0.5,0.6
exp5_stow0.5_walk0.6,steffen,baseline,12467,122,614,384,0,4.527777777777778,25,0.5,0.6
exp5_stow0.5_walk0.6,random,baseline,12468,123,1061,599,98,17.47222222222222,74,0.5,0.6
exp5_stow0.5_walk0.6,back_to_front,baseline,12468,123,1174,1140,86,47.327777777777776,157,0.5,0.6
exp5_stow0.5_walk0.6,outside_in,baseline,12468,123,848,521,0,11.45,59,0.5,0.6
exp5_stow0.5_walk0.6,steffen,baseline,12468,123,616,427,0,5.177777777777778,49,0.5,0.6
exp5_stow0.5_walk0.6,random,baseline,12469,124,1044,763,98,24.155555555555555,119,0.5,0.6
exp5_stow0.5_walk0.6,back_to_front,baseline,12469,124,1219,1382,83,61.044444444444444,170,0.5,0.6
exp5_stow0.5_walk0.6,outside_in,baseline,12469,124,814,650,0,14.733333333333333,95,0.5,0.6
exp5_stow0.5_walk0.6,steffen,baseline,12469,124,607,426,0,4.433333333333334,39,0.5,0.6
exp5_stow0.5_walk0.6,random,baseline,12470,125,909,634,86,18.11111111111111,59,0.5,0.6
exp5_stow0.5_walk0.6,back_to_front,baseline,12470,125,1125,1244,78,42.97222222222222,117,0.5,0.6
exp5_stow0.5_walk0.6,outside_in,baseline,12470,125,774,552,0,8.527777777777779,43,0.5,0.6
exp5_stow0.5_walk0.6,steffen,baseline,12470,125,602,426,0,4.461111111111111,37,0.5,0.6
exp5_stow0.5_walk0.6,random,baseline,12471,126,1132,582,87,23.344444444444445,75,0.5,0.6
exp5_stow0.5_walk0.6,back_to_front,baseline,12471,126,1231,1123,98,50.955555555555556,142,0.5,0.6
exp5_stow0.5_walk0.6,outside_in,baseline,12471,126,879,497,0,11.75,48,0.5,0.6
exp5_stow0.5_walk0.6,steffen,baseline,12471,126,644,338,0,5.05,37,0.5,0.6
exp5_stow0.5_walk0.6,random,baseline,12472,127,1009,599,87,17.38888888888889,62,0.5,0.6
exp5_stow0.5_walk0.6,back_to_front,baseline,12472,127,1239,1160,100,52.61666666666667,141,0.5,0.6
exp5_stow0.5_walk0.6,outside_in,baseline,12472,127,865,561,0,11.933333333333334,58,0.5,0.6
exp5_stow0.5_walk0.6,steffen,baseline,12472,127,633,441,0,4.866666666666666,33,0.5,0.6
exp5_stow0.5_walk0.6,random,baseline,12473,128,1010,739,89,24.18888888888889,86,0.5,0.6
exp5_stow0.5_walk0.6,back_to_front,baseline,12473,128,1285,1327,89,56.71111111111111,183,0.5,0.6
exp5_stow0.5_walk0.6,outside_in,baseline,12473,128,853,624,0,11.588888888888889,53,0.5,0.6
exp5_stow0.5_walk0.6,steffen,baseline,12473,128,604,517,0,5.277777777777778,48,0.5,0.6
exp5_stow0.5_walk0.6,random,baseline,12474,129,910,630,82,15.716666666666667,84,0.5,0.6
exp5_stow0.5_walk0.6,back_to_front,baseline,12474,129,1139,1213,89,49.955555555555556,119,0.5,0.6
exp5_stow0.5_walk0.6,outside_in,baseline,12474,129,748,627,0,10.161111111111111,40,0.5,0.6
exp5_stow0.5_walk0.6,steffen,baseline,12474,129,573,421,0,4.433333333333334,36,0.5,0.6
exp5_stow0.5_walk0.6,random,baseline,12475,130,1057,610,98,22.67222222222222,97,0.5,0.6
exp5_stow0.5_walk0.6,back_to_front,baseline,12475,130,1219,1229,94,53.28888888888889,128,0.5,0.6
exp5_stow0.5_walk0.6,outside_in,baseline,12475,130,835,563,0,12.63888888888889,64,0.5,0.6
exp5_stow0.5_walk0.6,steffen,baseline,12475,130,624,360,0,4.1722222222222225,37,0.5,0.6
exp5_stow0.5_walk0.6,random,baseline,12476,131,1065,610,84,21.783333333333335,96,0.5,0.6
exp5_stow0.5_walk0.6,back_to_front,baseline,12476,131,1247,1293,102,53.77777777777778,142,0.5,0.6
exp5_stow0.5_walk0.6,outside_in,baseline,12476,131,888,543,0,13.3,56,0.5,0.6
exp5_stow0.5_walk0.6,steffen,baseline,12476,131,616,381,0,4.366666666666666,38,0.5,0.6
exp5_stow0.5_walk0.6,random,baseline,12477,132,1036,696,96,23.6,84,0.5,0.6
exp5_stow0.5_walk0.6,back_to_front,baseline,12477,132,1237,1321,92,54.477777777777774,158,0.5,0.6
exp5_stow0.5_walk0.6,outside_in,baseline,12477,132,846,694,0,17.622222222222224,84,0.5,0.6
exp5_stow0.5_walk0.6,steffen,baseline,12477,132,597,444,0,4.611111111111111,47,0.5,0.6
exp5_stow0.5_walk0.6,random,baseline,12478,133,986,592,88,17.238888888888887,81,0.5,0.6
exp5_stow0.5_walk0.6,back_to_front,baseline,12478,133,1195,1247,87,52.86666666666667,176,0.5,0.6
exp5_stow0.5_walk0.6,outside_in,baseline,12478,133,824,508,0,12.11111111111111,53,0.5,0.6
exp5_stow0.5_walk0.6,steffen,baseline,12478,133,606,344,0,3.8722222222222222,33,0.5,0.6
exp5_stow0.5_walk0.6,random,baseline,12479,134,1030,583,86,17.13888888888889,74,0.5,0.6
exp5_stow0.5_walk0.6,back_to_front,baseline,12479,134,1144,1143,91,42.56666666666667,115,0.5,0.6
exp5_stow0.5_walk0.6,outside_in,baseline,12479,134,892,537,0,12.71111111111111,52,0.5,0.6
exp5_stow0.5_walk0.6,steffen,baseline,12479,134,640,446,0,5.605555555555555,30,0.5,0.6
exp5_stow0.5_walk0.6,random,baseline,12480,135,1014,662,82,21.961111111111112,87,0.5,0.6
exp5_stow0.5_walk0.6,back_to_front,baseline,12480,135,1147,1293,94,45.955555555555556,136,0.5,0.6
exp5_stow0.5_walk0.6,outside_in,baseline,12480,135,815,536,0,10.833333333333334,65,0.5,0.6
exp5_stow0.5_walk0.6,steffen,baseline,12480,135,616,407,0,4.272222222222222,47,0.5,0.6
exp5_stow0.5_walk0.6,random,baseline,12481,136,1106,699,87,27.255555555555556,79,0.5,0.6
exp5_stow0.5_walk0.6,back_to_front,baseline,12481,136,1310,1315,86,54.172222222222224,133,0.5,0.6
exp5_stow0.5_walk0.6,outside_in,baseline,12481,136,874,603,0,14.061111111111112,66,0.5,0.6
exp5_stow0.5_walk0.6,steffen,baseline,12481,136,643,439,0,5.283333333333333,44,0.5,0.6
exp5_stow0.5_walk0.6,random,baseline,12482,137,1008,585,95,18.044444444444444,68,0.5,0.6
exp5_stow0.5_walk0.6,back_to_front,baseline,12482,137,1282,1392,94,57.67777777777778,189,0.5,0.6
exp5_stow0.5_walk0.6,outside_in,baseline,12482,137,819,570,0,11.177777777777777,48,0.5,0.6
exp5_stow0.5_walk0.6,steffen,baseline,12482,137,626,485,0,5.405555555555556,47,0.5,0.6
exp5_stow0.5_walk0.6,random,baseline,12483,138,1056,665,103,24.65,91,0.5,0.6
exp5_stow0.5_walk0.6,back_to_front,baseline,12483,138,1166,1244,87,44.62777777777778,138,0.5,0.6
exp5_stow0.5_walk0.6,outside_in,baseline,12483,138,823,500,0,10.427777777777777,38,0.5,0.6
exp5_stow0.5_walk0.6,steffen,baseline,12483,138,598,334,0,3.8333333333333335,29,0.5,0.6
exp5_stow0.5_walk0.6,random,baseline,12484,139,1015,534,88,16.133333333333333,60,0.5,0.6
exp5_stow0.5_walk0.6,back_to_front,baseline,12484,139,1179,1044,99,47.333333333333336,167,0.5,0.6
exp5_stow0.5_walk0.6,outside_in,baseline,12484,139,875,539,0,11.11111111111111,52,0.5,0.6
exp5_stow0.5_walk0.6,steffen,baseline,12484,139,591,347,0,3.8222222222222224,37,0.5,0.6
exp5_stow0.5_walk0.6,random,baseline,12485,140,978,632,85,19.322222222222223,74,0.5,0.6
exp5_stow0.5_walk0.6,back_to_front,baseline,12485,140,1095,1178,89,45.53888888888889,158,0.5,0.6
exp5_stow0.5_walk0.6,outside_in,baseline,12485,140,822,581,0,11.772222222222222,39,0.5,0.6
exp5_stow0.5_walk0.6,steffen,baseline,12485,140,589,342,0,4.161111111111111,28,0.5,0.6
exp5_stow0.5_walk0.6,random,baseline,12486,141,979,694,98,20.122222222222224,70,0.5,0.6
exp5_stow0.5_walk0.6,back_to_front,baseline,12486,141,1254,1254,91,51.40555555555556,169,0.5,0.6
exp5_stow0.5_walk0.6,outside_in,baseline,12486,141,801,612,0,11.722222222222221,47,0.5,0.6
exp5_stow0.5_walk0.6,steffen,baseline,12486,141,594,419,0,4.705555555555556,28,0.5,0.6
exp5_stow0.5_walk0.6,random,baseline,12487,142,1019,545,80,15.96111111111111,93,0.5,0.6
exp5_stow0.5_walk0.6,back_to_front,baseline,12487,142,1183,1197,95,45.3,124,0.5,0.6
exp5_stow0.5_walk0.6,outside_in,baseline,12487,142,830,592,0,10.511111111111111,54,0.5,0.6
exp5_stow0.5_walk0.6,steffen,baseline,12487,142,640,435,0,4.416666666666667,30,0.5,0.6
exp5_stow0.5_walk0.6,random,baseline,12488,143,964,656,84,19.93888888888889,95,0.5,0.6
exp5_stow0.5_walk0.6,back_to_front,baseline,12488,143,1275,1326,95,61.55,190,0.5,0.6
exp5_stow0.5_walk0.6,outside_in,baseline,12488,143,825,639,0,12.527777777777779,49,0.5,0.6
exp5_stow0.5_walk0.6,steffen,baseline,12488,143,612,443,0,5.166666666666667,55,0.5,0.6
exp5_stow0.5_walk0.6,random,baseline,12489,144,966,642,82,21.183333333333334,106,0.5,0.6
exp5_stow0.5_walk0.6,back_to_front,baseline,12489,144,1191,1283,86,53.27777777777778,179,0.5,0.6
exp5_stow0.5_walk0.6,outside_in,baseline,12489,144,759,551,0,9.983333333333333,43,0.5,0.6
exp5_stow0.5_walk0.6,steffen,baseline,12489,144,604,344,0,4.116666666666666,31,0.5,0.6
exp5_stow0.5_walk0.6,random,baseline,12490,145,993,588,84,18.044444444444444,58,0.5,0.6
exp5_stow0.5_walk0.6,back_to_front,baseline,12490,145,1201,1226,91,49.833333333333336,118,0.5,0.6
exp5_stow0.5_walk0.6,outside_in,baseline,12490,145,777,656,0,12.666666666666666,55,0.5,0.6
exp5_stow0.5_walk0.6,steffen,baseline,12490,145,586,377,0,4.033333333333333,33,0.5,0.6
exp5_stow0.5_walk0.6,random,baseline,12491,146,1106,612,88,23.194444444444443,92,0.5,0.6
exp5_stow0.5_walk0.6,back_to_front,baseline,12491,146,1167,1143,92,44.44444444444444,115,0.5,0.6
exp5_stow0.5_walk0.6,outside_in,baseline,12491,146,825,515,0,10.566666666666666,53,0.5,0.6
exp5_stow0.5_walk0.6,steffen,baseline,12491,146,611,299,0,4.1,31,0.5,0.6
exp5_stow0.5_walk0.6,random,baseline,12492,147,972,749,94,21.144444444444446,67,0.5,0.6
exp5_stow0.5_walk0.6,back_to_front,baseline,12492,147,1180,1266,89,49.56111111111111,129,0.5,0.6
exp5_stow0.5_walk0.6,outside_in,baseline,12492,147,771,681,0,12.905555555555555,60,0.5,0.6
exp5_stow0.5_walk0.6,steffen,baseline,12492,147,613,623,0,6.1,48,0.5,0.6
exp5_stow0.5_walk0.6,random,baseline,12493,148,1042,677,97,22.761111111111113,68,0.5,0.6
exp5_stow0.5_walk0.6,back_to_front,baseline,12493,148,1210,1138,93,47.44444444444444,140,0.5,0.6
exp5_stow0.5_walk0.6,outside_in,baseline,12493,148,829,568,0,12.877777777777778,67,0.5,0.6
exp5_stow0.5_walk0.6,steffen,baseline,12493,148,611,369,0,4.4,34,0.5,0.6
exp5_stow0.5_walk0.6,random,baseline,12494,149,973,628,98,19.33888888888889,73,0.5,0.6
exp5_stow0.5_walk0.6,back_to_front,baseline,12494,149,1141,1321,83,49.35,161,0.5,0.6
exp5_stow0.5_walk0.6,outside_in,baseline,12494,149,776,594,0,10.583333333333334,44,0.5,0.6
exp5_stow0.5_walk0.6,steffen,baseline,12494,149,600,391,0,4.2,32,0.5,0.6
exp5_stow0.5_walk0.6,random,baseline,12495,150,1026,582,105,19.27777777777778,56,0.5,0.6
exp5_stow0.5_walk0.6,back_to_front,baseline,12495,150,1249,1130,88,54.272222222222226,145,0.5,0.6
exp5_stow0.5_walk0.6,outside_in,baseline,12495,150,827,603,0,13.383333333333333,53,0.5,0.6
exp5_stow0.5_walk0.6,steffen,baseline,12495,150,603,385,0,4.144444444444445,30,0.5,0.6
exp5_stow0.5_walk0.6,random,baseline,12496,151,1014,678,96,20.961111111111112,64,0.5,0.6
exp5_stow0.5_walk0.6,back_to_front,baseline,12496,151,1183,1224,90,51.91111111111111,126,0.5,0.6
exp5_stow0.5_walk0.6,outside_in,baseline,12496,151,782,576,0,11.261111111111111,49,0.5,0.6
exp5_stow0.5_walk0.6,steffen,baseline,12496,151,594,412,0,4.627777777777778,30,0.5,0.6
exp5_stow0.5_walk0.6,random,baseline,12497,152,998,574,89,16.883333333333333,62,0.5,0.6
exp5_stow0.5_walk0.6,back_to_front,baseline,12497,152,1135,1171,93,43.0,121,0.5,0.6
exp5_stow0.5_walk0.6,outside_in,baseline,12497,152,827,576,0,10.822222222222223,60,0.5,0.6
exp5_stow0.5_walk0.6,steffen,baseline,12497,152,614,439,0,4.694444444444445,35,0.5,0.6
exp5_stow0.5_walk0.6,random,baseline,12498,153,945,562,96,16.755555555555556,71,0.5,0.6
exp5_stow0.5_walk0.6,back_to_front,baseline,12498,153,1114,1180,88,45.18888888888889,141,0.5,0.6
exp5_stow0.5_walk0.6,outside_in,baseline,12498,153,802,587,0,12.422222222222222,71,0.5,0.6
exp5_stow0.5_walk0.6,steffen,baseline,12498,153,586,400,0,4.372222222222222,50,0.5,0.6
exp5_stow0.5_walk0.6,random,baseline,12499,154,1120,678,91,22.038888888888888,116,0.5,0.6
exp5_stow0.5_walk0.6,back_to_front,baseline,12499,154,1256,1288,86,51.06666666666667,142,0.5,0.6
exp5_stow0.5_walk0.6,outside_in,baseline,12499,154,912,580,0,15.61111111111111,86,0.5,0.6
exp5_stow0.5_walk0.6,steffen,baseline,12499,154,695,516,0,7.955555555555556,69,0.5,0.6
exp5_stow0.5_walk0.6,random,baseline,12500,155,986,598,91,18.95,62,0.5,0.6
exp5_stow0.5_walk0.6,back_to_front,baseline,12500,155,1184,1151,87,50.02777777777778,148,0.5,0.6
exp5_stow0.5_walk0.6,outside_in,baseline,12500,155,783,507,0,9.666666666666666,37,0.5,0.6
exp5_stow0.5_walk0.6,steffen,baseline,12500,155,610,327,0,4.361111111111111,27,0.5,0.6
exp5_stow0.5_walk0.6,random,baseline,12501,156,1018,566,82,18.066666666666666,84,0.5,0.6
exp5_stow0.5_walk0.6,back_to_front,baseline,12501,156,1342,1299,89,69.7,199,0.5,0.6
exp5_stow0.5_walk0.6,outside_in,baseline,12501,156,790,566,0,13.383333333333333,75,0.5,0.6
exp5_stow0.5_walk0.6,steffen,baseline,12501,156,593,279,0,3.838888888888889,25,0.5,0.6
exp5_stow0.5_walk0.6,random,baseline,12502,157,1027,516,101,18.983333333333334,79,0.5,0.6
exp5_stow0.5_walk0.6,back_to_front,baseline,12502,157,1250,1123,87,54.2,194,0.5,0.6
exp5_stow0.5_walk0.6,outside_in,baseline,12502,157,822,474,0,11.966666666666667,57,0.5,0.6
exp5_stow0.5_walk0.6,steffen,baseline,12502,157,628,289,0,4.038888888888889,32,0.5,0.6
exp5_stow0.5_walk0.6,random,baseline,12503,158,1041,634,98,19.238888888888887,87,0.5,0.6
exp5_stow0.5_walk0.6,back_to_front,baseline,12503,158,1170,1209,84,43.672222222222224,126,0.5,0.6
exp5_stow0.5_walk0.6,outside_in,baseline,12503,158,832,568,0,10.644444444444444,43,0.5,0.6
exp5_stow0.5_walk0.6,steffen,baseline,12503,158,637,349,0,4.216666666666667,30,0.5,0.6
exp5_stow0.5_walk0.6,random,baseline,12504,159,993,575,72,17.877777777777776,100,0.5,0.6
exp5_stow0.5_walk0.6,back_to_front,baseline,12504,159,1316,1247,113,67.05,226,0.5,0.6
exp5_stow0.5_walk0.6,outside_in,baseline,12504,159,812,556,0,12.427777777777777,56,0.5,0.6
exp5_stow0.5_walk0.6,steffen,baseline,12504,159,598,313,0,4.0777777777777775,46,0.5,0.6
exp5_stow0.5_walk0.6,random,baseline,12505,160,1038,551,89,16.9,50,0.5,0.6
exp5_stow0.5_walk0.6,back_to_front,baseline,12505,160,1269,1305,105,54.1,132,0.5,0.6
exp5_stow0.5_walk0.6,outside_in,baseline,12505,160,850,511,0,10.661111111111111,51,0.5,0.6
exp5_stow0.5_walk0.6,steffen,baseline,12505,160,620,402,0,4.761111111111111,28,0.5,0.6
exp5_stow0.5_walk0.6,random,baseline,12506,161,1045,646,90,18.983333333333334,92,0.5,0.6
exp5_stow0.5_walk0.6,back_to_front,baseline,12506,161,1308,1278,98,64.49444444444444,200,0.5,0.6
exp5_stow0.5_walk0.6,outside_in,baseline,12506,161,788,661,0,14.022222222222222,75,0.5,0.6
exp5_stow0.5_walk0.6,steffen,baseline,12506,161,600,448,0,5.0,62,0.5,0.6
exp5_stow0.5_walk0.6,random,baseline,12507,162,1007,589,95,17.944444444444443,63,0.5,0.6
exp5_stow0.5_walk0.6,back_to_front,baseline,12507,162,1205,1139,93,50.23888888888889,134,0.5,0.6
exp5_stow0.5_walk0.6,outside_in,baseline,12507,162,861,559,0,11.45,51,0.5,0.6
exp5_stow0.5_walk0.6,steffen,baseline,12507,162,631,392,0,4.75,31,0.5,0.6
exp5_stow0.5_walk0.6,random,baseline,12508,163,936,612,80,17.133333333333333,98,0.5,0.6
exp5_stow0.5_walk0.6,back_to_front,baseline,12508,163,1203,1341,86,55.388888888888886,132,0.5,0.6
exp5_stow0.5_walk0.6,outside_in,baseline,12508,163,805,571,0,10.761111111111111,53,0.5,0.6
exp5_stow0.5_walk0.6,steffen,baseline,12508,163,593,463,0,4.644444444444445,39,0.5,0.6
exp5_stow0.5_walk0.6,random,baseline,12509,164,1005,684,81,21.322222222222223,109,0.5,0.6
exp5_stow0.5_walk0.6,back_to_front,baseline,12509,164,1243,1343,90,58.74444444444445,187,0.5,0.6
exp5_stow0.5_walk0.6,outside_in,baseline,12509,164,797,738,0,15.927777777777777,101,0.5,0.6
exp5_stow0.5_walk0.6,steffen,baseline,12509,164,680,379,0,4.655555555555556,90,0.5,0.6
exp5_stow0.5_walk0.6,random,baseline,12510,165,1102,653,97,23.794444444444444,93,0.5,0.6
exp5_stow0.5_walk0.6,back_to_front,baseline,12510,165,1379,1299,86,61.96666666666667,195,0.5,0.6
exp5_stow0.5_walk0.6,outside_in,baseline,12510,165,872,586,0,17.694444444444443,102,0.5,0.6
exp5_stow0.5_walk0.6,steffen,baseline,12510,165,655,520,0,8.616666666666667,67,0.5,0.6
exp5_stow0.5_walk0.6,random,baseline,12511,166,1042,617,97,22.261111111111113,83,0.5,0.6
exp5_stow0.5_walk0.6,back_to_front,baseline,12511,166,1154,1168,85,44.03888888888889,119,0.5,0.6
exp5_stow0.5_walk0.6,outside_in,baseline,12511,166,861,615,0,14.372222222222222,66,0.5,0.6
exp5_stow0.5_walk0.6,steffen,baseline,12511,166,636,379,0,4.966666666666667,54,0.5,0.6
exp5_stow0.5_walk0.6,random,baseline,12512,167,966,595,102,16.61111111111111,72,0.5,0.6
exp5_stow0.5_walk0.6,back_to_front,baseline,12512,167,1244,1224,93,53.08888888888889,123,0.5,0.6
exp5_stow0.5_walk0.6,outside_in,baseline,12512,167,851,531,0,11.45,41,0.5,0.6
exp5_stow0.5_walk0.6,steffen,baseline,12512,167,612,349,0,4.127777777777778,43,0.5,0.6
exp5_stow0.5_walk0.6,random,baseline,12513,168,1018,526,89,15.466666666666667,78,0.5,0.6
exp5_stow0.5_walk0.6,back_to_front,baseline,12513,168,1175,1094,84,49.56111111111111,156,0.5,0.6
exp5_stow0.5_walk0.6,outside_in,baseline,12513,168,796,500,0,10.938888888888888,52,0.5,0.6
exp5_stow0.5_walk0.6,steffen,baseline,12513,168,614,365,0,4.488888888888889,41,0.5,0.6
exp5_stow0.5_walk0.6,random,baseline,12514,169,1068,565,84,21.41111111111111,103,0.5,0.6
exp5_stow0.5_walk0.6,back_to_front,baseline,12514,169,1232,1102,98,49.43333333333333,146,0.5,0.6
exp5_stow0.5_walk0.6,outside_in,baseline,12514,169,835,511,0,11.955555555555556,49,0.5,0.6
exp5_stow0.5_walk0.6,steffen,baseline,12514,169,626,241,0,3.9166666666666665,65,0.5,0.6
exp5_stow0.5_walk0.6,random,baseline,12515,170,896,656,93,17.211111111111112,77,0.5,0.6
exp5_stow0.5_walk0.6,back_to_front,baseline,12515,170,1144,1248,83,51.33888888888889,146,0.5,0.6
exp5_stow0.5_walk0.6,outside_in,baseline,12515,170,751,613,0,10.294444444444444,44,0.5,0.6
exp5_stow0.5_walk0.6,steffen,baseline,12515,170,594,452,0,4.644444444444445,47,0.5,0.6
exp5_stow0.5_walk0.6,random,baseline,12516,171,922,608,77,15.05,50,0.5,0.6
exp5_stow0.5_walk0.6,back_to_front,baseline,12516,171,1187,1291,92,53.016666666666666,146,0.5,0.6
exp5_stow0.5_walk0.6,outside_in,baseline,12516,171,764,471,0,7.777777777777778,38,0.5,0.6
exp5_stow0.5_walk0.6,steffen,baseline,12516,171,605,409,0,4.183333333333334,34,0.5,0.6
exp5_stow0.5_walk0.6,random,baseline,12517,172,1036,596,98,19.677777777777777,89,0.5,0.6
exp5_stow0.5_walk0.6,back_to_front,baseline,12517,172,1180,1243,72,47.97222222222222,123,0.5,0.6
exp5_stow0.5_walk0.6,outside_in,baseline,12517,172,797,498,0,9.53888888888889,42,0.5,0.6
exp5_stow0.5_walk0.6,steffen,baseline,12517,172,605,374,0,4.011111111111111,36,0.5,0.6
exp5_stow0.5_walk0.6,random,baseline,12518,173,1034,654,85,20.655555555555555,76,0.5,0.6
exp5_stow0.5_walk0.6,back_to_front,baseline,12518,173,1158,1160,72,47.6,126,0.5,0.6
exp5_stow0.5_walk0.6,outside_in,baseline,12518,173,812,552,0,11.75,53,0.5,0.6
exp5_stow0.5_walk0.6,steffen,baseline,12518,173,609,430,0,4.794444444444444,34,0.5,0.6
exp5_stow0.5_walk0.6,random,baseline,12519,174,1006,600,84,18.6,74,0.5,0.6
exp5_stow0.5_walk0.6,back_to_front,baseline,12519,174,1262,1384,107,57.016666666666666,132,0.5,0.6
exp5_stow0.5_walk0.6,outside_in,baseline,12519,174,812,650,0,12.2,47,0.5,0.6
exp5_stow0.5_walk0.6,steffen,baseline,12519,174,611,443,0,4.594444444444444,27,0.5,0.6
exp5_stow0.5_walk0.6,random,baseline,12520,175,904,607,78,16.105555555555554,54,0.5,0.6
exp5_stow0.5_walk0.6,back_to_front,baseline,12520,175,1214,1233,90,54.43888888888889,165,0.5,0.6
exp5_stow0.5_walk0.6,outside_in,baseline,12520,175,756,585,0,10.944444444444445,48,0.5,0.6
exp5_stow0.5_walk0.6,steffen,baseline,12520,175,603,333,0,3.7055555555555557,35,0.5,0.6
exp5_stow0.5_walk0.6,random,baseline,12521,176,1057,593,89,20.36111111111111,75,0.5,0.6
exp5_stow0.5_walk0.6,back_to_front,baseline,12521,176,1293,1333,99,59.32222222222222,189,0.5,0.6
exp5_stow0.5_walk0.6,outside_in,baseline,12521,176,930,511,0,11.544444444444444,61,0.5,0.6
exp5_stow0.5_walk0.6,steffen,baseline,12521,176,640,313,0,4.866666666666666,37,0.5,0.6
exp5_stow0.5_walk0.6,random,baseline,12522,177,1031,629,93,19.822222222222223,86,0.5,0.6
exp5_stow0.5_walk0.6,back_to_front,baseline,12522,177,1072,1168,80,37.96111111111111,81,0.5,0.6
exp5_stow0.5_walk0.6,outside_in,baseline,12522,177,822,550,0,12.866666666666667,58,0.5,0.6
exp5_stow0.5_walk0.6,steffen,baseline,12522,177,598,422,0,4.488888888888889,40,0.5,0.6
exp5_stow0.5_walk0.6,random,baseline,12523,178,1093,596,92,22.68888888888889,66,0.5,0.6
exp5_stow0.5_walk0.6,back_to_front,baseline,12523,178,1167,1219,91,47.544444444444444,125,0.5,0.6
exp5_stow0.5_walk0.6,outside_in,baseline,12523,178,805,573,0,13.38888888888889,59,0.5,0.6
exp5_stow0.5_walk0.6,steffen,baseline,12523,178,601,343,0,3.8833333333333333,35,0.5,0.6
exp5_stow0.5_walk0.6,random,baseline,12524,179,1011,569,83,21.833333333333332,79,0.5,0.6
exp5_stow0.5_walk0.6,back_to_front,baseline,12524,179,1270,1275,85,50.294444444444444,127,0.5,0.6
exp5_stow0.5_walk0.6,outside_in,baseline,12524,179,781,528,0,11.405555555555555,49,0.5,0.6
exp5_stow0.5_walk0.6,steffen,baseline,12524,179,606,291,0,4.0055555555555555,31,0.5,0.6
exp5_stow0.5_walk0.6,random,baseline,12525,180,1048,707,100,21.794444444444444,92,0.5,0.6
exp5_stow0.5_walk0.6,back_to_front,baseline,12525,180,1190,1245,80,53.47222222222222,178,0.5,0.6
exp5_stow0.5_walk0.6,outside_in,baseline,12525,180,813,622,0,11.322222222222223,69,0.5,0.6
exp5_stow0.5_walk0.6,steffen,baseline,12525,180,636,495,0,4.838888888888889,32,0.5,0.6
exp5_stow0.5_walk0.6,random,baseline,12526,181,947,706,88,19.344444444444445,72,0.5,0.6
exp5_stow0.5_walk0.6,back_to_front,baseline,12526,181,1216,1282,87,51.1,172,0.5,0.6
exp5_stow0.5_walk0.6,outside_in,baseline,12526,181,811,537,0,9.955555555555556,48,0.5,0.6
exp5_stow0.5_walk0.6,steffen,baseline,12526,181,624,457,0,5.05,49,0.5,0.6
exp5_stow0.5_walk0.6,random,baseline,12527,182,1013,550,104,18.416666666666668,80,0.5,0.6
exp5_stow0.5_walk0.6,back_to_front,baseline,12527,182,1232,1141,84,60.416666666666664,173,0.5,0.6
exp5_stow0.5_walk0.6,outside_in,baseline,12527,182,735,582,0,11.53888888888889,54,0.5,0.6
exp5_stow0.5_walk0.6,steffen,baseline,12527,182,605,425,0,4.661111111111111,32,0.5,0.6
exp5_stow0.5_walk0.6,random,baseline,12528,183,1054,621,89,20.377777777777776,74,0.5,0.6
exp5_stow0.5_walk0.6,back_to_front,baseline,12528,183,1288,1311,95,60.327777777777776,184,0.5,0.6
exp5_stow0.5_walk0.6,outside_in,baseline,12528,183,830,604,0,11.994444444444444,53,0.5,0.6
exp5_stow0.5_walk0.6,steffen,baseline,12528,183,593,411,0,4.305555555555555,47,0.5,0.6
exp5_stow0.5_walk0.6,random,baseline,12529,184,976,625,86,20.594444444444445,81,0.5,0.6
exp5_stow0.5_walk0.6,back_to_front,baseline,12529,184,1282,1244,106,58.46111111111111,137,0.5,0.6
exp5_stow0.5_walk0.6,outside_in,baseline,12529,184,822,590,0,12.222222222222221,44,0.5,0.6
exp5_stow0.5_walk0.6,steffen,baseline,12529,184,608,294,0,3.811111111111111,34,0.5,0.6
exp5_stow0.5_walk0.6,random,baseline,12530,185,965,639,92,19.294444444444444,95,0.5,0.6
exp5_stow0.5_walk0.6,back_to_front,baseline,12530,185,1154,1216,74,48.955555555555556,145,0.5,0.6
exp5_stow0.5_walk0.6,outside_in,baseline,12530,185,778,517,0,9.816666666666666,52,0.5,0.6
exp5_stow0.5_walk0.6,steffen,baseline,12530,185,604,399,0,4.3,38,0.5,0.6
exp5_stow0.5_walk0.6,random,baseline,12531,186,993,515,89,15.85,65,0.5,0.6
exp5_stow0.5_walk0.6,back_to_front,baseline,12531,186,1226,1288,92,50.522222222222226,170,0.5,0.6
exp5_stow0.5_walk0.6,outside_in,baseline,12531,186,819,588,0,12.411111111111111,59,0.5,0.6
exp5_stow0.5_walk0.6,steffen,baseline,12531,186,616,424,0,4.572222222222222,37,0.5,0.6
exp5_stow0.5_walk0.6,random,baseline,12532,187,1075,684,104,21.677777777777777,73,0.5,0.6
exp5_stow0.5_walk0.6,back_to_front,baseline,12532,187,1197,1174,87,48.666666666666664,151,0.5,0.6
exp5_stow0.5_walk0.6,outside_in,baseline,12532,187,787,578,0,9.705555555555556,48,0.5,0.6
exp5_stow0.5_walk0.6,steffen,baseline,12532,187,615,459,0,4.766666666666667,32,0.5,0.6
exp5_stow0.5_walk0.6,random,baseline,12533,188,1059,729,89,24.072222222222223,85,0.5,0.6
exp5_stow0.5_walk0.6,back_to_front,baseline,12533,188,1275,1227,96,56.15555555555556,133,0.5,0.6
exp5_stow0.5_walk0.6,outside_in,baseline,12533,188,842,617,0,13.166666666666666,50,0.5,0.6
exp5_stow0.5_walk0.6,steffen,baseline,12533,188,663,503,0,5.666666666666667,46,0.5,0.6
exp5_stow0.5_walk0.6,random,baseline,12534,189,1061,729,87,20.91111111111111,73,0.5,0.6
exp5_stow0.5_walk0.6,back_to_front,baseline,12534,189,1195,1332,88,53.30555555555556,158,0.5,0.6
exp5_stow0.5_walk0.6,outside_in,baseline,12534,189,847,613,0,15.016666666666667,56,0.5,0.6
exp5_stow0.5_walk0.6,steffen,baseline,12534,189,613,431,0,5.288888888888889,45,0.5,0.6
exp5_stow0.5_walk0.6,random,baseline,12535,190,973,608,89,14.916666666666666,71,0.5,0.6
exp5_stow0.5_walk0.6,back_to_front,baseline,12535,190,1230,1333,94,50.90555555555556,149,0.5,0.6
exp5_stow0.5_walk0.6,outside_in,baseline,12535,190,759,563,0,9.083333333333334,55,0.5,0.6
exp5_stow0.5_walk0.6,steffen,baseline,12535,190,593,398,0,4.15,33,0.5,0.6
exp5_stow0.5_walk0.6,random,baseline,12536,191,1086,561,91,19.32777777777778,89,0.5,0.6
exp5_stow0.5_walk0.6,back_to_front,baseline,12536,191,1295,1164,84,53.666666666666664,162,0.5,0.6
exp5_stow0.5_walk0.6,outside_in,baseline,12536,191,848,480,0,10.072222222222223,37,0.5,0.6
exp5_stow0.5_walk0.6,steffen,baseline,12536,191,630,440,0,5.022222222222222,50,0.5,0.6
exp5_stow0.5_walk0.6,random,baseline,12537,192,959,660,89,19.877777777777776,78,0.5,0.6
exp5_stow0.5_walk0.6,back_to_front,baseline,12537,192,1220,1279,88,55.06666666666667,156,0.5,0.6
exp5_stow0.5_walk0.6,outside_in,baseline,12537,192,797,568,0,10.53888888888889,63,0.5,0.6
exp5_stow0.5_walk0.6,steffen,baseline,12537,192,603,468,0,4.883333333333334,29,0.5,0.6
exp5_stow0.5_walk0.6,random,baseline,12538,193,976,654,85,19.833333333333332,78,0.5,0.6
exp5_stow0.5_walk0.6,back_to_front,baseline,12538,193,1043,1203,84,38.66111111111111,97,0.5,0.6
exp5_stow0.5_walk0.6,outside_in,baseline,12538,193,849,636,0,15.794444444444444,63,0.5,0.6
exp5_stow0.5_walk0.6,steffen,baseline,12538,193,596,447,0,5.383333333333334,39,0.5,0.6
exp5_stow0.5_walk0.6,random,baseline,12539,194,1019,660,90,21.32777777777778,73,0.5,0.6
exp5_stow0.5_walk0.6,back_to_front,baseline,12539,194,1183,1175,90,49.894444444444446,128,0.5,0.6
exp5_stow0.5_walk0.6,outside_in,baseline,12539,194,851,603,0,14.016666666666667,46,0.5,0.6
exp5_stow0.5_walk0.6,steffen,baseline,12539,194,624,386,0,5.266666666666667,26,0.5,0.6
exp5_stow0.5_walk0.6,random,baseline,12540,195,952,713,88,20.666666666666668,78,0.5,0.6
exp5_stow0.5_walk0.6,back_to_front,baseline,12540,195,1196,1239,85,55.12222222222222,189,0.5,0.6
exp5_stow0.5_walk0.6,outside_in,baseline,12540,195,814,717,0,16.094444444444445,75,0.5,0.6
exp5_stow0.5_walk0.6,steffen,baseline,12540,195,578,463,0,5.322222222222222,43,0.5,0.6
exp5_stow0.5_walk0.6,random,baseline,12541,196,1018,630,89,21.42222222222222,87,0.5,0.6
exp5_stow0.5_walk0.6,back_to_front,baseline,12541,196,1157,1170,85,41.25555555555555,115,0.5,0.6
exp5_stow0.5_walk0.6,outside_in,baseline,12541,196,799,522,0,11.416666666666666,42,0.5,0.6
exp5_stow0.5_walk0.6,steffen,baseline,12541,196,614,353,0,4.188888888888889,33,0.5,0.6
exp5_stow0.5_walk0.6,random,baseline,12542,197,1004,604,78,24.255555555555556,114,0.5,0.6
exp5_stow0.5_walk0.6,back_to_front,baseline,12542,197,1286,1202,93,61.522222222222226,164,0.5,0.6
exp5_stow0.5_walk0.6,outside_in,baseline,12542,197,857,539,0,16.205555555555556,50,0.5,0.6
exp5_stow0.5_walk0.6,steffen,baseline,12542,197,604,311,0,4.605555555555555,25,0.5,0.6
exp5_stow0.5_walk0.6,random,baseline,12543,198,1000,602,77,16.394444444444446,54,0.5,0.6
exp5_stow0.5_walk0.6,back_to_front,baseline,12543,198,1155,1343,91,49.111111111111114,130,0.5,0.6
exp5_stow0.5_walk0.6,outside_in,baseline,12543,198,792,695,0,12.355555555555556,36,0.5,0.6
exp5_stow0.5_walk0.6,steffen,baseline,12543,198,586,567,0,5.133333333333334,32,0.5,0.6
exp5_stow0.5_walk0.6,random,baseline,12544,199,984,569,105,19.372222222222224,78,0.5,0.6
exp5_stow0.5_walk0.6,back_to_front,baseline,12544,199,1207,1381,84,53.93888888888889,144,0.5,0.6
exp5_stow0.5_walk0.6,outside_in,baseline,12544,199,869,513,0,13.755555555555556,71,0.5,0.6
exp5_stow0.5_walk0.6,steffen,baseline,12544,199,619,301,0,3.922222222222222,35,0.5,0.6
exp5_stow0.5_walk0.8,random,baseline,12345,0,942,913,84,17.144444444444446,61,0.5,0.8
exp5_stow0.5_walk0.8,back_to_front,baseline,12345,0,1165,1728,94,59.11666666666667,168,0.5,0.8
exp5_stow0.5_walk0.8,outside_in,baseline,12345,0,782,997,0,12.938888888888888,54,0.5,0.8
exp5_stow0.5_walk0.8,steffen,baseline,12345,0,599,1200,0,8.55,40,0.5,0.8
exp5_stow0.5_walk0.8,random,baseline,12346,1,992,1203,90,24.033333333333335,102,0.5,0.8
exp5_stow0.5_walk0.8,back_to_front,baseline,12346,1,1226,1772,92,62.08888888888889,158,0.5,0.8
exp5_stow0.5_walk0.8,outside_in,baseline,12346,1,801,1156,0,17.55,84,0.5,0.8
exp5_stow0.5_walk0.8,steffen,baseline,12346,1,593,1312,0,10.455555555555556,49,0.5,0.8
exp5_stow0.5_walk0.8,random,baseline,12347,2,1128,1110,91,22.333333333333332,85,0.5,0.8
exp5_stow0.5_walk0.8,back_to_front,baseline,12347,2,1266,1780,87,51.23888888888889,126,0.5,0.8
exp5_stow0.5_walk0.8,outside_in,baseline,12347,2,914,1079,0,17.15,60,0.5,0.8
exp5_stow0.5_walk0.8,steffen,baseline,12347,2,695,1540,0,11.744444444444444,44,0.5,0.8
exp5_stow0.5_walk0.8,random,baseline,12348,3,1051,1006,100,23.322222222222223,89,0.5,0.8
exp5_stow0.5_walk0.8,back_to_front,baseline,12348,3,1248,1733,115,56.1,164,0.5,0.8
exp5_stow0.5_walk0.8,outside_in,baseline,12348,3,792,1115,0,15.655555555555555,51,0.5,0.8
exp5_stow0.5_walk0.8,steffen,baseline,12348,3,619,1342,0,10.583333333333334,63,0.5,0.8
exp5_stow0.5_walk0.8,random,baseline,12349,4,1081,911,77,21.227777777777778,84,0.5,0.8
exp5_stow0.5_walk0.8,back_to_front,baseline,12349,4,1266,1757,94,55.65,158,0.5,0.8
exp5_stow0.5_walk0.8,outside_in,baseline,12349,4,889,1042,0,15.572222222222223,63,0.5,0.8
exp5_stow0.5_walk0.8,steffen,baseline,12349,4,669,1353,0,10.1,40,0.5,0.8
exp5_stow0.5_walk0.8,random,baseline,12350,5,989,994,87,22.655555555555555,72,0.5,0.8
exp5_stow0.5_walk0.8,back_to_front,baseline,12350,5,1334,1758,83,64.76666666666667,185,0.5,0.8
exp5_stow0.5_walk0.8,outside_in,baseline,12350,5,845,1096,0,17.366666666666667,73,0.5,0.8
exp5_stow0.5_walk0.8,steffen,baseline,12350,5,627,1351,0,10.555555555555555,44,0.5,0.8
exp5_stow0.5_walk0.8,random,baseline,12351,6,1005,980,96,23.833333333333332,80,0.5,0.8
exp5_stow0.5_walk0.8,back_to_front,baseline,12351,6,1233,1715,79,60.81111111111111,146,0.5,0.8
exp5_stow0.5_walk0.8,outside_in,baseline,12351,6,835,880,0,13.783333333333333,53,0.5,0.8
exp5_stow0.5_walk0.8,steffen,baseline,12351,6,596,1121,0,8.783333333333333,42,0.5,0.8
exp5_stow0.5_walk0.8,random,baseline,12352,7,1072,1070,85,24.08888888888889,79,0.5,0.8
exp5_stow0.5_walk0.8,back_to_front,baseline,12352,7,1216,1717,83,56.2,162,0.5,0.8
exp5_stow0.5_walk0.8,outside_in,baseline,12352,7,857,995,0,15.86111111111111,78,0.5,0.8
exp5_stow0.5_walk0.8,steffen,baseline,12352,7,612,1227,0,9.555555555555555,47,0.5,0.8
exp5_stow0.5_walk0.8,random,baseline,12353,8,995,1026,96,23.86111111111111,103,0.5,0.8
exp5_stow0.5_walk0.8,back_to_front,baseline,12353,8,1193,1771,86,56.38333333333333,152,0.5,0.8
exp5_stow0.5_walk0.8,outside_in,baseline,12353,8,778,1014,0,15.811111111111112,61,0.5,0.8
exp5_stow0.5_walk0.8,steffen,baseline,12353,8,593,1428,0,10.472222222222221,51,0.5,0.8
exp5_stow0.5_walk0.8,random,baseline,12354,9,992,1008,86,22.705555555555556,76,0.5,0.8
exp5_stow0.5_walk0.8,back_to_front,baseline,12354,9,1182,1669,87,56.31666666666667,149,0.5,0.8
exp5_stow0.5_walk0.8,outside_in,baseline,12354,9,755,1017,0,16.07777777777778,65,0.5,0.8
exp5_stow0.5_walk0.8,steffen,baseline,12354,9,596,1241,0,9.511111111111111,56,0.5,0.8
exp5_stow0.5_walk0.8,random,baseline,12355,10,998,997,88,21.822222222222223,93,0.5,0.8
exp5_stow0.5_walk0.8,back_to_front,baseline,12355,10,1070,1675,81,45.638888888888886,133,0.5,0.8
exp5_stow0.5_walk0.8,outside_in,baseline,12355,10,826,1080,0,15.755555555555556,58,0.5,0.8
exp5_stow0.5_walk0.8,steffen,baseline,12355,10,597,1380,0,10.161111111111111,48,0.5,0.8
exp5_stow0.5_walk0.8,random,baseline,12356,11,972,1126,91,22.844444444444445,76,0.5,0.8
exp5_stow0.5_walk0.8,back_to_front,baseline,12356,11,1111,1738,86,46.2,103,0.5,0.8
exp5_stow0.5_walk0.8,outside_in,baseline,12356,11,817,1015,0,16.116666666666667,49,0.5,0.8
exp5_stow0.5_walk0.8,steffen,baseline,12356,11,601,1413,0,10.672222222222222,39,0.5,0.8
exp5_stow0.5_walk0.8,random,baseline,12357,12,957,1007,75,20.244444444444444,87,0.5,0.8
exp5_stow0.5_walk0.8,back_to_front,baseline,12357,12,1187,1724,77,58.15,187,0.5,0.8
exp5_stow0.5_walk0.8,outside_in,baseline,12357,12,778,1021,0,15.894444444444444,81,0.5,0.8
exp5_stow0.5_walk0.8,steffen,baseline,12357,12,601,1009,0,8.422222222222222,39,0.5,0.8
exp5_stow0.5_walk0.8,random,baseline,12358,13,910,1145,82,22.216666666666665,81,0.5,0.8
exp5_stow0.5_walk0.8,back_to_front,baseline,12358,13,1183,1656,89,55.9,159,0.5,0.8
exp5_stow0.5_walk0.8,outside_in,baseline,12358,13,791,1094,0,15.6,46,0.5,0.8
exp5_stow0.5_walk0.8,steffen,baseline,12358,13,588,1243,0,9.244444444444444,47,0.5,0.8
exp5_stow0.5_walk0.8,random,baseline,12359,14,989,1101,94,23.738888888888887,102,0.5,0.8
exp5_stow0.5_walk0.8,back_to_front,baseline,12359,14,1214,1869,83,57.105555555555554,152,0.5,0.8
exp5_stow0.5_walk0.8,outside_in,baseline,12359,14,793,1123,0,13.716666666666667,45,0.5,0.8
exp5_stow0.5_walk0.8,steffen,baseline,12359,14,624,1380,0,10.505555555555556,42,0.5,0.8
exp5_stow0.5_walk0.8,random,baseline,12360,15,969,1059,87,22.405555555555555,109,0.5,0.8
exp5_stow0.5_walk0.8,back_to_front,baseline,12360,15,1143,1844,102,54.46666666666667,168,0.5,0.8
exp5_stow0.5_walk0.8,outside_in,baseline,12360,15,774,1028,0,14.78888888888889,76,0.5,0.8
exp5_stow0.5_walk0.8,steffen,baseline,12360,15,585,1336,0,10.13888888888889,46,0.5,0.8
exp5_stow0.5_walk0.8,random,baseline,12361,16,1097,1164,82,27.2,76,0.5,0.8
exp5_stow0.5_walk0.8,back_to_front,baseline,12361,16,1236,1767,95,61.455555555555556,160,0.5,0.8
exp5_stow0.5_walk0.8,outside_in,baseline,12361,16,824,1079,0,16.322222222222223,82,0.5,0.8
exp5_stow0.5_walk0.8,steffen,baseline,12361,16,611,1235,0,10.027777777777779,71,0.5,0.8
exp5_stow0.5_walk0.8,random,baseline,12362,17,991,1065,80,22.594444444444445,81,0.5,0.8
exp5_stow0.5_walk0.8,back_to_front,baseline,12362,17,1168,1809,102,59.37777777777778,159,0.5,0.8
exp5_stow0.5_walk0.8,outside_in,baseline,12362,17,791,1056,0,14.494444444444444,46,0.5,0.8
exp5_stow0.5_walk0.8,steffen,baseline,12362,17,598,1344,0,10.444444444444445,37,0.5,0.8
exp5_stow0.5_walk0.8,random,baseline,12363,18,902,1038,83,18.511111111111113,62,0.5,0.8
exp5_stow0.5_walk0.8,back_to_front,baseline,12363,18,1156,1538,98,55.827777777777776,174,0.5,0.8
exp5_stow0.5_walk0.8,outside_in,baseline,12363,18,780,963,0,13.6,63,0.5,0.8
exp5_stow0.5_walk0.8,steffen,baseline,12363,18,599,1019,0,7.9222222222222225,44,0.5,0.8
exp5_stow0.5_walk0.8,random,baseline,12364,19,963,1085,89,21.066666666666666,96,0.5,0.8
exp5_stow0.5_walk0.8,back_to_front,baseline,12364,19,1221,1649,89,53.977777777777774,136,0.5,0.8
exp5_stow0.5_walk0.8,outside_in,baseline,12364,19,815,990,0,13.933333333333334,66,0.5,0.8
exp5_stow0.5_walk0.8,steffen,baseline,12364,19,627,1138,0,8.561111111111112,62,0.5,0.8
exp5_stow0.5_walk0.8,random,baseline,12365,20,951,1082,102,24.238888888888887,92,0.5,0.8
exp5_stow0.5_walk0.8,back_to_front,baseline,12365,20,1198,1823,82,56.58888888888889,142,0.5,0.8
exp5_stow0.5_walk0.8,outside_in,baseline,12365,20,853,1045,0,18.83888888888889,79,0.5,0.8
exp5_stow0.5_walk0.8,steffen,baseline,12365,20,594,1265,0,9.6,38,0.5,0.8
exp5_stow0.5_walk0.8,random,baseline,12366,21,942,999,78,21.844444444444445,107,0.5,0.8
exp5_stow0.5_walk0.8,back_to_front,baseline,12366,21,1230,1718,84,59.53333333333333,177,0.5,0.8
exp5_stow0.5_walk0.8,outside_in,baseline,12366,21,773,924,0,14.505555555555556,56,0.5,0.8
exp5_stow0.5_walk0.8,steffen,baseline,12366,21,624,1125,0,10.238888888888889,47,0.5,0.8
exp5_stow0.5_walk0.8,random,baseline,12367,22,1023,1021,88,22.538888888888888,68,0.5,0.8
exp5_stow0.5_walk0.8,back_to_front,baseline,12367,22,1174,1784,94,52.894444444444446,169,0.5,0.8
exp5_stow0.5_walk0.8,outside_in,baseline,12367,22,857,960,0,16.455555555555556,53,0.5,0.8
exp5_stow0.5_walk0.8,steffen,baseline,12367,22,616,1393,0,10.61111111111111,40,0.5,0.8
exp5_stow0.5_walk0.8,random,baseline,12368,23,1052,1126,93,24.933333333333334,72,0.5,0.8
exp5_stow0.5_walk0.8,back_to_front,baseline,12368,23,1153,1703,76,54.15555555555556,152,0.5,0.8
exp5_stow0.5_walk0.8,outside_in,baseline,12368,23,787,957,0,13.666666666666666,48,0.5,0.8
exp5_stow0.5_walk0.8,steffen,baseline,12368,23,595,1327,0,10.561111111111112,41,0.5,0.8
exp5_stow0.5_walk0.8,random,baseline,12369,24,1001,1197,100,22.644444444444446,105,0.5,0.8
exp5_stow0.5_walk0.8,back_to_front,baseline,12369,24,1238,1870,89,62.016666666666666,166,0.5,0.8
exp5_stow0.5_walk0.8,outside_in,baseline,12369,24,808,970,0,14.927777777777777,64,0.5,0.8
exp5_stow0.5_walk0.8,steffen,baseline,12369,24,634,1330,0,10.88888888888889,64,0.5,0.8
exp5_stow0.5_walk0.8,random,baseline,12370,25,993,1076,81,19.566666666666666,91,0.5,0.8
exp5_stow0.5_walk0.8,back_to_front,baseline,12370,25,1209,1708,86,50.18333333333333,125,0.5,0.8
exp5_stow0.5_walk0.8,outside_in,baseline,12370,25,814,868,0,12.405555555555555,39,0.5,0.8
exp5_stow0.5_walk0.8,steffen,baseline,12370,25,622,1172,0,9.6,77,0.5,0.8
exp5_stow0.5_walk0.8,random,baseline,12371,26,1029,1073,89,20.366666666666667,77,0.5,0.8
exp5_stow0.5_walk0.8,back_to_front,baseline,12371,26,1190,1701,84,52.65555555555556,167,0.5,0.8
exp5_stow0.5_walk0.8,outside_in,baseline,12371,26,793,1010,0,13.983333333333333,86,0.5,0.8
exp5_stow0.5_walk0.8,steffen,baseline,12371,26,618,1260,0,9.405555555555555,78,0.5,0.8
exp5_stow0.5_walk0.8,random,baseline,12372,27,1064,1000,85,21.322222222222223,85,0.5,0.8
exp5_stow0.5_walk0.8,back_to_front,baseline,12372,27,1265,1762,97,64.06111111111112,165,0.5,0.8
exp5_stow0.5_walk0.8,outside_in,baseline,12372,27,820,1041,0,15.344444444444445,65,0.5,0.8
exp5_stow0.5_walk0.8,steffen,baseline,12372,27,610,1370,0,10.1,39,0.5,0.8
exp5_stow0.5_walk0.8,random,baseline,12373,28,934,1073,91,21.91111111111111,88,0.5,0.8
exp5_stow0.5_walk0.8,back_to_front,baseline,12373,28,1158,1768,82,50.63333333333333,127,0.5,0.8
exp5_stow0.5_walk0.8,outside_in,baseline,12373,28,770,1091,0,14.11111111111111,50,0.5,0.8
exp5_stow0.5_walk0.8,steffen,baseline,12373,28,607,1306,0,9.733333333333333,47,0.5,0.8
exp5_stow0.5_walk0.8,random,baseline,12374,29,979,977,81,21.05,72,0.5,0.8
exp5_stow0.5_walk0.8,back_to_front,baseline,12374,29,1190,1766,88,51.67777777777778,136,0.5,0.8
exp5_stow0.5_walk0.8,outside_in,baseline,12374,29,810,906,0,13.383333333333333,45,0.5,0.8
exp5_stow0.5_walk0.8,steffen,baseline,12374,29,629,1204,0,9.194444444444445,39,0.5,0.8
exp5_stow0.5_walk0.8,random,baseline,12375,30,998,998,101,20.966666666666665,64,0.5,0.8
exp5_stow0.5_walk0.8,back_to_front,baseline,12375,30,1185,1682,98,52.577777777777776,150,0.5,0.8
exp5_stow0.5_walk0.8,outside_in,baseline,12375,30,821,1081,0,15.472222222222221,58,0.5,0.8
exp5_stow0.5_walk0.8,steffen,baseline,12375,30,612,1440,0,11.311111111111112,48,0.5,0.8
exp5_stow0.5_walk0.8,random,baseline,12376,31,1062,1070,89,27.011111111111113,95,0.5,0.8
exp5_stow0.5_walk0.8,back_to_front,baseline,12376,31,1220,1684,86,56.166666666666664,140,0.5,0.8
exp5_stow0.5_walk0.8,outside_in,baseline,12376,31,817,1133,0,18.35,59,0.5,0.8
exp5_stow0.5_walk0.8,steffen,baseline,12376,31,636,1237,0,10.544444444444444,59,0.5,0.8
exp5_stow0.5_walk0.8,random,baseline,12377,32,1002,1068,79,23.316666666666666,84,0.5,0.8
exp5_stow0.5_walk0.8,back_to_front,baseline,12377,32,1275,1801,88,62.105555555555554,164,0.5,0.8
exp5_stow0.5_walk0.8,outside_in,baseline,12377,32,794,1031,0,14.511111111111111,61,0.5,0.8
exp5_stow0.5_walk0.8,steffen,baseline,12377,32,632,1351,0,10.844444444444445,64,0.5,0.8
exp5_stow0.5_walk0.8,random,baseline,12378,33,991,1040,95,21.85,79,0.5,0.8
exp5_stow0.5_walk0.8,back_to_front,baseline,12378,33,1239,1767,97,61.12222222222222,161,0.5,0.8
exp5_stow0.5_walk0.8,outside_in,baseline,12378,33,747,1000,0,13.155555555555555,45,0.5,0.8
exp5_stow0.5_walk0.8,steffen,baseline,12378,33,587,1273,0,9.694444444444445,59,0.5,0.8
exp5_stow0.5_walk0.8,random,baseline,12379,34,906,1049,82,18.394444444444446,78,0.5,0.8
exp5_stow0.5_walk0.8,back_to_front,baseline,12379,34,1156,1776,89,57.28888888888889,157,0.5,0.8
exp5_stow0.5_walk0.8,outside_in,baseline,12379,34,809,1027,0,14.566666666666666,48,0.5,0.8
exp5_stow0.5_walk0.8,steffen,baseline,12379,34,606,1249,0,9.561111111111112,45,0.5,0.8
exp5_stow0.5_walk0.8,random,baseline,12380,35,934,988,79,18.77777777777778,81,0.5,0.8
exp5_stow0.5_walk0.8,back_to_front,baseline,12380,35,1175,1765,88,51.09444444444444,133,0.5,0.8
exp5_stow0.5_walk0.8,outside_in,baseline,12380,35,798,1123,0,14.277777777777779,60,0.5,0.8
exp5_stow0.5_walk0.8,steffen,baseline,12380,35,649,1380,0,10.733333333333333,58,0.5,0.8
exp5_stow0.5_walk0.8,random,baseline,12381,36,946,1158,83,24.783333333333335,94,0.5,0.8
exp5_stow0.5_walk0.8,back_to_front,baseline,12381,36,1182,1763,87,55.516666666666666,139,0.5,0.8
exp5_stow0.5_walk0.8,outside_in,baseline,12381,36,802,1064,0,14.205555555555556,49,0.5,0.8
exp5_stow0.5_walk0.8,steffen,baseline,12381,36,587,1474,0,10.633333333333333,35,0.5,0.8
exp5_stow0.5_walk0.8,random,baseline,12382,37,1012,975,96,25.144444444444446,99,0.5,0.8
exp5_stow0.5_walk0.8,back_to_front,baseline,12382,37,1226,1597,100,58.68888888888889,183,0.5,0.8
exp5_stow0.5_walk0.8,outside_in,baseline,12382,37,806,984,0,13.427777777777777,69,0.5,0.8
exp5_stow0.5_walk0.8,steffen,baseline,12382,37,627,1109,0,9.238888888888889,102,0.5,0.8
exp5_stow0.5_walk0.8,random,baseline,12383,38,933,1141,89,21.733333333333334,85,0.5,0.8
exp5_stow0.5_walk0.8,back_to_front,baseline,12383,38,1213,1653,96,53.51111111111111,127,0.5,0.8
exp5_stow0.5_walk0.8,outside_in,baseline,12383,38,780,1013,0,13.083333333333334,48,0.5,0.8
exp5_stow0.5_walk0.8,steffen,baseline,12383,38,609,1383,0,9.88888888888889,39,0.5,0.8
exp5_stow0.5_walk0.8,random,baseline,12384,39,993,952,102,19.538888888888888,80,0.5,0.8
exp5_stow0.5_walk0.8,back_to_front,baseline,12384,39,1195,1633,93,51.05,140,0.5,0.8
exp5_stow0.5_walk0.8,outside_in,baseline,12384,39,808,1002,0,13.855555555555556,62,0.5,0.8
exp5_stow0.5_walk0.8,steffen,baseline,12384,39,625,1289,0,9.894444444444444,53,0.5,0.8
exp5_stow0.5_walk0.8,random,baseline,12385,40,946,1110,90,19.66111111111111,67,0.5,0.8
exp5_stow0.5_walk0.8,back_to_front,baseline,12385,40,1123,1696,93,52.72222222222222,180,0.5,0.8
exp5_stow0.5_walk0.8,outside_in,baseline,12385,40,788,992,0,14.572222222222223,56,0.5,0.8
exp5_stow0.5_walk0.8,steffen,baseline,12385,40,609,1413,0,10.6,41,0.5,0.8
exp5_stow0.5_walk0.8,random,baseline,12386,41,969,1063,95,20.155555555555555,79,0.5,0.8
exp5_stow0.5_walk0.8,back_to_front,baseline,12386,41,1127,1792,74,49.833333333333336,142,0.5,0.8
exp5_stow0.5_walk0.8,outside_in,baseline,12386,41,770,915,0,12.505555555555556,60,0.5,0.8
exp5_stow0.5_walk0.8,steffen,baseline,12386,41,621,1339,0,9.894444444444444,40,0.5,0.8
exp5_stow0.5_walk0.8,random,baseline,12387,42,1001,991,90,20.13888888888889,72,0.5,0.8
exp5_stow0.5_walk0.8,back_to_front,baseline,12387,42,1223,1574,96,53.68333333333333,159,0.5,0.8
exp5_stow0.5_walk0.8,outside_in,baseline,12387,42,758,919,0,13.011111111111111,58,0.5,0.8
exp5_stow0.5_walk0.8,steffen,baseline,12387,42,593,1055,0,8.466666666666667,41,0.5,0.8
exp5_stow0.5_walk0.8,random,baseline,12388,43,1001,1003,90,19.63888888888889,73,0.5,0.8
exp5_stow0.5_walk0.8,back_to_front,baseline,12388,43,1222,1741,99,50.88333333333333,129,0.5,0.8
exp5_stow0.5_walk0.8,outside_in,baseline,12388,43,886,990,0,15.78888888888889,56,0.5,0.8
exp5_stow0.5_walk0.8,steffen,baseline,12388,43,642,1443,0,10.994444444444444,40,0.5,0.8
exp5_stow0.5_walk0.8,random,baseline,12389,44,1004,1041,97,23.644444444444446,77,0.5,0.8
exp5_stow0.5_walk0.8,back_to_front,baseline,12389,44,1151,1714,80,52.62777777777778,153,0.5,0.8
exp5_stow0.5_walk0.8,outside_in,baseline,12389,44,836,1077,0,15.71111111111111,59,0.5,0.8
exp5_stow0.5_walk0.8,steffen,baseline,12389,44,626,1144,0,8.716666666666667,36,0.5,0.8
exp5_stow0.5_walk0.8,random,baseline,12390,45,982,981,92,19.41111111111111,69,0.5,0.8
exp5_stow0.5_walk0.8,back_to_front,baseline,12390,45,1174,1678,96,51.36666666666667,156,0.5,0.8
exp5_stow0.5_walk0.8,outside_in,baseline,12390,45,828,942,0,13.166666666666666,58,0.5,0.8
exp5_stow0.5_walk0.8,steffen,baseline,12390,45,640,1202,0,8.772222222222222,36,0.5,0.8
exp5_stow0.5_walk0.8,random,baseline,12391,46,1028,1024,91,22.644444444444446,75,0.5,0.8
exp5_stow0.5_walk0.8,back_to_front,baseline,12391,46,1258,1712,92,56.03333333333333,137,0.5,0.8
exp5_stow0.5_walk0.8,outside_in,baseline,12391,46,835,996,0,14.411111111111111,40,0.5,0.8
exp5_stow0.5_walk0.8,steffen,baseline,12391,46,619,1267,0,10.261111111111111,39,0.5,0.8
exp5_stow0.5_walk0.8,random,baseline,12392,47,1027,1023,90,22.25,89,0.5,0.8
exp5_stow0.5_walk0.8,back_to_front,baseline,12392,47,1179,1684,85,50.4,152,0.5,0.8
exp5_stow0.5_walk0.8,outside_in,baseline,12392,47,848,947,0,14.333333333333334,55,0.5,0.8
exp5_stow0.5_walk0.8,steffen,baseline,12392,47,622,1015,0,7.894444444444445,33,0.5,0.8
exp5_stow0.5_walk0.8,random,baseline,12393,48,1034,1167,101,21.866666666666667,60,0.5,0.8
exp5_stow0.5_walk0.8,back_to_front,baseline,12393,48,1262,1626,105,54.983333333333334,158,0.5,0.8
exp5_stow0.5_walk0.8,outside_in,baseline,12393,48,862,946,0,13.494444444444444,69,0.5,0.8
exp5_stow0.5_walk0.8,steffen,baseline,12393,48,640,1254,0,9.533333333333333,40,0.5,0.8
exp5_stow0.5_walk0.8,random,baseline,12394,49,982,1002,85,22.505555555555556,78,0.5,0.8
exp5_stow0.5_walk0.8,back_to_front,baseline,12394,49,1230,1664,79,49.12222222222222,135,0.5,0.8
exp5_stow0.5_walk0.8,outside_in,baseline,12394,49,776,986,0,14.183333333333334,50,0.5,0.8
exp5_stow0.5_walk0.8,steffen,baseline,12394,49,624,1144,0,8.65,35,0.5,0.8
exp5_stow0.5_walk0.8,random,baseline,12395,50,934,1146,90,21.761111111111113,69,0.5,0.8
exp5_stow0.5_walk0.8,back_to_front,baseline,12395,50,1159,1588,93,54.5,180,0.5,0.8
exp5_stow0.5_walk0.8,outside_in,baseline,12395,50,768,940,0,12.88888888888889,60,0.5,0.8
exp5_stow0.5_walk0.8,steffen,baseline,12395,50,602,1172,0,9.166666666666666,35,0.5,0.8
exp5_stow0.5_walk0.8,random,baseline,12396,51,998,1073,97,24.27777777777778,87,0.5,0.8
exp5_stow0.5_walk0.8,back_to_front,baseline,12396,51,1209,1763,90,55.44444444444444,143,0.5,0.8
exp5_stow0.5_walk0.8,outside_in,baseline,12396,51,824,1007,0,13.272222222222222,49,0.5,0.8
exp5_stow0.5_walk0.8,steffen,baseline,12396,51,649,1159,0,9.366666666666667,43,0.5,0.8
exp5_stow0.5_walk0.8,random,baseline,12397,52,943,1151,90,21.627777777777776,77,0.5,0.8
exp5_stow0.5_walk0.8,back_to_front,baseline,12397,52,1116,1567,91,49.90555555555556,141,0.5,0.8
exp5_stow0.5_walk0.8,outside_in,baseline,12397,52,793,997,0,12.705555555555556,57,0.5,0.8
exp5_stow0.5_walk0.8,steffen,baseline,12397,52,633,1202,0,8.88888888888889,50,0.5,0.8
exp5_stow0.5_walk0.8,random,baseline,12398,53,978,1087,79,20.68888888888889,99,0.5,0.8
exp5_stow0.5_walk0.8,back_to_front,baseline,12398,53,1183,1685,97,53.51111111111111,173,0.5,0.8
exp5_stow0.5_walk0.8,outside_in,baseline,12398,53,784,1067,0,13.805555555555555,64,0.5,0.8
exp5_stow0.5_walk0.8,steffen,baseline,12398,53,631,1288,0,9.283333333333333,38,0.5,0.8
exp5_stow0.5_walk0.8,random,baseline,12399,54,1046,987,98,22.11111111111111,73,0.5,0.8
exp5_stow0.5_walk0.8,back_to_front,baseline,12399,54,1219,1627,90,52.81666666666667,141,0.5,0.8
exp5_stow0.5_walk0.8,outside_in,baseline,12399,54,832,1063,0,15.466666666666667,56,0.5,0.8
exp5_stow0.5_walk0.8,steffen,baseline,12399,54,623,1094,0,8.955555555555556,59,0.5,0.8
exp5_stow0.5_walk0.8,random,baseline,12400,55,985,1113,88,24.116666666666667,89,0.5,0.8
exp5_stow0.5_walk0.8,back_to_front,baseline,12400,55,1097,1691,89,53.42777777777778,182,0.5,0.8
exp5_stow0.5_walk0.8,outside_in,baseline,12400,55,736,1075,0,13.122222222222222,54,0.5,0.8
exp5_stow0.5_walk0.8,steffen,baseline,12400,55,601,1420,0,10.227777777777778,35,0.5,0.8
exp5_stow0.5_walk0.8,random,baseline,12401,56,979,1149,85,24.86111111111111,88,0.5,0.8
exp5_stow0.5_walk0.8,back_to_front,baseline,12401,56,1171,1759,93,58.13333333333333,164,0.5,0.8
exp5_stow0.5_walk0.8,outside_in,baseline,12401,56,752,1025,0,15.3,53,0.5,0.8
exp5_stow0.5_walk0.8,steffen,baseline,12401,56,614,1170,0,10.0,48,0.5,0.8
exp5_stow0.5_walk0.8,random,baseline,12402,57,1033,1031,104,27.227777777777778,82,0.5,0.8
exp5_stow0.5_walk0.8,back_to_front,baseline,12402,57,1200,1745,90,53.75,147,0.5,0.8
exp5_stow0.5_walk0.8,outside_in,baseline,12402,57,838,996,0,16.083333333333332,75,0.5,0.8
exp5_stow0.5_walk0.8,steffen,baseline,12402,57,625,1144,0,9.244444444444444,52,0.5,0.8
exp5_stow0.5_walk0.8,random,baseline,12403,58,1079,1063,84,24.505555555555556,94,0.5,0.8
exp5_stow0.5_walk0.8,back_to_front,baseline,12403,58,1156,1737,85,49.42777777777778,136,0.5,0.8
exp5_stow0.5_walk0.8,outside_in,baseline,12403,58,815,817,0,13.9,40,0.5,0.8
exp5_stow0.5_walk0.8,steffen,baseline,12403,58,633,982,0,8.311111111111112,36,0.5,0.8
exp5_stow0.5_walk0.8,random,baseline,12404,59,1022,1024,85,22.594444444444445,107,0.5,0.8
exp5_stow0.5_walk0.8,back_to_front,baseline,12404,59,1300,1826,84,58.65555555555556,144,0.5,0.8
exp5_stow0.5_walk0.8,outside_in,baseline,12404,59,882,908,0,15.5,71,0.5,0.8
exp5_stow0.5_walk0.8,steffen,baseline,12404,59,640,1182,0,9.166666666666666,45,0.5,0.8
exp5_stow0.5_walk0.8,random,baseline,12405,60,1069,1107,98,26.933333333333334,104,0.5,0.8
exp5_stow0.5_walk0.8,back_to_front,baseline,12405,60,1249,1655,98,58.12777777777778,161,0.5,0.8
exp5_stow0.5_walk0.8,outside_in,baseline,12405,60,835,994,0,15.577777777777778,64,0.5,0.8
exp5_stow0.5_walk0.8,steffen,baseline,12405,60,619,1278,0,9.966666666666667,48,0.5,0.8
exp5_stow0.5_walk0.8,random,baseline,12406,61,989,1149,96,21.81111111111111,85,0.5,0.8
exp5_stow0.5_walk0.8,back_to_front,baseline,12406,61,1297,1773,87,62.577777777777776,159,0.5,0.8
exp5_stow0.5_walk0.8,outside_in,baseline,12406,61,825,1002,0,14.683333333333334,86,0.5,0.8
exp5_stow0.5_walk0.8,steffen,baseline,12406,61,595,1302,0,9.588888888888889,44,0.5,0.8
exp5_stow0.5_walk0.8,random,baseline,12407,62,938,953,88,18.933333333333334,78,0.5,0.8
exp5_stow0.5_walk0.8,back_to_front,baseline,12407,62,1212,1788,93,56.611111111111114,168,0.5,0.8
exp5_stow0.5_walk0.8,outside_in,baseline,12407,62,799,915,0,12.005555555555556,44,0.5,0.8
exp5_stow0.5_walk0.8,steffen,baseline,12407,62,620,1218,0,9.505555555555556,41,0.5,0.8
exp5_stow0.5_walk0.8,random,baseline,12408,63,1049,968,93,21.35,62,0.5,0.8
exp5_stow0.5_walk0.8,back_to_front,baseline,12408,63,1258,1683,96,56.105555555555554,157,0.5,0.8
exp5_stow0.5_walk0.8,outside_in,baseline,12408,63,915,1054,0,16.105555555555554,84,0.5,0.8
exp5_stow0.5_walk0.8,steffen,baseline,12408,63,665,1325,0,10.844444444444445,53,0.5,0.8
exp5_stow0.5_walk0.8,random,baseline,12409,64,1084,1037,95,23.705555555555556,82,0.5,0.8
exp5_stow0.5_walk0.8,back_to_front,baseline,12409,64,1190,1800,97,61.205555555555556,190,0.5,0.8
exp5_stow0.5_walk0.8,outside_in,baseline,12409,64,826,1017,0,14.655555555555555,58,0.5,0.8
exp5_stow0.5_walk0.8,steffen,baseline,12409,64,617,1287,0,9.722222222222221,59,0.5,0.8
exp5_stow0.5_walk0.8,random,baseline,12410,65,1002,1129,91,22.644444444444446,72,0.5,0.8
exp5_stow0.5_walk0.8,back_to_front,baseline,12410,65,1206,1823,97,61.87777777777778,154,0.5,0.8
exp5_stow0.5_walk0.8,outside_in,baseline,12410,65,804,1102,0,16.038888888888888,54,0.5,0.8
exp5_stow0.5_walk0.8,steffen,baseline,12410,65,624,1333,0,10.022222222222222,39,0.5,0.8
exp5_stow0.5_walk0.8,random,baseline,12411,66,1063,1062,96,25.355555555555554,96,0.5,0.8
exp5_stow0.5_walk0.8,back_to_front,baseline,12411,66,1255,1603,96,56.93888888888889,155,0.5,0.8
exp5_stow0.5_walk0.8,outside_in,baseline,12411,66,816,1012,0,15.938888888888888,57,0.5,0.8
exp5_stow0.5_walk0.8,steffen,baseline,12411,66,625,1005,0,8.527777777777779,56,0.5,0.8
exp5_stow0.5_walk0.8,random,baseline,12412,67,994,1089,78,24.511111111111113,87,0.5,0.8
exp5_stow0.5_walk0.8,back_to_front,baseline,12412,67,1297,1845,98,64.46111111111111,169,0.5,0.8
exp5_stow0.5_walk0.8,outside_in,baseline,12412,67,803,1023,0,14.466666666666667,80,0.5,0.8
exp5_stow0.5_walk0.8,steffen,baseline,12412,67,624,1301,0,9.338888888888889,36,0.5,0.8
exp5_stow0.5_walk0.8,random,baseline,12413,68,997,1027,107,21.86111111111111,88,0.5,0.8
exp5_stow0.5_walk0.8,back_to_front,baseline,12413,68,1214,1649,83,56.544444444444444,162,0.5,0.8
exp5_stow0.5_walk0.8,outside_in,baseline,12413,68,771,987,0,14.027777777777779,47,0.5,0.8
exp5_stow0.5_walk0.8,steffen,baseline,12413,68,598,1150,0,9.238888888888889,42,0.5,0.8
exp5_stow0.5_walk0.8,random,baseline,12414,69,1029,1153,86,24.238888888888887,87,0.5,0.8
exp5_stow0.5_walk0.8,back_to_front,baseline,12414,69,1212,1698,85,54.0,151,0.5,0.8
exp5_stow0.5_walk0.8,outside_in,baseline,12414,69,846,1027,0,14.916666666666666,80,0.5,0.8
exp5_stow0.5_walk0.8,steffen,baseline,12414,69,596,1256,0,9.61111111111111,41,0.5,0.8
exp5_stow0.5_walk0.8,random,baseline,12415,70,946,1085,90,20.738888888888887,78,0.5,0.8
exp5_stow0.5_walk0.8,back_to_front,baseline,12415,70,1159,1839,88,55.44444444444444,132,0.5,0.8
exp5_stow0.5_walk0.8,outside_in,baseline,12415,70,797,1026,0,15.3,73,0.5,0.8
exp5_stow0.5_walk0.8,steffen,baseline,12415,70,622,1469,0,10.6,48,0.5,0.8
exp5_stow0.5_walk0.8,random,baseline,12416,71,997,1029,81,21.92222222222222,99,0.5,0.8
exp5_stow0.5_walk0.8,back_to_front,baseline,12416,71,1203,1791,92,56.15,139,0.5,0.8
exp5_stow0.5_walk0.8,outside_in,baseline,12416,71,840,1025,0,17.3,59,0.5,0.8
exp5_stow0.5_walk0.8,steffen,baseline,12416,71,630,1448,0,11.316666666666666,59,0.5,0.8
exp5_stow0.5_walk0.8,random,baseline,12417,72,984,966,85,21.42222222222222,76,0.5,0.8
exp5_stow0.5_walk0.8,back_to_front,baseline,12417,72,1182,1660,93,49.80555555555556,128,0.5,0.8
exp5_stow0.5_walk0.8,outside_in,baseline,12417,72,851,968,0,13.7,66,0.5,0.8
exp5_stow0.5_walk0.8,steffen,baseline,12417,72,621,1148,0,9.077777777777778,35,0.5,0.8
exp5_stow0.5_walk0.8,random,baseline,12418,73,985,1062,89,23.488888888888887,120,0.5,0.8
exp5_stow0.5_walk0.8,back_to_front,baseline,12418,73,1196,1742,93,61.25,177,0.5,0.8
exp5_stow0.5_walk0.8,outside_in,baseline,12418,73,793,995,0,15.177777777777777,65,0.5,0.8
exp5_stow0.5_walk0.8,steffen,baseline,12418,73,603,1121,0,8.822222222222223,37,0.5,0.8
exp5_stow0.5_walk0.8,random,baseline,12419,74,1005,1133,92,25.716666666666665,92,0.5,0.8
exp5_stow0.5_walk0.8,back_to_front,baseline,12419,74,1113,1705,80,46.96666666666667,140,0.5,0.8
exp5_stow0.5_walk0.8,outside_in,baseline,12419,74,783,1022,0,12.366666666666667,70,0.5,0.8
exp5_stow0.5_walk0.8,steffen,baseline,12419,74,618,1287,0,10.827777777777778,77,0.5,0.8
exp5_stow0.5_walk0.8,random,baseline,12420,75,963,1054,93,19.2,81,0.5,0.8
exp5_stow0.5_walk0.8,back_to_front,baseline,12420,75,1254,1711,89,59.166666666666664,182,0.5,0.8
exp5_stow0.5_walk0.8,outside_in,baseline,12420,75,822,1020,0,14.011111111111111,54,0.5,0.8
exp5_stow0.5_walk0.8,steffen,baseline,12420,75,641,1350,0,10.11111111111111,40,0.5,0.8
exp5_stow0.5_walk0.8,random,baseline,12421,76,968,1089,98,25.3,98,0.5,0.8
exp5_stow0.5_walk0.8,back_to_front,baseline,12421,76,1075,1769,86,52.12777777777778,140,0.5,0.8
exp5_stow0.5_walk0.8,outside_in,baseline,12421,76,746,1138,0,14.694444444444445,44,0.5,0.8
exp5_stow0.5_walk0.8,steffen,baseline,12421,76,583,1311,0,9.9,35,0.5,0.8
exp5_stow0.5_walk0.8,random,baseline,12422,77,1027,1247,87,25.272222222222222,82,0.5,0.8
exp5_stow0.5_walk0.8,back_to_front,baseline,12422,77,1167,1909,79,54.483333333333334,134,0.5,0.8
exp5_stow0.5_walk0.8,outside_in,baseline,12422,77,786,1151,0,15.75,56,0.5,0.8
exp5_stow0.5_walk0.8,steffen,baseline,12422,77,622,1307,0,10.738888888888889,48,0.5,0.8
exp5_stow0.5_walk0.8,random,baseline,12423,78,1051,1117,99,27.511111111111113,113,0.5,0.8
exp5_stow0.5_walk0.8,back_to_front,baseline,12423,78,1318,1662,89,68.0,201,0.5,0.8
exp5_stow0.5_walk0.8,outside_in,baseline,12423,78,819,1137,0,16.666666666666668,58,0.5,0.8
exp5_stow0.5_walk0.8,steffen,baseline,12423,78,609,1266,0,10.433333333333334,62,0.5,0.8
exp5_stow0.5_walk0.8,random,baseline,12424,79,963,1007,87,19.33888888888889,75,0.5,0.8
exp5_stow0.5_walk0.8,back_to_front,baseline,12424,79,1173,1537,91,50.03888888888889,142,0.5,0.8
exp5_stow0.5_walk0.8,outside_in,baseline,12424,79,784,957,0,13.877777777777778,50,0.5,0.8
exp5_stow0.5_walk0.8,steffen,baseline,12424,79,623,1118,0,8.694444444444445,48,0.5,0.8
exp5_stow0.5_walk0.8,random,baseline,12425,80,981,1031,97,22.35,79,0.5,0.8
exp5_stow0.5_walk0.8,back_to_front,baseline,12425,80,1181,1762,95,61.15555555555556,213,0.5,0.8
exp5_stow0.5_walk0.8,outside_in,baseline,12425,80,814,954,0,14.877777777777778,79,0.5,0.8
exp5_stow0.5_walk0.8,steffen,baseline,12425,80,588,1168,0,9.044444444444444,53,0.5,0.8
exp5_stow0.5_walk0.8,random,baseline,12426,81,1025,1032,97,25.038888888888888,142,0.5,0.8
exp5_stow0.5_walk0.8,back_to_front,baseline,12426,81,1134,1741,77,47.28888888888889,119,0.5,0.8
exp5_stow0.5_walk0.8,outside_in,baseline,12426,81,785,1068,0,14.63888888888889,51,0.5,0.8
exp5_stow0.5_walk0.8,steffen,baseline,12426,81,602,1391,0,9.977777777777778,37,0.5,0.8
exp5_stow0.5_walk0.8,random,baseline,12427,82,1007,1047,81,21.988888888888887,74,0.5,0.8
exp5_stow0.5_walk0.8,back_to_front,baseline,12427,82,1259,1739,91,66.21111111111111,178,0.5,0.8
exp5_stow0.5_walk0.8,outside_in,baseline,12427,82,810,1029,0,17.555555555555557,81,0.5,0.8
exp5_stow0.5_walk0.8,steffen,baseline,12427,82,592,1271,0,10.055555555555555,55,0.5,0.8
exp5_stow0.5_walk0.8,random,baseline,12428,83,976,1077,80,23.738888888888887,76,0.5,0.8
exp5_stow0.5_walk0.8,back_to_front,baseline,12428,83,1226,1788,93,59.78333333333333,146,0.5,0.8
exp5_stow0.5_walk0.8,outside_in,baseline,12428,83,836,975,0,15.305555555555555,52,0.5,0.8
exp5_stow0.5_walk0.8,steffen,baseline,12428,83,610,1283,0,10.066666666666666,40,0.5,0.8
exp5_stow0.5_walk0.8,random,baseline,12429,84,1079,1021,87,26.105555555555554,108,0.5,0.8
exp5_stow0.5_walk0.8,back_to_front,baseline,12429,84,1366,1710,96,63.25555555555555,140,0.5,0.8
exp5_stow0.5_walk0.8,outside_in,baseline,12429,84,893,1095,0,16.66111111111111,62,0.5,0.8
exp5_stow0.5_walk0.8,steffen,baseline,12429,84,644,1280,0,10.21111111111111,54,0.5,0.8
exp5_stow0.5_walk0.8,random,baseline,12430,85,1004,1058,103,22.977777777777778,109,0.5,0.8
exp5_stow0.5_walk0.8,back_to_front,baseline,12430,85,1230,1597,87,55.7,145,0.5,0.8
exp5_stow0.5_walk0.8,outside_in,baseline,12430,85,780,951,0,13.511111111111111,50,0.5,0.8
exp5_stow0.5_walk0.8,steffen,baseline,12430,85,603,1175,0,8.622222222222222,37,0.5,0.8
exp5_stow0.5_walk0.8,random,baseline,12431,86,1041,1198,97,24.58888888888889,80,0.5,0.8
exp5_stow0.5_walk0.8,back_to_front,baseline,12431,86,1078,1709,84,49.81111111111111,154,0.5,0.8
exp5_stow0.5_walk0.8,outside_in,baseline,12431,86,798,917,0,13.994444444444444,79,0.5,0.8
exp5_stow0.5_walk0.8,steffen,baseline,12431,86,587,1408,0,10.677777777777777,59,0.5,0.8
exp5_stow0.5_walk0.8,random,baseline,12432,87,985,1070,95,19.844444444444445,71,0.5,0.8
exp5_stow0.5_walk0.8,back_to_front,baseline,12432,87,1222,1813,92,59.888888888888886,176,0.5,0.8
exp5_stow0.5_walk0.8,outside_in,baseline,12432,87,799,969,0,13.705555555555556,49,0.5,0.8
exp5_stow0.5_walk0.8,steffen,baseline,12432,87,611,1129,0,8.255555555555556,36,0.5,0.8
exp5_stow0.5_walk0.8,random,baseline,12433,88,1022,1077,90,23.144444444444446,80,0.5,0.8
exp5_stow0.5_walk0.8,back_to_front,baseline,12433,88,1145,1769,83,51.00555555555555,143,0.5,0.8
exp5_stow0.5_walk0.8,outside_in,baseline,12433,88,754,934,0,14.772222222222222,60,0.5,0.8
exp5_stow0.5_walk0.8,steffen,baseline,12433,88,598,1114,0,8.55,48,0.5,0.8
exp5_stow0.5_walk0.8,random,baseline,12434,89,950,1084,92,22.07777777777778,86,0.5,0.8
exp5_stow0.5_walk0.8,back_to_front,baseline,12434,89,1056,1689,84,48.52777777777778,136,0.5,0.8
exp5_stow0.5_walk0.8,outside_in,baseline,12434,89,771,991,0,14.88888888888889,49,0.5,0.8
exp5_stow0.5_walk0.8,steffen,baseline,12434,89,589,1313,0,9.761111111111111,39,0.5,0.8
exp5_stow0.5_walk0.8,random,baseline,12435,90,1056,991,100,28.544444444444444,106,0.5,0.8
exp5_stow0.5_walk0.8,back_to_front,baseline,12435,90,1261,1868,87,61.3,156,0.5,0.8
exp5_stow0.5_walk0.8,outside_in,baseline,12435,90,876,1127,0,22.794444444444444,114,0.5,0.8
exp5_stow0.5_walk0.8,steffen,baseline,12435,90,663,1044,0,9.227777777777778,90,0.5,0.8
exp5_stow0.5_walk0.8,random,baseline,12436,91,933,1158,101,24.333333333333332,103,0.5,0.8
exp5_stow0.5_walk0.8,back_to_front,baseline,12436,91,1282,1788,85,67.74444444444444,195,0.5,0.8
exp5_stow0.5_walk0.8,outside_in,baseline,12436,91,781,948,0,13.366666666666667,63,0.5,0.8
exp5_stow0.5_walk0.8,steffen,baseline,12436,91,591,974,0,7.838888888888889,35,0.5,0.8
exp5_stow0.5_walk0.8,random,baseline,12437,92,987,1089,93,25.82777777777778,81,0.5,0.8
exp5_stow0.5_walk0.8,back_to_front,baseline,12437,92,1201,1789,93,56.84444444444444,146,0.5,0.8
exp5_stow0.5_walk0.8,outside_in,baseline,12437,92,834,1125,0,21.17222222222222,110,0.5,0.8
exp5_stow0.5_walk0.8,steffen,baseline,12437,92,609,1259,0,10.683333333333334,46,0.5,0.8
exp5_stow0.5_walk0.8,random,baseline,12438,93,941,1067,94,20.205555555555556,78,0.5,0.8
exp5_stow0.5_walk0.8,back_to_front,baseline,12438,93,1222,1772,87,57.50555555555555,160,0.5,0.8
exp5_stow0.5_walk0.8,outside_in,baseline,12438,93,794,1118,0,15.522222222222222,61,0.5,0.8
exp5_stow0.5_walk0.8,steffen,baseline,12438,93,618,1357,0,10.244444444444444,40,0.5,0.8
exp5_stow0.5_walk0.8,random,baseline,12439,94,967,923,92,19.433333333333334,83,0.5,0.8
exp5_stow0.5_walk0.8,back_to_front,baseline,12439,94,1148,1726,89,53.644444444444446,155,0.5,0.8
exp5_stow0.5_walk0.8,outside_in,baseline,12439,94,800,1122,0,15.405555555555555,60,0.5,0.8
exp5_stow0.5_walk0.8,steffen,baseline,12439,94,588,1199,0,9.061111111111112,35,0.5,0.8
exp5_stow0.5_walk0.8,random,baseline,12440,95,1030,1064,89,25.477777777777778,117,0.5,0.8
exp5_stow0.5_walk0.8,back_to_front,baseline,12440,95,1150,1756,93,57.5,163,0.5,0.8
exp5_stow0.5_walk0.8,outside_in,baseline,12440,95,783,1037,0,16.82777777777778,56,0.5,0.8
exp5_stow0.5_walk0.8,steffen,baseline,12440,95,575,1200,0,8.911111111111111,35,0.5,0.8
exp5_stow0.5_walk0.8,random,baseline,12441,96,1030,1094,90,23.394444444444446,73,0.5,0.8
exp5_stow0.5_walk0.8,back_to_front,baseline,12441,96,1131,1660,88,49.03333333333333,117,0.5,0.8
exp5_stow0.5_walk0.8,outside_in,baseline,12441,96,807,1054,0,14.71111111111111,56,0.5,0.8
exp5_stow0.5_walk0.8,steffen,baseline,12441,96,622,1257,0,9.661111111111111,42,0.5,0.8
exp5_stow0.5_walk0.8,random,baseline,12442,97,1063,1101,93,25.261111111111113,84,0.5,0.8
exp5_stow0.5_walk0.8,back_to_front,baseline,12442,97,1245,1783,93,57.82222222222222,132,0.5,0.8
exp5_stow0.5_walk0.8,outside_in,baseline,12442,97,887,1111,0,20.755555555555556,77,0.5,0.8
exp5_stow0.5_walk0.8,steffen,baseline,12442,97,640,1363,0,11.8,54,0.5,0.8
exp5_stow0.5_walk0.8,random,baseline,12443,98,999,1168,85,26.066666666666666,91,0.5,0.8
exp5_stow0.5_walk0.8,back_to_front,baseline,12443,98,1223,1772,87,56.81666666666667,151,0.5,0.8
exp5_stow0.5_walk0.8,outside_in,baseline,12443,98,819,1064,0,18.183333333333334,64,0.5,0.8
exp5_stow0.5_walk0.8,steffen,baseline,12443,98,603,1319,0,10.338888888888889,51,0.5,0.8
exp5_stow0.5_walk0.8,random,baseline,12444,99,929,1031,84,20.4,70,0.5,0.8
exp5_stow0.5_walk0.8,back_to_front,baseline,12444,99,1125,1752,93,50.91111111111111,142,0.5,0.8
exp5_stow0.5_walk0.8,outside_in,baseline,12444,99,786,947,0,13.105555555555556,48,0.5,0.8
exp5_stow0.5_walk0.8,steffen,baseline,12444,99,617,1220,0,9.166666666666666,48,0.5,0.8
exp5_stow0.5_walk0.8,random,baseline,12445,100,905,930,91,20.716666666666665,66,0.5,0.8
exp5_stow0.5_walk0.8,back_to_front,baseline,12445,100,1135,1662,85,52.51111111111111,141,0.5,0.8
exp5_stow0.5_walk0.8,outside_in,baseline,12445,100,748,930,0,11.616666666666667,43,0.5,0.8
exp5_stow0.5_walk0.8,steffen,baseline,12445,100,590,1075,0,8.13888888888889,37,0.5,0.8
exp5_stow0.5_walk0.8,random,baseline,12446,101,967,1065,97,24.416666666666668,129,0.5,0.8
exp5_stow0.5_walk0.8,back_to_front,baseline,12446,101,1196,1790,99,59.138888888888886,152,0.5,0.8
exp5_stow0.5_walk0.8,outside_in,baseline,12446,101,804,1109,0,17.511111111111113,75,0.5,0.8
exp5_stow0.5_walk0.8,steffen,baseline,12446,101,610,1242,0,10.216666666666667,48,0.5,0.8
exp5_stow0.5_walk0.8,random,baseline,12447,102,1040,1031,99,21.36111111111111,69,0.5,0.8
exp5_stow0.5_walk0.8,back_to_front,baseline,12447,102,1164,1766,87,53.33888888888889,150,0.5,0.8
exp5_stow0.5_walk0.8,outside_in,baseline,12447,102,832,1099,0,15.805555555555555,74,0.5,0.8
exp5_stow0.5_walk0.8,steffen,baseline,12447,102,636,1400,0,10.38888888888889,47,0.5,0.8
exp5_stow0.5_walk0.8,random,baseline,12448,103,998,987,88,20.916666666666668,87,0.5,0.8
exp5_stow0.5_walk0.8,back_to_front,baseline,12448,103,1132,1792,75,52.42777777777778,162,0.5,0.8
exp5_stow0.5_walk0.8,outside_in,baseline,12448,103,821,1069,0,15.411111111111111,58,0.5,0.8
exp5_stow0.5_walk0.8,steffen,baseline,12448,103,599,1370,0,10.022222222222222,33,0.5,0.8
exp5_stow0.5_walk0.8,random,baseline,12449,104,1043,1113,96,23.211111111111112,84,0.5,0.8
exp5_stow0.5_walk0.8,back_to_front,baseline,12449,104,1070,1659,83,39.28333333333333,104,0.5,0.8
exp5_stow0.5_walk0.8,outside_in,baseline,12449,104,816,996,0,14.627777777777778,57,0.5,0.8
exp5_stow0.5_walk0.8,steffen,baseline,12449,104,610,1201,0,9.411111111111111,35,0.5,0.8
exp5_stow0.5_walk0.8,random,baseline,12450,105,972,1047,100,20.7,100,0.5,0.8
exp5_stow0.5_walk0.8,back_to_front,baseline,12450,105,1182,1681,86,50.272222222222226,150,0.5,0.8
exp5_stow0.5_walk0.8,outside_in,baseline,12450,105,811,1123,0,15.283333333333333,64,0.5,0.8
exp5_stow0.5_walk0.8,steffen,baseline,12450,105,589,1250,0,8.983333333333333,33,0.5,0.8
exp5_stow0.5_walk0.8,random,baseline,12451,106,965,1029,103,24.405555555555555,108,0.5,0.8
exp5_stow0.5_walk0.8,back_to_front,baseline,12451,106,1273,1807,83,60.11666666666667,141,0.5,0.8
exp5_stow0.5_walk0.8,outside_in,baseline,12451,106,836,997,0,15.344444444444445,70,0.5,0.8
exp5_stow0.5_walk0.8,steffen,baseline,12451,106,629,1092,0,8.655555555555555,46,0.5,0.8
exp5_stow0.5_walk0.8,random,baseline,12452,107,921,1107,69,20.8,82,0.5,0.8
exp5_stow0.5_walk0.8,back_to_front,baseline,12452,107,1241,1865,93,58.827777777777776,155,0.5,0.8
exp5_stow0.5_walk0.8,outside_in,baseline,12452,107,813,1048,0,13.36111111111111,61,0.5,0.8
exp5_stow0.5_walk0.8,steffen,baseline,12452,107,629,1275,0,9.805555555555555,39,0.5,0.8
exp5_stow0.5_walk0.8,random,baseline,12453,108,976,995,95,19.605555555555554,73,0.5,0.8
exp5_stow0.5_walk0.8,back_to_front,baseline,12453,108,1197,1643,90,55.53888888888889,156,0.5,0.8
exp5_stow0.5_walk0.8,outside_in,baseline,12453,108,773,1023,0,12.577777777777778,47,0.5,0.8
exp5_stow0.5_walk0.8,steffen,baseline,12453,108,617,1109,0,8.455555555555556,34,0.5,0.8
exp5_stow0.5_walk0.8,random,baseline,12454,109,1056,1041,81,22.555555555555557,91,0.5,0.8
exp5_stow0.5_walk0.8,back_to_front,baseline,12454,109,1358,1751,87,65.68333333333334,145,0.5,0.8
exp5_stow0.5_walk0.8,outside_in,baseline,12454,109,889,1013,0,16.038888888888888,74,0.5,0.8
exp5_stow0.5_walk0.8,steffen,baseline,12454,109,658,1256,0,11.183333333333334,86,0.5,0.8
exp5_stow0.5_walk0.8,random,baseline,12455,110,1066,1092,107,25.944444444444443,87,0.5,0.8
exp5_stow0.5_walk0.8,back_to_front,baseline,12455,110,1288,1820,91,63.53888888888889,178,0.5,0.8
exp5_stow0.5_walk0.8,outside_in,baseline,12455,110,784,941,0,14.355555555555556,42,0.5,0.8
exp5_stow0.5_walk0.8,steffen,baseline,12455,110,622,1380,0,10.205555555555556,36,0.5,0.8
exp5_stow0.5_walk0.8,random,baseline,12456,111,964,969,99,19.8,71,0.5,0.8
exp5_stow0.5_walk0.8,back_to_front,baseline,12456,111,1260,1720,88,63.84444444444444,191,0.5,0.8
exp5_stow0.5_walk0.8,outside_in,baseline,12456,111,788,1066,0,14.294444444444444,55,0.5,0.8
exp5_stow0.5_walk0.8,steffen,baseline,12456,111,614,1273,0,9.266666666666667,37,0.5,0.8
exp5_stow0.5_walk0.8,random,baseline,12457,112,1015,1083,98,22.4,69,0.5,0.8
exp5_stow0.5_walk0.8,back_to_front,baseline,12457,112,1198,1642,92,52.53333333333333,145,0.5,0.8
exp5_stow0.5_walk0.8,outside_in,baseline,12457,112,835,1012,0,15.05,53,0.5,0.8
exp5_stow0.5_walk0.8,steffen,baseline,12457,112,650,1170,0,9.561111111111112,46,0.5,0.8
exp5_stow0.5_walk0.8,random,baseline,12458,113,1014,1077,90,27.738888888888887,88,0.5,0.8
exp5_stow0.5_walk0.8,back_to_front,baseline,12458,113,1144,1765,81,50.083333333333336,124,0.5,0.8
exp5_stow0.5_walk0.8,outside_in,baseline,12458,113,825,1076,0,17.02777777777778,72,0.5,0.8
exp5_stow0.5_walk0.8,steffen,baseline,12458,113,636,1359,0,10.11111111111111,32,0.5,0.8
exp5_stow0.5_walk0.8,random,baseline,12459,114,995,997,83,25.538888888888888,107,0.5,0.8
exp5_stow0.5_walk0.8,back_to_front,baseline,12459,114,1243,1688,94,58.94444444444444,157,0.5,0.8
exp5_stow0.5_walk0.8,outside_in,baseline,12459,114,831,1072,0,18.572222222222223,59,0.5,0.8
exp5_stow0.5_walk0.8,steffen,baseline,12459,114,589,1222,0,9.061111111111112,34,0.5,0.8
exp5_stow0.5_walk0.8,random,baseline,12460,115,1043,1156,88,23.1,73,0.5,0.8
exp5_stow0.5_walk0.8,back_to_front,baseline,12460,115,1171,1719,92,60.08888888888889,210,0.5,0.8
exp5_stow0.5_walk0.8,outside_in,baseline,12460,115,781,942,0,12.75,42,0.5,0.8
exp5_stow0.5_walk0.8,steffen,baseline,12460,115,597,1180,0,8.78888888888889,38,0.5,0.8
exp5_stow0.5_walk0.8,random,baseline,12461,116,884,1007,70,17.083333333333332,63,0.5,0.8
exp5_stow0.5_walk0.8,back_to_front,baseline,12461,116,1048,1712,71,43.5,114,0.5,0.8
exp5_stow0.5_walk0.8,outside_in,baseline,12461,116,755,964,0,12.177777777777777,51,0.5,0.8
exp5_stow0.5_walk0.8,steffen,baseline,12461,116,586,1288,0,9.472222222222221,38,0.5,0.8
exp5_stow0.5_walk0.8,random,baseline,12462,117,977,1127,89,22.38888888888889,92,0.5,0.8
exp5_stow0.5_walk0.8,back_to_front,baseline,12462,117,1245,1813,105,57.1,153,0.5,0.8
exp5_stow0.5_walk0.8,outside_in,baseline,12462,117,864,1050,0,16.344444444444445,87,0.5,0.8
exp5_stow0.5_walk0.8,steffen,baseline,12462,117,628,1280,0,9.894444444444444,48,0.5,0.8
exp5_stow0.5_walk0.8,random,baseline,12463,118,947,1115,85,20.694444444444443,76,0.5,0.8
exp5_stow0.5_walk0.8,back_to_front,baseline,12463,118,1157,1864,94,55.00555555555555,147,0.5,0.8
exp5_stow0.5_walk0.8,outside_in,baseline,12463,118,776,1050,0,13.411111111111111,57,0.5,0.8
exp5_stow0.5_walk0.8,steffen,baseline,12463,118,620,1296,0,10.65,46,0.5,0.8
exp5_stow0.5_walk0.8,random,baseline,12464,119,985,1054,89,21.45,109,0.5,0.8
exp5_stow0.5_walk0.8,back_to_front,baseline,12464,119,1297,1699,101,58.98888888888889,147,0.5,0.8
exp5_stow0.5_walk0.8,outside_in,baseline,12464,119,793,1042,0,12.45,50,0.5,0.8
exp5_stow0.5_walk0.8,steffen,baseline,12464,119,631,1243,0,9.444444444444445,37,0.5,0.8
exp5_stow0.5_walk0.8,random,baseline,12465,120,922,975,94,21.533333333333335,110,0.5,0.8
exp5_stow0.5_walk0.8,back_to_front,baseline,12465,120,1188,1735,87,60.105555555555554,251,0.5,0.8
exp5_stow0.5_walk0.8,outside_in,baseline,12465,120,789,1028,0,15.011111111111111,132,0.5,0.8
exp5_stow0.5_walk0.8,steffen,baseline,12465,120,618,1245,0,11.777777777777779,52,0.5,0.8
exp5_stow0.5_walk0.8,random,baseline,12466,121,953,1060,70,20.694444444444443,69,0.5,0.8
exp5_stow0.5_walk0.8,back_to_front,baseline,12466,121,1169,1687,96,55.9,159,0.5,0.8
exp5_stow0.5_walk0.8,outside_in,baseline,12466,121,798,926,0,14.28888888888889,56,0.5,0.8
exp5_stow0.5_walk0.8,steffen,baseline,12466,121,591,1276,0,9.794444444444444,36,0.5,0.8
exp5_stow0.5_walk0.8,random,baseline,12467,122,1047,1191,98,26.005555555555556,96,0.5,0.8
exp5_stow0.5_walk0.8,back_to_front,baseline,12467,122,1190,1811,85,56.53888888888889,153,0.5,0.8
exp5_stow0.5_walk0.8,outside_in,baseline,12467,122,770,1035,0,13.061111111111112,46,0.5,0.8
exp5_stow0.5_walk0.8,steffen,baseline,12467,122,614,1277,0,9.88888888888889,43,0.5,0.8
exp5_stow0.5_walk0.8,random,baseline,12468,123,1047,946,98,19.711111111111112,74,0.5,0.8
exp5_stow0.5_walk0.8,back_to_front,baseline,12468,123,1162,1672,86,51.52777777777778,179,0.5,0.8
exp5_stow0.5_walk0.8,outside_in,baseline,12468,123,828,972,0,14.36111111111111,59,0.5,0.8
exp5_stow0.5_walk0.8,steffen,baseline,12468,123,616,1431,0,11.061111111111112,49,0.5,0.8
exp5_stow0.5_walk0.8,random,baseline,12469,124,1023,1130,98,25.644444444444446,101,0.5,0.8
exp5_stow0.5_walk0.8,back_to_front,baseline,12469,124,1209,1855,83,65.55,190,0.5,0.8
exp5_stow0.5_walk0.8,outside_in,baseline,12469,124,797,1062,0,17.56111111111111,93,0.5,0.8
exp5_stow0.5_walk0.8,steffen,baseline,12469,124,607,1135,0,8.755555555555556,42,0.5,0.8
exp5_stow0.5_walk0.8,random,baseline,12470,125,878,966,86,19.022222222222222,69,0.5,0.8
exp5_stow0.5_walk0.8,back_to_front,baseline,12470,125,1114,1615,78,46.4,126,0.5,0.8
exp5_stow0.5_walk0.8,outside_in,baseline,12470,125,764,968,0,11.294444444444444,52,0.5,0.8
exp5_stow0.5_walk0.8,steffen,baseline,12470,125,602,1117,0,8.6,37,0.5,0.8
exp5_stow0.5_walk0.8,random,baseline,12471,126,1113,1066,87,26.461111111111112,95,0.5,0.8
exp5_stow0.5_walk0.8,back_to_front,baseline,12471,126,1211,1665,98,55.21111111111111,163,0.5,0.8
exp5_stow0.5_walk0.8,outside_in,baseline,12471,126,865,906,0,15.277777777777779,64,0.5,0.8
exp5_stow0.5_walk0.8,steffen,baseline,12471,126,643,1220,0,10.438888888888888,46,0.5,0.8
exp5_stow0.5_walk0.8,random,baseline,12472,127,987,1112,87,20.8,75,0.5,0.8
exp5_stow0.5_walk0.8,back_to_front,baseline,12472,127,1212,1747,100,56.394444444444446,153,0.5,0.8
exp5_stow0.5_walk0.8,outside_in,baseline,12472,127,830,1050,0,14.8,58,0.5,0.8
exp5_stow0.5_walk0.8,steffen,baseline,12472,127,633,1295,0,9.955555555555556,58,0.5,0.8
exp5_stow0.5_walk0.8,random,baseline,12473,128,981,1093,89,24.894444444444446,90,0.5,0.8
exp5_stow0.5_walk0.8,back_to_front,baseline,12473,128,1265,1725,89,60.08888888888889,182,0.5,0.8
exp5_stow0.5_walk0.8,outside_in,baseline,12473,128,826,866,0,12.572222222222223,52,0.5,0.8
exp5_stow0.5_walk0.8,steffen,baseline,12473,128,604,1350,0,10.28888888888889,48,0.5,0.8
exp5_stow0.5_walk0.8,random,baseline,12474,129,875,996,82,18.88888888888889,75,0.5,0.8
exp5_stow0.5_walk0.8,back_to_front,baseline,12474,129,1122,1751,89,53.733333333333334,144,0.5,0.8
exp5_stow0.5_walk0.8,outside_in,baseline,12474,129,729,946,0,12.433333333333334,44,0.5,0.8
exp5_stow0.5_walk0.8,steffen,baseline,12474,129,573,1335,0,9.855555555555556,36,0.5,0.8
exp5_stow0.5_walk0.8,random,baseline,12475,130,1036,1091,98,25.916666666666668,92,0.5,0.8
exp5_stow0.5_walk0.8,back_to_front,baseline,12475,130,1208,1796,94,57.74444444444445,135,0.5,0.8
exp5_stow0.5_walk0.8,outside_in,baseline,12475,130,818,1016,0,15.922222222222222,77,0.5,0.8
exp5_stow0.5_walk0.8,steffen,baseline,12475,130,624,1125,0,8.994444444444444,41,0.5,0.8
exp5_stow0.5_walk0.8,random,baseline,12476,131,1058,1069,84,25.711111111111112,118,0.5,0.8
exp5_stow0.5_walk0.8,back_to_front,baseline,12476,131,1224,1725,102,56.772222222222226,161,0.5,0.8
exp5_stow0.5_walk0.8,outside_in,baseline,12476,131,882,981,0,16.383333333333333,68,0.5,0.8
exp5_stow0.5_walk0.8,steffen,baseline,12476,131,616,919,0,7.544444444444444,33,0.5,0.8
exp5_stow0.5_walk0.8,random,baseline,12477,132,1022,1089,96,26.455555555555556,84,0.5,0.8
exp5_stow0.5_walk0.8,back_to_front,baseline,12477,132,1222,1739,92,58.03333333333333,168,0.5,0.8
exp5_stow0.5_walk0.8,outside_in,baseline,12477,132,819,1043,0,19.477777777777778,81,0.5,0.8
exp5_stow0.5_walk0.8,steffen,baseline,12477,132,597,1130,0,8.566666666666666,46,0.5,0.8
exp5_stow0.5_walk0.8,random,baseline,12478,133,976,1075,88,21.105555555555554,87,0.5,0.8
exp5_stow0.5_walk0.8,back_to_front,baseline,12478,133,1181,1711,87,56.68333333333333,175,0.5,0.8
exp5_stow0.5_walk0.8,outside_in,baseline,12478,133,804,906,0,14.244444444444444,62,0.5,0.8
exp5_stow0.5_walk0.8,steffen,baseline,12478,133,606,1252,0,9.244444444444444,36,0.5,0.8
exp5_stow0.5_walk0.8,random,baseline,12479,134,999,982,86,19.56111111111111,68,0.5,0.8
exp5_stow0.5_walk0.8,back_to_front,baseline,12479,134,1137,1753,91,47.733333333333334,139,0.5,0.8
exp5_stow0.5_walk0.8,outside_in,baseline,12479,134,861,1093,0,16.055555555555557,50,0.5,0.8
exp5_stow0.5_walk0.8,steffen,baseline,12479,134,639,1415,0,11.5,44,0.5,0.8
exp5_stow0.5_walk0.8,random,baseline,12480,135,985,1009,82,23.416666666666668,86,0.5,0.8
exp5_stow0.5_walk0.8,back_to_front,baseline,12480,135,1138,1730,94,50.388888888888886,136,0.5,0.8
exp5_stow0.5_walk0.8,outside_in,baseline,12480,135,794,996,0,12.677777777777777,50,0.5,0.8
exp5_stow0.5_walk0.8,steffen,baseline,12480,135,616,1215,0,8.927777777777777,46,0.5,0.8
exp5_stow0.5_walk0.8,random,baseline,12481,136,1090,1012,87,29.55,87,0.5,0.8
exp5_stow0.5_walk0.8,back_to_front,baseline,12481,136,1290,1656,86,57.266666666666666,151,0.5,0.8
exp5_stow0.5_walk0.8,outside_in,baseline,12481,136,864,1027,0,17.15,68,0.5,0.8
exp5_stow0.5_walk0.8,steffen,baseline,12481,136,643,1226,0,9.96111111111111,49,0.5,0.8
exp5_stow0.5_walk0.8,random,baseline,12482,137,967,892,95,19.544444444444444,62,0.5,0.8
exp5_stow0.5_walk0.8,back_to_front,baseline,12482,137,1263,1913,94,62.30555555555556,215,0.5,0.8
exp5_stow0.5_walk0.8,outside_in,baseline,12482,137,810,1032,0,14.616666666666667,59,0.5,0.8
exp5_stow0.5_walk0.8,steffen,baseline,12482,137,626,1432,0,10.977777777777778,52,0.5,0.8
exp5_stow0.5_walk0.8,random,baseline,12483,138,1035,1187,103,26.92222222222222,107,0.5,0.8
exp5_stow0.5_walk0.8,back_to_front,baseline,12483,138,1155,1742,87,48.85,137,0.5,0.8
exp5_stow0.5_walk0.8,outside_in,baseline,12483,138,804,879,0,13.233333333333333,52,0.5,0.8
exp5_stow0.5_walk0.8,steffen,baseline,12483,138,598,1115,0,8.46111111111111,38,0.5,0.8
exp5_stow0.5_walk0.8,random,baseline,12484,139,989,995,88,17.866666666666667,55,0.5,0.8
exp5_stow0.5_walk0.8,back_to_front,baseline,12484,139,1169,1594,99,52.01111111111111,164,0.5,0.8
exp5_stow0.5_walk0.8,outside_in,baseline,12484,139,844,987,0,13.527777777777779,51,0.5,0.8
exp5_stow0.5_walk0.8,steffen,baseline,12484,139,590,1164,0,8.561111111111112,38,0.5,0.8
exp5_stow0.5_walk0.8,random,baseline,12485,140,967,1117,85,22.766666666666666,74,0.5,0.8
exp5_stow0.5_walk0.8,back_to_front,baseline,12485,140,1091,1662,89,50.25555555555555,166,0.5,0.8
exp5_stow0.5_walk0.8,outside_in,baseline,12485,140,800,982,0,14.227777777777778,52,0.5,0.8
exp5_stow0.5_walk0.8,steffen,baseline,12485,140,589,1186,0,9.155555555555555,36,0.5,0.8
exp5_stow0.5_walk0.8,random,baseline,12486,141,964,1086,98,22.538888888888888,82,0.5,0.8
exp5_stow0.5_walk0.8,back_to_front,baseline,12486,141,1238,1753,91,55.855555555555554,165,0.5,0.8
exp5_stow0.5_walk0.8,outside_in,baseline,12486,141,770,1104,0,14.488888888888889,51,0.5,0.8
exp5_stow0.5_walk0.8,steffen,baseline,12486,141,593,1254,0,9.738888888888889,52,0.5,0.8
exp5_stow0.5_walk0.8,random,baseline,12487,142,986,985,80,19.66111111111111,82,0.5,0.8
exp5_stow0.5_walk0.8,back_to_front,baseline,12487,142,1161,1799,95,49.38333333333333,119,0.5,0.8
exp5_stow0.5_walk0.8,outside_in,baseline,12487,142,796,1044,0,12.883333333333333,58,0.5,0.8
exp5_stow0.5_walk0.8,steffen,baseline,12487,142,638,1235,0,9.166666666666666,32,0.5,0.8
exp5_stow0.5_walk0.8,random,baseline,12488,143,928,1056,84,22.77777777777778,94,0.5,0.8
exp5_stow0.5_walk0.8,back_to_front,baseline,12488,143,1255,1845,95,65.96111111111111,212,0.5,0.8
exp5_stow0.5_walk0.8,outside_in,baseline,12488,143,800,1089,0,15.566666666666666,66,0.5,0.8
exp5_stow0.5_walk0.8,steffen,baseline,12488,143,612,1390,0,10.777777777777779,55,0.5,0.8
exp5_stow0.5_walk0.8,random,baseline,12489,144,943,1153,82,24.461111111111112,106,0.5,0.8
exp5_stow0.5_walk0.8,back_to_front,baseline,12489,144,1173,1813,86,58.272222222222226,174,0.5,0.8
exp5_stow0.5_walk0.8,outside_in,baseline,12489,144,755,1079,0,13.666666666666666,45,0.5,0.8
exp5_stow0.5_walk0.8,steffen,baseline,12489,144,604,1260,0,9.588888888888889,45,0.5,0.8
exp5_stow0.5_walk0.8,random,baseline,12490,145,979,1066,84,21.216666666666665,62,0.5,0.8
exp5_stow0.5_walk0.8,back_to_front,baseline,12490,145,1184,1723,91,53.605555555555554,118,0.5,0.8
exp5_stow0.5_walk0.8,outside_in,baseline,12490,145,760,1066,0,15.65,44,0.5,0.8
exp5_stow0.5_walk0.8,steffen,baseline,12490,145,585,1124,0,8.383333333333333,37,0.5,0.8
exp5_stow0.5_walk0.8,random,baseline,12491,146,1082,1117,88,25.944444444444443,104,0.5,0.8
exp5_stow0.5_walk0.8,back_to_front,baseline,12491,146,1145,1633,92,47.81111111111111,134,0.5,0.8
exp5_stow0.5_walk0.8,outside_in,baseline,12491,146,808,905,0,13.1,46,0.5,0.8
exp5_stow0.5_walk0.8,steffen,baseline,12491,146,611,1189,0,9.511111111111111,41,0.5,0.8
exp5_stow0.5_walk0.8,random,baseline,12492,147,957,1172,94,23.91111111111111,82,0.5,0.8
exp5_stow0.5_walk0.8,back_to_front,baseline,12492,147,1159,1740,89,52.18333333333333,130,0.5,0.8
exp5_stow0.5_walk0.8,outside_in,baseline,12492,147,741,1045,0,13.866666666666667,47,0.5,0.8
exp5_stow0.5_walk0.8,steffen,baseline,12492,147,612,1317,0,10.244444444444444,49,0.5,0.8
exp5_stow0.5_walk0.8,random,baseline,12493,148,1015,1047,97,24.538888888888888,84,0.5,0.8
exp5_stow0.5_walk0.8,back_to_front,baseline,12493,148,1191,1675,93,51.25,156,0.5,0.8
exp5_stow0.5_walk0.8,outside_in,baseline,12493,148,814,1074,0,16.08888888888889,67,0.5,0.8
exp5_stow0.5_walk0.8,steffen,baseline,12493,148,611,1307,0,9.78888888888889,34,0.5,0.8
exp5_stow0.5_walk0.8,random,baseline,12494,149,949,1066,98,22.483333333333334,82,0.5,0.8
exp5_stow0.5_walk0.8,back_to_front,baseline,12494,149,1112,1834,83,52.516666666666666,179,0.5,0.8
exp5_stow0.5_walk0.8,outside_in,baseline,12494,149,754,1035,0,13.244444444444444,44,0.5,0.8
exp5_stow0.5_walk0.8,steffen,baseline,12494,149,599,1239,0,9.238888888888889,37,0.5,0.8
exp5_stow0.5_walk0.8,random,baseline,12495,150,996,1099,105,21.761111111111113,71,0.5,0.8
exp5_stow0.5_walk0.8,back_to_front,baseline,12495,150,1231,1770,88,59.18888888888889,157,0.5,0.8
exp5_stow0.5_walk0.8,outside_in,baseline,12495,150,798,1065,0,16.77777777777778,62,0.5,0.8
exp5_stow0.5_walk0.8,steffen,baseline,12495,150,601,1341,0,9.738888888888889,38,0.5,0.8
exp5_stow0.5_walk0.8,random,baseline,12496,151,986,1177,96,24.3,81,0.5,0.8
exp5_stow0.5_walk0.8,back_to_front,baseline,12496,151,1159,1698,90,55.03888888888889,148,0.5,0.8
exp5_stow0.5_walk0.8,outside_in,baseline,12496,151,770,1095,0,15.066666666666666,56,0.5,0.8
exp5_stow0.5_walk0.8,steffen,baseline,12496,151,594,1317,0,9.855555555555556,53,0.5,0.8
exp5_stow0.5_walk0.8,random,baseline,12497,152,989,1047,89,20.461111111111112,62,0.5,0.8
exp5_stow0.5_walk0.8,back_to_front,baseline,12497,152,1114,1735,93,47.22222222222222,120,0.5,0.8
exp5_stow0.5_walk0.8,outside_in,baseline,12497,152,797,1019,0,13.572222222222223,44,0.5,0.8
exp5_stow0.5_walk0.8,steffen,baseline,12497,152,613,1437,0,10.416666666666666,44,0.5,0.8
exp5_stow0.5_walk0.8,random,baseline,12498,153,926,1036,96,20.32777777777778,77,0.5,0.8
exp5_stow0.5_walk0.8,back_to_front,baseline,12498,153,1100,1792,88,50.233333333333334,164,0.5,0.8
exp5_stow0.5_walk0.8,outside_in,baseline,12498,153,764,1068,0,15.205555555555556,61,0.5,0.8
exp5_stow0.5_walk0.8,steffen,baseline,12498,153,585,1374,0,10.122222222222222,50,0.5,0.8
exp5_stow0.5_walk0.8,random,baseline,12499,154,1121,1165,91,26.177777777777777,131,0.5,0.8
exp5_stow0.5_walk0.8,back_to_front,baseline,12499,154,1232,1772,86,54.66111111111111,150,0.5,0.8
exp5_stow0.5_walk0.8,outside_in,baseline,12499,154,905,1137,0,19.477777777777778,87,0.5,0.8
exp5_stow0.5_walk0.8,steffen,baseline,12499,154,694,1320,0,12.894444444444444,73,0.5,0.8
exp5_stow0.5_walk0.8,random,baseline,12500,155,973,1097,91,22.333333333333332,66,0.5,0.8
exp5_stow0.5_walk0.8,back_to_front,baseline,12500,155,1169,1705,87,54.58888888888889,158,0.5,0.8
exp5_stow0.5_walk0.8,outside_in,baseline,12500,155,768,1026,0,13.222222222222221,48,0.5,0.8
exp5_stow0.5_walk0.8,steffen,baseline,12500,155,609,1181,0,9.438888888888888,37,0.5,0.8
exp5_stow0.5_walk0.8,random,baseline,12501,156,978,1025,82,20.605555555555554,83,0.5,0.8
exp5_stow0.5_walk0.8,back_to_front,baseline,12501,156,1324,1733,89,73.12777777777778,202,0.5,0.8
exp5_stow0.5_walk0.8,outside_in,baseline,12501,156,775,1007,0,16.16111111111111,69,0.5,0.8
exp5_stow0.5_walk0.8,steffen,baseline,12501,156,593,1253,0,9.605555555555556,48,0.5,0.8
exp5_stow0.5_walk0.8,random,baseline,12502,157,1000,990,101,22.105555555555554,72,0.5,0.8
exp5_stow0.5_walk0.8,back_to_front,baseline,12502,157,1232,1736,87,59.18888888888889,215,0.5,0.8
exp5_stow0.5_walk0.8,outside_in,baseline,12502,157,804,1086,0,15.011111111111111,75,0.5,0.8
exp5_stow0.5_walk0.8,steffen,baseline,12502,157,626,1154,0,9.077777777777778,37,0.5,0.8
exp5_stow0.5_walk0.8,random,baseline,12503,158,1017,967,98,20.38888888888889,81,0.5,0.8
exp5_stow0.5_walk0.8,back_to_front,baseline,12503,158,1161,1799,84,48.94444444444444,127,0.5,0.8
exp5_stow0.5_walk0.8,outside_in,baseline,12503,158,811,1031,0,13.96111111111111,70,0.5,0.8
exp5_stow0.5_walk0.8,steffen,baseline,12503,158,637,1259,0,9.577777777777778,40,0.5,0.8
exp5_stow0.5_walk0.8,random,baseline,12504,159,972,1141,72,21.75,117,0.5,0.8
exp5_stow0.5_walk0.8,back_to_front,baseline,12504,159,1297,1742,113,71.39444444444445,247,0.5,0.8
exp5_stow0.5_walk0.8,outside_in,baseline,12504,159,784,996,0,14.527777777777779,59,0.5,0.8
exp5_stow0.5_walk0.8,steffen,baseline,12504,159,598,1159,0,9.044444444444444,71,0.5,0.8
exp5_stow0.5_walk0.8,random,baseline,12505,160,1006,1024,89,19.927777777777777,71,0.5,0.8
exp5_stow0.5_walk0.8,back_to_front,baseline,12505,160,1254,1791,105,58.96111111111111,133,0.5,0.8
exp5_stow0.5_walk0.8,outside_in,baseline,12505,160,837,1011,0,13.777777777777779,46,0.5,0.8
exp5_stow0.5_walk0.8,steffen,baseline,12505,160,619,1327,0,10.4,46,0.5,0.8
exp5_stow0.5_walk0.8,random,baseline,12506,161,1011,1037,90,21.477777777777778,87,0.5,0.8
exp5_stow0.5_walk0.8,back_to_front,baseline,12506,161,1288,1737,98,68.84444444444445,218,0.5,0.8
exp5_stow0.5_walk0.8,outside_in,baseline,12506,161,766,1164,0,17.788888888888888,89,0.5,0.8
exp5_stow0.5_walk0.8,steffen,baseline,12506,161,599,1321,0,10.022222222222222,81,0.5,0.8
exp5_stow0.5_walk0.8,random,baseline,12507,162,998,1074,95,21.038888888888888,72,0.5,0.8
exp5_stow0.5_walk0.8,back_to_front,baseline,12507,162,1199,1754,93,55.41111111111111,155,0.5,0.8
exp5_stow0.5_walk0.8,outside_in,baseline,12507,162,853,984,0,14.644444444444444,61,0.5,0.8
exp5_stow0.5_walk0.8,steffen,baseline,12507,162,631,1302,0,10.088888888888889,41,0.5,0.8
exp5_stow0.5_walk0.8,random,baseline,12508,163,929,1074,80,20.205555555555556,85,0.5,0.8
exp5_stow0.5_walk0.8,back_to_front,baseline,12508,163,1183,1880,86,60.0,148,0.5,0.8
exp5_stow0.5_walk0.8,outside_in,baseline,12508,163,791,1043,0,14.083333333333334,51,0.5,0.8
exp5_stow0.5_walk0.8,steffen,baseline,12508,163,593,1515,0,10.96111111111111,41,0.5,0.8
exp5_stow0.5_walk0.8,random,baseline,12509,164,990,1051,81,23.17222222222222,112,0.5,0.8
exp5_stow0.5_walk0.8,back_to_front,baseline,12509,164,1237,1759,90,63.0,191,0.5,0.8
exp5_stow0.5_walk0.8,outside_in,baseline,12509,164,782,1168,0,18.594444444444445,123,0.5,0.8
exp5_stow0.5_walk0.8,steffen,baseline,12509,164,680,1127,0,8.983333333333333,90,0.5,0.8
exp5_stow0.5_walk0.8,random,baseline,12510,165,1085,1228,97,27.011111111111113,95,0.5,0.8
exp5_stow0.5_walk0.8,back_to_front,baseline,12510,165,1371,1884,86,67.43888888888888,206,0.5,0.8
exp5_stow0.5_walk0.8,outside_in,baseline,12510,165,853,1041,0,21.444444444444443,116,0.5,0.8
exp5_stow0.5_walk0.8,steffen,baseline,12510,165,654,1431,0,13.95,66,0.5,0.8
exp5_stow0.5_walk0.8,random,baseline,12511,166,1021,1083,97,26.416666666666668,86,0.5,0.8
exp5_stow0.5_walk0.8,back_to_front,baseline,12511,166,1132,1714,85,48.40555555555556,138,0.5,0.8
exp5_stow0.5_walk0.8,outside_in,baseline,12511,166,857,1226,0,18.988888888888887,66,0.5,0.8
exp5_stow0.5_walk0.8,steffen,baseline,12511,166,635,1194,0,9.655555555555555,37,0.5,0.8
exp5_stow0.5_walk0.8,random,baseline,12512,167,954,1035,102,20.08888888888889,64,0.5,0.8
exp5_stow0.5_walk0.8,back_to_front,baseline,12512,167,1233,1712,93,57.31666666666667,140,0.5,0.8
exp5_stow0.5_walk0.8,outside_in,baseline,12512,167,828,893,0,13.561111111111112,43,0.5,0.8
exp5_stow0.5_walk0.8,steffen,baseline,12512,167,612,1117,0,8.622222222222222,43,0.5,0.8
exp5_stow0.5_walk0.8,random,baseline,12513,168,976,952,89,16.927777777777777,77,0.5,0.8
exp5_stow0.5_walk0.8,back_to_front,baseline,12513,168,1146,1646,84,53.17777777777778,152,0.5,0.8
exp5_stow0.5_walk0.8,outside_in,baseline,12513,168,788,1053,0,14.761111111111111,58,0.5,0.8
exp5_stow0.5_walk0.8,steffen,baseline,12513,168,613,1289,0,9.95,50,0.5,0.8
exp5_stow0.5_walk0.8,random,baseline,12514,169,1034,1035,84,24.538888888888888,104,0.5,0.8
exp5_stow0.5_walk0.8,back_to_front,baseline,12514,169,1215,1715,98,55.03888888888889,171,0.5,0.8
exp5_stow0.5_walk0.8,outside_in,baseline,12514,169,800,1068,0,15.05,70,0.5,0.8
exp5_stow0.5_walk0.8,steffen,baseline,12514,169,626,1296,0,10.261111111111111,49,0.5,0.8
exp5_stow0.5_walk0.8,random,baseline,12515,170,875,1112,93,21.322222222222223,74,0.5,0.8
exp5_stow0.5_walk0.8,back_to_front,baseline,12515,170,1133,1833,83,56.53333333333333,162,0.5,0.8
exp5_stow0.5_walk0.8,outside_in,baseline,12515,170,741,1095,0,14.155555555555555,44,0.5,0.8
exp5_stow0.5_walk0.8,steffen,baseline,12515,170,593,1145,0,8.905555555555555,48,0.5,0.8
exp5_stow0.5_walk0.8,random,baseline,12516,171,900,984,77,17.06111111111111,54,0.5,0.8
exp5_stow0.5_walk0.8,back_to_front,baseline,12516,171,1169,1659,92,56.477777777777774,148,0.5,0.8
exp5_stow0.5_walk0.8,outside_in,baseline,12516,171,745,934,0,10.594444444444445,39,0.5,0.8
exp5_stow0.5_walk0.8,steffen,baseline,12516,171,604,1115,0,8.46111111111111,41,0.5,0.8
exp5_stow0.5_walk0.8,random,baseline,12517,172,1015,1015,98,22.616666666666667,101,0.5,0.8
exp5_stow0.5_walk0.8,back_to_front,baseline,12517,172,1159,1768,72,52.388888888888886,141,0.5,0.8
exp5_stow0.5_walk0.8,outside_in,baseline,12517,172,785,1012,0,13.027777777777779,48,0.5,0.8
exp5_stow0.5_walk0.8,steffen,baseline,12517,172,605,1190,0,8.716666666666667,44,0.5,0.8
exp5_stow0.5_walk0.8,random,baseline,12518,173,1007,1070,85,23.105555555555554,91,0.5,0.8
exp5_stow0.5_walk0.8,back_to_front,baseline,12518,173,1141,1769,72,52.07222222222222,126,0.5,0.8
exp5_stow0.5_walk0.8,outside_in,baseline,12518,173,787,1041,0,15.088888888888889,53,0.5,0.8
exp5_stow0.5_walk0.8,steffen,baseline,12518,173,607,1182,0,9.177777777777777,38,0.5,0.8
exp5_stow0.5_walk0.8,random,baseline,12519,174,989,1003,84,21.655555555555555,71,0.5,0.8
exp5_stow0.5_walk0.8,back_to_front,baseline,12519,174,1250,1852,107,61.52777777777778,140,0.5,0.8
exp5_stow0.5_walk0.8,outside_in,baseline,12519,174,760,932,0,13.616666666666667,60,0.5,0.8
exp5_stow0.5_walk0.8,steffen,baseline,12519,174,609,1264,0,9.488888888888889,45,0.5,0.8
exp5_stow0.5_walk0.8,random,baseline,12520,175,871,1016,78,18.25,57,0.5,0.8
exp5_stow0.5_walk0.8,back_to_front,baseline,12520,175,1193,1684,90,57.644444444444446,161,0.5,0.8
exp5_stow0.5_walk0.8,outside_in,baseline,12520,175,742,1144,0,14.366666666666667,60,0.5,0.8
exp5_stow0.5_walk0.8,steffen,baseline,12520,175,602,1186,0,8.65,35,0.5,0.8
exp5_stow0.5_walk0.8,random,baseline,12521,176,1028,1041,89,22.683333333333334,80,0.5,0.8
exp5_stow0.5_walk0.8,back_to_front,baseline,12521,176,1272,1707,99,61.99444444444445,184,0.5,0.8
exp5_stow0.5_walk0.8,outside_in,baseline,12521,176,924,924,0,14.261111111111111,65,0.5,0.8
exp5_stow0.5_walk0.8,steffen,baseline,12521,176,639,1021,0,8.983333333333333,45,0.5,0.8
exp5_stow0.5_walk0.8,random,baseline,12522,177,1005,1199,93,23.711111111111112,104,0.5,0.8
exp5_stow0.5_walk0.8,back_to_front,baseline,12522,177,1042,1676,80,41.41111111111111,94,0.5,0.8
exp5_stow0.5_walk0.8,outside_in,baseline,12522,177,771,969,0,14.383333333333333,62,0.5,0.8
exp5_stow0.5_walk0.8,steffen,baseline,12522,177,597,1281,0,9.683333333333334,39,0.5,0.8
exp5_stow0.5_walk0.8,random,baseline,12523,178,1070,984,92,25.5,70,0.5,0.8
exp5_stow0.5_walk0.8,back_to_front,baseline,12523,178,1149,1665,91,51.58888888888889,121,0.5,0.8
exp5_stow0.5_walk0.8,outside_in,baseline,12523,178,784,1034,0,16.272222222222222,67,0.5,0.8
exp5_stow0.5_walk0.8,steffen,baseline,12523,178,600,1149,0,8.65,58,0.5,0.8
exp5_stow0.5_walk0.8,random,baseline,12524,179,978,1061,83,24.072222222222223,92,0.5,0.8
exp5_stow0.5_walk0.8,back_to_front,baseline,12524,179,1228,1630,85,50.96666666666667,146,0.5,0.8
exp5_stow0.5_walk0.8,outside_in,baseline,12524,179,764,1153,0,15.761111111111111,57,0.5,0.8
exp5_stow0.5_walk0.8,steffen,baseline,12524,179,606,1337,0,10.166666666666666,40,0.5,0.8
exp5_stow0.5_walk0.8,random,baseline,12525,180,1018,1061,100,24.533333333333335,98,0.5,0.8
exp5_stow0.5_walk0.8,back_to_front,baseline,12525,180,1173,1750,80,57.58888888888889,172,0.5,0.8
exp5_stow0.5_walk0.8,outside_in,baseline,12525,180,801,1106,0,14.46111111111111,69,0.5,0.8
exp5_stow0.5_walk0.8,steffen,baseline,12525,180,635,1225,0,8.855555555555556,33,0.5,0.8
exp5_stow0.5_walk0.8,random,baseline,12526,181,928,1110,88,21.88888888888889,70,0.5,0.8
exp5_stow0.5_walk0.8,back_to_front,baseline,12526,181,1187,1746,87,54.016666666666666,195,0.5,0.8
exp5_stow0.5_walk0.8,outside_in,baseline,12526,181,793,977,0,12.805555555555555,48,0.5,0.8
exp5_stow0.5_walk0.8,steffen,baseline,12526,181,623,1387,0,10.516666666666667,48,0.5,0.8
exp5_stow0.5_walk0.8,random,baseline,12527,182,1002,1024,104,22.41111111111111,105,0.5,0.8
exp5_stow0.5_walk0.8,back_to_front,baseline,12527,182,1196,1563,84,61.955555555555556,172,0.5,0.8
exp5_stow0.5_walk0.8,outside_in,baseline,12527,182,719,1084,0,14.827777777777778,55,0.5,0.8
exp5_stow0.5_walk0.8,steffen,baseline,12527,182,605,1249,0,9.544444444444444,39,0.5,0.8
exp5_stow0.5_walk0.8,random,baseline,12528,183,988,936,89,21.355555555555554,87,0.5,0.8
exp5_stow0.5_walk0.8,back_to_front,baseline,12528,183,1274,1782,95,65.03888888888889,211,0.5,0.8
exp5_stow0.5_walk0.8,outside_in,baseline,12528,183,809,1004,0,14.8,64,0.5,0.8
exp5_stow0.5_walk0.8,steffen,baseline,12528,183,593,1369,0,9.927777777777777,47,0.5,0.8
exp5_stow0.5_walk0.8,random,baseline,12529,184,947,1096,86,22.461111111111112,82,0.5,0.8
exp5_stow0.5_walk0.8,back_to_front,baseline,12529,184,1258,1711,106,61.18888888888889,151,0.5,0.8
exp5_stow0.5_walk0.8,outside_in,baseline,12529,184,808,1073,0,15.6,66,0.5,0.8
exp5_stow0.5_walk0.8,steffen,baseline,12529,184,608,1249,0,9.333333333333334,34,0.5,0.8
exp5_stow0.5_walk0.8,random,baseline,12530,185,933,1060,92,20.788888888888888,84,0.5,0.8
exp5_stow0.5_walk0.8,back_to_front,baseline,12530,185,1146,1726,74,53.96111111111111,145,0.5,0.8
exp5_stow0.5_walk0.8,outside_in,baseline,12530,185,774,973,0,13.65,51,0.5,0.8
exp5_stow0.5_walk0.8,steffen,baseline,12530,185,603,1327,0,9.794444444444444,48,0.5,0.8
exp5_stow0.5_walk0.8,random,baseline,12531,186,971,931,89,19.094444444444445,83,0.5,0.8
exp5_stow0.5_walk0.8,back_to_front,baseline,12531,186,1209,1782,92,54.6,192,0.5,0.8
exp5_stow0.5_walk0.8,outside_in,baseline,12531,186,810,995,0,14.88888888888889,64,0.5,0.8
exp5_stow0.5_walk0.8,steffen,baseline,12531,186,615,1306,0,9.716666666666667,46,0.5,0.8
exp5_stow0.5_walk0.8,random,baseline,12532,187,1056,1052,104,23.95,79,0.5,0.8
exp5_stow0.5_walk0.8,back_to_front,baseline,12532,187,1184,1663,87,51.955555555555556,146,0.5,0.8
exp5_stow0.5_walk0.8,outside_in,baseline,12532,187,765,993,0,12.45,43,0.5,0.8
exp5_stow0.5_walk0.8,steffen,baseline,12532,187,615,1243,0,9.46111111111111,36,0.5,0.8
exp5_stow0.5_walk0.8,random,baseline,12533,188,1029,1115,89,26.283333333333335,84,0.5,0.8
exp5_stow0.5_walk0.8,back_to_front,baseline,12533,188,1245,1733,96,59.55,152,0.5,0.8
exp5_stow0.5_walk0.8,outside_in,baseline,12533,188,839,1033,0,16.205555555555556,55,0.5,0.8
exp5_stow0.5_walk0.8,steffen,baseline,12533,188,663,1404,0,10.977777777777778,54,0.5,0.8
exp5_stow0.5_walk0.8,random,baseline,12534,189,1020,1117,87,22.08888888888889,71,0.5,0.8
exp5_stow0.5_walk0.8,back_to_front,baseline,12534,189,1182,1749,88,57.61666666666667,165,0.5,0.8
exp5_stow0.5_walk0.8,outside_in,baseline,12534,189,834,964,0,16.866666666666667,65,0.5,0.8
exp5_stow0.5_walk0.8,steffen,baseline,12534,189,613,1332,0,10.63888888888889,45,0.5,0.8
exp5_stow0.5_walk0.8,random,baseline,12535,190,951,986,89,17.072222222222223,59,0.5,0.8
exp5_stow0.5_walk0.8,back_to_front,baseline,12535,190,1201,1834,94,54.71666666666667,153,0.5,0.8
exp5_stow0.5_walk0.8,outside_in,baseline,12535,190,746,990,0,12.28888888888889,54,0.5,0.8
exp5_stow0.5_walk0.8,steffen,baseline,12535,190,591,1167,0,8.6,42,0.5,0.8
exp5_stow0.5_walk0.8,random,baseline,12536,191,1071,1054,91,22.122222222222224,104,0.5,0.8
exp5_stow0.5_walk0.8,back_to_front,baseline,12536,191,1281,1648,84,57.55555555555556,157,0.5,0.8
exp5_stow0.5_walk0.8,outside_in,baseline,12536,191,843,944,0,13.255555555555556,51,0.5,0.8
exp5_stow0.5_walk0.8,steffen,baseline,12536,191,630,1227,0,9.894444444444444,50,0.5,0.8
exp5_stow0.5_walk0.8,random,baseline,12537,192,917,996,89,21.744444444444444,64,0.5,0.8
exp5_stow0.5_walk0.8,back_to_front,baseline,12537,192,1203,1789,88,59.26111111111111,172,0.5,0.8
exp5_stow0.5_walk0.8,outside_in,baseline,12537,192,775,1045,0,13.9,58,0.5,0.8
exp5_stow0.5_walk0.8,steffen,baseline,12537,192,602,1247,0,9.444444444444445,38,0.5,0.8
exp5_stow0.5_walk0.8,random,baseline,12538,193,947,1105,85,23.02777777777778,79,0.5,0.8
exp5_stow0.5_walk0.8,back_to_front,baseline,12538,193,1014,1619,84,40.51111111111111,113,0.5,0.8
exp5_stow0.5_walk0.8,outside_in,baseline,12538,193,811,1119,0,19.244444444444444,63,0.5,0.8
exp5_stow0.5_walk0.8,steffen,baseline,12538,193,594,1222,0,9.927777777777777,58,0.5,0.8
exp5_stow0.5_walk0.8,random,baseline,12539,194,994,1162,90,24.18888888888889,79,0.5,0.8
exp5_stow0.5_walk0.8,back_to_front,baseline,12539,194,1168,1836,90,55.43333333333333,153,0.5,0.8
exp5_stow0.5_walk0.8,outside_in,baseline,12539,194,823,1119,0,16.344444444444445,45,0.5,0.8
exp5_stow0.5_walk0.8,steffen,baseline,12539,194,624,1493,0,12.055555555555555,41,0.5,0.8
exp5_stow0.5_walk0.8,random,baseline,12540,195,910,1144,88,22.405555555555555,83,0.5,0.8
exp5_stow0.5_walk0.8,back_to_front,baseline,12540,195,1186,1833,85,60.67777777777778,185,0.5,0.8
exp5_stow0.5_walk0.8,outside_in,baseline,12540,195,787,1105,0,18.816666666666666,71,0.5,0.8
exp5_stow0.5_walk0.8,steffen,baseline,12540,195,578,1530,0,11.588888888888889,58,0.5,0.8
exp5_stow0.5_walk0.8,random,baseline,12541,196,984,1145,89,24.65,85,0.5,0.8
exp5_stow0.5_walk0.8,back_to_front,baseline,12541,196,1140,1730,85,45.86666666666667,121,0.5,0.8
exp5_stow0.5_walk0.8,outside_in,baseline,12541,196,777,985,0,14.283333333333333,44,0.5,0.8
exp5_stow0.5_walk0.8,steffen,baseline,12541,196,614,1344,0,9.85,43,0.5,0.8
exp5_stow0.5_walk0.8,random,baseline,12542,197,987,1191,78,27.555555555555557,132,0.5,0.8
exp5_stow0.5_walk0.8,back_to_front,baseline,12542,197,1266,1818,93,67.22777777777777,167,0.5,0.8
exp5_stow0.5_walk0.8,outside_in,baseline,12542,197,828,1074,0,19.072222222222223,62,0.5,0.8
exp5_stow0.5_walk0.8,steffen,baseline,12542,197,604,1517,0,11.877777777777778,46,0.5,0.8
exp5_stow0.5_walk0.8,random,baseline,12543,198,982,1071,77,19.394444444444446,68,0.5,0.8
exp5_stow0.5_walk0.8,back_to_front,baseline,12543,198,1131,1871,91,53.45,157,0.5,0.8
exp5_stow0.5_walk0.8,outside_in,baseline,12543,198,767,1133,0,14.911111111111111,41,0.5,0.8
exp5_stow0.5_walk0.8,steffen,baseline,12543,198,584,1495,0,10.577777777777778,35,0.5,0.8
exp5_stow0.5_walk0.8,random,baseline,12544,199,954,1049,105,21.633333333333333,84,0.5,0.8
exp5_stow0.5_walk0.8,back_to_front,baseline,12544,199,1189,1787,84,57.87777777777778,144,0.5,0.8
exp5_stow0.5_walk0.8,outside_in,baseline,12544,199,841,929,0,16.305555555555557,66,0.5,0.8
exp5_stow0.5_walk0.8,steffen,baseline,12544,199,619,1257,0,9.53888888888889,52,0.5,0.8
exp5_stow0.5_walk1.0,random,baseline,12345,0,882,766,84,16.17222222222222,66,0.5,1.0
exp5_stow0.5_walk1.0,back_to_front,baseline,12345,0,1119,1847,94,59.65555555555556,161,0.5,1.0
exp5_stow0.5_walk1.0,outside_in,baseline,12345,0,720,714,0,10.96111111111111,45,0.5,1.0
exp5_stow0.5_walk1.0,steffen,baseline,12345,0,599,886,0,6.594444444444444,42,0.5,1.0
exp5_stow0.5_walk1.0,random,baseline,12346,1,928,969,90,20.783333333333335,95,0.5,1.0
exp5_stow0.5_walk1.0,back_to_front,baseline,12346,1,1167,1758,92,59.98888888888889,160,0.5,1.0
exp5_stow0.5_walk1.0,outside_in,baseline,12346,1,743,763,0,15.216666666666667,74,0.5,1.0
exp5_stow0.5_walk1.0,steffen,baseline,12346,1,591,917,0,8.13888888888889,49,0.5,1.0
exp5_stow0.5_walk1.0,random,baseline,12347,2,1054,575,91,18.533333333333335,80,0.5,1.0
exp5_stow0.5_walk1.0,back_to_front,baseline,12347,2,1216,1528,87,48.98888888888889,112,0.5,1.0
exp5_stow0.5_walk1.0,outside_in,baseline,12347,2,857,675,0,14.872222222222222,56,0.5,1.0
exp5_stow0.5_walk1.0,steffen,baseline,12347,2,691,841,0,7.727777777777778,44,0.5,1.0
exp5_stow0.5_walk1.0,random,baseline,12348,3,975,743,100,21.32777777777778,93,0.5,1.0
exp5_stow0.5_walk1.0,back_to_front,baseline,12348,3,1192,1557,115,53.827777777777776,141,0.5,1.0
exp5_stow0.5_walk1.0,outside_in,baseline,12348,3,732,777,0,13.311111111111112,42,0.5,1.0
exp5_stow0.5_walk1.0,steffen,baseline,12348,3,615,762,0,7.211111111111111,42,0.5,1.0
exp5_stow0.5_walk1.0,random,baseline,12349,4,1031,611,77,19.627777777777776,82,0.5,1.0
exp5_stow0.5_walk1.0,back_to_front,baseline,12349,4,1201,1470,94,52.78333333333333,138,0.5,1.0
exp5_stow0.5_walk1.0,outside_in,baseline,12349,4,840,528,0,12.216666666666667,41,0.5,1.0
exp5_stow0.5_walk1.0,steffen,baseline,12349,4,668,1527,0,11.105555555555556,40,0.5,1.0
exp5_stow0.5_walk1.0,random,baseline,12350,5,925,823,87,22.42222222222222,74,0.5,1.0
exp5_stow0.5_walk1.0,back_to_front,baseline,12350,5,1307,1819,83,66.29444444444445,182,0.5,1.0
exp5_stow0.5_walk1.0,outside_in,baseline,12350,5,781,789,0,15.716666666666667,61,0.5,1.0
exp5_stow0.5_walk1.0,steffen,baseline,12350,5,626,1772,0,13.027777777777779,43,0.5,1.0
exp5_stow0.5_walk1.0,random,baseline,12351,6,939,821,96,22.461111111111112,76,0.5,1.0
exp5_stow0.5_walk1.0,back_to_front,baseline,12351,6,1198,1858,79,62.36666666666667,152,0.5,1.0
exp5_stow0.5_walk1.0,outside_in,baseline,12351,6,764,635,0,11.9,47,0.5,1.0
exp5_stow0.5_walk1.0,steffen,baseline,12351,6,593,1414,0,10.4,42,0.5,1.0
exp5_stow0.5_walk1.0,random,baseline,12352,7,990,583,85,21.055555555555557,86,0.5,1.0
exp5_stow0.5_walk1.0,back_to_front,baseline,12352,7,1156,1437,83,54.77777777777778,151,0.5,1.0
exp5_stow0.5_walk1.0,outside_in,baseline,12352,7,779,482,0,12.877777777777778,63,0.5,1.0
exp5_stow0.5_walk1.0,steffen,baseline,12352,7,605,887,0,7.761111111111111,38,0.5,1.0
exp5_stow0.5_walk1.0,random,baseline,12353,8,971,782,96,22.377777777777776,98,0.5,1.0
exp5_stow0.5_walk1.0,back_to_front,baseline,12353,8,1134,1657,86,54.422222222222224,129,0.5,1.0
exp5_stow0.5_walk1.0,outside_in,baseline,12353,8,736,889,0,14.922222222222222,52,0.5,1.0
exp5_stow0.5_walk1.0,steffen,baseline,12353,8,591,1328,0,9.855555555555556,38,0.5,1.0
exp5_stow0.5_walk1.0,random,baseline,12354,9,919,880,86,20.944444444444443,57,0.5,1.0
exp5_stow0.5_walk1.0,back_to_front,baseline,12354,9,1130,1674,87,55.05,165,0.5,1.0
exp5_stow0.5_walk1.0,outside_in,baseline,12354,9,706,873,0,16.92222222222222,60,0.5,1.0
exp5_stow0.5_walk1.0,steffen,baseline,12354,9,593,877,0,7.183333333333334,43,0.5,1.0
exp5_stow0.5_walk1.0,random,baseline,12355,10,929,695,88,20.805555555555557,94,0.5,1.0
exp5_stow0.5_walk1.0,back_to_front,baseline,12355,10,1013,1473,81,43.58888888888889,133,0.5,1.0
exp5_stow0.5_walk1.0,outside_in,baseline,12355,10,751,653,0,13.544444444444444,56,0.5,1.0
exp5_stow0.5_walk1.0,steffen,baseline,12355,10,596,1142,0,8.883333333333333,48,0.5,1.0
exp5_stow0.5_walk1.0,random,baseline,12356,11,906,739,91,19.894444444444446,65,0.5,1.0
exp5_stow0.5_walk1.0,back_to_front,baseline,12356,11,1056,1674,86,45.28888888888889,105,0.5,1.0
exp5_stow0.5_walk1.0,outside_in,baseline,12356,11,743,495,0,12.172222222222222,36,0.5,1.0
exp5_stow0.5_walk1.0,steffen,baseline,12356,11,599,1189,0,9.277777777777779,32,0.5,1.0
exp5_stow0.5_walk1.0,random,baseline,12357,12,877,847,75,17.41111111111111,74,0.5,1.0
exp5_stow0.5_walk1.0,back_to_front,baseline,12357,12,1153,1898,77,61.03888888888889,182,0.5,1.0
exp5_stow0.5_walk1.0,outside_in,baseline,12357,12,736,849,0,14.65,64,0.5,1.0
exp5_stow0.5_walk1.0,steffen,baseline,12357,12,599,1260,0,9.777777777777779,41,0.5,1.0
exp5_stow0.5_walk1.0,random,baseline,12358,13,864,798,82,20.033333333333335,74,0.5,1.0
exp5_stow0.5_walk1.0,back_to_front,baseline,12358,13,1150,1843,89,57.483333333333334,149,0.5,1.0
exp5_stow0.5_walk1.0,outside_in,baseline,12358,13,713,701,0,12.077777777777778,41,0.5,1.0
exp5_stow0.5_walk1.0,steffen,baseline,12358,13,586,1183,0,8.755555555555556,34,0.5,1.0
exp5_stow0.5_walk1.0,random,baseline,12359,14,934,803,94,23.005555555555556,97,0.5,1.0
exp5_stow0.5_walk1.0,back_to_front,baseline,12359,14,1155,1690,83,54.05,144,0.5,1.0
exp5_stow0.5_walk1.0,outside_in,baseline,12359,14,726,552,0,9.661111111111111,41,0.5,1.0
exp5_stow0.5_walk1.0,steffen,baseline,12359,14,621,1316,0,10.177777777777777,42,0.5,1.0
exp5_stow0.5_walk1.0,random,baseline,12360,15,937,716,87,21.266666666666666,90,0.5,1.0
exp5_stow0.5_walk1.0,back_to_front,baseline,12360,15,1111,1696,102,55.166666666666664,163,0.5,1.0
exp5_stow0.5_walk1.0,outside_in,baseline,12360,15,709,697,0,12.394444444444444,61,0.5,1.0
exp5_stow0.5_walk1.0,steffen,baseline,12360,15,584,1391,0,10.733333333333333,43,0.5,1.0
exp5_stow0.5_walk1.0,random,baseline,12361,16,1037,925,82,24.522222222222222,63,0.5,1.0
exp5_stow0.5_walk1.0,back_to_front,baseline,12361,16,1196,1763,95,61.35,156,0.5,1.0
exp5_stow0.5_walk1.0,outside_in,baseline,12361,16,779,857,0,15.411111111111111,74,0.5,1.0
exp5_stow0.5_walk1.0,steffen,baseline,12361,16,611,1275,0,10.45,71,0.5,1.0
exp5_stow0.5_walk1.0,random,baseline,12362,17,930,809,80,20.694444444444443,72,0.5,1.0
exp5_stow0.5_walk1.0,back_to_front,baseline,12362,17,1127,1804,102,58.44444444444444,155,0.5,1.0
exp5_stow0.5_walk1.0,outside_in,baseline,12362,17,733,821,0,12.75,43,0.5,1.0
exp5_stow0.5_walk1.0,steffen,baseline,12362,17,597,935,0,8.088888888888889,36,0.5,1.0
exp5_stow0.5_walk1.0,random,baseline,12363,18,841,622,83,15.033333333333333,60,0.5,1.0
exp5_stow0.5_walk1.0,back_to_front,baseline,12363,18,1104,1831,98,58.15,174,0.5,1.0
exp5_stow0.5_walk1.0,outside_in,baseline,12363,18,712,518,0,10.744444444444444,45,0.5,1.0
exp5_stow0.5_walk1.0,steffen,baseline,12363,18,586,979,0,7.627777777777778,43,0.5,1.0
exp5_stow0.5_walk1.0,random,baseline,12364,19,889,987,89,21.27777777777778,93,0.5,1.0
exp5_stow0.5_walk1.0,back_to_front,baseline,12364,19,1150,1713,89,52.33888888888889,141,0.5,1.0
exp5_stow0.5_walk1.0,outside_in,baseline,12364,19,763,795,0,12.005555555555556,51,0.5,1.0
exp5_stow0.5_walk1.0,steffen,baseline,12364,19,624,1364,0,9.95,62,0.5,1.0
exp5_stow0.5_walk1.0,random,baseline,12365,20,909,994,102,24.627777777777776,82,0.5,1.0
exp5_stow0.5_walk1.0,back_to_front,baseline,12365,20,1141,1690,82,55.16111111111111,138,0.5,1.0
exp5_stow0.5_walk1.0,outside_in,baseline,12365,20,791,758,0,17.86111111111111,83,0.5,1.0
exp5_stow0.5_walk1.0,steffen,baseline,12365,20,591,1152,0,8.944444444444445,34,0.5,1.0
exp5_stow0.5_walk1.0,random,baseline,12366,21,894,823,78,22.644444444444446,91,0.5,1.0
exp5_stow0.5_walk1.0,back_to_front,baseline,12366,21,1192,1745,84,60.17777777777778,170,0.5,1.0
exp5_stow0.5_walk1.0,outside_in,baseline,12366,21,715,696,0,12.38888888888889,45,0.5,1.0
exp5_stow0.5_walk1.0,steffen,baseline,12366,21,610,1070,0,8.955555555555556,44,0.5,1.0
exp5_stow0.5_walk1.0,random,baseline,12367,22,965,677,88,20.5,79,0.5,1.0
exp5_stow0.5_walk1.0,back_to_front,baseline,12367,22,1125,1388,94,50.766666666666666,143,0.5,1.0
exp5_stow0.5_walk1.0,outside_in,baseline,12367,22,781,551,0,13.65,48,0.5,1.0
exp5_stow0.5_walk1.0,steffen,baseline,12367,22,613,566,0,5.711111111111111,53,0.5,1.0
exp5_stow0.5_walk1.0,random,baseline,12368,23,1009,976,93,25.0,64,0.5,1.0
exp5_stow0.5_walk1.0,back_to_front,baseline,12368,23,1111,1630,76,53.96666666666667,136,0.5,1.0
exp5_stow0.5_walk1.0,outside_in,baseline,12368,23,741,737,0,12.405555555555555,41,0.5,1.0
exp5_stow0.5_walk1.0,steffen,baseline,12368,23,592,1361,0,10.944444444444445,46,0.5,1.0
exp5_stow0.5_walk1.0,random,baseline,12369,24,942,799,100,20.93888888888889,96,0.5,1.0
exp5_stow0.5_walk1.0,back_to_front,baseline,12369,24,1191,1653,89,60.65555555555556,145,0.5,1.0
exp5_stow0.5_walk1.0,outside_in,baseline,12369,24,763,620,0,13.5,44,0.5,1.0
exp5_stow0.5_walk1.0,steffen,baseline,12369,24,632,782,0,7.638888888888889,39,0.5,1.0
exp5_stow0.5_walk1.0,random,baseline,12370,25,952,905,81,19.483333333333334,82,0.5,1.0
exp5_stow0.5_walk1.0,back_to_front,baseline,12370,25,1166,1778,86,50.53888888888889,122,0.5,1.0
exp5_stow0.5_walk1.0,outside_in,baseline,12370,25,786,757,0,12.233333333333333,39,0.5,1.0
exp5_stow0.5_walk1.0,steffen,baseline,12370,25,617,1249,0,9.9,50,0.5,1.0
exp5_stow0.5_walk1.0,random,baseline,12371,26,963,447,89,16.594444444444445,62,0.5,1.0
exp5_stow0.5_walk1.0,back_to_front,baseline,12371,26,1112,1127,84,48.97222222222222,136,0.5,1.0
exp5_stow0.5_walk1.0,outside_in,baseline,12371,26,710,437,0,9.63888888888889,83,0.5,1.0
exp5_stow0.5_walk1.0,steffen,baseline,12371,26,612,348,0,4.066666666666666,51,0.5,1.0
exp5_stow0.5_walk1.0,random,baseline,12372,27,990,693,85,19.72222222222222,79,0.5,1.0
exp5_stow0.5_walk1.0,back_to_front,baseline,12372,27,1235,1905,97,66.81111111111112,165,0.5,1.0
exp5_stow0.5_walk1.0,outside_in,baseline,12372,27,753,687,0,12.894444444444444,52,0.5,1.0
exp5_stow0.5_walk1.0,steffen,baseline,12372,27,600,983,0,7.916666666666667,35,0.5,1.0
exp5_stow0.5_walk1.0,random,baseline,12373,28,884,773,91,20.988888888888887,83,0.5,1.0
exp5_stow0.5_walk1.0,back_to_front,baseline,12373,28,1094,1870,82,49.57222222222222,125,0.5,1.0
exp5_stow0.5_walk1.0,outside_in,baseline,12373,28,718,777,0,12.338888888888889,42,0.5,1.0
exp5_stow0.5_walk1.0,steffen,baseline,12373,28,606,1364,0,10.105555555555556,32,0.5,1.0
exp5_stow0.5_walk1.0,random,baseline,12374,29,898,674,81,18.45,63,0.5,1.0
exp5_stow0.5_walk1.0,back_to_front,baseline,12374,29,1133,1797,88,51.06111111111111,128,0.5,1.0
exp5_stow0.5_walk1.0,outside_in,baseline,12374,29,752,648,0,11.566666666666666,38,0.5,1.0
exp5_stow0.5_walk1.0,steffen,baseline,12374,29,626,972,0,7.811111111111111,38,0.5,1.0
exp5_stow0.5_walk1.0,random,baseline,12375,30,955,886,101,21.055555555555557,59,0.5,1.0
exp5_stow0.5_walk1.0,back_to_front,baseline,12375,30,1137,1727,98,51.69444444444444,137,0.5,1.0
exp5_stow0.5_walk1.0,outside_in,baseline,12375,30,759,774,0,13.53888888888889,58,0.5,1.0
exp5_stow0.5_walk1.0,steffen,baseline,12375,30,607,1146,0,9.783333333333333,38,0.5,1.0
exp5_stow0.5_walk1.0,random,baseline,12376,31,1006,970,89,27.405555555555555,86,0.5,1.0
exp5_stow0.5_walk1.0,back_to_front,baseline,12376,31,1175,1840,86,57.33888888888889,147,0.5,1.0
exp5_stow0.5_walk1.0,outside_in,baseline,12376,31,768,931,0,17.55,59,0.5,1.0
exp5_stow0.5_walk1.0,steffen,baseline,12376,31,635,1751,0,13.694444444444445,48,0.5,1.0
exp5_stow0.5_walk1.0,random,baseline,12377,32,928,637,79,20.966666666666665,73,0.5,1.0
exp5_stow0.5_walk1.0,back_to_front,baseline,12377,32,1217,1554,88,60.57222222222222,152,0.5,1.0
exp5_stow0.5_walk1.0,outside_in,baseline,12377,32,742,494,0,11.755555555555556,54,0.5,1.0
exp5_stow0.5_walk1.0,steffen,baseline,12377,32,624,714,0,7.066666666666666,52,0.5,1.0
exp5_stow0.5_walk1.0,random,baseline,12378,33,943,757,95,20.366666666666667,79,0.5,1.0
exp5_stow0.5_walk1.0,back_to_front,baseline,12378,33,1200,1931,97,62.85,169,0.5,1.0
exp5_stow0.5_walk1.0,outside_in,baseline,12378,33,695,806,0,10.916666666666666,38,0.5,1.0
exp5_stow0.5_walk1.0,steffen,baseline,12378,33,585,1139,0,8.966666666666667,41,0.5,1.0
exp5_stow0.5_walk1.0,random,baseline,12379,34,866,795,82,18.07777777777778,69,0.5,1.0
exp5_stow0.5_walk1.0,back_to_front,baseline,12379,34,1104,1455,89,55.85,153,0.5,1.0
exp5_stow0.5_walk1.0,outside_in,baseline,12379,34,728,609,0,11.016666666666667,37,0.5,1.0
exp5_stow0.5_walk1.0,steffen,baseline,12379,34,606,982,0,7.988888888888889,30,0.5,1.0
exp5_stow0.5_walk1.0,random,baseline,12380,35,880,857,79,17.394444444444446,76,0.5,1.0
exp5_stow0.5_walk1.0,back_to_front,baseline,12380,35,1145,1871,88,51.96111111111111,125,0.5,1.0
exp5_stow0.5_walk1.0,outside_in,baseline,12380,35,772,880,0,13.833333333333334,60,0.5,1.0
exp5_stow0.5_walk1.0,steffen,baseline,12380,35,648,1609,0,12.083333333333334,58,0.5,1.0
exp5_stow0.5_walk1.0,random,baseline,12381,36,887,689,83,22.905555555555555,80,0.5,1.0
exp5_stow0.5_walk1.0,back_to_front,baseline,12381,36,1155,1992,87,58.28333333333333,138,0.5,1.0
exp5_stow0.5_walk1.0,outside_in,baseline,12381,36,733,682,0,12.7,39,0.5,1.0
exp5_stow0.5_walk1.0,steffen,baseline,12381,36,582,1425,0,10.105555555555556,38,0.5,1.0
exp5_stow0.5_walk1.0,random,baseline,12382,37,937,771,96,23.677777777777777,86,0.5,1.0
exp5_stow0.5_walk1.0,back_to_front,baseline,12382,37,1175,1772,100,59.11666666666667,175,0.5,1.0
exp5_stow0.5_walk1.0,outside_in,baseline,12382,37,738,639,0,10.922222222222222,56,0.5,1.0
exp5_stow0.5_walk1.0,steffen,baseline,12382,37,626,1286,0,10.222222222222221,77,0.5,1.0
exp5_stow0.5_walk1.0,random,baseline,12383,38,856,799,89,19.65,76,0.5,1.0
exp5_stow0.5_walk1.0,back_to_front,baseline,12383,38,1186,1712,96,56.105555555555554,138,0.5,1.0
exp5_stow0.5_walk1.0,outside_in,baseline,12383,38,732,721,0,11.705555555555556,39,0.5,1.0
exp5_stow0.5_walk1.0,steffen,baseline,12383,38,609,1676,0,11.733333333333333,38,0.5,1.0
exp5_stow0.5_walk1.0,random,baseline,12384,39,952,804,102,19.883333333333333,62,0.5,1.0
exp5_stow0.5_walk1.0,back_to_front,baseline,12384,39,1144,1699,93,49.394444444444446,118,0.5,1.0
exp5_stow0.5_walk1.0,outside_in,baseline,12384,39,746,696,0,11.38888888888889,52,0.5,1.0
exp5_stow0.5_walk1.0,steffen,baseline,12384,39,623,1008,0,8.21111111111111,36,0.5,1.0
exp5_stow0.5_walk1.0,random,baseline,12385,40,884,718,90,17.944444444444443,59,0.5,1.0
exp5_stow0.5_walk1.0,back_to_front,baseline,12385,40,1083,1694,93,52.84444444444444,173,0.5,1.0
exp5_stow0.5_walk1.0,outside_in,baseline,12385,40,751,724,0,13.1,39,0.5,1.0
exp5_stow0.5_walk1.0,steffen,baseline,12385,40,608,1359,0,10.333333333333334,47,0.5,1.0
exp5_stow0.5_walk1.0,random,baseline,12386,41,920,690,95,18.355555555555554,76,0.5,1.0
exp5_stow0.5_walk1.0,back_to_front,baseline,12386,41,1071,1590,74,48.077777777777776,135,0.5,1.0
exp5_stow0.5_walk1.0,outside_in,baseline,12386,41,722,472,0,10.15,50,0.5,1.0
exp5_stow0.5_walk1.0,steffen,baseline,12386,41,617,797,0,6.583333333333333,32,0.5,1.0
exp5_stow0.5_walk1.0,random,baseline,12387,42,925,737,90,17.9,62,0.5,1.0
exp5_stow0.5_walk1.0,back_to_front,baseline,12387,42,1160,1678,96,53.67777777777778,153,0.5,1.0
exp5_stow0.5_walk1.0,outside_in,baseline,12387,42,724,718,0,12.35,57,0.5,1.0
exp5_stow0.5_walk1.0,steffen,baseline,12387,42,585,1151,0,9.172222222222222,54,0.5,1.0
exp5_stow0.5_walk1.0,random,baseline,12388,43,957,703,90,18.038888888888888,66,0.5,1.0
exp5_stow0.5_walk1.0,back_to_front,baseline,12388,43,1171,1755,99,49.38333333333333,121,0.5,1.0
exp5_stow0.5_walk1.0,outside_in,baseline,12388,43,822,741,0,14.227777777777778,51,0.5,1.0
exp5_stow0.5_walk1.0,steffen,baseline,12388,43,637,1254,0,9.572222222222223,44,0.5,1.0
exp5_stow0.5_walk1.0,random,baseline,12389,44,936,813,97,21.044444444444444,76,0.5,1.0
exp5_stow0.5_walk1.0,back_to_front,baseline,12389,44,1097,1532,80,51.8,137,0.5,1.0
exp5_stow0.5_walk1.0,outside_in,baseline,12389,44,769,711,0,12.483333333333333,42,0.5,1.0
exp5_stow0.5_walk1.0,steffen,baseline,12389,44,626,1239,0,9.344444444444445,39,0.5,1.0
exp5_stow0.5_walk1.0,random,baseline,12390,45,937,690,92,17.133333333333333,79,0.5,1.0
exp5_stow0.5_walk1.0,back_to_front,baseline,12390,45,1146,1905,96,53.82222222222222,146,0.5,1.0
exp5_stow0.5_walk1.0,outside_in,baseline,12390,45,779,704,0,12.016666666666667,47,0.5,1.0
exp5_stow0.5_walk1.0,steffen,baseline,12390,45,640,1175,0,8.727777777777778,39,0.5,1.0
exp5_stow0.5_walk1.0,random,baseline,12391,46,988,804,91,22.966666666666665,77,0.5,1.0
exp5_stow0.5_walk1.0,back_to_front,baseline,12391,46,1204,1663,92,54.71111111111111,133,0.5,1.0
exp5_stow0.5_walk1.0,outside_in,baseline,12391,46,768,703,0,13.188888888888888,43,0.5,1.0
exp5_stow0.5_walk1.0,steffen,baseline,12391,46,617,1425,0,11.094444444444445,34,0.5,1.0
exp5_stow0.5_walk1.0,random,baseline,12392,47,975,1004,90,21.8,70,0.5,1.0
exp5_stow0.5_walk1.0,back_to_front,baseline,12392,47,1149,1905,85,52.7,148,0.5,1.0
exp5_stow0.5_walk1.0,outside_in,baseline,12392,47,787,923,0,14.5,47,0.5,1.0
exp5_stow0.5_walk1.0,steffen,baseline,12392,47,621,1898,0,12.922222222222222,35,0.5,1.0
exp5_stow0.5_walk1.0,random,baseline,12393,48,955,866,101,19.822222222222223,56,0.5,1.0
exp5_stow0.5_walk1.0,back_to_front,baseline,12393,48,1210,1670,105,54.25,151,0.5,1.0
exp5_stow0.5_walk1.0,outside_in,baseline,12393,48,802,664,0,11.516666666666667,47,0.5,1.0
exp5_stow0.5_walk1.0,steffen,baseline,12393,48,638,1681,0,11.95,36,0.5,1.0
exp5_stow0.5_walk1.0,random,baseline,12394,49,916,868,85,21.05,68,0.5,1.0
exp5_stow0.5_walk1.0,back_to_front,baseline,12394,49,1181,1482,79,48.21666666666667,127,0.5,1.0
exp5_stow0.5_walk1.0,outside_in,baseline,12394,49,723,853,0,13.972222222222221,46,0.5,1.0
exp5_stow0.5_walk1.0,steffen,baseline,12394,49,623,1000,0,7.6722222222222225,35,0.5,1.0
exp5_stow0.5_walk1.0,random,baseline,12395,50,866,664,90,19.005555555555556,79,0.5,1.0
exp5_stow0.5_walk1.0,back_to_front,baseline,12395,50,1099,1547,93,53.2,160,0.5,1.0
exp5_stow0.5_walk1.0,outside_in,baseline,12395,50,711,568,0,9.533333333333333,38,0.5,1.0
exp5_stow0.5_walk1.0,steffen,baseline,12395,50,600,841,0,7.205555555555556,47,0.5,1.0
exp5_stow0.5_walk1.0,random,baseline,12396,51,922,701,97,22.038888888888888,81,0.5,1.0
exp5_stow0.5_walk1.0,back_to_front,baseline,12396,51,1163,1818,90,55.72222222222222,138,0.5,1.0
exp5_stow0.5_walk1.0,outside_in,baseline,12396,51,783,660,0,11.844444444444445,42,0.5,1.0
exp5_stow0.5_walk1.0,steffen,baseline,12396,51,649,1232,0,9.827777777777778,49,0.5,1.0
exp5_stow0.5_walk1.0,random,baseline,12397,52,878,752,90,20.194444444444443,85,0.5,1.0
exp5_stow0.5_walk1.0,back_to_front,baseline,12397,52,1091,1746,91,53.05555555555556,137,0.5,1.0
exp5_stow0.5_walk1.0,outside_in,baseline,12397,52,748,550,0,10.783333333333333,51,0.5,1.0
exp5_stow0.5_walk1.0,steffen,baseline,12397,52,632,939,0,7.3,33,0.5,1.0
exp5_stow0.5_walk1.0,random,baseline,12398,53,902,627,79,18.133333333333333,88,0.5,1.0
exp5_stow0.5_walk1.0,back_to_front,baseline,12398,53,1142,1696,97,54.68333333333333,181,0.5,1.0
exp5_stow0.5_walk1.0,outside_in,baseline,12398,53,724,659,0,11.96111111111111,47,0.5,1.0
exp5_stow0.5_walk1.0,steffen,baseline,12398,53,630,1142,0,8.377777777777778,38,0.5,1.0
exp5_stow0.5_walk1.0,random,baseline,12399,54,975,596,98,20.555555555555557,64,0.5,1.0
exp5_stow0.5_walk1.0,back_to_front,baseline,12399,54,1181,1568,90,56.65555555555556,143,0.5,1.0
exp5_stow0.5_walk1.0,outside_in,baseline,12399,54,746,684,0,12.88888888888889,44,0.5,1.0
exp5_stow0.5_walk1.0,steffen,baseline,12399,54,612,679,0,6.538888888888889,32,0.5,1.0
exp5_stow0.5_walk1.0,random,baseline,12400,55,942,764,88,23.433333333333334,83,0.5,1.0
exp5_stow0.5_walk1.0,back_to_front,baseline,12400,55,1047,1606,89,51.388888888888886,175,0.5,1.0
exp5_stow0.5_walk1.0,outside_in,baseline,12400,55,710,792,0,11.955555555555556,60,0.5,1.0
exp5_stow0.5_walk1.0,steffen,baseline,12400,55,601,1077,0,8.255555555555556,37,0.5,1.0
exp5_stow0.5_walk1.0,random,baseline,12401,56,918,991,85,24.127777777777776,71,0.5,1.0
exp5_stow0.5_walk1.0,back_to_front,baseline,12401,56,1124,1650,93,56.827777777777776,148,0.5,1.0
exp5_stow0.5_walk1.0,outside_in,baseline,12401,56,705,793,0,14.233333333333333,49,0.5,1.0
exp5_stow0.5_walk1.0,steffen,baseline,12401,56,603,960,0,8.705555555555556,38,0.5,1.0
exp5_stow0.5_walk1.0,random,baseline,12402,57,963,690,104,25.8,76,0.5,1.0
exp5_stow0.5_walk1.0,back_to_front,baseline,12402,57,1137,1443,90,51.105555555555554,132,0.5,1.0
exp5_stow0.5_walk1.0,outside_in,baseline,12402,57,764,496,0,11.883333333333333,49,0.5,1.0
exp5_stow0.5_walk1.0,steffen,baseline,12402,57,621,891,0,7.733333333333333,44,0.5,1.0
exp5_stow0.5_walk1.0,random,baseline,12403,58,1004,685,84,22.88888888888889,92,0.5,1.0
exp5_stow0.5_walk1.0,back_to_front,baseline,12403,58,1118,1752,85,50.03333333333333,130,0.5,1.0
exp5_stow0.5_walk1.0,outside_in,baseline,12403,58,747,627,0,12.355555555555556,36,0.5,1.0
exp5_stow0.5_walk1.0,steffen,baseline,12403,58,631,954,0,8.222222222222221,40,0.5,1.0
exp5_stow0.5_walk1.0,random,baseline,12404,59,951,719,85,20.733333333333334,100,0.5,1.0
exp5_stow0.5_walk1.0,back_to_front,baseline,12404,59,1269,1820,84,60.92777777777778,140,0.5,1.0
exp5_stow0.5_walk1.0,outside_in,baseline,12404,59,809,525,0,12.777777777777779,64,0.5,1.0
exp5_stow0.5_walk1.0,steffen,baseline,12404,59,636,819,0,7.0,45,0.5,1.0
exp5_stow0.5_walk1.0,random,baseline,12405,60,1021,800,98,25.516666666666666,102,0.5,1.0
exp5_stow0.5_walk1.0,back_to_front,baseline,12405,60,1203,1785,98,58.46111111111111,146,0.5,1.0
exp5_stow0.5_walk1.0,outside_in,baseline,12405,60,781,761,0,13.65,49,0.5,1.0
exp5_stow0.5_walk1.0,steffen,baseline,12405,60,616,1431,0,10.977777777777778,38,0.5,1.0
exp5_stow0.5_walk1.0,random,baseline,12406,61,919,849,96,19.88888888888889,90,0.5,1.0
exp5_stow0.5_walk1.0,back_to_front,baseline,12406,61,1261,1934,87,64.75555555555556,158,0.5,1.0
exp5_stow0.5_walk1.0,outside_in,baseline,12406,61,788,674,0,13.6,81,0.5,1.0
exp5_stow0.5_walk1.0,steffen,baseline,12406,61,595,1729,0,12.161111111111111,44,0.5,1.0
exp5_stow0.5_walk1.0,random,baseline,12407,62,862,640,88,17.716666666666665,67,0.5,1.0
exp5_stow0.5_walk1.0,back_to_front,baseline,12407,62,1145,1309,93,53.11666666666667,144,0.5,1.0
exp5_stow0.5_walk1.0,outside_in,baseline,12407,62,732,608,0,10.355555555555556,33,0.5,1.0
exp5_stow0.5_walk1.0,steffen,baseline,12407,62,619,723,0,6.772222222222222,28,0.5,1.0
exp5_stow0.5_walk1.0,random,baseline,12408,63,990,712,93,19.377777777777776,64,0.5,1.0
exp5_stow0.5_walk1.0,back_to_front,baseline,12408,63,1226,1890,96,58.144444444444446,152,0.5,1.0
exp5_stow0.5_walk1.0,outside_in,baseline,12408,63,872,883,0,15.194444444444445,80,0.5,1.0
exp5_stow0.5_walk1.0,steffen,baseline,12408,63,663,1565,0,12.238888888888889,53,0.5,1.0
exp5_stow0.5_walk1.0,random,baseline,12409,64,1020,781,95,21.572222222222223,72,0.5,1.0
exp5_stow0.5_walk1.0,back_to_front,baseline,12409,64,1162,2028,97,64.6,188,0.5,1.0
exp5_stow0.5_walk1.0,outside_in,baseline,12409,64,772,770,0,12.9,42,0.5,1.0
exp5_stow0.5_walk1.0,steffen,baseline,12409,64,614,1330,0,9.88888888888889,59,0.5,1.0
exp5_stow0.5_walk1.0,random,baseline,12410,65,944,861,91,21.488888888888887,65,0.5,1.0
exp5_stow0.5_walk1.0,back_to_front,baseline,12410,65,1149,1588,97,60.56111111111111,168,0.5,1.0
exp5_stow0.5_walk1.0,outside_in,baseline,12410,65,757,696,0,14.577777777777778,44,0.5,1.0
exp5_stow0.5_walk1.0,steffen,baseline,12410,65,621,969,0,7.677777777777778,32,0.5,1.0
exp5_stow0.5_walk1.0,random,baseline,12411,66,986,817,96,24.227777777777778,83,0.5,1.0
exp5_stow0.5_walk1.0,back_to_front,baseline,12411,66,1199,1758,96,56.44444444444444,149,0.5,1.0
exp5_stow0.5_walk1.0,outside_in,baseline,12411,66,748,703,0,14.061111111111112,50,0.5,1.0
exp5_stow0.5_walk1.0,steffen,baseline,12411,66,623,1487,0,11.272222222222222,44,0.5,1.0
exp5_stow0.5_walk1.0,random,baseline,12412,67,944,828,78,24.7,85,0.5,1.0
exp5_stow0.5_walk1.0,back_to_front,baseline,12412,67,1261,1798,98,66.24444444444444,181,0.5,1.0
exp5_stow0.5_walk1.0,outside_in,baseline,12412,67,743,635,0,11.96111111111111,62,0.5,1.0
exp5_stow0.5_walk1.0,steffen,baseline,12412,67,608,1416,0,9.966666666666667,35,0.5,1.0
exp5_stow0.5_walk1.0,random,baseline,12413,68,925,721,107,20.794444444444444,74,0.5,1.0
exp5_stow0.5_walk1.0,back_to_front,baseline,12413,68,1158,1626,83,55.272222222222226,156,0.5,1.0
exp5_stow0.5_walk1.0,outside_in,baseline,12413,68,700,764,0,11.666666666666666,46,0.5,1.0
exp5_stow0.5_walk1.0,steffen,baseline,12413,68,596,1530,0,11.266666666666667,41,0.5,1.0
exp5_stow0.5_walk1.0,random,baseline,12414,69,962,790,86,24.055555555555557,74,0.5,1.0
exp5_stow0.5_walk1.0,back_to_front,baseline,12414,69,1192,1980,85,57.87222222222222,150,0.5,1.0
exp5_stow0.5_walk1.0,outside_in,baseline,12414,69,774,763,0,12.633333333333333,65,0.5,1.0
exp5_stow0.5_walk1.0,steffen,baseline,12414,69,594,1139,0,8.955555555555556,36,0.5,1.0
exp5_stow0.5_walk1.0,random,baseline,12415,70,903,757,90,19.355555555555554,71,0.5,1.0
exp5_stow0.5_walk1.0,back_to_front,baseline,12415,70,1106,1795,88,53.88333333333333,133,0.5,1.0
exp5_stow0.5_walk1.0,outside_in,baseline,12415,70,746,664,0,12.38888888888889,48,0.5,1.0
exp5_stow0.5_walk1.0,steffen,baseline,12415,70,621,1156,0,8.938888888888888,44,0.5,1.0
exp5_stow0.5_walk1.0,random,baseline,12416,71,954,730,81,20.16111111111111,97,0.5,1.0
exp5_stow0.5_walk1.0,back_to_front,baseline,12416,71,1166,1743,92,57.355555555555554,131,0.5,1.0
exp5_stow0.5_walk1.0,outside_in,baseline,12416,71,789,595,0,13.977777777777778,47,0.5,1.0
exp5_stow0.5_walk1.0,steffen,baseline,12416,71,629,1429,0,11.194444444444445,51,0.5,1.0
exp5_stow0.5_walk1.0,random,baseline,12417,72,917,720,85,19.166666666666668,59,0.5,1.0
exp5_stow0.5_walk1.0,back_to_front,baseline,12417,72,1127,1732,93,49.05555555555556,114,0.5,1.0
exp5_stow0.5_walk1.0,outside_in,baseline,12417,72,791,838,0,12.672222222222222,55,0.5,1.0
exp5_stow0.5_walk1.0,steffen,baseline,12417,72,620,1396,0,10.488888888888889,35,0.5,1.0
exp5_stow0.5_walk1.0,random,baseline,12418,73,964,873,89,23.066666666666666,122,0.5,1.0
exp5_stow0.5_walk1.0,back_to_front,baseline,12418,73,1135,1861,93,59.55555555555556,173,0.5,1.0
exp5_stow0.5_walk1.0,outside_in,baseline,12418,73,741,918,0,14.53888888888889,55,0.5,1.0
exp5_stow0.5_walk1.0,steffen,baseline,12418,73,602,1604,0,11.644444444444444,48,0.5,1.0
exp5_stow0.5_walk1.0,random,baseline,12419,74,944,746,92,25.0,80,0.5,1.0
exp5_stow0.5_walk1.0,back_to_front,baseline,12419,74,1084,1863,80,49.34444444444444,136,0.5,1.0
exp5_stow0.5_walk1.0,outside_in,baseline,12419,74,734,682,0,10.816666666666666,56,0.5,1.0
exp5_stow0.5_walk1.0,steffen,baseline,12419,74,618,1147,0,10.466666666666667,77,0.5,1.0
exp5_stow0.5_walk1.0,random,baseline,12420,75,897,714,93,17.52777777777778,66,0.5,1.0
exp5_stow0.5_walk1.0,back_to_front,baseline,12420,75,1212,1715,89,59.544444444444444,178,0.5,1.0
exp5_stow0.5_walk1.0,outside_in,baseline,12420,75,726,627,0,11.205555555555556,41,0.5,1.0
exp5_stow0.5_walk1.0,steffen,baseline,12420,75,640,1075,0,8.38888888888889,39,0.5,1.0
exp5_stow0.5_walk1.0,random,baseline,12421,76,915,811,98,24.594444444444445,94,0.5,1.0
exp5_stow0.5_walk1.0,back_to_front,baseline,12421,76,1033,1626,86,51.86666666666667,138,0.5,1.0
exp5_stow0.5_walk1.0,outside_in,baseline,12421,76,692,808,0,12.05,40,0.5,1.0
exp5_stow0.5_walk1.0,steffen,baseline,12421,76,583,1484,0,10.877777777777778,34,0.5,1.0
exp5_stow0.5_walk1.0,random,baseline,12422,77,944,768,87,22.288888888888888,76,0.5,1.0
exp5_stow0.5_walk1.0,back_to_front,baseline,12422,77,1139,1958,79,56.666666666666664,131,0.5,1.0
exp5_stow0.5_walk1.0,outside_in,baseline,12422,77,727,729,0,12.95,45,0.5,1.0
exp5_stow0.5_walk1.0,steffen,baseline,12422,77,620,1539,0,12.072222222222223,47,0.5,1.0
exp5_stow0.5_walk1.0,random,baseline,12423,78,980,832,99,26.183333333333334,106,0.5,1.0
exp5_stow0.5_walk1.0,back_to_front,baseline,12423,78,1265,1831,89,67.44444444444444,177,0.5,1.0
exp5_stow0.5_walk1.0,outside_in,baseline,12423,78,740,688,0,13.372222222222222,51,0.5,1.0
exp5_stow0.5_walk1.0,steffen,baseline,12423,78,603,1150,0,9.61111111111111,49,0.5,1.0
exp5_stow0.5_walk1.0,random,baseline,12424,79,893,714,87,17.961111111111112,71,0.5,1.0
exp5_stow0.5_walk1.0,back_to_front,baseline,12424,79,1111,1689,91,49.37222222222222,120,0.5,1.0
exp5_stow0.5_walk1.0,outside_in,baseline,12424,79,735,686,0,12.13888888888889,47,0.5,1.0
exp5_stow0.5_walk1.0,steffen,baseline,12424,79,621,985,0,7.988888888888889,48,0.5,1.0
exp5_stow0.5_walk1.0,random,baseline,12425,80,913,699,97,20.177777777777777,76,0.5,1.0
exp5_stow0.5_walk1.0,back_to_front,baseline,12425,80,1139,1759,95,63.25,205,0.5,1.0
exp5_stow0.5_walk1.0,outside_in,baseline,12425,80,739,670,0,12.944444444444445,59,0.5,1.0
exp5_stow0.5_walk1.0,steffen,baseline,12425,80,585,867,0,7.072222222222222,35,0.5,1.0
exp5_stow0.5_walk1.0,random,baseline,12426,81,977,823,97,25.38888888888889,136,0.5,1.0
exp5_stow0.5_walk1.0,back_to_front,baseline,12426,81,1105,1821,77,49.00555555555555,118,0.5,1.0
exp5_stow0.5_walk1.0,outside_in,baseline,12426,81,715,659,0,11.027777777777779,41,0.5,1.0
exp5_stow0.5_walk1.0,steffen,baseline,12426,81,598,1214,0,8.9,39,0.5,1.0
exp5_stow0.5_walk1.0,random,baseline,12427,82,939,733,81,20.555555555555557,61,0.5,1.0
exp5_stow0.5_walk1.0,back_to_front,baseline,12427,82,1222,1916,91,69.24444444444444,176,0.5,1.0
exp5_stow0.5_walk1.0,outside_in,baseline,12427,82,746,714,0,15.516666666666667,64,0.5,1.0
exp5_stow0.5_walk1.0,steffen,baseline,12427,82,588,1055,0,8.722222222222221,55,0.5,1.0
exp5_stow0.5_walk1.0,random,baseline,12428,83,909,685,80,20.77777777777778,70,0.5,1.0
exp5_stow0.5_walk1.0,back_to_front,baseline,12428,83,1168,1764,93,58.605555555555554,133,0.5,1.0
exp5_stow0.5_walk1.0,outside_in,baseline,12428,83,783,517,0,13.594444444444445,54,0.5,1.0
exp5_stow0.5_walk1.0,steffen,baseline,12428,83,609,1216,0,9.544444444444444,39,0.5,1.0
exp5_stow0.5_walk1.0,random,baseline,12429,84,1030,718,87,25.033333333333335,104,0.5,1.0
exp5_stow0.5_walk1.0,back_to_front,baseline,12429,84,1324,1650,96,63.105555555555554,137,0.5,1.0
exp5_stow0.5_walk1.0,outside_in,baseline,12429,84,822,694,0,14.183333333333334,49,0.5,1.0
exp5_stow0.5_walk1.0,steffen,baseline,12429,84,642,1137,0,9.372222222222222,53,0.5,1.0
exp5_stow0.5_walk1.0,random,baseline,12430,85,935,730,103,20.477777777777778,92,0.5,1.0
exp5_stow0.5_walk1.0,back_to_front,baseline,12430,85,1163,1390,87,54.22222222222222,136,0.5,1.0
exp5_stow0.5_walk1.0,outside_in,baseline,12430,85,735,773,0,13.033333333333333,47,0.5,1.0
exp5_stow0.5_walk1.0,steffen,baseline,12430,85,602,1362,0,9.744444444444444,37,0.5,1.0
exp5_stow0.5_walk1.0,random,baseline,12431,86,985,670,97,22.538888888888888,89,0.5,1.0
exp5_stow0.5_walk1.0,back_to_front,baseline,12431,86,1022,1675,84,48.205555555555556,150,0.5,1.0
exp5_stow0.5_walk1.0,outside_in,baseline,12431,86,743,635,0,11.46111111111111,64,0.5,1.0
exp5_stow0.5_walk1.0,steffen,baseline,12431,86,582,1133,0,9.066666666666666,58,0.5,1.0
exp5_stow0.5_walk1.0,random,baseline,12432,87,904,788,95,17.194444444444443,70,0.5,1.0
exp5_stow0.5_walk1.0,back_to_front,baseline,12432,87,1188,1805,92,61.36666666666667,167,0.5,1.0
exp5_stow0.5_walk1.0,outside_in,baseline,12432,87,753,695,0,11.577777777777778,43,0.5,1.0
exp5_stow0.5_walk1.0,steffen,baseline,12432,87,610,1717,0,11.816666666666666,36,0.5,1.0
exp5_stow0.5_walk1.0,random,baseline,12433,88,958,654,90,20.877777777777776,75,0.5,1.0
exp5_stow0.5_walk1.0,back_to_front,baseline,12433,88,1090,1665,83,50.36666666666667,142,0.5,1.0
exp5_stow0.5_walk1.0,outside_in,baseline,12433,88,705,528,0,11.455555555555556,46,0.5,1.0
exp5_stow0.5_walk1.0,steffen,baseline,12433,88,597,1339,0,9.938888888888888,48,0.5,1.0
exp5_stow0.5_walk1.0,random,baseline,12434,89,892,763,92,20.305555555555557,88,0.5,1.0
exp5_stow0.5_walk1.0,back_to_front,baseline,12434,89,1015,1790,84,49.33888888888889,150,0.5,1.0
exp5_stow0.5_walk1.0,outside_in,baseline,12434,89,708,745,0,13.477777777777778,49,0.5,1.0
exp5_stow0.5_walk1.0,steffen,baseline,12434,89,587,1040,0,8.205555555555556,36,0.5,1.0
exp5_stow0.5_walk1.0,random,baseline,12435,90,1003,772,100,28.133333333333333,98,0.5,1.0
exp5_stow0.5_walk1.0,back_to_front,baseline,12435,90,1214,1663,87,59.861111111111114,179,0.5,1.0
exp5_stow0.5_walk1.0,outside_in,baseline,12435,90,830,824,0,20.555555555555557,110,0.5,1.0
exp5_stow0.5_walk1.0,steffen,baseline,12435,90,644,1208,0,10.0,74,0.5,1.0
exp5_stow0.5_walk1.0,random,baseline,12436,91,842,713,101,22.177777777777777,100,0.5,1.0
exp5_stow0.5_walk1.0,back_to_front,baseline,12436,91,1225,1499,85,66.77777777777777,200,0.5,1.0
exp5_stow0.5_walk1.0,outside_in,baseline,12436,91,704,629,0,11.044444444444444,47,0.5,1.0
exp5_stow0.5_walk1.0,steffen,baseline,12436,91,591,887,0,7.466666666666667,35,0.5,1.0
exp5_stow0.5_walk1.0,random,baseline,12437,92,933,646,93,24.77777777777778,69,0.5,1.0
exp5_stow0.5_walk1.0,back_to_front,baseline,12437,92,1136,1261,93,53.82222222222222,154,0.5,1.0
exp5_stow0.5_walk1.0,outside_in,baseline,12437,92,748,600,0,18.572222222222223,100,0.5,1.0
exp5_stow0.5_walk1.0,steffen,baseline,12437,92,608,591,0,6.8,52,0.5,1.0
exp5_stow0.5_walk1.0,random,baseline,12438,93,898,549,94,17.183333333333334,67,0.5,1.0
exp5_stow0.5_walk1.0,back_to_front,baseline,12438,93,1167,1627,87,55.733333333333334,150,0.5,1.0
exp5_stow0.5_walk1.0,outside_in,baseline,12438,93,738,671,0,11.733333333333333,52,0.5,1.0
exp5_stow0.5_walk1.0,steffen,baseline,12438,93,618,1089,0,8.972222222222221,36,0.5,1.0
exp5_stow0.5_walk1.0,random,baseline,12439,94,918,773,92,18.955555555555556,94,0.5,1.0
exp5_stow0.5_walk1.0,back_to_front,baseline,12439,94,1095,1722,89,52.30555555555556,145,0.5,1.0
exp5_stow0.5_walk1.0,outside_in,baseline,12439,94,736,789,0,14.133333333333333,55,0.5,1.0
exp5_stow0.5_walk1.0,steffen,baseline,12439,94,587,1600,0,11.3,45,0.5,1.0
exp5_stow0.5_walk1.0,random,baseline,12440,95,945,839,89,23.72222222222222,120,0.5,1.0
exp5_stow0.5_walk1.0,back_to_front,baseline,12440,95,1123,1929,93,59.78888888888889,184,0.5,1.0
exp5_stow0.5_walk1.0,outside_in,baseline,12440,95,709,782,0,14.944444444444445,47,0.5,1.0
exp5_stow0.5_walk1.0,steffen,baseline,12440,95,575,1625,0,11.444444444444445,45,0.5,1.0
exp5_stow0.5_walk1.0,random,baseline,12441,96,975,730,90,22.13888888888889,82,0.5,1.0
exp5_stow0.5_walk1.0,back_to_front,baseline,12441,96,1073,1508,88,46.861111111111114,115,0.5,1.0
exp5_stow0.5_walk1.0,outside_in,baseline,12441,96,731,552,0,11.761111111111111,35,0.5,1.0
exp5_stow0.5_walk1.0,steffen,baseline,12441,96,619,855,0,7.305555555555555,37,0.5,1.0
exp5_stow0.5_walk1.0,random,baseline,12442,97,1001,702,93,23.32777777777778,66,0.5,1.0
exp5_stow0.5_walk1.0,back_to_front,baseline,12442,97,1212,1961,93,60.17777777777778,149,0.5,1.0
exp5_stow0.5_walk1.0,outside_in,baseline,12442,97,827,710,0,18.583333333333332,68,0.5,1.0
exp5_stow0.5_walk1.0,steffen,baseline,12442,97,639,1722,0,13.977777777777778,54,0.5,1.0
exp5_stow0.5_walk1.0,random,baseline,12443,98,910,625,85,22.47222222222222,91,0.5,1.0
exp5_stow0.5_walk1.0,back_to_front,baseline,12443,98,1177,1374,87,57.3,144,0.5,1.0
exp5_stow0.5_walk1.0,outside_in,baseline,12443,98,740,534,0,15.055555555555555,42,0.5,1.0
exp5_stow0.5_walk1.0,steffen,baseline,12443,98,603,691,0,6.888888888888889,39,0.5,1.0
exp5_stow0.5_walk1.0,random,baseline,12444,99,881,701,84,19.61111111111111,75,0.5,1.0
exp5_stow0.5_walk1.0,back_to_front,baseline,12444,99,1068,1502,93,49.97222222222222,140,0.5,1.0
exp5_stow0.5_walk1.0,outside_in,baseline,12444,99,749,762,0,13.172222222222222,40,0.5,1.0
exp5_stow0.5_walk1.0,steffen,baseline,12444,99,616,959,0,7.538888888888889,33,0.5,1.0
exp5_stow0.5_walk1.0,random,baseline,12445,100,840,700,91,19.02777777777778,61,0.5,1.0
exp5_stow0.5_walk1.0,back_to_front,baseline,12445,100,1080,1774,85,52.36666666666667,136,0.5,1.0
exp5_stow0.5_walk1.0,outside_in,baseline,12445,100,687,668,0,9.761111111111111,39,0.5,1.0
exp5_stow0.5_walk1.0,steffen,baseline,12445,100,586,1324,0,9.36111111111111,49,0.5,1.0
exp5_stow0.5_walk1.0,random,baseline,12446,101,912,753,97,22.93888888888889,143,0.5,1.0
exp5_stow0.5_walk1.0,back_to_front,baseline,12446,101,1165,1828,99,60.9,148,0.5,1.0
exp5_stow0.5_walk1.0,outside_in,baseline,12446,101,755,725,0,14.8,60,0.5,1.0
exp5_stow0.5_walk1.0,steffen,baseline,12446,101,609,1165,0,9.911111111111111,48,0.5,1.0
exp5_stow0.5_walk1.0,random,baseline,12447,102,976,603,99,19.116666666666667,75,0.5,1.0
exp5_stow0.5_walk1.0,back_to_front,baseline,12447,102,1117,1618,87,53.43888888888889,156,0.5,1.0
exp5_stow0.5_walk1.0,outside_in,baseline,12447,102,786,652,0,13.9,67,0.5,1.0
exp5_stow0.5_walk1.0,steffen,baseline,12447,102,632,1092,0,8.761111111111111,47,0.5,1.0
exp5_stow0.5_walk1.0,random,baseline,12448,103,925,555,88,19.833333333333332,75,0.5,1.0
exp5_stow0.5_walk1.0,back_to_front,baseline,12448,103,1075,1202,75,50.4,140,0.5,1.0
exp5_stow0.5_walk1.0,outside_in,baseline,12448,103,763,466,0,13.022222222222222,43,0.5,1.0
exp5_stow0.5_walk1.0,steffen,baseline,12448,103,597,262,0,3.6777777777777776,22,0.5,1.0
exp5_stow0.5_walk1.0,random,baseline,12449,104,944,630,96,19.266666666666666,67,0.5,1.0
exp5_stow0.5_walk1.0,back_to_front,baseline,12449,104,1039,1790,83,41.65,102,0.5,1.0
exp5_stow0.5_walk1.0,outside_in,baseline,12449,104,754,822,0,13.8,48,0.5,1.0
exp5_stow0.5_walk1.0,steffen,baseline,12449,104,605,1224,0,9.46111111111111,33,0.5,1.0
exp5_stow0.5_walk1.0,random,baseline,12450,105,906,604,100,17.783333333333335,80,0.5,1.0
exp5_stow0.5_walk1.0,back_to_front,baseline,12450,105,1123,1705,86,50.00555555555555,142,0.5,1.0
exp5_stow0.5_walk1.0,outside_in,baseline,12450,105,722,485,0,10.327777777777778,49,0.5,1.0
exp5_stow0.5_walk1.0,steffen,baseline,12450,105,588,797,0,6.344444444444444,35,0.5,1.0
exp5_stow0.5_walk1.0,random,baseline,12451,106,926,769,103,24.272222222222222,100,0.5,1.0
exp5_stow0.5_walk1.0,back_to_front,baseline,12451,106,1231,1658,83,59.02777777777778,148,0.5,1.0
exp5_stow0.5_walk1.0,outside_in,baseline,12451,106,768,706,0,13.35,57,0.5,1.0
exp5_stow0.5_walk1.0,steffen,baseline,12451,106,626,915,0,7.694444444444445,46,0.5,1.0
exp5_stow0.5_walk1.0,random,baseline,12452,107,839,695,69,18.127777777777776,69,0.5,1.0
exp5_stow0.5_walk1.0,back_to_front,baseline,12452,107,1180,1584,93,55.794444444444444,149,0.5,1.0
exp5_stow0.5_walk1.0,outside_in,baseline,12452,107,739,656,0,10.827777777777778,47,0.5,1.0
exp5_stow0.5_walk1.0,steffen,baseline,12452,107,629,1068,0,8.666666666666666,40,0.5,1.0
exp5_stow0.5_walk1.0,random,baseline,12453,108,902,653,95,16.461111111111112,55,0.5,1.0
exp5_stow0.5_walk1.0,back_to_front,baseline,12453,108,1154,1702,90,57.6,156,0.5,1.0
exp5_stow0.5_walk1.0,outside_in,baseline,12453,108,698,606,0,9.811111111111112,30,0.5,1.0
exp5_stow0.5_walk1.0,steffen,baseline,12453,108,614,1469,0,10.294444444444444,32,0.5,1.0
exp5_stow0.5_walk1.0,random,baseline,12454,109,1017,857,81,22.02777777777778,90,0.5,1.0
exp5_stow0.5_walk1.0,back_to_front,baseline,12454,109,1304,1740,87,64.09444444444445,142,0.5,1.0
exp5_stow0.5_walk1.0,outside_in,baseline,12454,109,823,743,0,13.722222222222221,76,0.5,1.0
exp5_stow0.5_walk1.0,steffen,baseline,12454,109,653,1219,0,10.822222222222223,57,0.5,1.0
exp5_stow0.5_walk1.0,random,baseline,12455,110,1006,699,107,21.927777777777777,76,0.5,1.0
exp5_stow0.5_walk1.0,back_to_front,baseline,12455,110,1252,1900,91,64.88333333333334,177,0.5,1.0
exp5_stow0.5_walk1.0,outside_in,baseline,12455,110,717,647,0,12.427777777777777,37,0.5,1.0
exp5_stow0.5_walk1.0,steffen,baseline,12455,110,622,1496,0,10.994444444444444,43,0.5,1.0
exp5_stow0.5_walk1.0,random,baseline,12456,111,920,961,99,19.533333333333335,70,0.5,1.0
exp5_stow0.5_walk1.0,back_to_front,baseline,12456,111,1216,1911,88,64.8,179,0.5,1.0
exp5_stow0.5_walk1.0,outside_in,baseline,12456,111,754,858,0,13.772222222222222,58,0.5,1.0
exp5_stow0.5_walk1.0,steffen,baseline,12456,111,614,1528,0,10.872222222222222,37,0.5,1.0
exp5_stow0.5_walk1.0,random,baseline,12457,112,948,636,98,19.305555555555557,66,0.5,1.0
exp5_stow0.5_walk1.0,back_to_front,baseline,12457,112,1155,1464,92,53.05555555555556,142,0.5,1.0
exp5_stow0.5_walk1.0,outside_in,baseline,12457,112,770,582,0,12.544444444444444,51,0.5,1.0
exp5_stow0.5_walk1.0,steffen,baseline,12457,112,640,634,0,6.633333333333334,44,0.5,1.0
exp5_stow0.5_walk1.0,random,baseline,12458,113,942,761,90,25.31111111111111,86,0.5,1.0
exp5_stow0.5_walk1.0,back_to_front,baseline,12458,113,1101,1837,81,50.983333333333334,116,0.5,1.0
exp5_stow0.5_walk1.0,outside_in,baseline,12458,113,766,663,0,12.994444444444444,59,0.5,1.0
exp5_stow0.5_walk1.0,steffen,baseline,12458,113,631,1010,0,8.044444444444444,43,0.5,1.0
exp5_stow0.5_walk1.0,random,baseline,12459,114,930,634,83,24.427777777777777,105,0.5,1.0
exp5_stow0.5_walk1.0,back_to_front,baseline,12459,114,1167,1283,94,55.85,141,0.5,1.0
exp5_stow0.5_walk1.0,outside_in,baseline,12459,114,764,646,0,15.716666666666667,55,0.5,1.0
exp5_stow0.5_walk1.0,steffen,baseline,12459,114,588,662,0,5.788888888888889,34,0.5,1.0
exp5_stow0.5_walk1.0,random,baseline,12460,115,988,791,88,20.533333333333335,69,0.5,1.0
exp5_stow0.5_walk1.0,back_to_front,baseline,12460,115,1135,1758,92,61.68888888888889,203,0.5,1.0
exp5_stow0.5_walk1.0,outside_in,baseline,12460,115,724,686,0,11.427777777777777,38,0.5,1.0
exp5_stow0.5_walk1.0,steffen,baseline,12460,115,597,1176,0,8.794444444444444,38,0.5,1.0
exp5_stow0.5_walk1.0,random,baseline,12461,116,823,570,70,15.3,57,0.5,1.0
exp5_stow0.5_walk1.0,back_to_front,baseline,12461,116,1018,1774,71,45.644444444444446,127,0.5,1.0
exp5_stow0.5_walk1.0,outside_in,baseline,12461,116,704,612,0,10.277777777777779,49,0.5,1.0
exp5_stow0.5_walk1.0,steffen,baseline,12461,116,586,1157,0,8.705555555555556,37,0.5,1.0
exp5_stow0.5_walk1.0,random,baseline,12462,117,922,720,89,20.044444444444444,90,0.5,1.0
exp5_stow0.5_walk1.0,back_to_front,baseline,12462,117,1213,1872,105,58.394444444444446,148,0.5,1.0
exp5_stow0.5_walk1.0,outside_in,baseline,12462,117,801,733,0,13.505555555555556,72,0.5,1.0
exp5_stow0.5_walk1.0,steffen,baseline,12462,117,627,1400,0,10.744444444444444,35,0.5,1.0
exp5_stow0.5_walk1.0,random,baseline,12463,118,891,875,85,19.194444444444443,76,0.5,1.0
exp5_stow0.5_walk1.0,back_to_front,baseline,12463,118,1121,1936,94,57.09444444444444,165,0.5,1.0
exp5_stow0.5_walk1.0,outside_in,baseline,12463,118,733,687,0,11.455555555555556,44,0.5,1.0
exp5_stow0.5_walk1.0,steffen,baseline,12463,118,607,996,0,8.566666666666666,29,0.5,1.0
exp5_stow0.5_walk1.0,random,baseline,12464,119,936,950,89,22.15,101,0.5,1.0
exp5_stow0.5_walk1.0,back_to_front,baseline,12464,119,1246,1761,101,58.48888888888889,153,0.5,1.0
exp5_stow0.5_walk1.0,outside_in,baseline,12464,119,729,559,0,9.65,41,0.5,1.0
exp5_stow0.5_walk1.0,steffen,baseline,12464,119,627,995,0,7.927777777777778,37,0.5,1.0
exp5_stow0.5_walk1.0,random,baseline,12465,120,886,698,94,23.066666666666666,107,0.5,1.0
exp5_stow0.5_walk1.0,back_to_front,baseline,12465,120,1122,1581,87,57.75,249,0.5,1.0
exp5_stow0.5_walk1.0,outside_in,baseline,12465,120,726,621,0,12.28888888888889,108,0.5,1.0
exp5_stow0.5_walk1.0,steffen,baseline,12465,120,591,975,0,7.9944444444444445,31,0.5,1.0
exp5_stow0.5_walk1.0,random,baseline,12466,121,897,706,70,19.094444444444445,67,0.5,1.0
exp5_stow0.5_walk1.0,back_to_front,baseline,12466,121,1133,1816,96,57.87222222222222,157,0.5,1.0
exp5_stow0.5_walk1.0,outside_in,baseline,12466,121,734,604,0,11.877777777777778,34,0.5,1.0
exp5_stow0.5_walk1.0,steffen,baseline,12466,121,588,1061,0,8.444444444444445,47,0.5,1.0
exp5_stow0.5_walk1.0,random,baseline,12467,122,975,921,98,25.022222222222222,82,0.5,1.0
exp5_stow0.5_walk1.0,back_to_front,baseline,12467,122,1163,1843,85,57.483333333333334,147,0.5,1.0
exp5_stow0.5_walk1.0,outside_in,baseline,12467,122,706,680,0,10.922222222222222,39,0.5,1.0
exp5_stow0.5_walk1.0,steffen,baseline,12467,122,613,1155,0,9.316666666666666,42,0.5,1.0
exp5_stow0.5_walk1.0,random,baseline,12468,123,979,789,98,19.2,77,0.5,1.0
exp5_stow0.5_walk1.0,back_to_front,baseline,12468,123,1118,1826,86,52.72222222222222,171,0.5,1.0
exp5_stow0.5_walk1.0,outside_in,baseline,12468,123,774,809,0,13.077777777777778,55,0.5,1.0
exp5_stow0.5_walk1.0,steffen,baseline,12468,123,608,1037,0,8.65,51,0.5,1.0
exp5_stow0.5_walk1.0,random,baseline,12469,124,958,739,98,24.16111111111111,95,0.5,1.0
exp5_stow0.5_walk1.0,back_to_front,baseline,12469,124,1172,1915,83,67.95555555555555,186,0.5,1.0
exp5_stow0.5_walk1.0,outside_in,baseline,12469,124,729,642,0,14.777777777777779,77,0.5,1.0
exp5_stow0.5_walk1.0,steffen,baseline,12469,124,605,1060,0,8.3,42,0.5,1.0
exp5_stow0.5_walk1.0,random,baseline,12470,125,837,970,86,20.105555555555554,66,0.5,1.0
exp5_stow0.5_walk1.0,back_to_front,baseline,12470,125,1069,1869,78,47.705555555555556,128,0.5,1.0
exp5_stow0.5_walk1.0,outside_in,baseline,12470,125,717,774,0,10.277777777777779,45,0.5,1.0
exp5_stow0.5_walk1.0,steffen,baseline,12470,125,601,1419,0,10.277777777777779,37,0.5,1.0
exp5_stow0.5_walk1.0,random,baseline,12471,126,1034,810,87,24.433333333333334,80,0.5,1.0
exp5_stow0.5_walk1.0,back_to_front,baseline,12471,126,1175,1891,98,56.56666666666667,154,0.5,1.0
exp5_stow0.5_walk1.0,outside_in,baseline,12471,126,795,793,0,14.11111111111111,51,0.5,1.0
exp5_stow0.5_walk1.0,steffen,baseline,12471,126,642,1738,0,13.477777777777778,46,0.5,1.0
exp5_stow0.5_walk1.0,random,baseline,12472,127,905,635,87,17.488888888888887,67,0.5,1.0
exp5_stow0.5_walk1.0,back_to_front,baseline,12472,127,1163,1558,100,55.388888888888886,156,0.5,1.0
exp5_stow0.5_walk1.0,outside_in,baseline,12472,127,774,652,0,12.016666666666667,43,0.5,1.0
exp5_stow0.5_walk1.0,steffen,baseline,12472,127,633,1427,0,10.86111111111111,58,0.5,1.0
exp5_stow0.5_walk1.0,random,baseline,12473,128,927,676,89,23.444444444444443,71,0.5,1.0
exp5_stow0.5_walk1.0,back_to_front,baseline,12473,128,1236,1845,89,62.47222222222222,176,0.5,1.0
exp5_stow0.5_walk1.0,outside_in,baseline,12473,128,776,494,0,10.627777777777778,48,0.5,1.0
exp5_stow0.5_walk1.0,steffen,baseline,12473,128,601,1195,0,9.3,48,0.5,1.0
exp5_stow0.5_walk1.0,random,baseline,12474,129,816,685,82,17.9,68,0.5,1.0
exp5_stow0.5_walk1.0,back_to_front,baseline,12474,129,1072,1394,89,52.111111111111114,132,0.5,1.0
exp5_stow0.5_walk1.0,outside_in,baseline,12474,129,685,699,0,11.522222222222222,37,0.5,1.0
exp5_stow0.5_walk1.0,steffen,baseline,12474,129,572,1141,0,8.53888888888889,35,0.5,1.0
exp5_stow0.5_walk1.0,random,baseline,12475,130,976,780,98,23.233333333333334,85,0.5,1.0
exp5_stow0.5_walk1.0,back_to_front,baseline,12475,130,1159,1741,94,57.06111111111111,134,0.5,1.0
exp5_stow0.5_walk1.0,outside_in,baseline,12475,130,771,799,0,14.35,81,0.5,1.0
exp5_stow0.5_walk1.0,steffen,baseline,12475,130,624,1330,0,10.238888888888889,41,0.5,1.0
exp5_stow0.5_walk1.0,random,baseline,12476,131,976,836,84,22.933333333333334,96,0.5,1.0
exp5_stow0.5_walk1.0,back_to_front,baseline,12476,131,1178,1773,102,56.53333333333333,155,0.5,1.0
exp5_stow0.5_walk1.0,outside_in,baseline,12476,131,834,815,0,15.188888888888888,55,0.5,1.0
exp5_stow0.5_walk1.0,steffen,baseline,12476,131,615,1234,0,9.316666666666666,33,0.5,1.0
exp5_stow0.5_walk1.0,random,baseline,12477,132,931,600,96,23.566666666666666,70,0.5,1.0
exp5_stow0.5_walk1.0,back_to_front,baseline,12477,132,1151,1356,92,55.333333333333336,166,0.5,1.0
exp5_stow0.5_walk1.0,outside_in,baseline,12477,132,750,608,0,17.444444444444443,74,0.5,1.0
exp5_stow0.5_walk1.0,steffen,baseline,12477,132,597,640,0,5.833333333333333,30,0.5,1.0
exp5_stow0.5_walk1.0,random,baseline,12478,133,904,742,88,18.083333333333332,77,0.5,1.0
exp5_stow0.5_walk1.0,back_to_front,baseline,12478,133,1141,1793,87,59.17777777777778,170,0.5,1.0
exp5_stow0.5_walk1.0,outside_in,baseline,12478,133,737,620,0,12.11111111111111,51,0.5,1.0
exp5_stow0.5_walk1.0,steffen,baseline,12478,133,605,1473,0,10.683333333333334,39,0.5,1.0
exp5_stow0.5_walk1.0,random,baseline,12479,134,946,760,86,18.383333333333333,76,0.5,1.0
exp5_stow0.5_walk1.0,back_to_front,baseline,12479,134,1104,1702,91,49.90555555555556,134,0.5,1.0
exp5_stow0.5_walk1.0,outside_in,baseline,12479,134,799,596,0,13.488888888888889,47,0.5,1.0
exp5_stow0.5_walk1.0,steffen,baseline,12479,134,637,1690,0,13.05,55,0.5,1.0
exp5_stow0.5_walk1.0,random,baseline,12480,135,909,746,82,20.744444444444444,93,0.5,1.0
exp5_stow0.5_walk1.0,back_to_front,baseline,12480,135,1100,1884,94,53.18888888888889,135,0.5,1.0
exp5_stow0.5_walk1.0,outside_in,baseline,12480,135,728,647,0,10.233333333333333,42,0.5,1.0
exp5_stow0.5_walk1.0,steffen,baseline,12480,135,615,1101,0,8.261111111111111,46,0.5,1.0
exp5_stow0.5_walk1.0,random,baseline,12481,136,1005,803,87,27.83888888888889,81,0.5,1.0
exp5_stow0.5_walk1.0,back_to_front,baseline,12481,136,1240,1432,86,56.96111111111111,143,0.5,1.0
exp5_stow0.5_walk1.0,outside_in,baseline,12481,136,795,604,0,14.45,55,0.5,1.0
exp5_stow0.5_walk1.0,steffen,baseline,12481,136,642,786,0,7.5055555555555555,49,0.5,1.0
exp5_stow0.5_walk1.0,random,baseline,12482,137,912,627,95,17.81111111111111,68,0.5,1.0
exp5_stow0.5_walk1.0,back_to_front,baseline,12482,137,1206,1776,94,60.2,207,0.5,1.0
exp5_stow0.5_walk1.0,outside_in,baseline,12482,137,737,712,0,12.36111111111111,50,0.5,1.0
exp5_stow0.5_walk1.0,steffen,baseline,12482,137,624,1390,0,10.727777777777778,50,0.5,1.0
exp5_stow0.5_walk1.0,random,baseline,12483,138,973,809,103,25.82777777777778,95,0.5,1.0
exp5_stow0.5_walk1.0,back_to_front,baseline,12483,138,1084,1369,87,45.605555555555554,136,0.5,1.0
exp5_stow0.5_walk1.0,outside_in,baseline,12483,138,743,593,0,11.61111111111111,38,0.5,1.0
exp5_stow0.5_walk1.0,steffen,baseline,12483,138,591,1179,0,8.733333333333333,38,0.5,1.0
exp5_stow0.5_walk1.0,random,baseline,12484,139,909,530,88,15.972222222222221,48,0.5,1.0
exp5_stow0.5_walk1.0,back_to_front,baseline,12484,139,1088,1450,99,48.888888888888886,140,0.5,1.0
exp5_stow0.5_walk1.0,outside_in,baseline,12484,139,764,499,0,10.833333333333334,42,0.5,1.0
exp5_stow0.5_walk1.0,steffen,baseline,12484,139,588,935,0,7.366666666666666,40,0.5,1.0
exp5_stow0.5_walk1.0,random,baseline,12485,140,886,727,85,20.122222222222224,67,0.5,1.0
exp5_stow0.5_walk1.0,back_to_front,baseline,12485,140,1039,1826,89,51.57222222222222,154,0.5,1.0
exp5_stow0.5_walk1.0,outside_in,baseline,12485,140,725,559,0,11.716666666666667,47,0.5,1.0
exp5_stow0.5_walk1.0,steffen,baseline,12485,140,589,793,0,6.883333333333334,33,0.5,1.0
exp5_stow0.5_walk1.0,random,baseline,12486,141,913,849,98,22.227777777777778,71,0.5,1.0
exp5_stow0.5_walk1.0,back_to_front,baseline,12486,141,1192,1666,91,54.05555555555556,162,0.5,1.0
exp5_stow0.5_walk1.0,outside_in,baseline,12486,141,726,936,0,14.4,44,0.5,1.0
exp5_stow0.5_walk1.0,steffen,baseline,12486,141,592,1334,0,10.38888888888889,35,0.5,1.0
exp5_stow0.5_walk1.0,random,baseline,12487,142,937,695,80,17.016666666666666,73,0.5,1.0
exp5_stow0.5_walk1.0,back_to_front,baseline,12487,142,1132,1805,95,50.37777777777778,117,0.5,1.0
exp5_stow0.5_walk1.0,outside_in,baseline,12487,142,749,653,0,9.922222222222222,46,0.5,1.0
exp5_stow0.5_walk1.0,steffen,baseline,12487,142,637,1257,0,9.222222222222221,32,0.5,1.0
exp5_stow0.5_walk1.0,random,baseline,12488,143,890,770,84,20.622222222222224,83,0.5,1.0
exp5_stow0.5_walk1.0,back_to_front,baseline,12488,143,1224,1787,95,68.0111111111111,206,0.5,1.0
exp5_stow0.5_walk1.0,outside_in,baseline,12488,143,746,774,0,13.327777777777778,51,0.5,1.0
exp5_stow0.5_walk1.0,steffen,baseline,12488,143,608,1180,0,9.633333333333333,44,0.5,1.0
exp5_stow0.5_walk1.0,random,baseline,12489,144,892,971,82,23.355555555555554,84,0.5,1.0
exp5_stow0.5_walk1.0,back_to_front,baseline,12489,144,1126,1771,86,56.983333333333334,173,0.5,1.0
exp5_stow0.5_walk1.0,outside_in,baseline,12489,144,682,580,0,10.366666666666667,32,0.5,1.0
exp5_stow0.5_walk1.0,steffen,baseline,12489,144,603,1774,0,12.366666666666667,45,0.5,1.0
exp5_stow0.5_walk1.0,random,baseline,12490,145,902,655,84,19.244444444444444,58,0.5,1.0
exp5_stow0.5_walk1.0,back_to_front,baseline,12490,145,1126,1266,91,53.05555555555556,117,0.5,1.0
exp5_stow0.5_walk1.0,outside_in,baseline,12490,145,690,670,0,13.78888888888889,38,0.5,1.0
exp5_stow0.5_walk1.0,steffen,baseline,12490,145,584,622,0,5.572222222222222,37,0.5,1.0
exp5_stow0.5_walk1.0,random,baseline,12491,146,1016,707,88,23.933333333333334,93,0.5,1.0
exp5_stow0.5_walk1.0,back_to_front,baseline,12491,146,1090,1409,92,46.85,134,0.5,1.0
exp5_stow0.5_walk1.0,outside_in,baseline,12491,146,742,662,0,11.766666666666667,39,0.5,1.0
exp5_stow0.5_walk1.0,steffen,baseline,12491,146,611,871,0,7.6,31,0.5,1.0
exp5_stow0.5_walk1.0,random,baseline,12492,147,909,1045,94,23.716666666666665,75,0.5,1.0
exp5_stow0.5_walk1.0,back_to_front,baseline,12492,147,1125,1812,89,52.666666666666664,138,0.5,1.0
exp5_stow0.5_walk1.0,outside_in,baseline,12492,147,703,819,0,13.088888888888889,45,0.5,1.0
exp5_stow0.5_walk1.0,steffen,baseline,12492,147,611,1507,0,11.45,51,0.5,1.0
exp5_stow0.5_walk1.0,random,baseline,12493,148,983,743,97,24.933333333333334,69,0.5,1.0
exp5_stow0.5_walk1.0,back_to_front,baseline,12493,148,1122,1399,93,48.96666666666667,154,0.5,1.0
exp5_stow0.5_walk1.0,outside_in,baseline,12493,148,768,721,0,14.438888888888888,53,0.5,1.0
exp5_stow0.5_walk1.0,steffen,baseline,12493,148,610,1028,0,8.255555555555556,42,0.5,1.0
exp5_stow0.5_walk1.0,random,baseline,12494,149,909,842,98,20.083333333333332,77,0.5,1.0
exp5_stow0.5_walk1.0,back_to_front,baseline,12494,149,1074,1816,83,52.17777777777778,158,0.5,1.0
exp5_stow0.5_walk1.0,outside_in,baseline,12494,149,703,878,0,12.216666666666667,42,0.5,1.0
exp5_stow0.5_walk1.0,steffen,baseline,12494,149,597,1447,0,10.261111111111111,33,0.5,1.0
exp5_stow0.5_walk1.0,random,baseline,12495,150,941,694,105,19.894444444444446,63,0.5,1.0
exp5_stow0.5_walk1.0,back_to_front,baseline,12495,150,1195,1824,88,58.977777777777774,162,0.5,1.0
exp5_stow0.5_walk1.0,outside_in,baseline,12495,150,749,863,0,15.605555555555556,55,0.5,1.0
exp5_stow0.5_walk1.0,steffen,baseline,12495,150,600,1619,0,11.355555555555556,38,0.5,1.0
exp5_stow0.5_walk1.0,random,baseline,12496,151,923,807,96,20.877777777777776,66,0.5,1.0
exp5_stow0.5_walk1.0,back_to_front,baseline,12496,151,1121,1800,90,56.62777777777778,143,0.5,1.0
exp5_stow0.5_walk1.0,outside_in,baseline,12496,151,723,831,0,12.233333333333333,48,0.5,1.0
exp5_stow0.5_walk1.0,steffen,baseline,12496,151,593,1504,0,10.838888888888889,53,0.5,1.0
exp5_stow0.5_walk1.0,random,baseline,12497,152,914,656,89,17.566666666666666,56,0.5,1.0
exp5_stow0.5_walk1.0,back_to_front,baseline,12497,152,1075,1537,93,46.544444444444444,115,0.5,1.0
exp5_stow0.5_walk1.0,outside_in,baseline,12497,152,742,541,0,10.855555555555556,44,0.5,1.0
exp5_stow0.5_walk1.0,steffen,baseline,12497,152,611,752,0,6.677777777777778,29,0.5,1.0
exp5_stow0.5_walk1.0,random,baseline,12498,153,860,741,96,18.233333333333334,72,0.5,1.0
exp5_stow0.5_walk1.0,back_to_front,baseline,12498,153,1054,1805,88,50.12222222222222,162,0.5,1.0
exp5_stow0.5_walk1.0,outside_in,baseline,12498,153,702,636,0,12.63888888888889,69,0.5,1.0
exp5_stow0.5_walk1.0,steffen,baseline,12498,153,576,1198,0,8.977777777777778,48,0.5,1.0
exp5_stow0.5_walk1.0,random,baseline,12499,154,1031,623,91,22.3,121,0.5,1.0
exp5_stow0.5_walk1.0,back_to_front,baseline,12499,154,1203,1597,86,56.32222222222222,154,0.5,1.0
exp5_stow0.5_walk1.0,outside_in,baseline,12499,154,835,608,0,16.461111111111112,87,0.5,1.0
exp5_stow0.5_walk1.0,steffen,baseline,12499,154,681,1049,0,11.1,68,0.5,1.0
exp5_stow0.5_walk1.0,random,baseline,12500,155,906,698,91,19.455555555555556,51,0.5,1.0
exp5_stow0.5_walk1.0,back_to_front,baseline,12500,155,1132,1774,87,57.53333333333333,153,0.5,1.0
exp5_stow0.5_walk1.0,outside_in,baseline,12500,155,709,712,0,11.705555555555556,41,0.5,1.0
exp5_stow0.5_walk1.0,steffen,baseline,12500,155,604,1006,0,8.605555555555556,36,0.5,1.0
exp5_stow0.5_walk1.0,random,baseline,12501,156,920,958,82,18.56111111111111,77,0.5,1.0
exp5_stow0.5_walk1.0,back_to_front,baseline,12501,156,1284,1908,89,75.30555555555556,213,0.5,1.0
exp5_stow0.5_walk1.0,outside_in,baseline,12501,156,718,860,0,15.088888888888889,95,0.5,1.0
exp5_stow0.5_walk1.0,steffen,baseline,12501,156,593,2005,0,13.877777777777778,48,0.5,1.0
exp5_stow0.5_walk1.0,random,baseline,12502,157,951,683,101,19.622222222222224,87,0.5,1.0
exp5_stow0.5_walk1.0,back_to_front,baseline,12502,157,1180,1705,87,57.583333333333336,205,0.5,1.0
exp5_stow0.5_walk1.0,outside_in,baseline,12502,157,763,794,0,13.5,64,0.5,1.0
exp5_stow0.5_walk1.0,steffen,baseline,12502,157,621,1113,0,8.811111111111112,42,0.5,1.0
exp5_stow0.5_walk1.0,random,baseline,12503,158,938,652,98,19.855555555555554,79,0.5,1.0
exp5_stow0.5_walk1.0,back_to_front,baseline,12503,158,1118,1855,84,50.66111111111111,124,0.5,1.0
exp5_stow0.5_walk1.0,outside_in,baseline,12503,158,734,465,0,9.383333333333333,48,0.5,1.0
exp5_stow0.5_walk1.0,steffen,baseline,12503,158,636,1412,0,10.433333333333334,37,0.5,1.0
exp5_stow0.5_walk1.0,random,baseline,12504,159,907,694,72,18.68888888888889,105,0.5,1.0
exp5_stow0.5_walk1.0,back_to_front,baseline,12504,159,1258,1864,113,74.17777777777778,242,0.5,1.0
exp5_stow0.5_walk1.0,outside_in,baseline,12504,159,707,612,0,13.777777777777779,64,0.5,1.0
exp5_stow0.5_walk1.0,steffen,baseline,12504,159,597,1181,0,9.222222222222221,71,0.5,1.0
exp5_stow0.5_walk1.0,random,baseline,12505,160,956,705,89,18.238888888888887,58,0.5,1.0
exp5_stow0.5_walk1.0,back_to_front,baseline,12505,160,1225,2015,105,61.65,129,0.5,1.0
exp5_stow0.5_walk1.0,outside_in,baseline,12505,160,761,597,0,11.172222222222222,55,0.5,1.0
exp5_stow0.5_walk1.0,steffen,baseline,12505,160,614,1119,0,9.033333333333333,45,0.5,1.0
exp5_stow0.5_walk1.0,random,baseline,12506,161,960,733,90,20.57777777777778,98,0.5,1.0
exp5_stow0.5_walk1.0,back_to_front,baseline,12506,161,1236,1522,98,66.89444444444445,212,0.5,1.0
exp5_stow0.5_walk1.0,outside_in,baseline,12506,161,709,720,0,15.566666666666666,79,0.5,1.0
exp5_stow0.5_walk1.0,steffen,baseline,12506,161,598,1184,0,9.722222222222221,81,0.5,1.0
exp5_stow0.5_walk1.0,random,baseline,12507,162,913,686,95,18.61111111111111,68,0.5,1.0
exp5_stow0.5_walk1.0,back_to_front,baseline,12507,162,1155,1795,93,56.077777777777776,145,0.5,1.0
exp5_stow0.5_walk1.0,outside_in,baseline,12507,162,781,759,0,14.4,58,0.5,1.0
exp5_stow0.5_walk1.0,steffen,baseline,12507,162,630,952,0,8.183333333333334,41,0.5,1.0
exp5_stow0.5_walk1.0,random,baseline,12508,163,846,659,80,16.93888888888889,104,0.5,1.0
exp5_stow0.5_walk1.0,back_to_front,baseline,12508,163,1155,1975,86,62.25,142,0.5,1.0
exp5_stow0.5_walk1.0,outside_in,baseline,12508,163,738,632,0,11.422222222222222,41,0.5,1.0
exp5_stow0.5_walk1.0,steffen,baseline,12508,163,590,1525,0,10.922222222222222,45,0.5,1.0
exp5_stow0.5_walk1.0,random,baseline,12509,164,922,861,81,21.9,112,0.5,1.0
exp5_stow0.5_walk1.0,back_to_front,baseline,12509,164,1189,1884,90,63.38333333333333,186,0.5,1.0
exp5_stow0.5_walk1.0,outside_in,baseline,12509,164,724,768,0,15.155555555555555,98,0.5,1.0
exp5_stow0.5_walk1.0,steffen,baseline,12509,164,658,1150,0,9.161111111111111,90,0.5,1.0
exp5_stow0.5_walk1.0,random,baseline,12510,165,987,655,97,23.022222222222222,80,0.5,1.0
exp5_stow0.5_walk1.0,back_to_front,baseline,12510,165,1308,1592,86,65.02222222222223,202,0.5,1.0
exp5_stow0.5_walk1.0,outside_in,baseline,12510,165,788,712,0,18.816666666666666,109,0.5,1.0
exp5_stow0.5_walk1.0,steffen,baseline,12510,165,637,954,0,10.722222222222221,46,0.5,1.0
exp5_stow0.5_walk1.0,random,baseline,12511,166,954,874,97,24.216666666666665,88,0.5,1.0
exp5_stow0.5_walk1.0,back_to_front,baseline,12511,166,1092,1692,85,48.2,127,0.5,1.0
exp5_stow0.5_walk1.0,outside_in,baseline,12511,166,794,859,0,16.711111111111112,53,0.5,1.0
exp5_stow0.5_walk1.0,steffen,baseline,12511,166,635,1000,0,8.577777777777778,37,0.5,1.0
exp5_stow0.5_walk1.0,random,baseline,12512,167,886,916,102,18.738888888888887,69,0.5,1.0
exp5_stow0.5_walk1.0,back_to_front,baseline,12512,167,1191,1815,93,58.294444444444444,139,0.5,1.0
exp5_stow0.5_walk1.0,outside_in,baseline,12512,167,791,828,0,13.355555555555556,43,0.5,1.0
exp5_stow0.5_walk1.0,steffen,baseline,12512,167,609,1338,0,9.822222222222223,35,0.5,1.0
exp5_stow0.5_walk1.0,random,baseline,12513,168,932,568,89,16.105555555555554,82,0.5,1.0
exp5_stow0.5_walk1.0,back_to_front,baseline,12513,168,1109,1739,84,55.077777777777776,145,0.5,1.0
exp5_stow0.5_walk1.0,outside_in,baseline,12513,168,725,656,0,11.53888888888889,41,0.5,1.0
exp5_stow0.5_walk1.0,steffen,baseline,12513,168,612,1788,0,12.688888888888888,50,0.5,1.0
exp5_stow0.5_walk1.0,random,baseline,12514,169,984,806,84,23.52777777777778,96,0.5,1.0
exp5_stow0.5_walk1.0,back_to_front,baseline,12514,169,1181,1891,98,55.73888888888889,161,0.5,1.0
exp5_stow0.5_walk1.0,outside_in,baseline,12514,169,756,706,0,12.661111111111111,47,0.5,1.0
exp5_stow0.5_walk1.0,steffen,baseline,12514,169,624,1176,0,9.483333333333333,48,0.5,1.0
exp5_stow0.5_walk1.0,random,baseline,12515,170,819,836,93,20.094444444444445,67,0.5,1.0
exp5_stow0.5_walk1.0,back_to_front,baseline,12515,170,1095,1625,83,57.46666666666667,155,0.5,1.0
exp5_stow0.5_walk1.0,outside_in,baseline,12515,170,674,661,0,10.983333333333333,44,0.5,1.0
exp5_stow0.5_walk1.0,steffen,baseline,12515,170,592,1101,0,8.577777777777778,50,0.5,1.0
exp5_stow0.5_walk1.0,random,baseline,12516,171,829,596,77,15.422222222222222,60,0.5,1.0
exp5_stow0.5_walk1.0,back_to_front,baseline,12516,171,1124,1928,92,59.733333333333334,163,0.5,1.0
exp5_stow0.5_walk1.0,outside_in,baseline,12516,171,679,550,0,8.75,37,0.5,1.0
exp5_stow0.5_walk1.0,steffen,baseline,12516,171,600,869,0,6.938888888888889,41,0.5,1.0
exp5_stow0.5_walk1.0,random,baseline,12517,172,936,680,98,20.066666666666666,75,0.5,1.0
exp5_stow0.5_walk1.0,back_to_front,baseline,12517,172,1117,1597,72,52.894444444444446,133,0.5,1.0
exp5_stow0.5_walk1.0,outside_in,baseline,12517,172,722,552,0,10.155555555555555,43,0.5,1.0
exp5_stow0.5_walk1.0,steffen,baseline,12517,172,605,1133,0,8.422222222222222,37,0.5,1.0
exp5_stow0.5_walk1.0,random,baseline,12518,173,928,706,85,21.622222222222224,80,0.5,1.0
exp5_stow0.5_walk1.0,back_to_front,baseline,12518,173,1106,1802,72,54.233333333333334,118,0.5,1.0
exp5_stow0.5_walk1.0,outside_in,baseline,12518,173,731,693,0,12.35,46,0.5,1.0
exp5_stow0.5_walk1.0,steffen,baseline,12518,173,607,1215,0,9.394444444444444,33,0.5,1.0
exp5_stow0.5_walk1.0,random,baseline,12519,174,931,669,84,19.038888888888888,60,0.5,1.0
exp5_stow0.5_walk1.0,back_to_front,baseline,12519,174,1196,1653,107,60.21111111111111,140,0.5,1.0
exp5_stow0.5_walk1.0,outside_in,baseline,12519,174,718,731,0,12.283333333333333,45,0.5,1.0
exp5_stow0.5_walk1.0,steffen,baseline,12519,174,605,920,0,7.366666666666666,25,0.5,1.0
exp5_stow0.5_walk1.0,random,baseline,12520,175,818,729,78,17.011111111111113,54,0.5,1.0
exp5_stow0.5_walk1.0,back_to_front,baseline,12520,175,1160,1797,90,60.666666666666664,169,0.5,1.0
exp5_stow0.5_walk1.0,outside_in,baseline,12520,175,694,634,0,11.522222222222222,50,0.5,1.0
exp5_stow0.5_walk1.0,steffen,baseline,12520,175,598,1209,0,8.9,34,0.5,1.0
exp5_stow0.5_walk1.0,random,baseline,12521,176,997,998,89,22.705555555555556,83,0.5,1.0
exp5_stow0.5_walk1.0,back_to_front,baseline,12521,176,1247,1930,99,64.62777777777778,180,0.5,1.0
exp5_stow0.5_walk1.0,outside_in,baseline,12521,176,869,940,0,14.255555555555556,63,0.5,1.0
exp5_stow0.5_walk1.0,steffen,baseline,12521,176,638,1496,0,11.777777777777779,45,0.5,1.0
exp5_stow0.5_walk1.0,random,baseline,12522,177,946,797,93,22.038888888888888,94,0.5,1.0
exp5_stow0.5_walk1.0,back_to_front,baseline,12522,177,991,1638,80,39.76111111111111,90,0.5,1.0
exp5_stow0.5_walk1.0,outside_in,baseline,12522,177,752,749,0,14.372222222222222,57,0.5,1.0
exp5_stow0.5_walk1.0,steffen,baseline,12522,177,596,1218,0,9.28888888888889,36,0.5,1.0
exp5_stow0.5_walk1.0,random,baseline,12523,178,1012,909,92,25.0,81,0.5,1.0
exp5_stow0.5_walk1.0,back_to_front,baseline,12523,178,1120,1966,91,54.266666666666666,141,0.5,1.0
exp5_stow0.5_walk1.0,outside_in,baseline,12523,178,725,953,0,16.283333333333335,65,0.5,1.0
exp5_stow0.5_walk1.0,steffen,baseline,12523,178,599,1256,0,9.45,58,0.5,1.0
exp5_stow0.5_walk1.0,random,baseline,12524,179,929,842,83,22.961111111111112,81,0.5,1.0
exp5_stow0.5_walk1.0,back_to_front,baseline,12524,179,1198,1726,85,53.81666666666667,141,0.5,1.0
exp5_stow0.5_walk1.0,outside_in,baseline,12524,179,721,809,0,13.433333333333334,50,0.5,1.0
exp5_stow0.5_walk1.0,steffen,baseline,12524,179,606,1357,0,10.266666666666667,38,0.5,1.0
exp5_stow0.5_walk1.0,random,baseline,12525,180,938,590,100,22.461111111111112,80,0.5,1.0
exp5_stow0.5_walk1.0,back_to_front,baseline,12525,180,1135,1670,80,59.46111111111111,168,0.5,1.0
exp5_stow0.5_walk1.0,outside_in,baseline,12525,180,733,565,0,11.1,61,0.5,1.0
exp5_stow0.5_walk1.0,steffen,baseline,12525,180,632,812,0,6.7444444444444445,35,0.5,1.0
exp5_stow0.5_walk1.0,random,baseline,12526,181,868,746,88,19.66111111111111,68,0.5,1.0
exp5_stow0.5_walk1.0,back_to_front,baseline,12526,181,1167,1942,87,57.15555555555556,189,0.5,1.0
exp5_stow0.5_walk1.0,outside_in,baseline,12526,181,735,686,0,11.333333333333334,42,0.5,1.0
exp5_stow0.5_walk1.0,steffen,baseline,12526,181,621,1500,0,11.072222222222223,48,0.5,1.0
exp5_stow0.5_walk1.0,random,baseline,12527,182,915,665,104,19.77777777777778,95,0.5,1.0
exp5_stow0.5_walk1.0,back_to_front,baseline,12527,182,1154,1802,84,64.26666666666667,183,0.5,1.0
exp5_stow0.5_walk1.0,outside_in,baseline,12527,182,665,813,0,13.083333333333334,42,0.5,1.0
exp5_stow0.5_walk1.0,steffen,baseline,12527,182,602,1246,0,9.344444444444445,39,0.5,1.0
exp5_stow0.5_walk1.0,random,baseline,12528,183,958,679,89,20.82777777777778,75,0.5,1.0
exp5_stow0.5_walk1.0,back_to_front,baseline,12528,183,1244,1993,95,67.47777777777777,201,0.5,1.0
exp5_stow0.5_walk1.0,outside_in,baseline,12528,183,754,664,0,12.8,64,0.5,1.0
exp5_stow0.5_walk1.0,steffen,baseline,12528,183,593,1613,0,11.316666666666666,47,0.5,1.0
exp5_stow0.5_walk1.0,random,baseline,12529,184,887,785,86,21.36111111111111,77,0.5,1.0
exp5_stow0.5_walk1.0,back_to_front,baseline,12529,184,1206,1709,106,60.388888888888886,146,0.5,1.0
exp5_stow0.5_walk1.0,outside_in,baseline,12529,184,747,732,0,13.811111111111112,44,0.5,1.0
exp5_stow0.5_walk1.0,steffen,baseline,12529,184,608,996,0,8.05,37,0.5,1.0
exp5_stow0.5_walk1.0,random,baseline,12530,185,878,812,92,19.988888888888887,96,0.5,1.0
exp5_stow0.5_walk1.0,back_to_front,baseline,12530,185,1113,1823,74,56.861111111111114,141,0.5,1.0
exp5_stow0.5_walk1.0,outside_in,baseline,12530,185,714,605,0,10.655555555555555,41,0.5,1.0
exp5_stow0.5_walk1.0,steffen,baseline,12530,185,599,1126,0,8.505555555555556,35,0.5,1.0
exp5_stow0.5_walk1.0,random,baseline,12531,186,938,673,89,16.844444444444445,81,0.5,1.0
exp5_stow0.5_walk1.0,back_to_front,baseline,12531,186,1165,1759,92,54.08888888888889,185,0.5,1.0
exp5_stow0.5_walk1.0,outside_in,baseline,12531,186,756,814,0,14.083333333333334,50,0.5,1.0
exp5_stow0.5_walk1.0,steffen,baseline,12531,186,613,1459,0,10.527777777777779,46,0.5,1.0
exp5_stow0.5_walk1.0,random,baseline,12532,187,1003,830,104,23.555555555555557,92,0.5,1.0
exp5_stow0.5_walk1.0,back_to_front,baseline,12532,187,1121,1484,87,50.44444444444444,133,0.5,1.0
exp5_stow0.5_walk1.0,outside_in,baseline,12532,187,728,805,0,11.777777777777779,39,0.5,1.0
exp5_stow0.5_walk1.0,steffen,baseline,12532,187,615,1129,0,8.844444444444445,35,0.5,1.0
exp5_stow0.5_walk1.0,random,baseline,12533,188,956,634,89,23.8,86,0.5,1.0
exp5_stow0.5_walk1.0,back_to_front,baseline,12533,188,1200,1556,96,58.44444444444444,148,0.5,1.0
exp5_stow0.5_walk1.0,outside_in,baseline,12533,188,746,632,0,13.338888888888889,47,0.5,1.0
exp5_stow0.5_walk1.0,steffen,baseline,12533,188,657,886,0,7.872222222222222,34,0.5,1.0
exp5_stow0.5_walk1.0,random,baseline,12534,189,987,934,87,23.16111111111111,76,0.5,1.0
exp5_stow0.5_walk1.0,back_to_front,baseline,12534,189,1150,1806,88,59.0,161,0.5,1.0
exp5_stow0.5_walk1.0,outside_in,baseline,12534,189,800,924,0,17.52777777777778,64,0.5,1.0
exp5_stow0.5_walk1.0,steffen,baseline,12534,189,613,2009,0,14.877777777777778,48,0.5,1.0
exp5_stow0.5_walk1.0,random,baseline,12535,190,887,674,89,15.377777777777778,44,0.5,1.0
exp5_stow0.5_walk1.0,back_to_front,baseline,12535,190,1179,1818,94,55.94444444444444,152,0.5,1.0
exp5_stow0.5_walk1.0,outside_in,baseline,12535,190,692,653,0,10.572222222222223,49,0.5,1.0
exp5_stow0.5_walk1.0,steffen,baseline,12535,190,590,911,0,7.177777777777778,42,0.5,1.0
exp5_stow0.5_walk1.0,random,baseline,12536,191,994,747,91,19.666666666666668,81,0.5,1.0
exp5_stow0.5_walk1.0,back_to_front,baseline,12536,191,1254,1770,84,60.63333333333333,159,0.5,1.0
exp5_stow0.5_walk1.0,outside_in,baseline,12536,191,786,646,0,10.977777777777778,36,0.5,1.0
exp5_stow0.5_walk1.0,steffen,baseline,12536,191,628,1594,0,11.905555555555555,36,0.5,1.0
exp5_stow0.5_walk1.0,random,baseline,12537,192,861,856,89,20.916666666666668,66,0.5,1.0
exp5_stow0.5_walk1.0,back_to_front,baseline,12537,192,1171,1885,88,60.044444444444444,178,0.5,1.0
exp5_stow0.5_walk1.0,outside_in,baseline,12537,192,733,817,0,12.38888888888889,38,0.5,1.0
exp5_stow0.5_walk1.0,steffen,baseline,12537,192,602,1097,0,8.666666666666666,40,0.5,1.0
exp5_stow0.5_walk1.0,random,baseline,12538,193,899,785,85,21.677777777777777,68,0.5,1.0
exp5_stow0.5_walk1.0,back_to_front,baseline,12538,193,990,1851,84,43.75,110,0.5,1.0
exp5_stow0.5_walk1.0,outside_in,baseline,12538,193,745,738,0,15.544444444444444,65,0.5,1.0
exp5_stow0.5_walk1.0,steffen,baseline,12538,193,589,1096,0,9.227777777777778,34,0.5,1.0
exp5_stow0.5_walk1.0,random,baseline,12539,194,939,795,90,23.133333333333333,76,0.5,1.0
exp5_stow0.5_walk1.0,back_to_front,baseline,12539,194,1113,1688,90,52.888888888888886,143,0.5,1.0
exp5_stow0.5_walk1.0,outside_in,baseline,12539,194,763,708,0,15.055555555555555,44,0.5,1.0
exp5_stow0.5_walk1.0,steffen,baseline,12539,194,622,1194,0,10.272222222222222,48,0.5,1.0
exp5_stow0.5_walk1.0,random,baseline,12540,195,850,774,88,21.194444444444443,79,0.5,1.0
exp5_stow0.5_walk1.0,back_to_front,baseline,12540,195,1145,1707,85,61.53333333333333,180,0.5,1.0
exp5_stow0.5_walk1.0,outside_in,baseline,12540,195,734,745,0,16.9,58,0.5,1.0
exp5_stow0.5_walk1.0,steffen,baseline,12540,195,575,1397,0,11.305555555555555,58,0.5,1.0
exp5_stow0.5_walk1.0,random,baseline,12541,196,917,718,89,22.05,80,0.5,1.0
exp5_stow0.5_walk1.0,back_to_front,baseline,12541,196,1101,1863,85,47.25555555555555,120,0.5,1.0
exp5_stow0.5_walk1.0,outside_in,baseline,12541,196,714,711,0,12.161111111111111,44,0.5,1.0
exp5_stow0.5_walk1.0,steffen,baseline,12541,196,607,961,0,7.761111111111111,34,0.5,1.0
exp5_stow0.5_walk1.0,random,baseline,12542,197,922,853,78,26.144444444444446,121,0.5,1.0
exp5_stow0.5_walk1.0,back_to_front,baseline,12542,197,1213,1806,93,65.27777777777777,160,0.5,1.0
exp5_stow0.5_walk1.0,outside_in,baseline,12542,197,760,721,0,16.855555555555554,54,0.5,1.0
exp5_stow0.5_walk1.0,steffen,baseline,12542,197,593,1403,0,11.016666666666667,42,0.5,1.0
exp5_stow0.5_walk1.0,random,baseline,12543,198,945,629,77,17.75,61,0.5,1.0
exp5_stow0.5_walk1.0,back_to_front,baseline,12543,198,1105,1718,91,54.97222222222222,148,0.5,1.0
exp5_stow0.5_walk1.0,outside_in,baseline,12543,198,709,672,0,12.35,41,0.5,1.0
exp5_stow0.5_walk1.0,steffen,baseline,12543,198,583,936,0,7.4944444444444445,28,0.5,1.0
exp5_stow0.5_walk1.0,random,baseline,12544,199,896,861,105,20.394444444444446,76,0.5,1.0
exp5_stow0.5_walk1.0,back_to_front,baseline,12544,199,1148,1914,84,59.583333333333336,143,0.5,1.0
exp5_stow0.5_walk1.0,outside_in,baseline,12544,199,787,667,0,15.3,73,0.5,1.0
exp5_stow0.5_walk1.0,steffen,baseline,12544,199,619,1297,0,9.555555555555555,52,0.5,1.0
exp5_stow1.0_walk0.6,random,baseline,12345,0,1179,588,84,22.944444444444443,78,1.0,0.6
exp5_stow1.0_walk0.6,back_to_front,baseline,12345,0,1573,1316,94,86.44444444444444,231,1.0,0.6
exp5_stow1.0_walk0.6,outside_in,baseline,12345,0,1055,606,0,20.988888888888887,85,1.0,0.6
exp5_stow1.0_walk0.6,steffen,baseline,12345,0,660,434,0,6.144444444444445,30,1.0,0.6
exp5_stow1.0_walk0.6,random,baseline,12346,1,1235,581,90,28.444444444444443,111,1.0,0.6
exp5_stow1.0_walk0.6,back_to_front,baseline,12346,1,1624,1226,92,88.22222222222223,231,1.0,0.6
exp5_stow1.0_walk0.6,outside_in,baseline,12346,1,1058,590,0,21.894444444444446,91,1.0,0.6
exp5_stow1.0_walk0.6,steffen,baseline,12346,1,643,301,0,6.394444444444445,34,1.0,0.6
exp5_stow1.0_walk0.6,random,baseline,12347,2,1414,671,91,29.88888888888889,96,1.0,0.6
exp5_stow1.0_walk0.6,back_to_front,baseline,12347,2,1672,1253,87,76.02777777777777,197,1.0,0.6
exp5_stow1.0_walk0.6,outside_in,baseline,12347,2,1193,645,0,23.394444444444446,68,1.0,0.6
exp5_stow1.0_walk0.6,steffen,baseline,12347,2,741,462,0,8.0,41,1.0,0.6
exp5_stow1.0_walk0.6,random,baseline,12348,3,1317,646,100,31.3,140,1.0,0.6
exp5_stow1.0_walk0.6,back_to_front,baseline,12348,3,1653,1153,115,79.33333333333333,221,1.0,0.6
exp5_stow1.0_walk0.6,outside_in,baseline,12348,3,1049,608,0,23.41111111111111,71,1.0,0.6
exp5_stow1.0_walk0.6,steffen,baseline,12348,3,698,436,0,8.005555555555556,53,1.0,0.6
exp5_stow1.0_walk0.6,random,baseline,12349,4,1414,605,77,30.627777777777776,130,1.0,0.6
exp5_stow1.0_walk0.6,back_to_front,baseline,12349,4,1726,1152,94,82.82777777777778,218,1.0,0.6
exp5_stow1.0_walk0.6,outside_in,baseline,12349,4,1167,590,0,22.444444444444443,74,1.0,0.6
exp5_stow1.0_walk0.6,steffen,baseline,12349,4,757,378,0,7.483333333333333,41,1.0,0.6
exp5_stow1.0_walk0.6,random,baseline,12350,5,1235,612,87,28.81111111111111,115,1.0,0.6
exp5_stow1.0_walk0.6,back_to_front,baseline,12350,5,1841,1286,83,96.85,276,1.0,0.6
exp5_stow1.0_walk0.6,outside_in,baseline,12350,5,1101,658,0,23.194444444444443,89,1.0,0.6
exp5_stow1.0_walk0.6,steffen,baseline,12350,5,702,474,0,7.75,46,1.0,0.6
exp5_stow1.0_walk0.6,random,baseline,12351,6,1278,605,96,30.783333333333335,113,1.0,0.6
exp5_stow1.0_walk0.6,back_to_front,baseline,12351,6,1636,1287,79,86.01666666666667,213,1.0,0.6
exp5_stow1.0_walk0.6,outside_in,baseline,12351,6,1142,530,0,21.783333333333335,65,1.0,0.6
exp5_stow1.0_walk0.6,steffen,baseline,12351,6,665,344,0,6.566666666666666,49,1.0,0.6
exp5_stow1.0_walk0.6,random,baseline,12352,7,1307,578,85,29.683333333333334,108,1.0,0.6
exp5_stow1.0_walk0.6,back_to_front,baseline,12352,7,1642,1167,83,83.33888888888889,222,1.0,0.6
exp5_stow1.0_walk0.6,outside_in,baseline,12352,7,1134,593,0,23.72222222222222,81,1.0,0.6
exp5_stow1.0_walk0.6,steffen,baseline,12352,7,675,298,0,6.35,53,1.0,0.6
exp5_stow1.0_walk0.6,random,baseline,12353,8,1252,677,96,30.63888888888889,99,1.0,0.6
exp5_stow1.0_walk0.6,back_to_front,baseline,12353,8,1591,1249,86,79.57777777777778,214,1.0,0.6
exp5_stow1.0_walk0.6,outside_in,baseline,12353,8,1012,674,0,23.622222222222224,94,1.0,0.6
exp5_stow1.0_walk0.6,steffen,baseline,12353,8,662,467,0,7.355555555555555,37,1.0,0.6
exp5_stow1.0_walk0.6,random,baseline,12354,9,1249,639,86,31.505555555555556,93,1.0,0.6
exp5_stow1.0_walk0.6,back_to_front,baseline,12354,9,1623,1300,87,84.08888888888889,218,1.0,0.6
exp5_stow1.0_walk0.6,outside_in,baseline,12354,9,1027,707,0,28.683333333333334,103,1.0,0.6
exp5_stow1.0_walk0.6,steffen,baseline,12354,9,663,390,0,7.055555555555555,42,1.0,0.6
exp5_stow1.0_walk0.6,random,baseline,12355,10,1260,563,88,27.81111111111111,112,1.0,0.6
exp5_stow1.0_walk0.6,back_to_front,baseline,12355,10,1447,1237,81,68.89444444444445,198,1.0,0.6
exp5_stow1.0_walk0.6,outside_in,baseline,12355,10,1090,622,0,23.88888888888889,77,1.0,0.6
exp5_stow1.0_walk0.6,steffen,baseline,12355,10,655,324,0,6.3277777777777775,39,1.0,0.6
exp5_stow1.0_walk0.6,random,baseline,12356,11,1241,633,91,30.177777777777777,92,1.0,0.6
exp5_stow1.0_walk0.6,back_to_front,baseline,12356,11,1489,1217,86,66.87777777777778,146,1.0,0.6
exp5_stow1.0_walk0.6,outside_in,baseline,12356,11,1083,579,0,22.994444444444444,77,1.0,0.6
exp5_stow1.0_walk0.6,steffen,baseline,12356,11,674,374,0,7.038888888888889,44,1.0,0.6
exp5_stow1.0_walk0.6,random,baseline,12357,12,1224,620,75,28.211111111111112,105,1.0,0.6
exp5_stow1.0_walk0.6,back_to_front,baseline,12357,12,1650,1331,77,87.76666666666667,263,1.0,0.6
exp5_stow1.0_walk0.6,outside_in,baseline,12357,12,1069,647,0,23.7,114,1.0,0.6
exp5_stow1.0_walk0.6,steffen,baseline,12357,12,685,363,0,7.261111111111111,42,1.0,0.6
exp5_stow1.0_walk0.6,random,baseline,12358,13,1184,691,82,30.072222222222223,105,1.0,0.6
exp5_stow1.0_walk0.6,back_to_front,baseline,12358,13,1561,1202,89,78.28333333333333,203,1.0,0.6
exp5_stow1.0_walk0.6,outside_in,baseline,12358,13,1026,633,0,21.144444444444446,67,1.0,0.6
exp5_stow1.0_walk0.6,steffen,baseline,12358,13,653,401,0,6.666666666666667,33,1.0,0.6
exp5_stow1.0_walk0.6,random,baseline,12359,14,1243,692,94,32.4,117,1.0,0.6
exp5_stow1.0_walk0.6,back_to_front,baseline,12359,14,1617,1312,83,80.52222222222223,212,1.0,0.6
exp5_stow1.0_walk0.6,outside_in,baseline,12359,14,1046,582,0,20.011111111111113,67,1.0,0.6
exp5_stow1.0_walk0.6,steffen,baseline,12359,14,699,432,0,7.777777777777778,49,1.0,0.6
exp5_stow1.0_walk0.6,random,baseline,12360,15,1234,634,87,31.95,115,1.0,0.6
exp5_stow1.0_walk0.6,back_to_front,baseline,12360,15,1549,1276,102,80.73333333333333,225,1.0,0.6
exp5_stow1.0_walk0.6,outside_in,baseline,12360,15,1010,644,0,21.233333333333334,83,1.0,0.6
exp5_stow1.0_walk0.6,steffen,baseline,12360,15,641,453,0,7.294444444444444,51,1.0,0.6
exp5_stow1.0_walk0.6,random,baseline,12361,16,1385,682,82,36.87777777777778,112,1.0,0.6
exp5_stow1.0_walk0.6,back_to_front,baseline,12361,16,1603,1290,95,81.56111111111112,190,1.0,0.6
exp5_stow1.0_walk0.6,outside_in,baseline,12361,16,1089,639,0,24.905555555555555,93,1.0,0.6
exp5_stow1.0_walk0.6,steffen,baseline,12361,16,682,369,0,7.227777777777778,48,1.0,0.6
exp5_stow1.0_walk0.6,random,baseline,12362,17,1281,735,80,31.92222222222222,100,1.0,0.6
exp5_stow1.0_walk0.6,back_to_front,baseline,12362,17,1619,1320,102,89.46111111111111,244,1.0,0.6
exp5_stow1.0_walk0.6,outside_in,baseline,12362,17,1076,721,0,23.633333333333333,77,1.0,0.6
exp5_stow1.0_walk0.6,steffen,baseline,12362,17,662,483,0,8.055555555555555,47,1.0,0.6
exp5_stow1.0_walk0.6,random,baseline,12363,18,1164,624,83,25.766666666666666,81,1.0,0.6
exp5_stow1.0_walk0.6,back_to_front,baseline,12363,18,1536,1163,98,79.95,233,1.0,0.6
exp5_stow1.0_walk0.6,outside_in,baseline,12363,18,1056,577,0,21.788888888888888,86,1.0,0.6
exp5_stow1.0_walk0.6,steffen,baseline,12363,18,669,340,0,6.611111111111111,60,1.0,0.6
exp5_stow1.0_walk0.6,random,baseline,12364,19,1185,680,89,29.86111111111111,132,1.0,0.6
exp5_stow1.0_walk0.6,back_to_front,baseline,12364,19,1608,1199,89,79.37222222222222,201,1.0,0.6
exp5_stow1.0_walk0.6,outside_in,baseline,12364,19,1083,562,0,21.655555555555555,86,1.0,0.6
exp5_stow1.0_walk0.6,steffen,baseline,12364,19,705,350,0,6.211111111111111,41,1.0,0.6
exp5_stow1.0_walk0.6,random,baseline,12365,20,1209,635,102,31.65,101,1.0,0.6
exp5_stow1.0_walk0.6,back_to_front,baseline,12365,20,1626,1301,82,82.28888888888889,184,1.0,0.6
exp5_stow1.0_walk0.6,outside_in,baseline,12365,20,1158,635,0,29.266666666666666,116,1.0,0.6
exp5_stow1.0_walk0.6,steffen,baseline,12365,20,664,353,0,7.105555555555555,43,1.0,0.6
exp5_stow1.0_walk0.6,random,baseline,12366,21,1206,618,78,28.666666666666668,103,1.0,0.6
exp5_stow1.0_walk0.6,back_to_front,baseline,12366,21,1647,1200,84,85.27777777777777,222,1.0,0.6
exp5_stow1.0_walk0.6,outside_in,baseline,12366,21,1048,605,0,23.533333333333335,103,1.0,0.6
exp5_stow1.0_walk0.6,steffen,baseline,12366,21,693,318,0,6.9944444444444445,61,1.0,0.6
exp5_stow1.0_walk0.6,random,baseline,12367,22,1335,677,88,29.855555555555554,80,1.0,0.6
exp5_stow1.0_walk0.6,back_to_front,baseline,12367,22,1592,1259,94,75.87222222222222,216,1.0,0.6
exp5_stow1.0_walk0.6,outside_in,baseline,12367,22,1172,638,0,23.866666666666667,77,1.0,0.6
exp5_stow1.0_walk0.6,steffen,baseline,12367,22,686,420,0,7.7,49,1.0,0.6
exp5_stow1.0_walk0.6,random,baseline,12368,23,1338,744,93,35.75,100,1.0,0.6
exp5_stow1.0_walk0.6,back_to_front,baseline,12368,23,1605,1277,76,87.15555555555555,236,1.0,0.6
exp5_stow1.0_walk0.6,outside_in,baseline,12368,23,1009,616,0,19.894444444444446,63,1.0,0.6
exp5_stow1.0_walk0.6,steffen,baseline,12368,23,665,515,0,8.705555555555556,37,1.0,0.6
exp5_stow1.0_walk0.6,random,baseline,12369,24,1256,722,100,30.83888888888889,120,1.0,0.6
exp5_stow1.0_walk0.6,back_to_front,baseline,12369,24,1687,1409,89,92.67222222222222,224,1.0,0.6
exp5_stow1.0_walk0.6,outside_in,baseline,12369,24,1117,651,0,25.405555555555555,101,1.0,0.6
exp5_stow1.0_walk0.6,steffen,baseline,12369,24,717,476,0,8.783333333333333,62,1.0,0.6
exp5_stow1.0_walk0.6,random,baseline,12370,25,1263,627,81,26.261111111111113,110,1.0,0.6
exp5_stow1.0_walk0.6,back_to_front,baseline,12370,25,1624,1206,86,72.9,188,1.0,0.6
exp5_stow1.0_walk0.6,outside_in,baseline,12370,25,1114,595,0,22.238888888888887,76,1.0,0.6
exp5_stow1.0_walk0.6,steffen,baseline,12370,25,711,449,0,8.15,61,1.0,0.6
exp5_stow1.0_walk0.6,random,baseline,12371,26,1258,654,89,27.366666666666667,96,1.0,0.6
exp5_stow1.0_walk0.6,back_to_front,baseline,12371,26,1551,1188,84,71.73333333333333,182,1.0,0.6
exp5_stow1.0_walk0.6,outside_in,baseline,12371,26,1041,613,0,20.522222222222222,104,1.0,0.6
exp5_stow1.0_walk0.6,steffen,baseline,12371,26,702,427,0,6.844444444444444,41,1.0,0.6
exp5_stow1.0_walk0.6,random,baseline,12372,27,1383,642,85,30.855555555555554,110,1.0,0.6
exp5_stow1.0_walk0.6,back_to_front,baseline,12372,27,1699,1338,97,90.97777777777777,227,1.0,0.6
exp5_stow1.0_walk0.6,outside_in,baseline,12372,27,1105,662,0,25.0,105,1.0,0.6
exp5_stow1.0_walk0.6,steffen,baseline,12372,27,681,460,0,7.466666666666667,38,1.0,0.6
exp5_stow1.0_walk0.6,random,baseline,12373,28,1211,576,91,31.25,105,1.0,0.6
exp5_stow1.0_walk0.6,back_to_front,baseline,12373,28,1535,1162,82,71.68333333333334,201,1.0,0.6
exp5_stow1.0_walk0.6,outside_in,baseline,12373,28,1037,571,0,20.455555555555556,72,1.0,0.6
exp5_stow1.0_walk0.6,steffen,baseline,12373,28,684,363,0,6.688888888888889,50,1.0,0.6
exp5_stow1.0_walk0.6,random,baseline,12374,29,1222,687,81,31.205555555555556,104,1.0,0.6
exp5_stow1.0_walk0.6,back_to_front,baseline,12374,29,1576,1318,88,76.56666666666666,193,1.0,0.6
exp5_stow1.0_walk0.6,outside_in,baseline,12374,29,1040,598,0,19.127777777777776,56,1.0,0.6
exp5_stow1.0_walk0.6,steffen,baseline,12374,29,680,423,0,6.666666666666667,36,1.0,0.6
exp5_stow1.0_walk0.6,random,baseline,12375,30,1258,669,101,28.13888888888889,85,1.0,0.6
exp5_stow1.0_walk0.6,back_to_front,baseline,12375,30,1575,1267,98,76.31111111111112,206,1.0,0.6
exp5_stow1.0_walk0.6,outside_in,baseline,12375,30,1092,644,0,22.783333333333335,90,1.0,0.6
exp5_stow1.0_walk0.6,steffen,baseline,12375,30,690,491,0,8.177777777777777,36,1.0,0.6
exp5_stow1.0_walk0.6,random,baseline,12376,31,1341,673,89,35.144444444444446,100,1.0,0.6
exp5_stow1.0_walk0.6,back_to_front,baseline,12376,31,1631,1195,86,80.72222222222223,199,1.0,0.6
exp5_stow1.0_walk0.6,outside_in,baseline,12376,31,1035,611,0,23.61111111111111,69,1.0,0.6
exp5_stow1.0_walk0.6,steffen,baseline,12376,31,718,476,0,8.744444444444444,47,1.0,0.6
exp5_stow1.0_walk0.6,random,baseline,12377,32,1279,632,79,30.927777777777777,103,1.0,0.6
exp5_stow1.0_walk0.6,back_to_front,baseline,12377,32,1769,1366,88,93.58333333333333,228,1.0,0.6
exp5_stow1.0_walk0.6,outside_in,baseline,12377,32,1044,591,0,20.72222222222222,94,1.0,0.6
exp5_stow1.0_walk0.6,steffen,baseline,12377,32,698,451,0,8.344444444444445,50,1.0,0.6
exp5_stow1.0_walk0.6,random,baseline,12378,33,1238,648,95,29.755555555555556,93,1.0,0.6
exp5_stow1.0_walk0.6,back_to_front,baseline,12378,33,1642,1299,97,88.52777777777777,217,1.0,0.6
exp5_stow1.0_walk0.6,outside_in,baseline,12378,33,960,657,0,22.788888888888888,76,1.0,0.6
exp5_stow1.0_walk0.6,steffen,baseline,12378,33,665,438,0,7.761111111111111,56,1.0,0.6
exp5_stow1.0_walk0.6,random,baseline,12379,34,1196,698,82,27.711111111111112,99,1.0,0.6
exp5_stow1.0_walk0.6,back_to_front,baseline,12379,34,1570,1312,89,82.03888888888889,201,1.0,0.6
exp5_stow1.0_walk0.6,outside_in,baseline,12379,34,1083,541,0,20.955555555555556,77,1.0,0.6
exp5_stow1.0_walk0.6,steffen,baseline,12379,34,687,331,0,6.683333333333334,49,1.0,0.6
exp5_stow1.0_walk0.6,random,baseline,12380,35,1173,653,79,26.16111111111111,94,1.0,0.6
exp5_stow1.0_walk0.6,back_to_front,baseline,12380,35,1543,1310,88,72.53888888888889,183,1.0,0.6
exp5_stow1.0_walk0.6,outside_in,baseline,12380,35,1040,665,0,22.61111111111111,63,1.0,0.6
exp5_stow1.0_walk0.6,steffen,baseline,12380,35,705,464,0,7.622222222222222,41,1.0,0.6
exp5_stow1.0_walk0.6,random,baseline,12381,36,1211,784,83,33.93333333333333,109,1.0,0.6
exp5_stow1.0_walk0.6,back_to_front,baseline,12381,36,1628,1319,87,83.48333333333333,190,1.0,0.6
exp5_stow1.0_walk0.6,outside_in,baseline,12381,36,1075,694,0,22.622222222222224,75,1.0,0.6
exp5_stow1.0_walk0.6,steffen,baseline,12381,36,668,545,0,7.911111111111111,43,1.0,0.6
exp5_stow1.0_walk0.6,random,baseline,12382,37,1316,636,96,35.81666666666667,117,1.0,0.6
exp5_stow1.0_walk0.6,back_to_front,baseline,12382,37,1711,1240,100,91.10555555555555,260,1.0,0.6
exp5_stow1.0_walk0.6,outside_in,baseline,12382,37,1118,504,0,20.15,73,1.0,0.6
exp5_stow1.0_walk0.6,steffen,baseline,12382,37,717,277,0,7.277777777777778,74,1.0,0.6
exp5_stow1.0_walk0.6,random,baseline,12383,38,1178,606,89,30.916666666666668,93,1.0,0.6
exp5_stow1.0_walk0.6,back_to_front,baseline,12383,38,1673,1219,96,81.58888888888889,179,1.0,0.6
exp5_stow1.0_walk0.6,outside_in,baseline,12383,38,1032,550,0,19.927777777777777,62,1.0,0.6
exp5_stow1.0_walk0.6,steffen,baseline,12383,38,678,317,0,6.338888888888889,43,1.0,0.6
exp5_stow1.0_walk0.6,random,baseline,12384,39,1238,515,102,26.32777777777778,90,1.0,0.6
exp5_stow1.0_walk0.6,back_to_front,baseline,12384,39,1618,1203,93,76.69444444444444,186,1.0,0.6
exp5_stow1.0_walk0.6,outside_in,baseline,12384,39,1037,487,0,19.07777777777778,65,1.0,0.6
exp5_stow1.0_walk0.6,steffen,baseline,12384,39,696,324,0,6.805555555555555,40,1.0,0.6
exp5_stow1.0_walk0.6,random,baseline,12385,40,1230,609,90,25.988888888888887,83,1.0,0.6
exp5_stow1.0_walk0.6,back_to_front,baseline,12385,40,1515,1246,93,77.1,238,1.0,0.6
exp5_stow1.0_walk0.6,outside_in,baseline,12385,40,1055,676,0,24.322222222222223,81,1.0,0.6
exp5_stow1.0_walk0.6,steffen,baseline,12385,40,687,476,0,8.116666666666667,36,1.0,0.6
exp5_stow1.0_walk0.6,random,baseline,12386,41,1222,610,95,27.322222222222223,109,1.0,0.6
exp5_stow1.0_walk0.6,back_to_front,baseline,12386,41,1516,1291,74,73.34444444444445,188,1.0,0.6
exp5_stow1.0_walk0.6,outside_in,baseline,12386,41,1008,612,0,19.644444444444446,83,1.0,0.6
exp5_stow1.0_walk0.6,steffen,baseline,12386,41,706,467,0,7.4,47,1.0,0.6
exp5_stow1.0_walk0.6,random,baseline,12387,42,1237,534,90,25.783333333333335,84,1.0,0.6
exp5_stow1.0_walk0.6,back_to_front,baseline,12387,42,1642,1181,96,81.52222222222223,210,1.0,0.6
exp5_stow1.0_walk0.6,outside_in,baseline,12387,42,1001,587,0,20.6,67,1.0,0.6
exp5_stow1.0_walk0.6,steffen,baseline,12387,42,674,350,0,6.855555555555555,45,1.0,0.6
exp5_stow1.0_walk0.6,random,baseline,12388,43,1269,582,90,26.466666666666665,87,1.0,0.6
exp5_stow1.0_walk0.6,back_to_front,baseline,12388,43,1619,1172,99,72.06111111111112,166,1.0,0.6
exp5_stow1.0_walk0.6,outside_in,baseline,12388,43,1157,652,0,24.444444444444443,79,1.0,0.6
exp5_stow1.0_walk0.6,steffen,baseline,12388,43,707,442,0,7.138888888888889,41,1.0,0.6
exp5_stow1.0_walk0.6,random,baseline,12389,44,1248,604,97,28.766666666666666,116,1.0,0.6
exp5_stow1.0_walk0.6,back_to_front,baseline,12389,44,1538,1293,80,75.16666666666667,189,1.0,0.6
exp5_stow1.0_walk0.6,outside_in,baseline,12389,44,1095,605,0,22.17222222222222,77,1.0,0.6
exp5_stow1.0_walk0.6,steffen,baseline,12389,44,700,440,0,7.266666666666667,45,1.0,0.6
exp5_stow1.0_walk0.6,random,baseline,12390,45,1263,556,92,26.216666666666665,86,1.0,0.6
exp5_stow1.0_walk0.6,back_to_front,baseline,12390,45,1572,1219,96,75.71666666666667,200,1.0,0.6
exp5_stow1.0_walk0.6,outside_in,baseline,12390,45,1076,531,0,19.86111111111111,61,1.0,0.6
exp5_stow1.0_walk0.6,steffen,baseline,12390,45,716,297,0,6.066666666666666,40,1.0,0.6
exp5_stow1.0_walk0.6,random,baseline,12391,46,1347,603,91,31.55,87,1.0,0.6
exp5_stow1.0_walk0.6,back_to_front,baseline,12391,46,1723,1198,92,81.38888888888889,181,1.0,0.6
exp5_stow1.0_walk0.6,outside_in,baseline,12391,46,1153,592,0,23.705555555555556,68,1.0,0.6
exp5_stow1.0_walk0.6,steffen,baseline,12391,46,710,410,0,8.144444444444444,47,1.0,0.6
exp5_stow1.0_walk0.6,random,baseline,12392,47,1338,706,90,33.922222222222224,128,1.0,0.6
exp5_stow1.0_walk0.6,back_to_front,baseline,12392,47,1626,1301,85,78.75,199,1.0,0.6
exp5_stow1.0_walk0.6,outside_in,baseline,12392,47,1120,621,0,23.66111111111111,100,1.0,0.6
exp5_stow1.0_walk0.6,steffen,baseline,12392,47,699,444,0,7.1,39,1.0,0.6
exp5_stow1.0_walk0.6,random,baseline,12393,48,1315,702,101,30.08888888888889,93,1.0,0.6
exp5_stow1.0_walk0.6,back_to_front,baseline,12393,48,1696,1253,105,82.4,204,1.0,0.6
exp5_stow1.0_walk0.6,outside_in,baseline,12393,48,1166,577,0,21.25,79,1.0,0.6
exp5_stow1.0_walk0.6,steffen,baseline,12393,48,702,433,0,7.188888888888889,51,1.0,0.6
exp5_stow1.0_walk0.6,random,baseline,12394,49,1230,662,85,30.877777777777776,94,1.0,0.6
exp5_stow1.0_walk0.6,back_to_front,baseline,12394,49,1678,1244,79,75.99444444444444,190,1.0,0.6
exp5_stow1.0_walk0.6,outside_in,baseline,12394,49,1052,662,0,23.56111111111111,83,1.0,0.6
exp5_stow1.0_walk0.6,steffen,baseline,12394,49,703,441,0,6.977777777777778,39,1.0,0.6
exp5_stow1.0_walk0.6,random,baseline,12395,50,1145,707,90,28.038888888888888,114,1.0,0.6
exp5_stow1.0_walk0.6,back_to_front,baseline,12395,50,1520,1157,93,76.60555555555555,242,1.0,0.6
exp5_stow1.0_walk0.6,outside_in,baseline,12395,50,1011,602,0,19.044444444444444,77,1.0,0.6
exp5_stow1.0_walk0.6,steffen,baseline,12395,50,669,503,0,7.6,42,1.0,0.6
exp5_stow1.0_walk0.6,random,baseline,12396,51,1320,715,97,36.2,99,1.0,0.6
exp5_stow1.0_walk0.6,back_to_front,baseline,12396,51,1617,1357,90,82.33333333333333,210,1.0,0.6
exp5_stow1.0_walk0.6,outside_in,baseline,12396,51,1079,589,0,19.383333333333333,83,1.0,0.6
exp5_stow1.0_walk0.6,steffen,baseline,12396,51,714,408,0,7.661111111111111,37,1.0,0.6
exp5_stow1.0_walk0.6,random,baseline,12397,52,1184,620,90,28.883333333333333,98,1.0,0.6
exp5_stow1.0_walk0.6,back_to_front,baseline,12397,52,1511,1177,91,76.22222222222223,187,1.0,0.6
exp5_stow1.0_walk0.6,outside_in,baseline,12397,52,1037,516,0,18.516666666666666,93,1.0,0.6
exp5_stow1.0_walk0.6,steffen,baseline,12397,52,697,262,0,5.75,35,1.0,0.6
exp5_stow1.0_walk0.6,random,baseline,12398,53,1203,614,79,27.43888888888889,109,1.0,0.6
exp5_stow1.0_walk0.6,back_to_front,baseline,12398,53,1563,1238,97,76.89444444444445,236,1.0,0.6
exp5_stow1.0_walk0.6,outside_in,baseline,12398,53,1022,673,0,20.05,79,1.0,0.6
exp5_stow1.0_walk0.6,steffen,baseline,12398,53,704,381,0,6.233333333333333,43,1.0,0.6
exp5_stow1.0_walk0.6,random,baseline,12399,54,1338,563,98,30.733333333333334,92,1.0,0.6
exp5_stow1.0_walk0.6,back_to_front,baseline,12399,54,1700,1295,90,87.51666666666667,243,1.0,0.6
exp5_stow1.0_walk0.6,outside_in,baseline,12399,54,1117,573,0,23.072222222222223,67,1.0,0.6
exp5_stow1.0_walk0.6,steffen,baseline,12399,54,705,334,0,7.3277777777777775,45,1.0,0.6
exp5_stow1.0_walk0.6,random,baseline,12400,55,1298,693,88,34.50555555555555,101,1.0,0.6
exp5_stow1.0_walk0.6,back_to_front,baseline,12400,55,1491,1190,89,78.09444444444445,228,1.0,0.6
exp5_stow1.0_walk0.6,outside_in,baseline,12400,55,994,650,0,20.572222222222223,82,1.0,0.6
exp5_stow1.0_walk0.6,steffen,baseline,12400,55,661,372,0,6.7,32,1.0,0.6
exp5_stow1.0_walk0.6,random,baseline,12401,56,1254,707,85,34.71111111111111,105,1.0,0.6
exp5_stow1.0_walk0.6,back_to_front,baseline,12401,56,1593,1343,93,85.87222222222222,245,1.0,0.6
exp5_stow1.0_walk0.6,outside_in,baseline,12401,56,980,666,0,22.844444444444445,67,1.0,0.6
exp5_stow1.0_walk0.6,steffen,baseline,12401,56,682,484,0,8.372222222222222,65,1.0,0.6
exp5_stow1.0_walk0.6,random,baseline,12402,57,1306,674,104,37.016666666666666,111,1.0,0.6
exp5_stow1.0_walk0.6,back_to_front,baseline,12402,57,1576,1265,90,73.2611111111111,189,1.0,0.6
exp5_stow1.0_walk0.6,outside_in,baseline,12402,57,1108,592,0,24.11111111111111,83,1.0,0.6
exp5_stow1.0_walk0.6,steffen,baseline,12402,57,709,460,0,7.894444444444445,57,1.0,0.6
exp5_stow1.0_walk0.6,random,baseline,12403,58,1379,619,84,33.50555555555555,123,1.0,0.6
exp5_stow1.0_walk0.6,back_to_front,baseline,12403,58,1589,1212,85,73.54444444444445,169,1.0,0.6
exp5_stow1.0_walk0.6,outside_in,baseline,12403,58,1081,621,0,22.094444444444445,75,1.0,0.6
exp5_stow1.0_walk0.6,steffen,baseline,12403,58,713,402,0,7.472222222222222,43,1.0,0.6
exp5_stow1.0_walk0.6,random,baseline,12404,59,1284,771,85,30.31111111111111,113,1.0,0.6
exp5_stow1.0_walk0.6,back_to_front,baseline,12404,59,1704,1369,84,80.5111111111111,211,1.0,0.6
exp5_stow1.0_walk0.6,outside_in,baseline,12404,59,1167,559,0,21.427777777777777,67,1.0,0.6
exp5_stow1.0_walk0.6,steffen,baseline,12404,59,734,604,0,8.53888888888889,43,1.0,0.6
exp5_stow1.0_walk0.6,random,baseline,12405,60,1329,575,98,33.9,138,1.0,0.6
exp5_stow1.0_walk0.6,back_to_front,baseline,12405,60,1691,1258,98,84.52777777777777,194,1.0,0.6
exp5_stow1.0_walk0.6,outside_in,baseline,12405,60,1085,599,0,23.58888888888889,66,1.0,0.6
exp5_stow1.0_walk0.6,steffen,baseline,12405,60,701,421,0,7.311111111111111,40,1.0,0.6
exp5_stow1.0_walk0.6,random,baseline,12406,61,1207,683,96,28.81111111111111,102,1.0,0.6
exp5_stow1.0_walk0.6,back_to_front,baseline,12406,61,1758,1332,87,92.93333333333334,248,1.0,0.6
exp5_stow1.0_walk0.6,outside_in,baseline,12406,61,1077,574,0,22.194444444444443,109,1.0,0.6
exp5_stow1.0_walk0.6,steffen,baseline,12406,61,677,372,0,6.894444444444445,37,1.0,0.6
exp5_stow1.0_walk0.6,random,baseline,12407,62,1201,664,88,27.983333333333334,111,1.0,0.6
exp5_stow1.0_walk0.6,back_to_front,baseline,12407,62,1623,1253,93,81.22777777777777,218,1.0,0.6
exp5_stow1.0_walk0.6,outside_in,baseline,12407,62,1035,599,0,18.822222222222223,68,1.0,0.6
exp5_stow1.0_walk0.6,steffen,baseline,12407,62,688,455,0,7.333333333333333,52,1.0,0.6
exp5_stow1.0_walk0.6,random,baseline,12408,63,1277,625,93,29.711111111111112,83,1.0,0.6
exp5_stow1.0_walk0.6,back_to_front,baseline,12408,63,1717,1328,96,87.3,211,1.0,0.6
exp5_stow1.0_walk0.6,outside_in,baseline,12408,63,1175,602,0,23.85,73,1.0,0.6
exp5_stow1.0_walk0.6,steffen,baseline,12408,63,727,419,0,7.944444444444445,58,1.0,0.6
exp5_stow1.0_walk0.6,random,baseline,12409,64,1362,598,95,29.83888888888889,106,1.0,0.6
exp5_stow1.0_walk0.6,back_to_front,baseline,12409,64,1616,1415,97,90.5111111111111,247,1.0,0.6
exp5_stow1.0_walk0.6,outside_in,baseline,12409,64,1085,609,0,21.27777777777778,72,1.0,0.6
exp5_stow1.0_walk0.6,steffen,baseline,12409,64,679,368,0,6.633333333333334,38,1.0,0.6
exp5_stow1.0_walk0.6,random,baseline,12410,65,1274,638,91,29.461111111111112,91,1.0,0.6
exp5_stow1.0_walk0.6,back_to_front,baseline,12410,65,1615,1243,97,86.97777777777777,217,1.0,0.6
exp5_stow1.0_walk0.6,outside_in,baseline,12410,65,1048,555,0,22.122222222222224,71,1.0,0.6
exp5_stow1.0_walk0.6,steffen,baseline,12410,65,698,338,0,6.416666666666667,46,1.0,0.6
exp5_stow1.0_walk0.6,random,baseline,12411,66,1329,614,96,33.99444444444445,117,1.0,0.6
exp5_stow1.0_walk0.6,back_to_front,baseline,12411,66,1723,1229,96,88.07777777777778,239,1.0,0.6
exp5_stow1.0_walk0.6,outside_in,baseline,12411,66,1073,598,0,24.355555555555554,89,1.0,0.6
exp5_stow1.0_walk0.6,steffen,baseline,12411,66,707,370,0,7.811111111111111,48,1.0,0.6
exp5_stow1.0_walk0.6,random,baseline,12412,67,1302,749,78,36.37777777777778,114,1.0,0.6
exp5_stow1.0_walk0.6,back_to_front,baseline,12412,67,1724,1270,98,86.51666666666667,215,1.0,0.6
exp5_stow1.0_walk0.6,outside_in,baseline,12412,67,1104,610,0,21.505555555555556,105,1.0,0.6
exp5_stow1.0_walk0.6,steffen,baseline,12412,67,696,395,0,6.694444444444445,46,1.0,0.6
exp5_stow1.0_walk0.6,random,baseline,12413,68,1287,608,107,31.9,108,1.0,0.6
exp5_stow1.0_walk0.6,back_to_front,baseline,12413,68,1688,1267,83,86.93333333333334,229,1.0,0.6
exp5_stow1.0_walk0.6,outside_in,baseline,12413,68,1005,573,0,21.461111111111112,66,1.0,0.6
exp5_stow1.0_walk0.6,steffen,baseline,12413,68,684,390,0,7.866666666666666,47,1.0,0.6
exp5_stow1.0_walk0.6,random,baseline,12414,69,1347,668,86,33.87222222222222,104,1.0,0.6
exp5_stow1.0_walk0.6,back_to_front,baseline,12414,69,1640,1266,85,80.63888888888889,206,1.0,0.6
exp5_stow1.0_walk0.6,outside_in,baseline,12414,69,1124,543,0,21.3,105,1.0,0.6
exp5_stow1.0_walk0.6,steffen,baseline,12414,69,689,416,0,7.85,54,1.0,0.6
exp5_stow1.0_walk0.6,random,baseline,12415,70,1214,604,90,26.13888888888889,98,1.0,0.6
exp5_stow1.0_walk0.6,back_to_front,baseline,12415,70,1599,1328,88,83.46666666666667,207,1.0,0.6
exp5_stow1.0_walk0.6,outside_in,baseline,12415,70,1104,605,0,24.494444444444444,72,1.0,0.6
exp5_stow1.0_walk0.6,steffen,baseline,12415,70,714,383,0,7.166666666666667,42,1.0,0.6
exp5_stow1.0_walk0.6,random,baseline,12416,71,1231,601,81,25.81111111111111,104,1.0,0.6
exp5_stow1.0_walk0.6,back_to_front,baseline,12416,71,1620,1349,92,81.45,201,1.0,0.6
exp5_stow1.0_walk0.6,outside_in,baseline,12416,71,1086,643,0,23.122222222222224,84,1.0,0.6
exp5_stow1.0_walk0.6,steffen,baseline,12416,71,714,543,0,8.583333333333334,51,1.0,0.6
exp5_stow1.0_walk0.6,random,baseline,12417,72,1284,594,85,30.144444444444446,107,1.0,0.6
exp5_stow1.0_walk0.6,back_to_front,baseline,12417,72,1601,1240,93,76.41111111111111,194,1.0,0.6
exp5_stow1.0_walk0.6,outside_in,baseline,12417,72,1151,568,0,21.483333333333334,63,1.0,0.6
exp5_stow1.0_walk0.6,steffen,baseline,12417,72,692,361,0,7.411111111111111,45,1.0,0.6
exp5_stow1.0_walk0.6,random,baseline,12418,73,1274,694,89,34.53333333333333,159,1.0,0.6
exp5_stow1.0_walk0.6,back_to_front,baseline,12418,73,1589,1355,93,88.08333333333333,221,1.0,0.6
exp5_stow1.0_walk0.6,outside_in,baseline,12418,73,1040,673,0,25.594444444444445,99,1.0,0.6
exp5_stow1.0_walk0.6,steffen,baseline,12418,73,661,443,0,7.372222222222222,46,1.0,0.6
exp5_stow1.0_walk0.6,random,baseline,12419,74,1278,748,92,34.422222222222224,111,1.0,0.6
exp5_stow1.0_walk0.6,back_to_front,baseline,12419,74,1514,1190,80,67.88333333333334,188,1.0,0.6
exp5_stow1.0_walk0.6,outside_in,baseline,12419,74,1081,664,0,20.43888888888889,74,1.0,0.6
exp5_stow1.0_walk0.6,steffen,baseline,12419,74,693,504,0,7.833333333333333,65,1.0,0.6
exp5_stow1.0_walk0.6,random,baseline,12420,75,1236,661,93,27.783333333333335,85,1.0,0.6
exp5_stow1.0_walk0.6,back_to_front,baseline,12420,75,1688,1178,89,84.73333333333333,241,1.0,0.6
exp5_stow1.0_walk0.6,outside_in,baseline,12420,75,1064,629,0,21.405555555555555,67,1.0,0.6
exp5_stow1.0_walk0.6,steffen,baseline,12420,75,712,455,0,7.616666666666666,48,1.0,0.6
exp5_stow1.0_walk0.6,random,baseline,12421,76,1278,639,98,36.083333333333336,141,1.0,0.6
exp5_stow1.0_walk0.6,back_to_front,baseline,12421,76,1533,1234,86,83.31666666666666,214,1.0,0.6
exp5_stow1.0_walk0.6,outside_in,baseline,12421,76,1034,572,0,21.82777777777778,62,1.0,0.6
exp5_stow1.0_walk0.6,steffen,baseline,12421,76,675,375,0,7.433333333333334,45,1.0,0.6
exp5_stow1.0_walk0.6,random,baseline,12422,77,1330,747,87,34.727777777777774,100,1.0,0.6
exp5_stow1.0_walk0.6,back_to_front,baseline,12422,77,1624,1350,79,82.7611111111111,212,1.0,0.6
exp5_stow1.0_walk0.6,outside_in,baseline,12422,77,1054,615,0,22.761111111111113,80,1.0,0.6
exp5_stow1.0_walk0.6,steffen,baseline,12422,77,701,455,0,8.38888888888889,35,1.0,0.6
exp5_stow1.0_walk0.6,random,baseline,12423,78,1315,675,99,36.53888888888889,158,1.0,0.6
exp5_stow1.0_walk0.6,back_to_front,baseline,12423,78,1780,1264,89,97.39444444444445,272,1.0,0.6
exp5_stow1.0_walk0.6,outside_in,baseline,12423,78,1102,669,0,23.683333333333334,80,1.0,0.6
exp5_stow1.0_walk0.6,steffen,baseline,12423,78,690,445,0,8.244444444444444,51,1.0,0.6
exp5_stow1.0_walk0.6,random,baseline,12424,79,1222,599,87,25.305555555555557,99,1.0,0.6
exp5_stow1.0_walk0.6,back_to_front,baseline,12424,79,1579,1261,91,74.66111111111111,218,1.0,0.6
exp5_stow1.0_walk0.6,outside_in,baseline,12424,79,1027,615,0,19.622222222222224,75,1.0,0.6
exp5_stow1.0_walk0.6,steffen,baseline,12424,79,704,335,0,6.711111111111111,34,1.0,0.6
exp5_stow1.0_walk0.6,random,baseline,12425,80,1233,560,97,28.416666666666668,87,1.0,0.6
exp5_stow1.0_walk0.6,back_to_front,baseline,12425,80,1563,1259,95,86.28333333333333,266,1.0,0.6
exp5_stow1.0_walk0.6,outside_in,baseline,12425,80,1114,588,0,22.58888888888889,85,1.0,0.6
exp5_stow1.0_walk0.6,steffen,baseline,12425,80,678,373,0,7.083333333333333,39,1.0,0.6
exp5_stow1.0_walk0.6,random,baseline,12426,81,1298,763,97,34.544444444444444,160,1.0,0.6
exp5_stow1.0_walk0.6,back_to_front,baseline,12426,81,1555,1262,77,73.03888888888889,162,1.0,0.6
exp5_stow1.0_walk0.6,outside_in,baseline,12426,81,1033,650,0,22.31111111111111,76,1.0,0.6
exp5_stow1.0_walk0.6,steffen,baseline,12426,81,662,403,0,6.266666666666667,45,1.0,0.6
exp5_stow1.0_walk0.6,random,baseline,12427,82,1277,610,81,28.17222222222222,77,1.0,0.6
exp5_stow1.0_walk0.6,back_to_front,baseline,12427,82,1689,1355,91,96.19444444444444,249,1.0,0.6
exp5_stow1.0_walk0.6,outside_in,baseline,12427,82,1063,658,0,25.18888888888889,97,1.0,0.6
exp5_stow1.0_walk0.6,steffen,baseline,12427,82,660,402,0,7.455555555555556,37,1.0,0.6
exp5_stow1.0_walk0.6,random,baseline,12428,83,1263,689,80,33.833333333333336,118,1.0,0.6
exp5_stow1.0_walk0.6,back_to_front,baseline,12428,83,1635,1298,93,85.23333333333333,200,1.0,0.6
exp5_stow1.0_walk0.6,outside_in,baseline,12428,83,1114,596,0,22.944444444444443,76,1.0,0.6
exp5_stow1.0_walk0.6,steffen,baseline,12428,83,693,466,0,7.838888888888889,47,1.0,0.6
exp5_stow1.0_walk0.6,random,baseline,12429,84,1362,733,87,35.0,126,1.0,0.6
exp5_stow1.0_walk0.6,back_to_front,baseline,12429,84,1815,1311,96,91.07777777777778,191,1.0,0.6
exp5_stow1.0_walk0.6,outside_in,baseline,12429,84,1160,615,0,23.694444444444443,75,1.0,0.6
exp5_stow1.0_walk0.6,steffen,baseline,12429,84,722,542,0,8.483333333333333,71,1.0,0.6
exp5_stow1.0_walk0.6,random,baseline,12430,85,1282,651,103,31.805555555555557,132,1.0,0.6
exp5_stow1.0_walk0.6,back_to_front,baseline,12430,85,1667,1302,87,82.98333333333333,194,1.0,0.6
exp5_stow1.0_walk0.6,outside_in,baseline,12430,85,1097,695,0,25.15,81,1.0,0.6
exp5_stow1.0_walk0.6,steffen,baseline,12430,85,683,372,0,6.277777777777778,37,1.0,0.6
exp5_stow1.0_walk0.6,random,baseline,12431,86,1410,671,97,34.72222222222222,126,1.0,0.6
exp5_stow1.0_walk0.6,back_to_front,baseline,12431,86,1510,1269,84,77.51666666666667,218,1.0,0.6
exp5_stow1.0_walk0.6,outside_in,baseline,12431,86,1091,605,0,22.11111111111111,76,1.0,0.6
exp5_stow1.0_walk0.6,steffen,baseline,12431,86,666,419,0,7.688888888888889,43,1.0,0.6
exp5_stow1.0_walk0.6,random,baseline,12432,87,1224,515,95,25.38888888888889,77,1.0,0.6
exp5_stow1.0_walk0.6,back_to_front,baseline,12432,87,1640,1310,92,87.43888888888888,220,1.0,0.6
exp5_stow1.0_walk0.6,outside_in,baseline,12432,87,1050,531,0,18.711111111111112,66,1.0,0.6
exp5_stow1.0_walk0.6,steffen,baseline,12432,87,687,319,0,6.105555555555555,39,1.0,0.6
exp5_stow1.0_walk0.6,random,baseline,12433,88,1290,602,90,30.877777777777776,99,1.0,0.6
exp5_stow1.0_walk0.6,back_to_front,baseline,12433,88,1580,1202,83,77.17777777777778,208,1.0,0.6
exp5_stow1.0_walk0.6,outside_in,baseline,12433,88,1046,587,0,21.355555555555554,96,1.0,0.6
exp5_stow1.0_walk0.6,steffen,baseline,12433,88,677,374,0,7.194444444444445,49,1.0,0.6
exp5_stow1.0_walk0.6,random,baseline,12434,89,1206,649,92,27.905555555555555,115,1.0,0.6
exp5_stow1.0_walk0.6,back_to_front,baseline,12434,89,1471,1385,84,77.03888888888889,210,1.0,0.6
exp5_stow1.0_walk0.6,outside_in,baseline,12434,89,1033,648,0,22.544444444444444,84,1.0,0.6
exp5_stow1.0_walk0.6,steffen,baseline,12434,89,664,492,0,7.522222222222222,44,1.0,0.6
exp5_stow1.0_walk0.6,random,baseline,12435,90,1301,706,100,36.58888888888889,121,1.0,0.6
exp5_stow1.0_walk0.6,back_to_front,baseline,12435,90,1675,1389,87,86.65,214,1.0,0.6
exp5_stow1.0_walk0.6,outside_in,baseline,12435,90,1143,715,0,31.2,114,1.0,0.6
exp5_stow1.0_walk0.6,steffen,baseline,12435,90,719,411,0,8.183333333333334,73,1.0,0.6
exp5_stow1.0_walk0.6,random,baseline,12436,91,1183,758,101,32.56666666666667,136,1.0,0.6
exp5_stow1.0_walk0.6,back_to_front,baseline,12436,91,1700,1295,85,96.25,266,1.0,0.6
exp5_stow1.0_walk0.6,outside_in,baseline,12436,91,1021,653,0,21.41111111111111,78,1.0,0.6
exp5_stow1.0_walk0.6,steffen,baseline,12436,91,658,331,0,6.533333333333333,36,1.0,0.6
exp5_stow1.0_walk0.6,random,baseline,12437,92,1257,686,93,36.416666666666664,112,1.0,0.6
exp5_stow1.0_walk0.6,back_to_front,baseline,12437,92,1624,1260,93,83.49444444444444,203,1.0,0.6
exp5_stow1.0_walk0.6,outside_in,baseline,12437,92,1057,654,0,27.61111111111111,121,1.0,0.6
exp5_stow1.0_walk0.6,steffen,baseline,12437,92,682,399,0,8.238888888888889,50,1.0,0.6
exp5_stow1.0_walk0.6,random,baseline,12438,93,1135,574,94,27.766666666666666,110,1.0,0.6
exp5_stow1.0_walk0.6,back_to_front,baseline,12438,93,1695,1280,87,86.29444444444445,212,1.0,0.6
exp5_stow1.0_walk0.6,outside_in,baseline,12438,93,1067,611,0,22.305555555555557,69,1.0,0.6
exp5_stow1.0_walk0.6,steffen,baseline,12438,93,699,401,0,7.522222222222222,41,1.0,0.6
exp5_stow1.0_walk0.6,random,baseline,12439,94,1220,672,92,28.872222222222224,106,1.0,0.6
exp5_stow1.0_walk0.6,back_to_front,baseline,12439,94,1560,1333,89,82.44444444444444,210,1.0,0.6
exp5_stow1.0_walk0.6,outside_in,baseline,12439,94,1080,718,0,25.944444444444443,96,1.0,0.6
exp5_stow1.0_walk0.6,steffen,baseline,12439,94,664,420,0,6.955555555555556,40,1.0,0.6
exp5_stow1.0_walk0.6,random,baseline,12440,95,1317,665,89,34.72222222222222,158,1.0,0.6
exp5_stow1.0_walk0.6,back_to_front,baseline,12440,95,1570,1323,93,85.6,246,1.0,0.6
exp5_stow1.0_walk0.6,outside_in,baseline,12440,95,1093,691,0,27.57777777777778,95,1.0,0.6
exp5_stow1.0_walk0.6,steffen,baseline,12440,95,645,511,0,7.938888888888889,43,1.0,0.6
exp5_stow1.0_walk0.6,random,baseline,12441,96,1338,677,90,33.07222222222222,108,1.0,0.6
exp5_stow1.0_walk0.6,back_to_front,baseline,12441,96,1513,1186,88,71.62777777777778,172,1.0,0.6
exp5_stow1.0_walk0.6,outside_in,baseline,12441,96,1086,711,0,23.272222222222222,71,1.0,0.6
exp5_stow1.0_walk0.6,steffen,baseline,12441,96,691,466,0,7.555555555555555,38,1.0,0.6
exp5_stow1.0_walk0.6,random,baseline,12442,97,1285,637,93,31.461111111111112,94,1.0,0.6
exp5_stow1.0_walk0.6,back_to_front,baseline,12442,97,1696,1414,93,88.28888888888889,204,1.0,0.6
exp5_stow1.0_walk0.6,outside_in,baseline,12442,97,1152,676,0,30.522222222222222,100,1.0,0.6
exp5_stow1.0_walk0.6,steffen,baseline,12442,97,714,466,0,9.061111111111112,44,1.0,0.6
exp5_stow1.0_walk0.6,random,baseline,12443,98,1295,730,85,35.00555555555555,113,1.0,0.6
exp5_stow1.0_walk0.6,back_to_front,baseline,12443,98,1675,1281,87,85.66666666666667,191,1.0,0.6
exp5_stow1.0_walk0.6,outside_in,baseline,12443,98,1107,666,0,27.244444444444444,78,1.0,0.6
exp5_stow1.0_walk0.6,steffen,baseline,12443,98,678,464,0,8.316666666666666,39,1.0,0.6
exp5_stow1.0_walk0.6,random,baseline,12444,99,1183,686,84,28.905555555555555,109,1.0,0.6
exp5_stow1.0_walk0.6,back_to_front,baseline,12444,99,1526,1284,93,77.16111111111111,211,1.0,0.6
exp5_stow1.0_walk0.6,outside_in,baseline,12444,99,1078,579,0,21.92222222222222,62,1.0,0.6
exp5_stow1.0_walk0.6,steffen,baseline,12444,99,695,420,0,6.877777777777778,64,1.0,0.6
exp5_stow1.0_walk0.6,random,baseline,12445,100,1190,589,91,31.238888888888887,94,1.0,0.6
exp5_stow1.0_walk0.6,back_to_front,baseline,12445,100,1570,1219,85,82.12222222222222,210,1.0,0.6
exp5_stow1.0_walk0.6,outside_in,baseline,12445,100,1014,533,0,18.122222222222224,74,1.0,0.6
exp5_stow1.0_walk0.6,steffen,baseline,12445,100,667,304,0,6.15,29,1.0,0.6
exp5_stow1.0_walk0.6,random,baseline,12446,101,1179,592,97,29.894444444444446,161,1.0,0.6
exp5_stow1.0_walk0.6,back_to_front,baseline,12446,101,1589,1227,99,86.9888888888889,223,1.0,0.6
exp5_stow1.0_walk0.6,outside_in,baseline,12446,101,1076,587,0,23.63888888888889,83,1.0,0.6
exp5_stow1.0_walk0.6,steffen,baseline,12446,101,693,340,0,7.566666666666666,68,1.0,0.6
exp5_stow1.0_walk0.6,random,baseline,12447,102,1328,544,99,28.2,92,1.0,0.6
exp5_stow1.0_walk0.6,back_to_front,baseline,12447,102,1631,1280,87,82.1,247,1.0,0.6
exp5_stow1.0_walk0.6,outside_in,baseline,12447,102,1149,528,0,21.122222222222224,79,1.0,0.6
exp5_stow1.0_walk0.6,steffen,baseline,12447,102,735,317,0,6.416666666666667,44,1.0,0.6
exp5_stow1.0_walk0.6,random,baseline,12448,103,1288,686,88,33.23888888888889,113,1.0,0.6
exp5_stow1.0_walk0.6,back_to_front,baseline,12448,103,1557,1316,75,79.71111111111111,224,1.0,0.6
exp5_stow1.0_walk0.6,outside_in,baseline,12448,103,1122,659,0,24.72222222222222,79,1.0,0.6
exp5_stow1.0_walk0.6,steffen,baseline,12448,103,672,523,0,7.8277777777777775,41,1.0,0.6
exp5_stow1.0_walk0.6,random,baseline,12449,104,1292,646,96,29.822222222222223,102,1.0,0.6
exp5_stow1.0_walk0.6,back_to_front,baseline,12449,104,1441,1057,83,61.62222222222222,141,1.0,0.6
exp5_stow1.0_walk0.6,outside_in,baseline,12449,104,1086,529,0,21.905555555555555,76,1.0,0.6
exp5_stow1.0_walk0.6,steffen,baseline,12449,104,690,362,0,7.322222222222222,33,1.0,0.6
exp5_stow1.0_walk0.6,random,baseline,12450,105,1266,589,100,28.072222222222223,126,1.0,0.6
exp5_stow1.0_walk0.6,back_to_front,baseline,12450,105,1571,1147,86,72.2611111111111,181,1.0,0.6
exp5_stow1.0_walk0.6,outside_in,baseline,12450,105,1053,618,0,20.616666666666667,76,1.0,0.6
exp5_stow1.0_walk0.6,steffen,baseline,12450,105,661,389,0,6.227777777777778,37,1.0,0.6
exp5_stow1.0_walk0.6,random,baseline,12451,106,1268,633,103,33.85,106,1.0,0.6
exp5_stow1.0_walk0.6,back_to_front,baseline,12451,106,1783,1305,83,92.0111111111111,208,1.0,0.6
exp5_stow1.0_walk0.6,outside_in,baseline,12451,106,1170,631,0,25.855555555555554,101,1.0,0.6
exp5_stow1.0_walk0.6,steffen,baseline,12451,106,711,373,0,7.3,49,1.0,0.6
exp5_stow1.0_walk0.6,random,baseline,12452,107,1193,615,69,27.11111111111111,76,1.0,0.6
exp5_stow1.0_walk0.6,back_to_front,baseline,12452,107,1685,1274,93,87.18333333333334,216,1.0,0.6
exp5_stow1.0_walk0.6,outside_in,baseline,12452,107,1097,600,0,21.566666666666666,95,1.0,0.6
exp5_stow1.0_walk0.6,steffen,baseline,12452,107,704,377,0,7.144444444444445,38,1.0,0.6
exp5_stow1.0_walk0.6,random,baseline,12453,108,1299,617,95,28.066666666666666,99,1.0,0.6
exp5_stow1.0_walk0.6,back_to_front,baseline,12453,108,1646,1322,90,83.88888888888889,226,1.0,0.6
exp5_stow1.0_walk0.6,outside_in,baseline,12453,108,1051,634,0,20.466666666666665,69,1.0,0.6
exp5_stow1.0_walk0.6,steffen,baseline,12453,108,703,425,0,7.105555555555555,40,1.0,0.6
exp5_stow1.0_walk0.6,random,baseline,12454,109,1347,669,81,31.516666666666666,114,1.0,0.6
exp5_stow1.0_walk0.6,back_to_front,baseline,12454,109,1879,1300,87,98.95555555555555,219,1.0,0.6
exp5_stow1.0_walk0.6,outside_in,baseline,12454,109,1173,587,0,23.444444444444443,74,1.0,0.6
exp5_stow1.0_walk0.6,steffen,baseline,12454,109,718,421,0,8.805555555555555,54,1.0,0.6
exp5_stow1.0_walk0.6,random,baseline,12455,110,1345,725,107,33.605555555555554,102,1.0,0.6
exp5_stow1.0_walk0.6,back_to_front,baseline,12455,110,1719,1353,91,91.35,253,1.0,0.6
exp5_stow1.0_walk0.6,outside_in,baseline,12455,110,1068,688,0,23.305555555555557,70,1.0,0.6
exp5_stow1.0_walk0.6,steffen,baseline,12455,110,693,423,0,7.094444444444444,34,1.0,0.6
exp5_stow1.0_walk0.6,random,baseline,12456,111,1240,568,99,27.316666666666666,83,1.0,0.6
exp5_stow1.0_walk0.6,back_to_front,baseline,12456,111,1647,1223,88,85.38888888888889,249,1.0,0.6
exp5_stow1.0_walk0.6,outside_in,baseline,12456,111,1045,565,0,21.716666666666665,77,1.0,0.6
exp5_stow1.0_walk0.6,steffen,baseline,12456,111,699,361,0,6.566666666666666,39,1.0,0.6
exp5_stow1.0_walk0.6,random,baseline,12457,112,1274,707,98,29.416666666666668,85,1.0,0.6
exp5_stow1.0_walk0.6,back_to_front,baseline,12457,112,1603,1344,92,80.96666666666667,219,1.0,0.6
exp5_stow1.0_walk0.6,outside_in,baseline,12457,112,1106,583,0,22.511111111111113,67,1.0,0.6
exp5_stow1.0_walk0.6,steffen,baseline,12457,112,708,546,0,8.533333333333333,54,1.0,0.6
exp5_stow1.0_walk0.6,random,baseline,12458,113,1263,696,90,34.50555555555555,103,1.0,0.6
exp5_stow1.0_walk0.6,back_to_front,baseline,12458,113,1525,1225,81,70.7388888888889,186,1.0,0.6
exp5_stow1.0_walk0.6,outside_in,baseline,12458,113,1047,656,0,22.36111111111111,72,1.0,0.6
exp5_stow1.0_walk0.6,steffen,baseline,12458,113,720,450,0,7.144444444444445,37,1.0,0.6
exp5_stow1.0_walk0.6,random,baseline,12459,114,1253,657,83,35.3,127,1.0,0.6
exp5_stow1.0_walk0.6,back_to_front,baseline,12459,114,1619,1167,94,81.3,200,1.0,0.6
exp5_stow1.0_walk0.6,outside_in,baseline,12459,114,1093,677,0,25.355555555555554,90,1.0,0.6
exp5_stow1.0_walk0.6,steffen,baseline,12459,114,664,454,0,7.1,39,1.0,0.6
exp5_stow1.0_walk0.6,random,baseline,12460,115,1349,741,88,30.58888888888889,91,1.0,0.6
exp5_stow1.0_walk0.6,back_to_front,baseline,12460,115,1657,1447,92,95.04444444444445,295,1.0,0.6
exp5_stow1.0_walk0.6,outside_in,baseline,12460,115,1036,637,0,21.038888888888888,70,1.0,0.6
exp5_stow1.0_walk0.6,steffen,baseline,12460,115,674,529,0,7.944444444444445,47,1.0,0.6
exp5_stow1.0_walk0.6,random,baseline,12461,116,1135,600,70,23.97222222222222,85,1.0,0.6
exp5_stow1.0_walk0.6,back_to_front,baseline,12461,116,1468,1280,71,70.16666666666667,179,1.0,0.6
exp5_stow1.0_walk0.6,outside_in,baseline,12461,116,1037,539,0,19.17222222222222,70,1.0,0.6
exp5_stow1.0_walk0.6,steffen,baseline,12461,116,652,425,0,6.95,35,1.0,0.6
exp5_stow1.0_walk0.6,random,baseline,12462,117,1244,687,89,30.616666666666667,111,1.0,0.6
exp5_stow1.0_walk0.6,back_to_front,baseline,12462,117,1639,1352,105,82.28888888888889,203,1.0,0.6
exp5_stow1.0_walk0.6,outside_in,baseline,12462,117,1101,699,0,22.677777777777777,81,1.0,0.6
exp5_stow1.0_walk0.6,steffen,baseline,12462,117,677,552,0,7.822222222222222,38,1.0,0.6
exp5_stow1.0_walk0.6,random,baseline,12463,118,1207,531,85,28.055555555555557,84,1.0,0.6
exp5_stow1.0_walk0.6,back_to_front,baseline,12463,118,1586,1261,94,81.29444444444445,216,1.0,0.6
exp5_stow1.0_walk0.6,outside_in,baseline,12463,118,1050,517,0,20.261111111111113,67,1.0,0.6
exp5_stow1.0_walk0.6,steffen,baseline,12463,118,699,274,0,7.338888888888889,38,1.0,0.6
exp5_stow1.0_walk0.6,random,baseline,12464,119,1237,680,89,31.033333333333335,136,1.0,0.6
exp5_stow1.0_walk0.6,back_to_front,baseline,12464,119,1772,1289,101,88.03888888888889,201,1.0,0.6
exp5_stow1.0_walk0.6,outside_in,baseline,12464,119,1020,618,0,19.655555555555555,67,1.0,0.6
exp5_stow1.0_walk0.6,steffen,baseline,12464,119,703,378,0,7.127777777777778,31,1.0,0.6
exp5_stow1.0_walk0.6,random,baseline,12465,120,1193,635,94,29.07777777777778,97,1.0,0.6
exp5_stow1.0_walk0.6,back_to_front,baseline,12465,120,1538,1242,87,74.15,265,1.0,0.6
exp5_stow1.0_walk0.6,outside_in,baseline,12465,120,1089,594,0,18.944444444444443,106,1.0,0.6
exp5_stow1.0_walk0.6,steffen,baseline,12465,120,687,457,0,7.35,63,1.0,0.6
exp5_stow1.0_walk0.6,random,baseline,12466,121,1215,626,70,28.455555555555556,103,1.0,0.6
exp5_stow1.0_walk0.6,back_to_front,baseline,12466,121,1541,1193,96,79.69444444444444,200,1.0,0.6
exp5_stow1.0_walk0.6,outside_in,baseline,12466,121,1076,584,0,22.805555555555557,75,1.0,0.6
exp5_stow1.0_walk0.6,steffen,baseline,12466,121,658,404,0,7.4222222222222225,62,1.0,0.6
exp5_stow1.0_walk0.6,random,baseline,12467,122,1309,640,98,33.23888888888889,112,1.0,0.6
exp5_stow1.0_walk0.6,back_to_front,baseline,12467,122,1629,1246,85,82.86666666666666,225,1.0,0.6
exp5_stow1.0_walk0.6,outside_in,baseline,12467,122,1031,581,0,20.5,72,1.0,0.6
exp5_stow1.0_walk0.6,steffen,baseline,12467,122,682,383,0,7.116666666666666,36,1.0,0.6
exp5_stow1.0_walk0.6,random,baseline,12468,123,1292,642,98,27.055555555555557,95,1.0,0.6
exp5_stow1.0_walk0.6,back_to_front,baseline,12468,123,1541,1175,86,74.94444444444444,241,1.0,0.6
exp5_stow1.0_walk0.6,outside_in,baseline,12468,123,1074,562,0,20.416666666666668,82,1.0,0.6
exp5_stow1.0_walk0.6,steffen,baseline,12468,123,692,455,0,8.027777777777779,52,1.0,0.6
exp5_stow1.0_walk0.6,random,baseline,12469,124,1322,745,98,33.916666666666664,133,1.0,0.6
exp5_stow1.0_walk0.6,back_to_front,baseline,12469,124,1623,1368,83,91.93333333333334,236,1.0,0.6
exp5_stow1.0_walk0.6,outside_in,baseline,12469,124,1077,655,0,24.15,113,1.0,0.6
exp5_stow1.0_walk0.6,steffen,baseline,12469,124,681,475,0,7.2444444444444445,49,1.0,0.6
exp5_stow1.0_walk0.6,random,baseline,12470,125,1134,673,86,28.855555555555554,100,1.0,0.6
exp5_stow1.0_walk0.6,back_to_front,baseline,12470,125,1529,1247,78,72.9,196,1.0,0.6
exp5_stow1.0_walk0.6,outside_in,baseline,12470,125,984,608,0,17.733333333333334,62,1.0,0.6
exp5_stow1.0_walk0.6,steffen,baseline,12470,125,673,427,0,7.133333333333334,42,1.0,0.6
exp5_stow1.0_walk0.6,random,baseline,12471,126,1431,618,87,35.55555555555556,107,1.0,0.6
exp5_stow1.0_walk0.6,back_to_front,baseline,12471,126,1601,1192,98,78.06666666666666,201,1.0,0.6
exp5_stow1.0_walk0.6,outside_in,baseline,12471,126,1135,517,0,21.905555555555555,79,1.0,0.6
exp5_stow1.0_walk0.6,steffen,baseline,12471,126,724,339,0,7.9944444444444445,45,1.0,0.6
exp5_stow1.0_walk0.6,random,baseline,12472,127,1268,623,87,27.716666666666665,103,1.0,0.6
exp5_stow1.0_walk0.6,back_to_front,baseline,12472,127,1647,1180,100,82.84444444444445,223,1.0,0.6
exp5_stow1.0_walk0.6,outside_in,baseline,12472,127,1136,596,0,23.4,77,1.0,0.6
exp5_stow1.0_walk0.6,steffen,baseline,12472,127,711,467,0,7.766666666666667,41,1.0,0.6
exp5_stow1.0_walk0.6,random,baseline,12473,128,1279,750,89,37.92777777777778,123,1.0,0.6
exp5_stow1.0_walk0.6,back_to_front,baseline,12473,128,1711,1335,89,89.81111111111112,256,1.0,0.6
exp5_stow1.0_walk0.6,outside_in,baseline,12473,128,1118,665,0,22.677777777777777,86,1.0,0.6
exp5_stow1.0_walk0.6,steffen,baseline,12473,128,678,545,0,8.222222222222221,57,1.0,0.6
exp5_stow1.0_walk0.6,random,baseline,12474,129,1133,668,82,26.466666666666665,112,1.0,0.6
exp5_stow1.0_walk0.6,back_to_front,baseline,12474,129,1496,1236,89,76.35555555555555,175,1.0,0.6
exp5_stow1.0_walk0.6,outside_in,baseline,12474,129,1008,709,0,22.988888888888887,67,1.0,0.6
exp5_stow1.0_walk0.6,steffen,baseline,12474,129,634,459,0,7.272222222222222,42,1.0,0.6
exp5_stow1.0_walk0.6,random,baseline,12475,130,1326,641,98,34.71666666666667,133,1.0,0.6
exp5_stow1.0_walk0.6,back_to_front,baseline,12475,130,1607,1276,94,82.63333333333334,197,1.0,0.6
exp5_stow1.0_walk0.6,outside_in,baseline,12475,130,1080,612,0,24.494444444444444,89,1.0,0.6
exp5_stow1.0_walk0.6,steffen,baseline,12475,130,689,389,0,7.194444444444445,48,1.0,0.6
exp5_stow1.0_walk0.6,random,baseline,12476,131,1360,631,84,34.78888888888889,147,1.0,0.6
exp5_stow1.0_walk0.6,back_to_front,baseline,12476,131,1670,1304,102,83.79444444444445,212,1.0,0.6
exp5_stow1.0_walk0.6,outside_in,baseline,12476,131,1153,580,0,25.872222222222224,94,1.0,0.6
exp5_stow1.0_walk0.6,steffen,baseline,12476,131,687,384,0,7.016666666666667,43,1.0,0.6
exp5_stow1.0_walk0.6,random,baseline,12477,132,1297,693,96,33.96666666666667,107,1.0,0.6
exp5_stow1.0_walk0.6,back_to_front,baseline,12477,132,1592,1338,92,81.96111111111111,198,1.0,0.6
exp5_stow1.0_walk0.6,outside_in,baseline,12477,132,1105,737,0,28.694444444444443,118,1.0,0.6
exp5_stow1.0_walk0.6,steffen,baseline,12477,132,675,467,0,7.338888888888889,46,1.0,0.6
exp5_stow1.0_walk0.6,random,baseline,12478,133,1192,613,88,27.022222222222222,115,1.0,0.6
exp5_stow1.0_walk0.6,back_to_front,baseline,12478,133,1543,1264,87,81.18333333333334,238,1.0,0.6
exp5_stow1.0_walk0.6,outside_in,baseline,12478,133,1061,572,0,22.416666666666668,84,1.0,0.6
exp5_stow1.0_walk0.6,steffen,baseline,12478,133,681,375,0,6.761111111111111,43,1.0,0.6
exp5_stow1.0_walk0.6,random,baseline,12479,134,1274,601,86,27.233333333333334,102,1.0,0.6
exp5_stow1.0_walk0.6,back_to_front,baseline,12479,134,1514,1187,91,68.13888888888889,182,1.0,0.6
exp5_stow1.0_walk0.6,outside_in,baseline,12479,134,1131,564,0,22.744444444444444,72,1.0,0.6
exp5_stow1.0_walk0.6,steffen,baseline,12479,134,714,418,0,8.094444444444445,38,1.0,0.6
exp5_stow1.0_walk0.6,random,baseline,12480,135,1261,697,82,33.6,123,1.0,0.6
exp5_stow1.0_walk0.6,back_to_front,baseline,12480,135,1555,1311,94,78.94444444444444,210,1.0,0.6
exp5_stow1.0_walk0.6,outside_in,baseline,12480,135,1034,575,0,20.122222222222224,101,1.0,0.6
exp5_stow1.0_walk0.6,steffen,baseline,12480,135,675,407,0,6.683333333333334,51,1.0,0.6
exp5_stow1.0_walk0.6,random,baseline,12481,136,1359,717,87,40.65555555555556,122,1.0,0.6
exp5_stow1.0_walk0.6,back_to_front,baseline,12481,136,1749,1342,86,87.45,223,1.0,0.6
exp5_stow1.0_walk0.6,outside_in,baseline,12481,136,1119,668,0,23.772222222222222,75,1.0,0.6
exp5_stow1.0_walk0.6,steffen,baseline,12481,136,710,466,0,7.95,43,1.0,0.6
exp5_stow1.0_walk0.6,random,baseline,12482,137,1246,592,95,26.92222222222222,87,1.0,0.6
exp5_stow1.0_walk0.6,back_to_front,baseline,12482,137,1692,1392,94,89.07777777777778,272,1.0,0.6
exp5_stow1.0_walk0.6,outside_in,baseline,12482,137,1065,613,0,20.677777777777777,84,1.0,0.6
exp5_stow1.0_walk0.6,steffen,baseline,12482,137,692,484,0,7.9944444444444445,52,1.0,0.6
exp5_stow1.0_walk0.6,random,baseline,12483,138,1319,672,103,35.36666666666667,124,1.0,0.6
exp5_stow1.0_walk0.6,back_to_front,baseline,12483,138,1547,1275,87,72.06111111111112,204,1.0,0.6
exp5_stow1.0_walk0.6,outside_in,baseline,12483,138,1100,531,0,20.683333333333334,67,1.0,0.6
exp5_stow1.0_walk0.6,steffen,baseline,12483,138,667,337,0,6.388888888888889,35,1.0,0.6
exp5_stow1.0_walk0.6,random,baseline,12484,139,1250,561,88,24.727777777777778,87,1.0,0.6
exp5_stow1.0_walk0.6,back_to_front,baseline,12484,139,1540,1032,99,73.6,234,1.0,0.6
exp5_stow1.0_walk0.6,outside_in,baseline,12484,139,1155,561,0,22.316666666666666,82,1.0,0.6
exp5_stow1.0_walk0.6,steffen,baseline,12484,139,670,383,0,7.1,48,1.0,0.6
exp5_stow1.0_walk0.6,random,baseline,12485,140,1207,645,85,30.877777777777776,98,1.0,0.6
exp5_stow1.0_walk0.6,back_to_front,baseline,12485,140,1469,1228,89,74.48333333333333,235,1.0,0.6
exp5_stow1.0_walk0.6,outside_in,baseline,12485,140,1066,626,0,22.094444444444445,73,1.0,0.6
exp5_stow1.0_walk0.6,steffen,baseline,12485,140,658,377,0,7.238888888888889,37,1.0,0.6
exp5_stow1.0_walk0.6,random,baseline,12486,141,1236,695,98,30.822222222222223,98,1.0,0.6
exp5_stow1.0_walk0.6,back_to_front,baseline,12486,141,1652,1298,91,79.94444444444444,236,1.0,0.6
exp5_stow1.0_walk0.6,outside_in,baseline,12486,141,1082,659,0,24.45,83,1.0,0.6
exp5_stow1.0_walk0.6,steffen,baseline,12486,141,672,448,0,7.811111111111111,33,1.0,0.6
exp5_stow1.0_walk0.6,random,baseline,12487,142,1272,593,80,26.477777777777778,124,1.0,0.6
exp5_stow1.0_walk0.6,back_to_front,baseline,12487,142,1533,1237,95,69.32777777777778,173,1.0,0.6
exp5_stow1.0_walk0.6,outside_in,baseline,12487,142,1061,613,0,19.133333333333333,67,1.0,0.6
exp5_stow1.0_walk0.6,steffen,baseline,12487,142,712,436,0,6.966666666666667,40,1.0,0.6
exp5_stow1.0_walk0.6,random,baseline,12488,143,1213,677,84,31.13888888888889,136,1.0,0.6
exp5_stow1.0_walk0.6,back_to_front,baseline,12488,143,1695,1328,95,90.81666666666666,244,1.0,0.6
exp5_stow1.0_walk0.6,outside_in,baseline,12488,143,1100,703,0,25.63888888888889,89,1.0,0.6
exp5_stow1.0_walk0.6,steffen,baseline,12488,143,683,437,0,7.594444444444444,63,1.0,0.6
exp5_stow1.0_walk0.6,random,baseline,12489,144,1227,677,82,33.977777777777774,135,1.0,0.6
exp5_stow1.0_walk0.6,back_to_front,baseline,12489,144,1625,1345,86,87.94444444444444,264,1.0,0.6
exp5_stow1.0_walk0.6,outside_in,baseline,12489,144,981,602,0,19.727777777777778,70,1.0,0.6
exp5_stow1.0_walk0.6,steffen,baseline,12489,144,688,344,0,6.961111111111111,42,1.0,0.6
exp5_stow1.0_walk0.6,random,baseline,12490,145,1194,648,84,29.227777777777778,85,1.0,0.6
exp5_stow1.0_walk0.6,back_to_front,baseline,12490,145,1630,1304,91,83.61666666666666,182,1.0,0.6
exp5_stow1.0_walk0.6,outside_in,baseline,12490,145,1053,710,0,26.233333333333334,74,1.0,0.6
exp5_stow1.0_walk0.6,steffen,baseline,12490,145,660,408,0,7.0055555555555555,43,1.0,0.6
exp5_stow1.0_walk0.6,random,baseline,12491,146,1376,613,88,32.955555555555556,116,1.0,0.6
exp5_stow1.0_walk0.6,back_to_front,baseline,12491,146,1563,1220,92,71.7611111111111,168,1.0,0.6
exp5_stow1.0_walk0.6,outside_in,baseline,12491,146,1070,554,0,19.238888888888887,66,1.0,0.6
exp5_stow1.0_walk0.6,steffen,baseline,12491,146,698,353,0,7.5,36,1.0,0.6
exp5_stow1.0_walk0.6,random,baseline,12492,147,1206,749,94,31.85,99,1.0,0.6
exp5_stow1.0_walk0.6,back_to_front,baseline,12492,147,1535,1320,89,77.85555555555555,190,1.0,0.6
exp5_stow1.0_walk0.6,outside_in,baseline,12492,147,1020,709,0,23.994444444444444,109,1.0,0.6
exp5_stow1.0_walk0.6,steffen,baseline,12492,147,690,626,0,8.988888888888889,60,1.0,0.6
exp5_stow1.0_walk0.6,random,baseline,12493,148,1259,695,97,34.016666666666666,97,1.0,0.6
exp5_stow1.0_walk0.6,back_to_front,baseline,12493,148,1578,1163,93,73.66666666666667,207,1.0,0.6
exp5_stow1.0_walk0.6,outside_in,baseline,12493,148,1055,618,0,23.205555555555556,91,1.0,0.6
exp5_stow1.0_walk0.6,steffen,baseline,12493,148,677,369,0,6.683333333333334,44,1.0,0.6
exp5_stow1.0_walk0.6,random,baseline,12494,149,1229,648,98,30.072222222222223,103,1.0,0.6
exp5_stow1.0_walk0.6,back_to_front,baseline,12494,149,1535,1323,83,80.86111111111111,245,1.0,0.6
exp5_stow1.0_walk0.6,outside_in,baseline,12494,149,1012,651,0,20.872222222222224,64,1.0,0.6
exp5_stow1.0_walk0.6,steffen,baseline,12494,149,678,422,0,6.9222222222222225,39,1.0,0.6
exp5_stow1.0_walk0.6,random,baseline,12495,150,1270,591,105,29.616666666666667,77,1.0,0.6
exp5_stow1.0_walk0.6,back_to_front,baseline,12495,150,1670,1143,88,85.46111111111111,212,1.0,0.6
exp5_stow1.0_walk0.6,outside_in,baseline,12495,150,1100,631,0,25.35,77,1.0,0.6
exp5_stow1.0_walk0.6,steffen,baseline,12495,150,665,410,0,6.866666666666666,39,1.0,0.6
exp5_stow1.0_walk0.6,random,baseline,12496,151,1247,675,96,31.566666666666666,95,1.0,0.6
exp5_stow1.0_walk0.6,back_to_front,baseline,12496,151,1544,1267,90,80.52777777777777,187,1.0,0.6
exp5_stow1.0_walk0.6,outside_in,baseline,12496,151,1021,646,0,22.06111111111111,71,1.0,0.6
exp5_stow1.0_walk0.6,steffen,baseline,12496,151,664,440,0,7.388888888888889,41,1.0,0.6
exp5_stow1.0_walk0.6,random,baseline,12497,152,1243,598,89,25.52777777777778,92,1.0,0.6
exp5_stow1.0_walk0.6,back_to_front,baseline,12497,152,1555,1149,93,71.51666666666667,176,1.0,0.6
exp5_stow1.0_walk0.6,outside_in,baseline,12497,152,1089,599,0,19.894444444444446,67,1.0,0.6
exp5_stow1.0_walk0.6,steffen,baseline,12497,152,695,439,0,7.511111111111111,40,1.0,0.6
exp5_stow1.0_walk0.6,random,baseline,12498,153,1198,572,96,26.605555555555554,102,1.0,0.6
exp5_stow1.0_walk0.6,back_to_front,baseline,12498,153,1488,1240,88,74.68888888888888,225,1.0,0.6
exp5_stow1.0_walk0.6,outside_in,baseline,12498,153,1046,623,0,24.766666666666666,118,1.0,0.6
exp5_stow1.0_walk0.6,steffen,baseline,12498,153,645,400,0,7.222222222222222,53,1.0,0.6
exp5_stow1.0_walk0.6,random,baseline,12499,154,1317,690,91,30.2,125,1.0,0.6
exp5_stow1.0_walk0.6,back_to_front,baseline,12499,154,1607,1263,86,78.52777777777777,191,1.0,0.6
exp5_stow1.0_walk0.6,outside_in,baseline,12499,154,1106,625,0,23.655555555555555,79,1.0,0.6
exp5_stow1.0_walk0.6,steffen,baseline,12499,154,723,524,0,9.355555555555556,66,1.0,0.6
exp5_stow1.0_walk0.6,random,baseline,12500,155,1230,629,91,29.477777777777778,83,1.0,0.6
exp5_stow1.0_walk0.6,back_to_front,baseline,12500,155,1550,1131,87,75.96111111111111,204,1.0,0.6
exp5_stow1.0_walk0.6,outside_in,baseline,12500,155,1005,563,0,19.266666666666666,55,1.0,0.6
exp5_stow1.0_walk0.6,steffen,baseline,12500,155,681,326,0,7.0,35,1.0,0.6
exp5_stow1.0_walk0.6,random,baseline,12501,156,1277,587,82,28.83888888888889,117,1.0,0.6
exp5_stow1.0_walk0.6,back_to_front,baseline,12501,156,1824,1349,89,107.64444444444445,272,1.0,0.6
exp5_stow1.0_walk0.6,outside_in,baseline,12501,156,1063,669,0,28.716666666666665,91,1.0,0.6
exp5_stow1.0_walk0.6,steffen,baseline,12501,156,659,284,0,6.605555555555555,34,1.0,0.6
exp5_stow1.0_walk0.6,random,baseline,12502,157,1245,518,101,27.42222222222222,106,1.0,0.6
exp5_stow1.0_walk0.6,back_to_front,baseline,12502,157,1603,1178,87,80.93888888888888,259,1.0,0.6
exp5_stow1.0_walk0.6,outside_in,baseline,12502,157,1032,525,0,21.883333333333333,66,1.0,0.6
exp5_stow1.0_walk0.6,steffen,baseline,12502,157,675,284,0,6.344444444444444,37,1.0,0.6
exp5_stow1.0_walk0.6,random,baseline,12503,158,1293,651,98,29.477777777777778,108,1.0,0.6
exp5_stow1.0_walk0.6,back_to_front,baseline,12503,158,1587,1273,84,74.99444444444444,202,1.0,0.6
exp5_stow1.0_walk0.6,outside_in,baseline,12503,158,1112,614,0,22.72222222222222,85,1.0,0.6
exp5_stow1.0_walk0.6,steffen,baseline,12503,158,720,352,0,7.044444444444444,34,1.0,0.6
exp5_stow1.0_walk0.6,random,baseline,12504,159,1264,573,72,28.233333333333334,115,1.0,0.6
exp5_stow1.0_walk0.6,back_to_front,baseline,12504,159,1731,1266,113,96.68333333333334,292,1.0,0.6
exp5_stow1.0_walk0.6,outside_in,baseline,12504,159,1096,575,0,23.18888888888889,76,1.0,0.6
exp5_stow1.0_walk0.6,steffen,baseline,12504,159,673,347,0,7.061111111111111,50,1.0,0.6
exp5_stow1.0_walk0.6,random,baseline,12505,160,1267,613,89,27.538888888888888,79,1.0,0.6
exp5_stow1.0_walk0.6,back_to_front,baseline,12505,160,1692,1303,105,84.34444444444445,184,1.0,0.6
exp5_stow1.0_walk0.6,outside_in,baseline,12505,160,1093,550,0,19.238888888888887,75,1.0,0.6
exp5_stow1.0_walk0.6,steffen,baseline,12505,160,691,404,0,7.488888888888889,33,1.0,0.6
exp5_stow1.0_walk0.6,random,baseline,12506,161,1273,666,90,28.25,97,1.0,0.6
exp5_stow1.0_walk0.6,back_to_front,baseline,12506,161,1670,1297,98,90.58333333333333,231,1.0,0.6
exp5_stow1.0_walk0.6,outside_in,baseline,12506,161,1043,725,0,22.961111111111112,78,1.0,0.6
exp5_stow1.0_walk0.6,steffen,baseline,12506,161,682,449,0,7.455555555555556,50,1.0,0.6
exp5_stow1.0_walk0.6,random,baseline,12507,162,1249,603,95,27.544444444444444,92,1.0,0.6
exp5_stow1.0_walk0.6,back_to_front,baseline,12507,162,1581,1217,93,75.59444444444445,179,1.0,0.6
exp5_stow1.0_walk0.6,outside_in,baseline,12507,162,1159,562,0,21.616666666666667,60,1.0,0.6
exp5_stow1.0_walk0.6,steffen,baseline,12507,162,702,393,0,7.427777777777778,41,1.0,0.6
exp5_stow1.0_walk0.6,random,baseline,12508,163,1168,652,80,26.15,113,1.0,0.6
exp5_stow1.0_walk0.6,back_to_front,baseline,12508,163,1622,1392,86,88.45555555555555,207,1.0,0.6
exp5_stow1.0_walk0.6,outside_in,baseline,12508,163,1044,607,0,19.783333333333335,78,1.0,0.6
exp5_stow1.0_walk0.6,steffen,baseline,12508,163,652,438,0,6.655555555555556,47,1.0,0.6
exp5_stow1.0_walk0.6,random,baseline,12509,164,1256,729,81,31.27777777777778,99,1.0,0.6
exp5_stow1.0_walk0.6,back_to_front,baseline,12509,164,1567,1358,90,83.43333333333334,201,1.0,0.6
exp5_stow1.0_walk0.6,outside_in,baseline,12509,164,1023,749,0,25.58888888888889,77,1.0,0.6
exp5_stow1.0_walk0.6,steffen,baseline,12509,164,699,400,0,7.088888888888889,51,1.0,0.6
exp5_stow1.0_walk0.6,random,baseline,12510,165,1297,659,97,29.933333333333334,116,1.0,0.6
exp5_stow1.0_walk0.6,back_to_front,baseline,12510,165,1782,1295,86,90.58333333333333,210,1.0,0.6
exp5_stow1.0_walk0.6,outside_in,baseline,12510,165,1102,623,0,25.816666666666666,99,1.0,0.6
exp5_stow1.0_walk0.6,steffen,baseline,12510,165,717,518,0,8.827777777777778,44,1.0,0.6
exp5_stow1.0_walk0.6,random,baseline,12511,166,1319,643,97,33.93888888888889,115,1.0,0.6
exp5_stow1.0_walk0.6,back_to_front,baseline,12511,166,1535,1201,85,71.08888888888889,172,1.0,0.6
exp5_stow1.0_walk0.6,outside_in,baseline,12511,166,1116,652,0,26.255555555555556,108,1.0,0.6
exp5_stow1.0_walk0.6,steffen,baseline,12511,166,701,399,0,7.738888888888889,57,1.0,0.6
exp5_stow1.0_walk0.6,random,baseline,12512,167,1226,627,102,26.47222222222222,99,1.0,0.6
exp5_stow1.0_walk0.6,back_to_front,baseline,12512,167,1665,1213,93,82.36666666666666,176,1.0,0.6
exp5_stow1.0_walk0.6,outside_in,baseline,12512,167,1134,560,0,21.711111111111112,76,1.0,0.6
exp5_stow1.0_walk0.6,steffen,baseline,12512,167,693,356,0,6.716666666666667,46,1.0,0.6
exp5_stow1.0_walk0.6,random,baseline,12513,168,1254,536,89,23.622222222222224,103,1.0,0.6
exp5_stow1.0_walk0.6,back_to_front,baseline,12513,168,1538,1142,84,77.12222222222222,232,1.0,0.6
exp5_stow1.0_walk0.6,outside_in,baseline,12513,168,1011,594,0,22.066666666666666,83,1.0,0.6
exp5_stow1.0_walk0.6,steffen,baseline,12513,168,689,372,0,7.238888888888889,60,1.0,0.6
exp5_stow1.0_walk0.6,random,baseline,12514,169,1354,599,84,32.81666666666667,143,1.0,0.6
exp5_stow1.0_walk0.6,back_to_front,baseline,12514,169,1613,1078,98,78.26666666666667,234,1.0,0.6
exp5_stow1.0_walk0.6,outside_in,baseline,12514,169,1095,568,0,23.933333333333334,83,1.0,0.6
exp5_stow1.0_walk0.6,steffen,baseline,12514,169,712,241,0,6.655555555555556,79,1.0,0.6
exp5_stow1.0_walk0.6,random,baseline,12515,170,1115,659,93,27.633333333333333,110,1.0,0.6
exp5_stow1.0_walk0.6,back_to_front,baseline,12515,170,1544,1320,83,82.32222222222222,217,1.0,0.6
exp5_stow1.0_walk0.6,outside_in,baseline,12515,170,980,668,0,21.77777777777778,75,1.0,0.6
exp5_stow1.0_walk0.6,steffen,baseline,12515,170,651,450,0,7.011111111111111,48,1.0,0.6
exp5_stow1.0_walk0.6,random,baseline,12516,171,1140,641,77,25.144444444444446,84,1.0,0.6
exp5_stow1.0_walk0.6,back_to_front,baseline,12516,171,1555,1294,92,80.94444444444444,218,1.0,0.6
exp5_stow1.0_walk0.6,outside_in,baseline,12516,171,948,531,0,16.205555555555556,60,1.0,0.6
exp5_stow1.0_walk0.6,steffen,baseline,12516,171,674,384,0,6.405555555555556,39,1.0,0.6
exp5_stow1.0_walk0.6,random,baseline,12517,172,1294,602,98,29.35,119,1.0,0.6
exp5_stow1.0_walk0.6,back_to_front,baseline,12517,172,1585,1272,72,77.51666666666667,192,1.0,0.6
exp5_stow1.0_walk0.6,outside_in,baseline,12517,172,1039,517,0,18.366666666666667,68,1.0,0.6
exp5_stow1.0_walk0.6,steffen,baseline,12517,172,677,378,0,6.4222222222222225,39,1.0,0.6
exp5_stow1.0_walk0.6,random,baseline,12518,173,1314,674,85,33.08888888888889,117,1.0,0.6
exp5_stow1.0_walk0.6,back_to_front,baseline,12518,173,1553,1236,72,77.03888888888889,189,1.0,0.6
exp5_stow1.0_walk0.6,outside_in,baseline,12518,173,1071,606,0,24.67222222222222,74,1.0,0.6
exp5_stow1.0_walk0.6,steffen,baseline,12518,173,677,460,0,7.711111111111111,47,1.0,0.6
exp5_stow1.0_walk0.6,random,baseline,12519,174,1245,632,84,28.272222222222222,88,1.0,0.6
exp5_stow1.0_walk0.6,back_to_front,baseline,12519,174,1667,1382,107,88.55,212,1.0,0.6
exp5_stow1.0_walk0.6,outside_in,baseline,12519,174,1059,697,0,24.183333333333334,70,1.0,0.6
exp5_stow1.0_walk0.6,steffen,baseline,12519,174,682,441,0,7.294444444444444,37,1.0,0.6
exp5_stow1.0_walk0.6,random,baseline,12520,175,1142,647,78,27.544444444444444,86,1.0,0.6
exp5_stow1.0_walk0.6,back_to_front,baseline,12520,175,1626,1249,90,84.61666666666666,243,1.0,0.6
exp5_stow1.0_walk0.6,outside_in,baseline,12520,175,988,672,0,23.133333333333333,79,1.0,0.6
exp5_stow1.0_walk0.6,steffen,baseline,12520,175,675,335,0,6.055555555555555,41,1.0,0.6
exp5_stow1.0_walk0.6,random,baseline,12521,176,1320,597,89,30.394444444444446,108,1.0,0.6
exp5_stow1.0_walk0.6,back_to_front,baseline,12521,176,1734,1337,99,89.85,259,1.0,0.6
exp5_stow1.0_walk0.6,outside_in,baseline,12521,176,1202,555,0,21.27777777777778,79,1.0,0.6
exp5_stow1.0_walk0.6,steffen,baseline,12521,176,721,313,0,7.555555555555555,40,1.0,0.6
exp5_stow1.0_walk0.6,random,baseline,12522,177,1270,635,93,29.455555555555556,94,1.0,0.6
exp5_stow1.0_walk0.6,back_to_front,baseline,12522,177,1448,1169,80,66.18888888888888,141,1.0,0.6
exp5_stow1.0_walk0.6,outside_in,baseline,12522,177,1082,584,0,22.933333333333334,94,1.0,0.6
exp5_stow1.0_walk0.6,steffen,baseline,12522,177,667,418,0,6.727777777777778,49,1.0,0.6
exp5_stow1.0_walk0.6,random,baseline,12523,178,1345,619,92,33.416666666666664,95,1.0,0.6
exp5_stow1.0_walk0.6,back_to_front,baseline,12523,178,1536,1239,91,74.07777777777778,186,1.0,0.6
exp5_stow1.0_walk0.6,outside_in,baseline,12523,178,1071,613,0,25.56111111111111,87,1.0,0.6
exp5_stow1.0_walk0.6,steffen,baseline,12523,178,679,352,0,6.566666666666666,37,1.0,0.6
exp5_stow1.0_walk0.6,random,baseline,12524,179,1262,581,83,32.06666666666667,106,1.0,0.6
exp5_stow1.0_walk0.6,back_to_front,baseline,12524,179,1711,1236,85,81.52777777777777,192,1.0,0.6
exp5_stow1.0_walk0.6,outside_in,baseline,12524,179,1011,564,0,21.883333333333333,70,1.0,0.6
exp5_stow1.0_walk0.6,steffen,baseline,12524,179,684,321,0,7.0777777777777775,38,1.0,0.6
exp5_stow1.0_walk0.6,random,baseline,12525,180,1299,716,100,31.733333333333334,110,1.0,0.6
exp5_stow1.0_walk0.6,back_to_front,baseline,12525,180,1546,1262,80,80.58888888888889,244,1.0,0.6
exp5_stow1.0_walk0.6,outside_in,baseline,12525,180,1032,640,0,19.711111111111112,88,1.0,0.6
exp5_stow1.0_walk0.6,steffen,baseline,12525,180,710,495,0,7.194444444444445,37,1.0,0.6
exp5_stow1.0_walk0.6,random,baseline,12526,181,1171,703,88,28.627777777777776,92,1.0,0.6
exp5_stow1.0_walk0.6,back_to_front,baseline,12526,181,1592,1374,87,78.62222222222222,237,1.0,0.6
exp5_stow1.0_walk0.6,outside_in,baseline,12526,181,1048,573,0,19.272222222222222,69,1.0,0.6
exp5_stow1.0_walk0.6,steffen,baseline,12526,181,699,459,0,7.8,57,1.0,0.6
exp5_stow1.0_walk0.6,random,baseline,12527,182,1244,591,104,27.366666666666667,109,1.0,0.6
exp5_stow1.0_walk0.6,back_to_front,baseline,12527,182,1602,1205,84,89.62777777777778,242,1.0,0.6
exp5_stow1.0_walk0.6,outside_in,baseline,12527,182,979,651,0,24.0,83,1.0,0.6
exp5_stow1.0_walk0.6,steffen,baseline,12527,182,666,425,0,7.083333333333333,38,1.0,0.6
exp5_stow1.0_walk0.6,random,baseline,12528,183,1290,644,89,31.1,81,1.0,0.6
exp5_stow1.0_walk0.6,back_to_front,baseline,12528,183,1700,1338,95,91.85555555555555,262,1.0,0.6
exp5_stow1.0_walk0.6,outside_in,baseline,12528,183,1136,652,0,24.133333333333333,94,1.0,0.6
exp5_stow1.0_walk0.6,steffen,baseline,12528,183,665,465,0,7.544444444444444,67,1.0,0.6
exp5_stow1.0_walk0.6,random,baseline,12529,184,1237,682,86,32.91111111111111,106,1.0,0.6
exp5_stow1.0_walk0.6,back_to_front,baseline,12529,184,1709,1335,106,88.37777777777778,203,1.0,0.6
exp5_stow1.0_walk0.6,outside_in,baseline,12529,184,1106,592,0,21.566666666666666,81,1.0,0.6
exp5_stow1.0_walk0.6,steffen,baseline,12529,184,690,322,0,6.655555555555556,39,1.0,0.6
exp5_stow1.0_walk0.6,random,baseline,12530,185,1207,657,92,28.916666666666668,110,1.0,0.6
exp5_stow1.0_walk0.6,back_to_front,baseline,12530,185,1523,1245,74,73.25555555555556,194,1.0,0.6
exp5_stow1.0_walk0.6,outside_in,baseline,12530,185,1038,576,0,19.316666666666666,61,1.0,0.6
exp5_stow1.0_walk0.6,steffen,baseline,12530,185,704,399,0,7.205555555555556,43,1.0,0.6
exp5_stow1.0_walk0.6,random,baseline,12531,186,1257,510,89,23.45,80,1.0,0.6
exp5_stow1.0_walk0.6,back_to_front,baseline,12531,186,1657,1304,92,80.73333333333333,246,1.0,0.6
exp5_stow1.0_walk0.6,outside_in,baseline,12531,186,1070,636,0,24.07777777777778,73,1.0,0.6
exp5_stow1.0_walk0.6,steffen,baseline,12531,186,690,424,0,7.2555555555555555,50,1.0,0.6
exp5_stow1.0_walk0.6,random,baseline,12532,187,1340,720,104,31.683333333333334,106,1.0,0.6
exp5_stow1.0_walk0.6,back_to_front,baseline,12532,187,1578,1211,87,75.98333333333333,222,1.0,0.6
exp5_stow1.0_walk0.6,outside_in,baseline,12532,187,1005,599,0,17.394444444444446,64,1.0,0.6
exp5_stow1.0_walk0.6,steffen,baseline,12532,187,685,485,0,7.555555555555555,36,1.0,0.6
exp5_stow1.0_walk0.6,random,baseline,12533,188,1339,746,89,36.31111111111111,115,1.0,0.6
exp5_stow1.0_walk0.6,back_to_front,baseline,12533,188,1724,1282,96,89.40555555555555,201,1.0,0.6
exp5_stow1.0_walk0.6,outside_in,baseline,12533,188,1087,675,0,24.011111111111113,76,1.0,0.6
exp5_stow1.0_walk0.6,steffen,baseline,12533,188,749,504,0,8.455555555555556,56,1.0,0.6
exp5_stow1.0_walk0.6,random,baseline,12534,189,1297,738,87,30.15,94,1.0,0.6
exp5_stow1.0_walk0.6,back_to_front,baseline,12534,189,1548,1297,88,79.88333333333334,218,1.0,0.6
exp5_stow1.0_walk0.6,outside_in,baseline,12534,189,1052,649,0,23.761111111111113,82,1.0,0.6
exp5_stow1.0_walk0.6,steffen,baseline,12534,189,673,424,0,7.788888888888889,49,1.0,0.6
exp5_stow1.0_walk0.6,random,baseline,12535,190,1215,607,89,22.83888888888889,84,1.0,0.6
exp5_stow1.0_walk0.6,back_to_front,baseline,12535,190,1653,1356,94,81.57222222222222,204,1.0,0.6
exp5_stow1.0_walk0.6,outside_in,baseline,12535,190,981,598,0,17.011111111111113,84,1.0,0.6
exp5_stow1.0_walk0.6,steffen,baseline,12535,190,673,399,0,6.683333333333334,41,1.0,0.6
exp5_stow1.0_walk0.6,random,baseline,12536,191,1314,607,91,28.766666666666666,116,1.0,0.6
exp5_stow1.0_walk0.6,back_to_front,baseline,12536,191,1710,1226,84,83.51666666666667,227,1.0,0.6
exp5_stow1.0_walk0.6,outside_in,baseline,12536,191,1108,498,0,18.272222222222222,64,1.0,0.6
exp5_stow1.0_walk0.6,steffen,baseline,12536,191,707,441,0,7.477777777777778,45,1.0,0.6
exp5_stow1.0_walk0.6,random,baseline,12537,192,1169,667,89,28.233333333333334,97,1.0,0.6
exp5_stow1.0_walk0.6,back_to_front,baseline,12537,192,1627,1268,88,86.17777777777778,238,1.0,0.6
exp5_stow1.0_walk0.6,outside_in,baseline,12537,192,1033,577,0,19.405555555555555,82,1.0,0.6
exp5_stow1.0_walk0.6,steffen,baseline,12537,192,665,470,0,7.516666666666667,39,1.0,0.6
exp5_stow1.0_walk0.6,random,baseline,12538,193,1206,686,85,30.916666666666668,105,1.0,0.6
exp5_stow1.0_walk0.6,back_to_front,baseline,12538,193,1381,1191,84,63.83888888888889,154,1.0,0.6
exp5_stow1.0_walk0.6,outside_in,baseline,12538,193,1125,672,0,28.872222222222224,84,1.0,0.6
exp5_stow1.0_walk0.6,steffen,baseline,12538,193,654,424,0,7.855555555555555,43,1.0,0.6
exp5_stow1.0_walk0.6,random,baseline,12539,194,1300,651,90,32.15,95,1.0,0.6
exp5_stow1.0_walk0.6,back_to_front,baseline,12539,194,1590,1200,90,80.88333333333334,202,1.0,0.6
exp5_stow1.0_walk0.6,outside_in,baseline,12539,194,1120,626,0,25.738888888888887,75,1.0,0.6
exp5_stow1.0_walk0.6,steffen,baseline,12539,194,701,384,0,8.244444444444444,35,1.0,0.6
exp5_stow1.0_walk0.6,random,baseline,12540,195,1179,800,88,34.105555555555554,112,1.0,0.6
exp5_stow1.0_walk0.6,back_to_front,baseline,12540,195,1577,1258,85,83.72222222222223,231,1.0,0.6
exp5_stow1.0_walk0.6,outside_in,baseline,12540,195,1077,720,0,28.372222222222224,84,1.0,0.6
exp5_stow1.0_walk0.6,steffen,baseline,12540,195,653,522,0,8.78888888888889,57,1.0,0.6
exp5_stow1.0_walk0.6,random,baseline,12541,196,1299,669,89,33.53333333333333,118,1.0,0.6
exp5_stow1.0_walk0.6,back_to_front,baseline,12541,196,1541,1142,85,68.66666666666667,157,1.0,0.6
exp5_stow1.0_walk0.6,outside_in,baseline,12541,196,1069,580,0,23.63888888888889,71,1.0,0.6
exp5_stow1.0_walk0.6,steffen,baseline,12541,196,680,385,0,7.35,37,1.0,0.6
exp5_stow1.0_walk0.6,random,baseline,12542,197,1236,599,78,35.94444444444444,138,1.0,0.6
exp5_stow1.0_walk0.6,back_to_front,baseline,12542,197,1718,1232,93,93.45555555555555,210,1.0,0.6
exp5_stow1.0_walk0.6,outside_in,baseline,12542,197,1073,582,0,26.633333333333333,78,1.0,0.6
exp5_stow1.0_walk0.6,steffen,baseline,12542,197,672,334,0,7.272222222222222,36,1.0,0.6
exp5_stow1.0_walk0.6,random,baseline,12543,198,1301,637,77,28.33888888888889,84,1.0,0.6
exp5_stow1.0_walk0.6,back_to_front,baseline,12543,198,1610,1377,91,85.05555555555556,213,1.0,0.6
exp5_stow1.0_walk0.6,outside_in,baseline,12543,198,1068,736,0,24.522222222222222,69,1.0,0.6
exp5_stow1.0_walk0.6,steffen,baseline,12543,198,678,575,0,8.533333333333333,43,1.0,0.6
exp5_stow1.0_walk0.6,random,baseline,12544,199,1257,615,105,32.38333333333333,108,1.0,0.6
exp5_stow1.0_walk0.6,back_to_front,baseline,12544,199,1624,1327,84,87.40555555555555,229,1.0,0.6
exp5_stow1.0_walk0.6,outside_in,baseline,12544,199,1073,563,0,21.238888888888887,82,1.0,0.6
exp5_stow1.0_walk0.6,steffen,baseline,12544,199,683,302,0,6.544444444444444,45,1.0,0.6
exp5_stow1.0_walk0.8,random,baseline,12345,0,1153,882,84,24.944444444444443,83,1.0,0.8
exp5_stow1.0_walk0.8,back_to_front,baseline,12345,0,1562,1748,94,90.53888888888889,236,1.0,0.8
exp5_stow1.0_walk0.8,outside_in,baseline,12345,0,1038,1034,0,23.566666666666666,79,1.0,0.8
exp5_stow1.0_walk0.8,steffen,baseline,12345,0,660,1200,0,10.733333333333333,51,1.0,0.8
exp5_stow1.0_walk0.8,random,baseline,12346,1,1228,1210,90,33.233333333333334,140,1.0,0.8
exp5_stow1.0_walk0.8,back_to_front,baseline,12346,1,1607,1783,92,92.86111111111111,230,1.0,0.8
exp5_stow1.0_walk0.8,outside_in,baseline,12346,1,1014,1194,0,25.56111111111111,90,1.0,0.8
exp5_stow1.0_walk0.8,steffen,baseline,12346,1,643,1326,0,12.727777777777778,55,1.0,0.8
exp5_stow1.0_walk0.8,random,baseline,12347,2,1393,1117,91,33.18888888888889,112,1.0,0.8
exp5_stow1.0_walk0.8,back_to_front,baseline,12347,2,1648,1825,87,80.6,193,1.0,0.8
exp5_stow1.0_walk0.8,outside_in,baseline,12347,2,1173,1089,0,26.8,78,1.0,0.8
exp5_stow1.0_walk0.8,steffen,baseline,12347,2,741,1540,0,14.244444444444444,46,1.0,0.8
exp5_stow1.0_walk0.8,random,baseline,12348,3,1303,1001,100,33.955555555555556,137,1.0,0.8
exp5_stow1.0_walk0.8,back_to_front,baseline,12348,3,1636,1736,115,84.27777777777777,243,1.0,0.8
exp5_stow1.0_walk0.8,outside_in,baseline,12348,3,1032,1171,0,26.522222222222222,74,1.0,0.8
exp5_stow1.0_walk0.8,steffen,baseline,12348,3,696,1364,0,13.577777777777778,74,1.0,0.8
exp5_stow1.0_walk0.8,random,baseline,12349,4,1381,936,77,32.477777777777774,126,1.0,0.8
exp5_stow1.0_walk0.8,back_to_front,baseline,12349,4,1697,1754,94,86.21666666666667,239,1.0,0.8
exp5_stow1.0_walk0.8,outside_in,baseline,12349,4,1144,1052,0,25.466666666666665,91,1.0,0.8
exp5_stow1.0_walk0.8,steffen,baseline,12349,4,756,1353,0,12.88888888888889,47,1.0,0.8
exp5_stow1.0_walk0.8,random,baseline,12350,5,1219,1006,87,32.022222222222226,106,1.0,0.8
exp5_stow1.0_walk0.8,back_to_front,baseline,12350,5,1810,1770,83,99.22222222222223,279,1.0,0.8
exp5_stow1.0_walk0.8,outside_in,baseline,12350,5,1087,1099,0,27.055555555555557,90,1.0,0.8
exp5_stow1.0_walk0.8,steffen,baseline,12350,5,699,1344,0,12.927777777777777,45,1.0,0.8
exp5_stow1.0_walk0.8,random,baseline,12351,6,1260,1004,96,33.12222222222222,104,1.0,0.8
exp5_stow1.0_walk0.8,back_to_front,baseline,12351,6,1624,1747,79,90.63888888888889,219,1.0,0.8
exp5_stow1.0_walk0.8,outside_in,baseline,12351,6,1117,892,0,23.761111111111113,85,1.0,0.8
exp5_stow1.0_walk0.8,steffen,baseline,12351,6,664,1126,0,11.222222222222221,48,1.0,0.8
exp5_stow1.0_walk0.8,random,baseline,12352,7,1287,1072,85,32.3,98,1.0,0.8
exp5_stow1.0_walk0.8,back_to_front,baseline,12352,7,1625,1703,83,87.57777777777778,242,1.0,0.8
exp5_stow1.0_walk0.8,outside_in,baseline,12352,7,1113,1006,0,25.822222222222223,91,1.0,0.8
exp5_stow1.0_walk0.8,steffen,baseline,12352,7,674,1241,0,11.927777777777777,53,1.0,0.8
exp5_stow1.0_walk0.8,random,baseline,12353,8,1222,1055,96,32.955555555555556,122,1.0,0.8
exp5_stow1.0_walk0.8,back_to_front,baseline,12353,8,1574,1806,86,84.07777777777778,217,1.0,0.8
exp5_stow1.0_walk0.8,outside_in,baseline,12353,8,998,1076,0,26.966666666666665,87,1.0,0.8
exp5_stow1.0_walk0.8,steffen,baseline,12353,8,661,1442,0,13.088888888888889,56,1.0,0.8
exp5_stow1.0_walk0.8,random,baseline,12354,9,1210,1046,86,33.983333333333334,104,1.0,0.8
exp5_stow1.0_walk0.8,back_to_front,baseline,12354,9,1600,1718,87,87.9888888888889,218,1.0,0.8
exp5_stow1.0_walk0.8,outside_in,baseline,12354,9,990,1062,0,28.383333333333333,88,1.0,0.8
exp5_stow1.0_walk0.8,steffen,baseline,12354,9,663,1242,0,12.13888888888889,50,1.0,0.8
exp5_stow1.0_walk0.8,random,baseline,12355,10,1229,965,88,29.31111111111111,102,1.0,0.8
exp5_stow1.0_walk0.8,back_to_front,baseline,12355,10,1425,1693,81,73.31111111111112,208,1.0,0.8
exp5_stow1.0_walk0.8,outside_in,baseline,12355,10,1058,1133,0,26.13888888888889,71,1.0,0.8
exp5_stow1.0_walk0.8,steffen,baseline,12355,10,655,1379,0,12.455555555555556,54,1.0,0.8
exp5_stow1.0_walk0.8,random,baseline,12356,11,1224,1138,91,33.40555555555556,93,1.0,0.8
exp5_stow1.0_walk0.8,back_to_front,baseline,12356,11,1466,1785,86,71.26666666666667,157,1.0,0.8
exp5_stow1.0_walk0.8,outside_in,baseline,12356,11,1057,1037,0,25.95,74,1.0,0.8
exp5_stow1.0_walk0.8,steffen,baseline,12356,11,674,1431,0,13.377777777777778,48,1.0,0.8
exp5_stow1.0_walk0.8,random,baseline,12357,12,1215,1013,75,30.444444444444443,114,1.0,0.8
exp5_stow1.0_walk0.8,back_to_front,baseline,12357,12,1636,1751,77,91.60555555555555,261,1.0,0.8
exp5_stow1.0_walk0.8,outside_in,baseline,12357,12,1058,1033,0,27.0,126,1.0,0.8
exp5_stow1.0_walk0.8,steffen,baseline,12357,12,685,1009,0,11.133333333333333,52,1.0,0.8
exp5_stow1.0_walk0.8,random,baseline,12358,13,1145,1109,82,31.305555555555557,95,1.0,0.8
exp5_stow1.0_walk0.8,back_to_front,baseline,12358,13,1551,1683,89,82.7611111111111,225,1.0,0.8
exp5_stow1.0_walk0.8,outside_in,baseline,12358,13,1018,1125,0,25.261111111111113,69,1.0,0.8
exp5_stow1.0_walk0.8,steffen,baseline,12358,13,653,1273,0,11.9,56,1.0,0.8
exp5_stow1.0_walk0.8,random,baseline,12359,14,1221,1107,94,34.65,136,1.0,0.8
exp5_stow1.0_walk0.8,back_to_front,baseline,12359,14,1598,1888,83,85.53333333333333,220,1.0,0.8
exp5_stow1.0_walk0.8,outside_in,baseline,12359,14,1008,1171,0,23.583333333333332,69,1.0,0.8
exp5_stow1.0_walk0.8,steffen,baseline,12359,14,699,1394,0,13.533333333333333,52,1.0,0.8
exp5_stow1.0_walk0.8,random,baseline,12360,15,1192,1096,87,32.85,141,1.0,0.8
exp5_stow1.0_walk0.8,back_to_front,baseline,12360,15,1535,1833,102,85.3,249,1.0,0.8
exp5_stow1.0_walk0.8,outside_in,baseline,12360,15,998,1062,0,24.272222222222222,83,1.0,0.8
exp5_stow1.0_walk0.8,steffen,baseline,12360,15,640,1336,0,12.444444444444445,51,1.0,0.8
exp5_stow1.0_walk0.8,random,baseline,12361,16,1353,1211,82,40.21111111111111,114,1.0,0.8
exp5_stow1.0_walk0.8,back_to_front,baseline,12361,16,1576,1783,95,85.6,201,1.0,0.8
exp5_stow1.0_walk0.8,outside_in,baseline,12361,16,1061,1091,0,26.961111111111112,96,1.0,0.8
exp5_stow1.0_walk0.8,steffen,baseline,12361,16,682,1237,0,12.383333333333333,57,1.0,0.8
exp5_stow1.0_walk0.8,random,baseline,12362,17,1256,1082,80,34.73888888888889,103,1.0,0.8
exp5_stow1.0_walk0.8,back_to_front,baseline,12362,17,1596,1830,102,93.29444444444445,251,1.0,0.8
exp5_stow1.0_walk0.8,outside_in,baseline,12362,17,1041,1103,0,25.994444444444444,83,1.0,0.8
exp5_stow1.0_walk0.8,steffen,baseline,12362,17,662,1344,0,13.161111111111111,47,1.0,0.8
exp5_stow1.0_walk0.8,random,baseline,12363,18,1159,1057,83,28.866666666666667,82,1.0,0.8
exp5_stow1.0_walk0.8,back_to_front,baseline,12363,18,1521,1582,98,83.4888888888889,251,1.0,0.8
exp5_stow1.0_walk0.8,outside_in,baseline,12363,18,1044,998,0,24.105555555555554,83,1.0,0.8
exp5_stow1.0_walk0.8,steffen,baseline,12363,18,669,1038,0,10.7,48,1.0,0.8
exp5_stow1.0_walk0.8,random,baseline,12364,19,1176,1137,89,32.63333333333333,129,1.0,0.8
exp5_stow1.0_walk0.8,back_to_front,baseline,12364,19,1603,1653,89,84.05555555555556,200,1.0,0.8
exp5_stow1.0_walk0.8,outside_in,baseline,12364,19,1069,1027,0,24.41111111111111,95,1.0,0.8
exp5_stow1.0_walk0.8,steffen,baseline,12364,19,704,1124,0,10.555555555555555,62,1.0,0.8
exp5_stow1.0_walk0.8,random,baseline,12365,20,1176,1098,102,34.94444444444444,113,1.0,0.8
exp5_stow1.0_walk0.8,back_to_front,baseline,12365,20,1612,1839,82,87.77777777777777,207,1.0,0.8
exp5_stow1.0_walk0.8,outside_in,baseline,12365,20,1133,1023,0,31.17222222222222,113,1.0,0.8
exp5_stow1.0_walk0.8,steffen,baseline,12365,20,664,1281,0,12.8,44,1.0,0.8
exp5_stow1.0_walk0.8,random,baseline,12366,21,1183,1010,78,30.72222222222222,118,1.0,0.8
exp5_stow1.0_walk0.8,back_to_front,baseline,12366,21,1630,1697,84,88.7388888888889,218,1.0,0.8
exp5_stow1.0_walk0.8,outside_in,baseline,12366,21,1033,975,0,25.966666666666665,95,1.0,0.8
exp5_stow1.0_walk0.8,steffen,baseline,12366,21,693,1130,0,11.88888888888889,49,1.0,0.8
exp5_stow1.0_walk0.8,random,baseline,12367,22,1303,996,88,32.2,86,1.0,0.8
exp5_stow1.0_walk0.8,back_to_front,baseline,12367,22,1560,1832,94,79.97222222222223,237,1.0,0.8
exp5_stow1.0_walk0.8,outside_in,baseline,12367,22,1143,979,0,26.205555555555556,77,1.0,0.8
exp5_stow1.0_walk0.8,steffen,baseline,12367,22,686,1396,0,13.327777777777778,50,1.0,0.8
exp5_stow1.0_walk0.8,random,baseline,12368,23,1313,1161,93,38.522222222222226,101,1.0,0.8
exp5_stow1.0_walk0.8,back_to_front,baseline,12368,23,1566,1730,76,87.61666666666666,253,1.0,0.8
exp5_stow1.0_walk0.8,outside_in,baseline,12368,23,991,970,0,22.283333333333335,67,1.0,0.8
exp5_stow1.0_walk0.8,steffen,baseline,12368,23,664,1332,0,13.688888888888888,53,1.0,0.8
exp5_stow1.0_walk0.8,random,baseline,12369,24,1237,1204,100,33.76111111111111,135,1.0,0.8
exp5_stow1.0_walk0.8,back_to_front,baseline,12369,24,1675,1882,89,97.6,250,1.0,0.8
exp5_stow1.0_walk0.8,outside_in,baseline,12369,24,1080,989,0,27.35,98,1.0,0.8
exp5_stow1.0_walk0.8,steffen,baseline,12369,24,717,1329,0,13.905555555555555,84,1.0,0.8
exp5_stow1.0_walk0.8,random,baseline,12370,25,1240,1108,81,29.488888888888887,139,1.0,0.8
exp5_stow1.0_walk0.8,back_to_front,baseline,12370,25,1605,1716,86,77.39444444444445,185,1.0,0.8
exp5_stow1.0_walk0.8,outside_in,baseline,12370,25,1070,923,0,22.505555555555556,65,1.0,0.8
exp5_stow1.0_walk0.8,steffen,baseline,12370,25,711,1171,0,12.655555555555555,90,1.0,0.8
exp5_stow1.0_walk0.8,random,baseline,12371,26,1239,1072,89,29.377777777777776,104,1.0,0.8
exp5_stow1.0_walk0.8,back_to_front,baseline,12371,26,1538,1710,84,76.07777777777778,211,1.0,0.8
exp5_stow1.0_walk0.8,outside_in,baseline,12371,26,1026,1021,0,22.52777777777778,98,1.0,0.8
exp5_stow1.0_walk0.8,steffen,baseline,12371,26,702,1241,0,11.633333333333333,64,1.0,0.8
exp5_stow1.0_walk0.8,random,baseline,12372,27,1355,1035,85,33.327777777777776,122,1.0,0.8
exp5_stow1.0_walk0.8,back_to_front,baseline,12372,27,1689,1795,97,95.55,233,1.0,0.8
exp5_stow1.0_walk0.8,outside_in,baseline,12372,27,1081,1103,0,27.68888888888889,106,1.0,0.8
exp5_stow1.0_walk0.8,steffen,baseline,12372,27,680,1381,0,12.955555555555556,52,1.0,0.8
exp5_stow1.0_walk0.8,random,baseline,12373,28,1177,1073,91,33.24444444444445,118,1.0,0.8
exp5_stow1.0_walk0.8,back_to_front,baseline,12373,28,1521,1786,82,76.81666666666666,197,1.0,0.8
exp5_stow1.0_walk0.8,outside_in,baseline,12373,28,1016,1100,0,23.933333333333334,77,1.0,0.8
exp5_stow1.0_walk0.8,steffen,baseline,12373,28,683,1309,0,12.144444444444444,50,1.0,0.8
exp5_stow1.0_walk0.8,random,baseline,12374,29,1206,1045,81,33.227777777777774,103,1.0,0.8
exp5_stow1.0_walk0.8,back_to_front,baseline,12374,29,1560,1779,88,80.07777777777778,188,1.0,0.8
exp5_stow1.0_walk0.8,outside_in,baseline,12374,29,1020,923,0,21.988888888888887,61,1.0,0.8
exp5_stow1.0_walk0.8,steffen,baseline,12374,29,679,1192,0,11.188888888888888,48,1.0,0.8
exp5_stow1.0_walk0.8,random,baseline,12375,30,1226,1033,101,30.88888888888889,93,1.0,0.8
exp5_stow1.0_walk0.8,back_to_front,baseline,12375,30,1556,1724,98,80.30555555555556,205,1.0,0.8
exp5_stow1.0_walk0.8,outside_in,baseline,12375,30,1069,1095,0,25.483333333333334,87,1.0,0.8
exp5_stow1.0_walk0.8,steffen,baseline,12375,30,690,1441,0,14.03888888888889,58,1.0,0.8
exp5_stow1.0_walk0.8,random,baseline,12376,31,1314,1087,89,37.6,121,1.0,0.8
exp5_stow1.0_walk0.8,back_to_front,baseline,12376,31,1617,1714,86,84.68888888888888,203,1.0,0.8
exp5_stow1.0_walk0.8,outside_in,baseline,12376,31,1025,1139,0,27.505555555555556,90,1.0,0.8
exp5_stow1.0_walk0.8,steffen,baseline,12376,31,717,1239,0,13.355555555555556,76,1.0,0.8
exp5_stow1.0_walk0.8,random,baseline,12377,32,1256,1068,79,33.105555555555554,105,1.0,0.8
exp5_stow1.0_walk0.8,back_to_front,baseline,12377,32,1742,1809,88,96.39444444444445,253,1.0,0.8
exp5_stow1.0_walk0.8,outside_in,baseline,12377,32,1032,1059,0,23.794444444444444,83,1.0,0.8
exp5_stow1.0_walk0.8,steffen,baseline,12377,32,697,1373,0,13.811111111111112,62,1.0,0.8
exp5_stow1.0_walk0.8,random,baseline,12378,33,1198,1075,95,32.18333333333333,103,1.0,0.8
exp5_stow1.0_walk0.8,back_to_front,baseline,12378,33,1629,1784,97,92.46111111111111,218,1.0,0.8
exp5_stow1.0_walk0.8,outside_in,baseline,12378,33,940,1073,0,25.416666666666668,89,1.0,0.8
exp5_stow1.0_walk0.8,steffen,baseline,12378,33,664,1259,0,12.555555555555555,70,1.0,0.8
exp5_stow1.0_walk0.8,random,baseline,12379,34,1151,1070,82,28.427777777777777,120,1.0,0.8
exp5_stow1.0_walk0.8,back_to_front,baseline,12379,34,1547,1791,89,86.11111111111111,221,1.0,0.8
exp5_stow1.0_walk0.8,outside_in,baseline,12379,34,1054,1037,0,23.88888888888889,79,1.0,0.8
exp5_stow1.0_walk0.8,steffen,baseline,12379,34,686,1269,0,12.372222222222222,51,1.0,0.8
exp5_stow1.0_walk0.8,random,baseline,12380,35,1124,1002,79,27.72222222222222,104,1.0,0.8
exp5_stow1.0_walk0.8,back_to_front,baseline,12380,35,1527,1766,88,76.68333333333334,180,1.0,0.8
exp5_stow1.0_walk0.8,outside_in,baseline,12380,35,1013,1156,0,25.877777777777776,89,1.0,0.8
exp5_stow1.0_walk0.8,steffen,baseline,12380,35,704,1366,0,12.822222222222223,47,1.0,0.8
exp5_stow1.0_walk0.8,random,baseline,12381,36,1201,1156,83,36.422222222222224,125,1.0,0.8
exp5_stow1.0_walk0.8,back_to_front,baseline,12381,36,1619,1782,87,87.83333333333333,207,1.0,0.8
exp5_stow1.0_walk0.8,outside_in,baseline,12381,36,1062,1096,0,24.07777777777778,69,1.0,0.8
exp5_stow1.0_walk0.8,steffen,baseline,12381,36,668,1461,0,13.433333333333334,54,1.0,0.8
exp5_stow1.0_walk0.8,random,baseline,12382,37,1300,1023,96,38.98888888888889,128,1.0,0.8
exp5_stow1.0_walk0.8,back_to_front,baseline,12382,37,1687,1628,100,93.49444444444444,260,1.0,0.8
exp5_stow1.0_walk0.8,outside_in,baseline,12382,37,1079,978,0,22.822222222222223,74,1.0,0.8
exp5_stow1.0_walk0.8,steffen,baseline,12382,37,716,1110,0,12.25,102,1.0,0.8
exp5_stow1.0_walk0.8,random,baseline,12383,38,1157,1165,89,33.733333333333334,113,1.0,0.8
exp5_stow1.0_walk0.8,back_to_front,baseline,12383,38,1629,1675,96,83.31111111111112,178,1.0,0.8
exp5_stow1.0_walk0.8,outside_in,baseline,12383,38,1017,1045,0,23.88888888888889,74,1.0,0.8
exp5_stow1.0_walk0.8,steffen,baseline,12383,38,678,1399,0,12.766666666666667,58,1.0,0.8
exp5_stow1.0_walk0.8,random,baseline,12384,39,1211,974,102,28.405555555555555,101,1.0,0.8
exp5_stow1.0_walk0.8,back_to_front,baseline,12384,39,1593,1669,93,80.04444444444445,206,1.0,0.8
exp5_stow1.0_walk0.8,outside_in,baseline,12384,39,1029,1023,0,22.644444444444446,86,1.0,0.8
exp5_stow1.0_walk0.8,steffen,baseline,12384,39,696,1289,0,12.594444444444445,51,1.0,0.8
exp5_stow1.0_walk0.8,random,baseline,12385,40,1204,1127,90,29.516666666666666,93,1.0,0.8
exp5_stow1.0_walk0.8,back_to_front,baseline,12385,40,1501,1749,93,81.77222222222223,261,1.0,0.8
exp5_stow1.0_walk0.8,outside_in,baseline,12385,40,1026,1055,0,26.761111111111113,94,1.0,0.8
exp5_stow1.0_walk0.8,steffen,baseline,12385,40,687,1410,0,13.488888888888889,45,1.0,0.8
exp5_stow1.0_walk0.8,random,baseline,12386,41,1198,1054,95,29.227777777777778,99,1.0,0.8
exp5_stow1.0_walk0.8,back_to_front,baseline,12386,41,1500,1829,74,77.9888888888889,213,1.0,0.8
exp5_stow1.0_walk0.8,outside_in,baseline,12386,41,985,990,0,22.238888888888887,107,1.0,0.8
exp5_stow1.0_walk0.8,steffen,baseline,12386,41,705,1341,0,12.5,59,1.0,0.8
exp5_stow1.0_walk0.8,random,baseline,12387,42,1231,1001,90,28.75,97,1.0,0.8
exp5_stow1.0_walk0.8,back_to_front,baseline,12387,42,1639,1601,96,85.32222222222222,209,1.0,0.8
exp5_stow1.0_walk0.8,outside_in,baseline,12387,42,970,952,0,21.77777777777778,80,1.0,0.8
exp5_stow1.0_walk0.8,steffen,baseline,12387,42,674,1060,0,11.161111111111111,45,1.0,0.8
exp5_stow1.0_walk0.8,random,baseline,12388,43,1226,1037,90,28.56111111111111,102,1.0,0.8
exp5_stow1.0_walk0.8,back_to_front,baseline,12388,43,1604,1773,99,77.43888888888888,187,1.0,0.8
exp5_stow1.0_walk0.8,outside_in,baseline,12388,43,1131,1007,0,26.594444444444445,84,1.0,0.8
exp5_stow1.0_walk0.8,steffen,baseline,12388,43,707,1431,0,13.083333333333334,50,1.0,0.8
exp5_stow1.0_walk0.8,random,baseline,12389,44,1230,1036,97,31.927777777777777,114,1.0,0.8
exp5_stow1.0_walk0.8,back_to_front,baseline,12389,44,1517,1738,80,78.79444444444445,211,1.0,0.8
exp5_stow1.0_walk0.8,outside_in,baseline,12389,44,1082,1049,0,25.405555555555555,71,1.0,0.8
exp5_stow1.0_walk0.8,steffen,baseline,12389,44,700,1144,0,11.405555555555555,45,1.0,0.8
exp5_stow1.0_walk0.8,random,baseline,12390,45,1239,1003,92,29.155555555555555,97,1.0,0.8
exp5_stow1.0_walk0.8,back_to_front,baseline,12390,45,1541,1651,96,78.43333333333334,218,1.0,0.8
exp5_stow1.0_walk0.8,outside_in,baseline,12390,45,1062,1007,0,22.755555555555556,71,1.0,0.8
exp5_stow1.0_walk0.8,steffen,baseline,12390,45,716,1213,0,11.583333333333334,46,1.0,0.8
exp5_stow1.0_walk0.8,random,baseline,12391,46,1306,1042,91,33.394444444444446,95,1.0,0.8
exp5_stow1.0_walk0.8,back_to_front,baseline,12391,46,1701,1731,92,85.6,185,1.0,0.8
exp5_stow1.0_walk0.8,outside_in,baseline,12391,46,1116,1041,0,25.694444444444443,67,1.0,0.8
exp5_stow1.0_walk0.8,steffen,baseline,12391,46,708,1270,0,13.333333333333334,48,1.0,0.8
exp5_stow1.0_walk0.8,random,baseline,12392,47,1319,1081,90,36.144444444444446,125,1.0,0.8
exp5_stow1.0_walk0.8,back_to_front,baseline,12392,47,1604,1720,85,82.25,216,1.0,0.8
exp5_stow1.0_walk0.8,outside_in,baseline,12392,47,1090,964,0,24.58888888888889,87,1.0,0.8
exp5_stow1.0_walk0.8,steffen,baseline,12392,47,699,1013,0,10.405555555555555,42,1.0,0.8
exp5_stow1.0_walk0.8,random,baseline,12393,48,1296,1181,101,32.83888888888889,91,1.0,0.8
exp5_stow1.0_walk0.8,back_to_front,baseline,12393,48,1679,1676,105,85.81666666666666,230,1.0,0.8
exp5_stow1.0_walk0.8,outside_in,baseline,12393,48,1133,959,0,23.166666666666668,79,1.0,0.8
exp5_stow1.0_walk0.8,steffen,baseline,12393,48,702,1259,0,12.133333333333333,50,1.0,0.8
exp5_stow1.0_walk0.8,random,baseline,12394,49,1205,1027,85,33.17777777777778,98,1.0,0.8
exp5_stow1.0_walk0.8,back_to_front,baseline,12394,49,1658,1697,79,79.58888888888889,213,1.0,0.8
exp5_stow1.0_walk0.8,outside_in,baseline,12394,49,1037,1022,0,26.372222222222224,83,1.0,0.8
exp5_stow1.0_walk0.8,steffen,baseline,12394,49,702,1144,0,10.994444444444444,42,1.0,0.8
exp5_stow1.0_walk0.8,random,baseline,12395,50,1135,1164,90,30.82777777777778,110,1.0,0.8
exp5_stow1.0_walk0.8,back_to_front,baseline,12395,50,1513,1603,93,81.05555555555556,259,1.0,0.8
exp5_stow1.0_walk0.8,outside_in,baseline,12395,50,978,954,0,21.05,85,1.0,0.8
exp5_stow1.0_walk0.8,steffen,baseline,12395,50,668,1203,0,11.827777777777778,45,1.0,0.8
exp5_stow1.0_walk0.8,random,baseline,12396,51,1291,1068,97,38.172222222222224,122,1.0,0.8
exp5_stow1.0_walk0.8,back_to_front,baseline,12396,51,1606,1801,90,86.86666666666666,226,1.0,0.8
exp5_stow1.0_walk0.8,outside_in,baseline,12396,51,1050,1031,0,21.616666666666667,75,1.0,0.8
exp5_stow1.0_walk0.8,steffen,baseline,12396,51,713,1159,0,12.011111111111111,46,1.0,0.8
exp5_stow1.0_walk0.8,random,baseline,12397,52,1166,1182,90,31.916666666666668,109,1.0,0.8
exp5_stow1.0_walk0.8,back_to_front,baseline,12397,52,1462,1607,91,76.82222222222222,208,1.0,0.8
exp5_stow1.0_walk0.8,outside_in,baseline,12397,52,996,992,0,20.983333333333334,87,1.0,0.8
exp5_stow1.0_walk0.8,steffen,baseline,12397,52,696,1202,0,11.166666666666666,47,1.0,0.8
exp5_stow1.0_walk0.8,random,baseline,12398,53,1182,1069,79,29.555555555555557,131,1.0,0.8
exp5_stow1.0_walk0.8,back_to_front,baseline,12398,53,1548,1704,97,80.90555555555555,234,1.0,0.8
exp5_stow1.0_walk0.8,outside_in,baseline,12398,53,1000,1117,0,21.927777777777777,72,1.0,0.8
exp5_stow1.0_walk0.8,steffen,baseline,12398,53,704,1288,0,11.555555555555555,49,1.0,0.8
exp5_stow1.0_walk0.8,random,baseline,12399,54,1325,1028,98,34.03888888888889,103,1.0,0.8
exp5_stow1.0_walk0.8,back_to_front,baseline,12399,54,1666,1640,90,87.82222222222222,243,1.0,0.8
exp5_stow1.0_walk0.8,outside_in,baseline,12399,54,1103,1090,0,26.41111111111111,88,1.0,0.8
exp5_stow1.0_walk0.8,steffen,baseline,12399,54,703,1095,0,11.772222222222222,74,1.0,0.8
exp5_stow1.0_walk0.8,random,baseline,12400,55,1252,1110,88,35.98888888888889,109,1.0,0.8
exp5_stow1.0_walk0.8,back_to_front,baseline,12400,55,1459,1721,89,80.78888888888889,246,1.0,0.8
exp5_stow1.0_walk0.8,outside_in,baseline,12400,55,965,1107,0,22.983333333333334,85,1.0,0.8
exp5_stow1.0_walk0.8,steffen,baseline,12400,55,661,1420,0,12.75,43,1.0,0.8
exp5_stow1.0_walk0.8,random,baseline,12401,56,1228,1192,85,37.98888888888889,104,1.0,0.8
exp5_stow1.0_walk0.8,back_to_front,baseline,12401,56,1562,1797,93,88.77222222222223,249,1.0,0.8
exp5_stow1.0_walk0.8,outside_in,baseline,12401,56,968,1035,0,25.58888888888889,70,1.0,0.8
exp5_stow1.0_walk0.8,steffen,baseline,12401,56,679,1188,0,12.472222222222221,48,1.0,0.8
exp5_stow1.0_walk0.8,random,baseline,12402,57,1279,1014,104,38.31666666666667,107,1.0,0.8
exp5_stow1.0_walk0.8,back_to_front,baseline,12402,57,1564,1775,90,77.68333333333334,195,1.0,0.8
exp5_stow1.0_walk0.8,outside_in,baseline,12402,57,1072,1004,0,26.22222222222222,108,1.0,0.8
exp5_stow1.0_walk0.8,steffen,baseline,12402,57,708,1147,0,12.066666666666666,64,1.0,0.8
exp5_stow1.0_walk0.8,random,baseline,12403,58,1354,1087,84,36.7,123,1.0,0.8
exp5_stow1.0_walk0.8,back_to_front,baseline,12403,58,1574,1781,85,78.14444444444445,188,1.0,0.8
exp5_stow1.0_walk0.8,outside_in,baseline,12403,58,1055,850,0,23.322222222222223,71,1.0,0.8
exp5_stow1.0_walk0.8,steffen,baseline,12403,58,713,982,0,10.911111111111111,46,1.0,0.8
exp5_stow1.0_walk0.8,random,baseline,12404,59,1273,1036,85,31.844444444444445,105,1.0,0.8
exp5_stow1.0_walk0.8,back_to_front,baseline,12404,59,1691,1845,84,85.17222222222222,212,1.0,0.8
exp5_stow1.0_walk0.8,outside_in,baseline,12404,59,1143,916,0,23.283333333333335,80,1.0,0.8
exp5_stow1.0_walk0.8,steffen,baseline,12404,59,732,1192,0,12.016666666666667,54,1.0,0.8
exp5_stow1.0_walk0.8,random,baseline,12405,60,1325,1068,98,37.67777777777778,144,1.0,0.8
exp5_stow1.0_walk0.8,back_to_front,baseline,12405,60,1656,1662,98,85.80555555555556,220,1.0,0.8
exp5_stow1.0_walk0.8,outside_in,baseline,12405,60,1073,1047,0,26.72222222222222,75,1.0,0.8
exp5_stow1.0_walk0.8,steffen,baseline,12405,60,701,1286,0,12.622222222222222,52,1.0,0.8
exp5_stow1.0_walk0.8,random,baseline,12406,61,1199,1156,96,31.738888888888887,104,1.0,0.8
exp5_stow1.0_walk0.8,back_to_front,baseline,12406,61,1745,1809,87,97.62777777777778,244,1.0,0.8
exp5_stow1.0_walk0.8,outside_in,baseline,12406,61,1051,1046,0,24.68888888888889,117,1.0,0.8
exp5_stow1.0_walk0.8,steffen,baseline,12406,61,676,1320,0,12.438888888888888,52,1.0,0.8
exp5_stow1.0_walk0.8,random,baseline,12407,62,1185,1011,88,29.877777777777776,107,1.0,0.8
exp5_stow1.0_walk0.8,back_to_front,baseline,12407,62,1612,1797,93,85.6,241,1.0,0.8
exp5_stow1.0_walk0.8,outside_in,baseline,12407,62,1015,949,0,20.47222222222222,88,1.0,0.8
exp5_stow1.0_walk0.8,steffen,baseline,12407,62,687,1239,0,12.022222222222222,52,1.0,0.8
exp5_stow1.0_walk0.8,random,baseline,12408,63,1250,1017,93,32.3,89,1.0,0.8
exp5_stow1.0_walk0.8,back_to_front,baseline,12408,63,1675,1718,96,87.58888888888889,234,1.0,0.8
exp5_stow1.0_walk0.8,outside_in,baseline,12408,63,1154,1070,0,26.86111111111111,96,1.0,0.8
exp5_stow1.0_walk0.8,steffen,baseline,12408,63,727,1348,0,13.616666666666667,61,1.0,0.8
exp5_stow1.0_walk0.8,random,baseline,12409,64,1342,1043,95,32.41111111111111,118,1.0,0.8
exp5_stow1.0_walk0.8,back_to_front,baseline,12409,64,1599,1856,97,94.48333333333333,252,1.0,0.8
exp5_stow1.0_walk0.8,outside_in,baseline,12409,64,1073,1047,0,24.355555555555554,82,1.0,0.8
exp5_stow1.0_walk0.8,steffen,baseline,12409,64,679,1287,0,12.055555555555555,63,1.0,0.8
exp5_stow1.0_walk0.8,random,baseline,12410,65,1245,1144,91,32.727777777777774,95,1.0,0.8
exp5_stow1.0_walk0.8,back_to_front,baseline,12410,65,1596,1825,97,91.33333333333333,212,1.0,0.8
exp5_stow1.0_walk0.8,outside_in,baseline,12410,65,1036,1141,0,26.16111111111111,90,1.0,0.8
exp5_stow1.0_walk0.8,steffen,baseline,12410,65,698,1335,0,12.316666666666666,49,1.0,0.8
exp5_stow1.0_walk0.8,random,baseline,12411,66,1321,1069,96,36.82222222222222,141,1.0,0.8
exp5_stow1.0_walk0.8,back_to_front,baseline,12411,66,1698,1618,96,90.35,242,1.0,0.8
exp5_stow1.0_walk0.8,outside_in,baseline,12411,66,1056,1042,0,27.02777777777778,93,1.0,0.8
exp5_stow1.0_walk0.8,steffen,baseline,12411,66,707,1007,0,11.527777777777779,77,1.0,0.8
exp5_stow1.0_walk0.8,random,baseline,12412,67,1247,1107,78,38.205555555555556,119,1.0,0.8
exp5_stow1.0_walk0.8,back_to_front,baseline,12412,67,1706,1832,98,91.65,220,1.0,0.8
exp5_stow1.0_walk0.8,outside_in,baseline,12412,67,1068,1047,0,24.283333333333335,97,1.0,0.8
exp5_stow1.0_walk0.8,steffen,baseline,12412,67,695,1305,0,11.938888888888888,46,1.0,0.8
exp5_stow1.0_walk0.8,random,baseline,12413,68,1257,1041,107,32.93888888888889,126,1.0,0.8
exp5_stow1.0_walk0.8,back_to_front,baseline,12413,68,1667,1678,83,90.47777777777777,240,1.0,0.8
exp5_stow1.0_walk0.8,outside_in,baseline,12413,68,992,1014,0,25.072222222222223,80,1.0,0.8
exp5_stow1.0_walk0.8,steffen,baseline,12413,68,684,1154,0,12.444444444444445,45,1.0,0.8
exp5_stow1.0_walk0.8,random,baseline,12414,69,1321,1172,86,37.31666666666667,117,1.0,0.8
exp5_stow1.0_walk0.8,back_to_front,baseline,12414,69,1617,1723,85,83.80555555555556,220,1.0,0.8
exp5_stow1.0_walk0.8,outside_in,baseline,12414,69,1103,1014,0,24.283333333333335,120,1.0,0.8
exp5_stow1.0_walk0.8,steffen,baseline,12414,69,688,1258,0,12.694444444444445,54,1.0,0.8
exp5_stow1.0_walk0.8,random,baseline,12415,70,1173,1105,90,29.766666666666666,94,1.0,0.8
exp5_stow1.0_walk0.8,back_to_front,baseline,12415,70,1570,1875,88,87.62222222222222,203,1.0,0.8
exp5_stow1.0_walk0.8,outside_in,baseline,12415,70,1075,1028,0,26.883333333333333,95,1.0,0.8
exp5_stow1.0_walk0.8,steffen,baseline,12415,70,713,1470,0,13.444444444444445,59,1.0,0.8
exp5_stow1.0_walk0.8,random,baseline,12416,71,1219,1022,81,29.288888888888888,124,1.0,0.8
exp5_stow1.0_walk0.8,back_to_front,baseline,12416,71,1607,1818,92,86.41666666666667,199,1.0,0.8
exp5_stow1.0_walk0.8,outside_in,baseline,12416,71,1071,1012,0,25.677777777777777,74,1.0,0.8
exp5_stow1.0_walk0.8,steffen,baseline,12416,71,713,1434,0,13.9,55,1.0,0.8
exp5_stow1.0_walk0.8,random,baseline,12417,72,1246,989,85,32.30555555555556,104,1.0,0.8
exp5_stow1.0_walk0.8,back_to_front,baseline,12417,72,1581,1663,93,79.7,200,1.0,0.8
exp5_stow1.0_walk0.8,outside_in,baseline,12417,72,1138,987,0,24.02777777777778,86,1.0,0.8
exp5_stow1.0_walk0.8,steffen,baseline,12417,72,692,1148,0,11.944444444444445,45,1.0,0.8
exp5_stow1.0_walk0.8,random,baseline,12418,73,1259,1133,89,37.49444444444445,170,1.0,0.8
exp5_stow1.0_walk0.8,back_to_front,baseline,12418,73,1574,1763,93,91.36111111111111,243,1.0,0.8
exp5_stow1.0_walk0.8,outside_in,baseline,12418,73,1017,1065,0,27.288888888888888,95,1.0,0.8
exp5_stow1.0_walk0.8,steffen,baseline,12418,73,659,1109,0,11.355555555555556,47,1.0,0.8
exp5_stow1.0_walk0.8,random,baseline,12419,74,1249,1163,92,36.34444444444444,109,1.0,0.8
exp5_stow1.0_walk0.8,back_to_front,baseline,12419,74,1495,1692,80,72.08333333333333,200,1.0,0.8
exp5_stow1.0_walk0.8,outside_in,baseline,12419,74,1046,1001,0,21.216666666666665,89,1.0,0.8
exp5_stow1.0_walk0.8,steffen,baseline,12419,74,693,1278,0,12.3,65,1.0,0.8
exp5_stow1.0_walk0.8,random,baseline,12420,75,1211,1104,93,29.82777777777778,105,1.0,0.8
exp5_stow1.0_walk0.8,back_to_front,baseline,12420,75,1664,1704,89,88.73333333333333,240,1.0,0.8
exp5_stow1.0_walk0.8,outside_in,baseline,12420,75,1045,1068,0,23.805555555555557,74,1.0,0.8
exp5_stow1.0_walk0.8,steffen,baseline,12420,75,711,1351,0,12.866666666666667,49,1.0,0.8
exp5_stow1.0_walk0.8,random,baseline,12421,76,1238,1079,98,37.327777777777776,128,1.0,0.8
exp5_stow1.0_walk0.8,back_to_front,baseline,12421,76,1493,1778,86,85.71666666666667,207,1.0,0.8
exp5_stow1.0_walk0.8,outside_in,baseline,12421,76,1020,1157,0,27.022222222222222,81,1.0,0.8
exp5_stow1.0_walk0.8,steffen,baseline,12421,76,675,1326,0,13.2,45,1.0,0.8
exp5_stow1.0_walk0.8,random,baseline,12422,77,1301,1253,87,37.955555555555556,119,1.0,0.8
exp5_stow1.0_walk0.8,back_to_front,baseline,12422,77,1606,1936,79,88.04444444444445,210,1.0,0.8
exp5_stow1.0_walk0.8,outside_in,baseline,12422,77,1020,1138,0,25.605555555555554,81,1.0,0.8
exp5_stow1.0_walk0.8,steffen,baseline,12422,77,700,1309,0,13.511111111111111,58,1.0,0.8
exp5_stow1.0_walk0.8,random,baseline,12423,78,1267,1139,99,37.86666666666667,156,1.0,0.8
exp5_stow1.0_walk0.8,back_to_front,baseline,12423,78,1765,1688,89,101.72222222222223,300,1.0,0.8
exp5_stow1.0_walk0.8,outside_in,baseline,12423,78,1086,1178,0,27.35,80,1.0,0.8
exp5_stow1.0_walk0.8,steffen,baseline,12423,78,689,1268,0,13.177777777777777,60,1.0,0.8
exp5_stow1.0_walk0.8,random,baseline,12424,79,1219,1015,87,28.25,99,1.0,0.8
exp5_stow1.0_walk0.8,back_to_front,baseline,12424,79,1547,1564,91,75.08888888888889,202,1.0,0.8
exp5_stow1.0_walk0.8,outside_in,baseline,12424,79,1009,948,0,21.461111111111112,72,1.0,0.8
exp5_stow1.0_walk0.8,steffen,baseline,12424,79,704,1118,0,11.177777777777777,56,1.0,0.8
exp5_stow1.0_walk0.8,random,baseline,12425,80,1226,1043,97,32.077777777777776,109,1.0,0.8
exp5_stow1.0_walk0.8,back_to_front,baseline,12425,80,1552,1771,95,90.58888888888889,289,1.0,0.8
exp5_stow1.0_walk0.8,outside_in,baseline,12425,80,1095,938,0,25.47222222222222,109,1.0,0.8
exp5_stow1.0_walk0.8,steffen,baseline,12425,80,678,1170,0,11.838888888888889,52,1.0,0.8
exp5_stow1.0_walk0.8,random,baseline,12426,81,1278,1069,97,37.233333333333334,179,1.0,0.8
exp5_stow1.0_walk0.8,back_to_front,baseline,12426,81,1528,1765,77,76.82777777777778,174,1.0,0.8
exp5_stow1.0_walk0.8,outside_in,baseline,12426,81,1006,1137,0,25.155555555555555,85,1.0,0.8
exp5_stow1.0_walk0.8,steffen,baseline,12426,81,662,1391,0,12.261111111111111,45,1.0,0.8
exp5_stow1.0_walk0.8,random,baseline,12427,82,1256,1048,81,31.466666666666665,102,1.0,0.8
exp5_stow1.0_walk0.8,back_to_front,baseline,12427,82,1670,1768,91,99.65555555555555,245,1.0,0.8
exp5_stow1.0_walk0.8,outside_in,baseline,12427,82,1040,1037,0,27.86111111111111,121,1.0,0.8
exp5_stow1.0_walk0.8,steffen,baseline,12427,82,659,1239,0,12.372222222222222,54,1.0,0.8
exp5_stow1.0_walk0.8,random,baseline,12428,83,1240,1134,80,37.13333333333333,116,1.0,0.8
exp5_stow1.0_walk0.8,back_to_front,baseline,12428,83,1614,1790,93,88.84444444444445,195,1.0,0.8
exp5_stow1.0_walk0.8,outside_in,baseline,12428,83,1091,1005,0,25.68888888888889,74,1.0,0.8
exp5_stow1.0_walk0.8,steffen,baseline,12428,83,693,1285,0,12.783333333333333,47,1.0,0.8
exp5_stow1.0_walk0.8,random,baseline,12429,84,1339,1073,87,37.19444444444444,147,1.0,0.8
exp5_stow1.0_walk0.8,back_to_front,baseline,12429,84,1788,1758,96,93.78888888888889,213,1.0,0.8
exp5_stow1.0_walk0.8,outside_in,baseline,12429,84,1148,1106,0,26.766666666666666,82,1.0,0.8
exp5_stow1.0_walk0.8,steffen,baseline,12429,84,720,1285,0,12.844444444444445,64,1.0,0.8
exp5_stow1.0_walk0.8,random,baseline,12430,85,1264,1068,103,34.72222222222222,145,1.0,0.8
exp5_stow1.0_walk0.8,back_to_front,baseline,12430,85,1654,1623,87,85.94444444444444,195,1.0,0.8
exp5_stow1.0_walk0.8,outside_in,baseline,12430,85,1056,1009,0,25.855555555555554,80,1.0,0.8
exp5_stow1.0_walk0.8,steffen,baseline,12430,85,683,1192,0,11.277777777777779,46,1.0,0.8
exp5_stow1.0_walk0.8,random,baseline,12431,86,1362,1197,97,35.93333333333333,116,1.0,0.8
exp5_stow1.0_walk0.8,back_to_front,baseline,12431,86,1489,1725,84,80.87222222222222,219,1.0,0.8
exp5_stow1.0_walk0.8,outside_in,baseline,12431,86,1068,937,0,24.711111111111112,99,1.0,0.8
exp5_stow1.0_walk0.8,steffen,baseline,12431,86,666,1420,0,13.78888888888889,54,1.0,0.8
exp5_stow1.0_walk0.8,random,baseline,12432,87,1208,1069,95,28.038888888888888,97,1.0,0.8
exp5_stow1.0_walk0.8,back_to_front,baseline,12432,87,1602,1853,92,89.78333333333333,239,1.0,0.8
exp5_stow1.0_walk0.8,outside_in,baseline,12432,87,1027,948,0,22.383333333333333,81,1.0,0.8
exp5_stow1.0_walk0.8,steffen,baseline,12432,87,686,1130,0,10.705555555555556,44,1.0,0.8
exp5_stow1.0_walk0.8,random,baseline,12433,88,1268,1083,90,33.644444444444446,103,1.0,0.8
exp5_stow1.0_walk0.8,back_to_front,baseline,12433,88,1569,1763,83,82.36111111111111,209,1.0,0.8
exp5_stow1.0_walk0.8,outside_in,baseline,12433,88,992,948,0,23.794444444444444,87,1.0,0.8
exp5_stow1.0_walk0.8,steffen,baseline,12433,88,675,1118,0,11.277777777777779,46,1.0,0.8
exp5_stow1.0_walk0.8,random,baseline,12434,89,1185,1109,92,31.916666666666668,121,1.0,0.8
exp5_stow1.0_walk0.8,back_to_front,baseline,12434,89,1428,1729,84,77.04444444444445,197,1.0,0.8
exp5_stow1.0_walk0.8,outside_in,baseline,12434,89,1019,986,0,25.094444444444445,76,1.0,0.8
exp5_stow1.0_walk0.8,steffen,baseline,12434,89,663,1314,0,12.316666666666666,56,1.0,0.8
exp5_stow1.0_walk0.8,random,baseline,12435,90,1269,1038,100,38.86666666666667,128,1.0,0.8
exp5_stow1.0_walk0.8,back_to_front,baseline,12435,90,1662,1900,87,91.45,211,1.0,0.8
exp5_stow1.0_walk0.8,outside_in,baseline,12435,90,1113,1190,0,33.93888888888889,117,1.0,0.8
exp5_stow1.0_walk0.8,steffen,baseline,12435,90,718,1045,0,12.072222222222223,72,1.0,0.8
exp5_stow1.0_walk0.8,random,baseline,12436,91,1154,1160,101,34.46666666666667,133,1.0,0.8
exp5_stow1.0_walk0.8,back_to_front,baseline,12436,91,1688,1765,85,99.69444444444444,264,1.0,0.8
exp5_stow1.0_walk0.8,outside_in,baseline,12436,91,1004,982,0,23.494444444444444,81,1.0,0.8
exp5_stow1.0_walk0.8,steffen,baseline,12436,91,658,975,0,10.272222222222222,40,1.0,0.8
exp5_stow1.0_walk0.8,random,baseline,12437,92,1232,1117,93,37.95,108,1.0,0.8
exp5_stow1.0_walk0.8,back_to_front,baseline,12437,92,1607,1793,93,87.81111111111112,217,1.0,0.8
exp5_stow1.0_walk0.8,outside_in,baseline,12437,92,1054,1132,0,31.444444444444443,136,1.0,0.8
exp5_stow1.0_walk0.8,steffen,baseline,12437,92,681,1263,0,13.28888888888889,50,1.0,0.8
exp5_stow1.0_walk0.8,random,baseline,12438,93,1129,1098,94,31.33888888888889,132,1.0,0.8
exp5_stow1.0_walk0.8,back_to_front,baseline,12438,93,1670,1823,87,90.91666666666667,239,1.0,0.8
exp5_stow1.0_walk0.8,outside_in,baseline,12438,93,1037,1141,0,26.07777777777778,74,1.0,0.8
exp5_stow1.0_walk0.8,steffen,baseline,12438,93,698,1357,0,13.061111111111112,49,1.0,0.8
exp5_stow1.0_walk0.8,random,baseline,12439,94,1194,936,92,29.82777777777778,96,1.0,0.8
exp5_stow1.0_walk0.8,back_to_front,baseline,12439,94,1544,1764,89,86.03333333333333,232,1.0,0.8
exp5_stow1.0_walk0.8,outside_in,baseline,12439,94,1045,1165,0,27.216666666666665,93,1.0,0.8
exp5_stow1.0_walk0.8,steffen,baseline,12439,94,664,1201,0,11.644444444444444,46,1.0,0.8
exp5_stow1.0_walk0.8,random,baseline,12440,95,1291,1095,89,37.7,157,1.0,0.8
exp5_stow1.0_walk0.8,back_to_front,baseline,12440,95,1544,1780,93,88.31111111111112,245,1.0,0.8
exp5_stow1.0_walk0.8,outside_in,baseline,12440,95,1064,1046,0,30.011111111111113,95,1.0,0.8
exp5_stow1.0_walk0.8,steffen,baseline,12440,95,645,1249,0,12.53888888888889,44,1.0,0.8
exp5_stow1.0_walk0.8,random,baseline,12441,96,1319,1083,90,34.21666666666667,111,1.0,0.8
exp5_stow1.0_walk0.8,back_to_front,baseline,12441,96,1489,1673,88,75.09444444444445,177,1.0,0.8
exp5_stow1.0_walk0.8,outside_in,baseline,12441,96,1057,1092,0,25.144444444444446,84,1.0,0.8
exp5_stow1.0_walk0.8,steffen,baseline,12441,96,691,1257,0,12.28888888888889,52,1.0,0.8
exp5_stow1.0_walk0.8,random,baseline,12442,97,1275,1130,93,34.58888888888889,111,1.0,0.8
exp5_stow1.0_walk0.8,back_to_front,baseline,12442,97,1669,1804,93,90.58888888888889,203,1.0,0.8
exp5_stow1.0_walk0.8,outside_in,baseline,12442,97,1126,1095,0,32.605555555555554,106,1.0,0.8
exp5_stow1.0_walk0.8,steffen,baseline,12442,97,714,1359,0,14.527777777777779,59,1.0,0.8
exp5_stow1.0_walk0.8,random,baseline,12443,98,1277,1188,85,38.65,128,1.0,0.8
exp5_stow1.0_walk0.8,back_to_front,baseline,12443,98,1633,1804,87,86.91111111111111,214,1.0,0.8
exp5_stow1.0_walk0.8,outside_in,baseline,12443,98,1070,1080,0,29.627777777777776,100,1.0,0.8
exp5_stow1.0_walk0.8,steffen,baseline,12443,98,678,1331,0,13.377777777777778,56,1.0,0.8
exp5_stow1.0_walk0.8,random,baseline,12444,99,1159,1067,84,30.961111111111112,107,1.0,0.8
exp5_stow1.0_walk0.8,back_to_front,baseline,12444,99,1511,1753,93,80.68888888888888,211,1.0,0.8
exp5_stow1.0_walk0.8,outside_in,baseline,12444,99,1045,976,0,23.177777777777777,71,1.0,0.8
exp5_stow1.0_walk0.8,steffen,baseline,12444,99,694,1221,0,11.588888888888889,64,1.0,0.8
exp5_stow1.0_walk0.8,random,baseline,12445,100,1160,926,91,32.40555555555556,94,1.0,0.8
exp5_stow1.0_walk0.8,back_to_front,baseline,12445,100,1550,1694,85,85.71111111111111,221,1.0,0.8
exp5_stow1.0_walk0.8,outside_in,baseline,12445,100,983,968,0,20.72222222222222,72,1.0,0.8
exp5_stow1.0_walk0.8,steffen,baseline,12445,100,665,1075,0,10.688888888888888,47,1.0,0.8
exp5_stow1.0_walk0.8,random,baseline,12446,101,1172,1036,97,32.81666666666667,155,1.0,0.8
exp5_stow1.0_walk0.8,back_to_front,baseline,12446,101,1541,1822,99,87.77222222222223,219,1.0,0.8
exp5_stow1.0_walk0.8,outside_in,baseline,12446,101,1051,1109,0,27.305555555555557,89,1.0,0.8
exp5_stow1.0_walk0.8,steffen,baseline,12446,101,692,1243,0,13.033333333333333,53,1.0,0.8
exp5_stow1.0_walk0.8,random,baseline,12447,102,1291,1003,99,29.366666666666667,98,1.0,0.8
exp5_stow1.0_walk0.8,back_to_front,baseline,12447,102,1596,1793,87,84.67222222222222,247,1.0,0.8
exp5_stow1.0_walk0.8,outside_in,baseline,12447,102,1123,1087,0,24.788888888888888,95,1.0,0.8
exp5_stow1.0_walk0.8,steffen,baseline,12447,102,735,1400,0,12.822222222222223,52,1.0,0.8
exp5_stow1.0_walk0.8,random,baseline,12448,103,1249,1024,88,33.56111111111111,112,1.0,0.8
exp5_stow1.0_walk0.8,back_to_front,baseline,12448,103,1531,1795,75,83.33888888888889,223,1.0,0.8
exp5_stow1.0_walk0.8,outside_in,baseline,12448,103,1093,1110,0,27.5,96,1.0,0.8
exp5_stow1.0_walk0.8,steffen,baseline,12448,103,670,1385,0,12.794444444444444,43,1.0,0.8
exp5_stow1.0_walk0.8,random,baseline,12449,104,1269,1136,96,33.205555555555556,122,1.0,0.8
exp5_stow1.0_walk0.8,back_to_front,baseline,12449,104,1424,1682,83,65.97777777777777,151,1.0,0.8
exp5_stow1.0_walk0.8,outside_in,baseline,12449,104,1070,1032,0,25.122222222222224,90,1.0,0.8
exp5_stow1.0_walk0.8,steffen,baseline,12449,104,689,1202,0,12.311111111111112,43,1.0,0.8
exp5_stow1.0_walk0.8,random,baseline,12450,105,1241,1059,100,30.38888888888889,121,1.0,0.8
exp5_stow1.0_walk0.8,back_to_front,baseline,12450,105,1536,1667,86,74.11666666666666,203,1.0,0.8
exp5_stow1.0_walk0.8,outside_in,baseline,12450,105,1051,1107,0,24.572222222222223,87,1.0,0.8
exp5_stow1.0_walk0.8,steffen,baseline,12450,105,660,1252,0,11.21111111111111,43,1.0,0.8
exp5_stow1.0_walk0.8,random,baseline,12451,106,1243,1030,103,35.97222222222222,137,1.0,0.8
exp5_stow1.0_walk0.8,back_to_front,baseline,12451,106,1757,1803,83,95.58888888888889,214,1.0,0.8
exp5_stow1.0_walk0.8,outside_in,baseline,12451,106,1144,1046,0,28.377777777777776,102,1.0,0.8
exp5_stow1.0_walk0.8,steffen,baseline,12451,106,710,1092,0,11.283333333333333,56,1.0,0.8
exp5_stow1.0_walk0.8,random,baseline,12452,107,1155,1133,69,30.883333333333333,91,1.0,0.8
exp5_stow1.0_walk0.8,back_to_front,baseline,12452,107,1670,1873,93,92.37222222222222,229,1.0,0.8
exp5_stow1.0_walk0.8,outside_in,baseline,12452,107,1079,1067,0,23.916666666666668,92,1.0,0.8
exp5_stow1.0_walk0.8,steffen,baseline,12452,107,704,1289,0,12.444444444444445,50,1.0,0.8
exp5_stow1.0_walk0.8,random,baseline,12453,108,1275,1018,95,31.02777777777778,114,1.0,0.8
exp5_stow1.0_walk0.8,back_to_front,baseline,12453,108,1612,1676,90,85.03333333333333,221,1.0,0.8
exp5_stow1.0_walk0.8,outside_in,baseline,12453,108,1028,1063,0,22.67222222222222,69,1.0,0.8
exp5_stow1.0_walk0.8,steffen,baseline,12453,108,702,1109,0,11.222222222222221,45,1.0,0.8
exp5_stow1.0_walk0.8,random,baseline,12454,109,1316,1088,81,33.111111111111114,106,1.0,0.8
exp5_stow1.0_walk0.8,back_to_front,baseline,12454,109,1859,1768,87,103.47222222222223,231,1.0,0.8
exp5_stow1.0_walk0.8,outside_in,baseline,12454,109,1158,1042,0,26.216666666666665,74,1.0,0.8
exp5_stow1.0_walk0.8,steffen,baseline,12454,109,717,1258,0,13.75,72,1.0,0.8
exp5_stow1.0_walk0.8,random,baseline,12455,110,1331,1131,107,37.861111111111114,112,1.0,0.8
exp5_stow1.0_walk0.8,back_to_front,baseline,12455,110,1693,1843,91,94.9888888888889,268,1.0,0.8
exp5_stow1.0_walk0.8,outside_in,baseline,12455,110,1043,961,0,25.36111111111111,64,1.0,0.8
exp5_stow1.0_walk0.8,steffen,baseline,12455,110,693,1384,0,12.883333333333333,45,1.0,0.8
exp5_stow1.0_walk0.8,random,baseline,12456,111,1214,1000,99,29.13888888888889,88,1.0,0.8
exp5_stow1.0_walk0.8,back_to_front,baseline,12456,111,1637,1755,88,90.08888888888889,244,1.0,0.8
exp5_stow1.0_walk0.8,outside_in,baseline,12456,111,1028,1078,0,24.36111111111111,84,1.0,0.8
exp5_stow1.0_walk0.8,steffen,baseline,12456,111,698,1274,0,11.872222222222222,52,1.0,0.8
exp5_stow1.0_walk0.8,random,baseline,12457,112,1256,1085,98,32.31666666666667,94,1.0,0.8
exp5_stow1.0_walk0.8,back_to_front,baseline,12457,112,1565,1683,92,81.8,223,1.0,0.8
exp5_stow1.0_walk0.8,outside_in,baseline,12457,112,1081,1022,0,25.211111111111112,72,1.0,0.8
exp5_stow1.0_walk0.8,steffen,baseline,12457,112,706,1183,0,12.144444444444444,54,1.0,0.8
exp5_stow1.0_walk0.8,random,baseline,12458,113,1249,1103,90,38.78888888888889,120,1.0,0.8
exp5_stow1.0_walk0.8,back_to_front,baseline,12458,113,1513,1760,81,75.60555555555555,183,1.0,0.8
exp5_stow1.0_walk0.8,outside_in,baseline,12458,113,1025,1092,0,25.488888888888887,90,1.0,0.8
exp5_stow1.0_walk0.8,steffen,baseline,12458,113,719,1346,0,12.316666666666666,42,1.0,0.8
exp5_stow1.0_walk0.8,random,baseline,12459,114,1217,972,83,34.94444444444444,127,1.0,0.8
exp5_stow1.0_walk0.8,back_to_front,baseline,12459,114,1606,1721,94,85.42222222222222,210,1.0,0.8
exp5_stow1.0_walk0.8,outside_in,baseline,12459,114,1064,1056,0,28.58888888888889,98,1.0,0.8
exp5_stow1.0_walk0.8,steffen,baseline,12459,114,663,1223,0,11.738888888888889,46,1.0,0.8
exp5_stow1.0_walk0.8,random,baseline,12460,115,1304,1165,88,33.644444444444446,94,1.0,0.8
exp5_stow1.0_walk0.8,back_to_front,baseline,12460,115,1613,1779,92,95.44444444444444,293,1.0,0.8
exp5_stow1.0_walk0.8,outside_in,baseline,12460,115,1013,984,0,22.744444444444444,66,1.0,0.8
exp5_stow1.0_walk0.8,steffen,baseline,12460,115,673,1211,0,12.144444444444444,47,1.0,0.8
exp5_stow1.0_walk0.8,random,baseline,12461,116,1102,1028,70,26.16111111111111,82,1.0,0.8
exp5_stow1.0_walk0.8,back_to_front,baseline,12461,116,1442,1740,71,74.25555555555556,180,1.0,0.8
exp5_stow1.0_walk0.8,outside_in,baseline,12461,116,990,983,0,20.594444444444445,75,1.0,0.8
exp5_stow1.0_walk0.8,steffen,baseline,12461,116,652,1301,0,12.144444444444444,46,1.0,0.8
exp5_stow1.0_walk0.8,random,baseline,12462,117,1222,1149,89,33.85,115,1.0,0.8
exp5_stow1.0_walk0.8,back_to_front,baseline,12462,117,1618,1817,105,86.02777777777777,221,1.0,0.8
exp5_stow1.0_walk0.8,outside_in,baseline,12462,117,1084,1067,0,25.766666666666666,101,1.0,0.8
exp5_stow1.0_walk0.8,steffen,baseline,12462,117,676,1296,0,11.9,54,1.0,0.8
exp5_stow1.0_walk0.8,random,baseline,12463,118,1186,1132,85,31.83888888888889,99,1.0,0.8
exp5_stow1.0_walk0.8,back_to_front,baseline,12463,118,1559,1837,94,85.21111111111111,214,1.0,0.8
exp5_stow1.0_walk0.8,outside_in,baseline,12463,118,1019,1069,0,23.522222222222222,82,1.0,0.8
exp5_stow1.0_walk0.8,steffen,baseline,12463,118,698,1297,0,13.533333333333333,52,1.0,0.8
exp5_stow1.0_walk0.8,random,baseline,12464,119,1220,1064,89,33.56111111111111,152,1.0,0.8
exp5_stow1.0_walk0.8,back_to_front,baseline,12464,119,1752,1736,101,91.92222222222222,214,1.0,0.8
exp5_stow1.0_walk0.8,outside_in,baseline,12464,119,1002,1087,0,22.377777777777776,73,1.0,0.8
exp5_stow1.0_walk0.8,steffen,baseline,12464,119,702,1245,0,12.15,44,1.0,0.8
exp5_stow1.0_walk0.8,random,baseline,12465,120,1160,986,94,29.7,107,1.0,0.8
exp5_stow1.0_walk0.8,back_to_front,baseline,12465,120,1519,1747,87,77.92777777777778,261,1.0,0.8
exp5_stow1.0_walk0.8,outside_in,baseline,12465,120,1071,1013,0,21.655555555555555,106,1.0,0.8
exp5_stow1.0_walk0.8,steffen,baseline,12465,120,686,1238,0,11.855555555555556,41,1.0,0.8
exp5_stow1.0_walk0.8,random,baseline,12466,121,1180,1114,70,31.805555555555557,96,1.0,0.8
exp5_stow1.0_walk0.8,back_to_front,baseline,12466,121,1499,1669,96,80.88888888888889,215,1.0,0.8
exp5_stow1.0_walk0.8,outside_in,baseline,12466,121,1049,985,0,25.08888888888889,96,1.0,0.8
exp5_stow1.0_walk0.8,steffen,baseline,12466,121,656,1303,0,12.688888888888888,50,1.0,0.8
exp5_stow1.0_walk0.8,random,baseline,12467,122,1295,1185,98,37.37777777777778,118,1.0,0.8
exp5_stow1.0_walk0.8,back_to_front,baseline,12467,122,1611,1845,85,88.01666666666667,234,1.0,0.8
exp5_stow1.0_walk0.8,outside_in,baseline,12467,122,1011,1085,0,23.733333333333334,68,1.0,0.8
exp5_stow1.0_walk0.8,steffen,baseline,12467,122,682,1278,0,12.466666666666667,54,1.0,0.8
exp5_stow1.0_walk0.8,random,baseline,12468,123,1280,1014,98,29.405555555555555,98,1.0,0.8
exp5_stow1.0_walk0.8,back_to_front,baseline,12468,123,1522,1715,86,78.61111111111111,255,1.0,0.8
exp5_stow1.0_walk0.8,outside_in,baseline,12468,123,1051,984,0,22.772222222222222,82,1.0,0.8
exp5_stow1.0_walk0.8,steffen,baseline,12468,123,692,1449,0,13.877777777777778,52,1.0,0.8
exp5_stow1.0_walk0.8,random,baseline,12469,124,1286,1125,98,35.583333333333336,113,1.0,0.8
exp5_stow1.0_walk0.8,back_to_front,baseline,12469,124,1612,1870,83,96.47222222222223,259,1.0,0.8
exp5_stow1.0_walk0.8,outside_in,baseline,12469,124,1061,1029,0,26.177777777777777,111,1.0,0.8
exp5_stow1.0_walk0.8,steffen,baseline,12469,124,680,1149,0,11.472222222222221,49,1.0,0.8
exp5_stow1.0_walk0.8,random,baseline,12470,125,1104,1013,86,30.544444444444444,102,1.0,0.8
exp5_stow1.0_walk0.8,back_to_front,baseline,12470,125,1519,1622,78,76.2611111111111,201,1.0,0.8
exp5_stow1.0_walk0.8,outside_in,baseline,12470,125,977,1016,0,20.433333333333334,83,1.0,0.8
exp5_stow1.0_walk0.8,steffen,baseline,12470,125,673,1118,0,11.272222222222222,46,1.0,0.8
exp5_stow1.0_walk0.8,random,baseline,12471,126,1397,1084,87,38.03333333333333,119,1.0,0.8
exp5_stow1.0_walk0.8,back_to_front,baseline,12471,126,1581,1709,98,82.26666666666667,222,1.0,0.8
exp5_stow1.0_walk0.8,outside_in,baseline,12471,126,1121,901,0,24.91111111111111,79,1.0,0.8
exp5_stow1.0_walk0.8,steffen,baseline,12471,126,723,1221,0,13.338888888888889,59,1.0,0.8
exp5_stow1.0_walk0.8,random,baseline,12472,127,1240,1152,87,31.288888888888888,102,1.0,0.8
exp5_stow1.0_walk0.8,back_to_front,baseline,12472,127,1616,1774,100,86.30555555555556,234,1.0,0.8
exp5_stow1.0_walk0.8,outside_in,baseline,12472,127,1086,1035,0,24.405555555555555,77,1.0,0.8
exp5_stow1.0_walk0.8,steffen,baseline,12472,127,711,1311,0,12.78888888888889,63,1.0,0.8
exp5_stow1.0_walk0.8,random,baseline,12473,128,1255,1127,89,39.294444444444444,130,1.0,0.8
exp5_stow1.0_walk0.8,back_to_front,baseline,12473,128,1687,1757,89,92.67777777777778,255,1.0,0.8
exp5_stow1.0_walk0.8,outside_in,baseline,12473,128,1100,914,0,24.07777777777778,86,1.0,0.8
exp5_stow1.0_walk0.8,steffen,baseline,12473,128,678,1368,0,13.216666666666667,57,1.0,0.8
exp5_stow1.0_walk0.8,random,baseline,12474,129,1111,999,82,29.538888888888888,98,1.0,0.8
exp5_stow1.0_walk0.8,back_to_front,baseline,12474,129,1474,1760,89,79.36111111111111,198,1.0,0.8
exp5_stow1.0_walk0.8,outside_in,baseline,12474,129,980,1024,0,24.75,67,1.0,0.8
exp5_stow1.0_walk0.8,steffen,baseline,12474,129,634,1361,0,12.683333333333334,45,1.0,0.8
exp5_stow1.0_walk0.8,random,baseline,12475,130,1296,1108,98,37.12222222222222,131,1.0,0.8
exp5_stow1.0_walk0.8,back_to_front,baseline,12475,130,1580,1823,94,85.62222222222222,194,1.0,0.8
exp5_stow1.0_walk0.8,outside_in,baseline,12475,130,1059,1037,0,27.855555555555554,89,1.0,0.8
exp5_stow1.0_walk0.8,steffen,baseline,12475,130,689,1148,0,12.072222222222223,52,1.0,0.8
exp5_stow1.0_walk0.8,random,baseline,12476,131,1350,1076,84,37.18333333333333,163,1.0,0.8
exp5_stow1.0_walk0.8,back_to_front,baseline,12476,131,1640,1737,102,86.1,231,1.0,0.8
exp5_stow1.0_walk0.8,outside_in,baseline,12476,131,1146,1005,0,28.238888888888887,90,1.0,0.8
exp5_stow1.0_walk0.8,steffen,baseline,12476,131,687,921,0,10.188888888888888,43,1.0,0.8
exp5_stow1.0_walk0.8,random,baseline,12477,132,1281,1099,96,36.477777777777774,105,1.0,0.8
exp5_stow1.0_walk0.8,back_to_front,baseline,12477,132,1575,1740,92,85.2611111111111,219,1.0,0.8
exp5_stow1.0_walk0.8,outside_in,baseline,12477,132,1081,1076,0,30.866666666666667,115,1.0,0.8
exp5_stow1.0_walk0.8,steffen,baseline,12477,132,675,1145,0,11.244444444444444,49,1.0,0.8
exp5_stow1.0_walk0.8,random,baseline,12478,133,1185,1079,88,30.944444444444443,115,1.0,0.8
exp5_stow1.0_walk0.8,back_to_front,baseline,12478,133,1528,1723,87,84.84444444444445,242,1.0,0.8
exp5_stow1.0_walk0.8,outside_in,baseline,12478,133,1040,959,0,24.622222222222224,86,1.0,0.8
exp5_stow1.0_walk0.8,steffen,baseline,12478,133,681,1271,0,12.133333333333333,48,1.0,0.8
exp5_stow1.0_walk0.8,random,baseline,12479,134,1246,991,86,29.15,98,1.0,0.8
exp5_stow1.0_walk0.8,back_to_front,baseline,12479,134,1500,1780,91,73.08333333333333,203,1.0,0.8
exp5_stow1.0_walk0.8,outside_in,baseline,12479,134,1101,1122,0,26.083333333333332,70,1.0,0.8
exp5_stow1.0_walk0.8,steffen,baseline,12479,134,713,1404,0,14.005555555555556,60,1.0,0.8
exp5_stow1.0_walk0.8,random,baseline,12480,135,1239,1055,82,35.73888888888889,116,1.0,0.8
exp5_stow1.0_walk0.8,back_to_front,baseline,12480,135,1547,1741,94,83.37777777777778,213,1.0,0.8
exp5_stow1.0_walk0.8,outside_in,baseline,12480,135,1022,1039,0,22.31111111111111,91,1.0,0.8
exp5_stow1.0_walk0.8,steffen,baseline,12480,135,675,1215,0,11.28888888888889,50,1.0,0.8
exp5_stow1.0_walk0.8,random,baseline,12481,136,1348,996,87,42.95,131,1.0,0.8
exp5_stow1.0_walk0.8,back_to_front,baseline,12481,136,1719,1667,86,89.20555555555555,241,1.0,0.8
exp5_stow1.0_walk0.8,outside_in,baseline,12481,136,1105,1055,0,26.616666666666667,83,1.0,0.8
exp5_stow1.0_walk0.8,steffen,baseline,12481,136,710,1242,0,12.544444444444444,48,1.0,0.8
exp5_stow1.0_walk0.8,random,baseline,12482,137,1206,865,95,27.77777777777778,82,1.0,0.8
exp5_stow1.0_walk0.8,back_to_front,baseline,12482,137,1672,1923,94,93.76666666666667,299,1.0,0.8
exp5_stow1.0_walk0.8,outside_in,baseline,12482,137,1047,1048,0,23.511111111111113,102,1.0,0.8
exp5_stow1.0_walk0.8,steffen,baseline,12482,137,692,1435,0,13.516666666666667,70,1.0,0.8
exp5_stow1.0_walk0.8,random,baseline,12483,138,1303,1185,103,37.81111111111111,135,1.0,0.8
exp5_stow1.0_walk0.8,back_to_front,baseline,12483,138,1541,1774,87,76.76666666666667,204,1.0,0.8
exp5_stow1.0_walk0.8,outside_in,baseline,12483,138,1075,880,0,23.33888888888889,75,1.0,0.8
exp5_stow1.0_walk0.8,steffen,baseline,12483,138,667,1122,0,11.194444444444445,41,1.0,0.8
exp5_stow1.0_walk0.8,random,baseline,12484,139,1232,998,88,26.533333333333335,85,1.0,0.8
exp5_stow1.0_walk0.8,back_to_front,baseline,12484,139,1534,1583,99,78.52777777777777,232,1.0,0.8
exp5_stow1.0_walk0.8,outside_in,baseline,12484,139,1118,1037,0,24.47222222222222,72,1.0,0.8
exp5_stow1.0_walk0.8,steffen,baseline,12484,139,670,1236,0,12.277777777777779,49,1.0,0.8
exp5_stow1.0_walk0.8,random,baseline,12485,140,1193,1116,85,34.22222222222222,98,1.0,0.8
exp5_stow1.0_walk0.8,back_to_front,baseline,12485,140,1466,1694,89,79.20555555555555,244,1.0,0.8
exp5_stow1.0_walk0.8,outside_in,baseline,12485,140,1044,999,0,24.82777777777778,86,1.0,0.8
exp5_stow1.0_walk0.8,steffen,baseline,12485,140,658,1206,0,12.2,63,1.0,0.8
exp5_stow1.0_walk0.8,random,baseline,12486,141,1208,1106,98,32.955555555555556,108,1.0,0.8
exp5_stow1.0_walk0.8,back_to_front,baseline,12486,141,1635,1777,91,83.86111111111111,232,1.0,0.8
exp5_stow1.0_walk0.8,outside_in,baseline,12486,141,1042,1129,0,26.583333333333332,83,1.0,0.8
exp5_stow1.0_walk0.8,steffen,baseline,12486,141,672,1283,0,12.955555555555556,62,1.0,0.8
exp5_stow1.0_walk0.8,random,baseline,12487,142,1240,1013,80,30.016666666666666,114,1.0,0.8
exp5_stow1.0_walk0.8,back_to_front,baseline,12487,142,1513,1823,95,73.82222222222222,179,1.0,0.8
exp5_stow1.0_walk0.8,outside_in,baseline,12487,142,1014,1061,0,21.2,72,1.0,0.8
exp5_stow1.0_walk0.8,steffen,baseline,12487,142,710,1237,0,11.666666666666666,41,1.0,0.8
exp5_stow1.0_walk0.8,random,baseline,12488,143,1179,1058,84,33.93333333333333,133,1.0,0.8
exp5_stow1.0_walk0.8,back_to_front,baseline,12488,143,1675,1846,95,95.20555555555555,266,1.0,0.8
exp5_stow1.0_walk0.8,outside_in,baseline,12488,143,1071,1130,0,28.65,91,1.0,0.8
exp5_stow1.0_walk0.8,steffen,baseline,12488,143,683,1388,0,13.15,63,1.0,0.8
exp5_stow1.0_walk0.8,random,baseline,12489,144,1206,1195,82,37.62777777777778,139,1.0,0.8
exp5_stow1.0_walk0.8,back_to_front,baseline,12489,144,1608,1853,86,92.93888888888888,259,1.0,0.8
exp5_stow1.0_walk0.8,outside_in,baseline,12489,144,972,1086,0,22.86111111111111,73,1.0,0.8
exp5_stow1.0_walk0.8,steffen,baseline,12489,144,688,1260,0,12.355555555555556,51,1.0,0.8
exp5_stow1.0_walk0.8,random,baseline,12490,145,1174,1111,84,31.9,81,1.0,0.8
exp5_stow1.0_walk0.8,back_to_front,baseline,12490,145,1616,1777,91,87.61666666666666,179,1.0,0.8
exp5_stow1.0_walk0.8,outside_in,baseline,12490,145,1026,1077,0,28.966666666666665,85,1.0,0.8
exp5_stow1.0_walk0.8,steffen,baseline,12490,145,659,1163,0,11.427777777777777,46,1.0,0.8
exp5_stow1.0_walk0.8,random,baseline,12491,146,1346,1111,88,35.55,125,1.0,0.8
exp5_stow1.0_walk0.8,back_to_front,baseline,12491,146,1535,1695,92,74.28333333333333,189,1.0,0.8
exp5_stow1.0_walk0.8,outside_in,baseline,12491,146,1035,937,0,21.511111111111113,63,1.0,0.8
exp5_stow1.0_walk0.8,steffen,baseline,12491,146,698,1221,0,12.96111111111111,49,1.0,0.8
exp5_stow1.0_walk0.8,random,baseline,12492,147,1183,1189,94,35.21666666666667,106,1.0,0.8
exp5_stow1.0_walk0.8,back_to_front,baseline,12492,147,1513,1788,89,80.70555555555555,195,1.0,0.8
exp5_stow1.0_walk0.8,outside_in,baseline,12492,147,987,1094,0,24.822222222222223,88,1.0,0.8
exp5_stow1.0_walk0.8,steffen,baseline,12492,147,690,1327,0,13.25,60,1.0,0.8
exp5_stow1.0_walk0.8,random,baseline,12493,148,1230,1054,97,35.63333333333333,117,1.0,0.8
exp5_stow1.0_walk0.8,back_to_front,baseline,12493,148,1556,1700,93,77.2388888888889,223,1.0,0.8
exp5_stow1.0_walk0.8,outside_in,baseline,12493,148,1040,1109,0,26.466666666666665,91,1.0,0.8
exp5_stow1.0_walk0.8,steffen,baseline,12493,148,677,1307,0,12.027777777777779,45,1.0,0.8
exp5_stow1.0_walk0.8,random,baseline,12494,149,1210,1086,98,33.31666666666667,111,1.0,0.8
exp5_stow1.0_walk0.8,back_to_front,baseline,12494,149,1502,1844,83,83.33333333333333,265,1.0,0.8
exp5_stow1.0_walk0.8,outside_in,baseline,12494,149,980,1072,0,23.455555555555556,74,1.0,0.8
exp5_stow1.0_walk0.8,steffen,baseline,12494,149,677,1254,0,12.033333333333333,48,1.0,0.8
exp5_stow1.0_walk0.8,random,baseline,12495,150,1244,1127,105,32.56666666666667,92,1.0,0.8
exp5_stow1.0_walk0.8,back_to_front,baseline,12495,150,1643,1771,88,89.14444444444445,218,1.0,0.8
exp5_stow1.0_walk0.8,outside_in,baseline,12495,150,1069,1096,0,28.616666666666667,94,1.0,0.8
exp5_stow1.0_walk0.8,steffen,baseline,12495,150,662,1343,0,12.283333333333333,42,1.0,0.8
exp5_stow1.0_walk0.8,random,baseline,12496,151,1221,1193,96,34.66111111111111,105,1.0,0.8
exp5_stow1.0_walk0.8,back_to_front,baseline,12496,151,1508,1730,90,82.1,199,1.0,0.8
exp5_stow1.0_walk0.8,outside_in,baseline,12496,151,1001,1135,0,25.033333333333335,77,1.0,0.8
exp5_stow1.0_walk0.8,steffen,baseline,12496,151,664,1334,0,12.53888888888889,52,1.0,0.8
exp5_stow1.0_walk0.8,random,baseline,12497,152,1220,1086,89,28.783333333333335,87,1.0,0.8
exp5_stow1.0_walk0.8,back_to_front,baseline,12497,152,1535,1725,93,75.71666666666667,175,1.0,0.8
exp5_stow1.0_walk0.8,outside_in,baseline,12497,152,1058,994,0,22.316666666666666,62,1.0,0.8
exp5_stow1.0_walk0.8,steffen,baseline,12497,152,694,1437,0,13.205555555555556,46,1.0,0.8
exp5_stow1.0_walk0.8,random,baseline,12498,153,1188,1034,96,30.36111111111111,105,1.0,0.8
exp5_stow1.0_walk0.8,back_to_front,baseline,12498,153,1476,1826,88,80.18888888888888,250,1.0,0.8
exp5_stow1.0_walk0.8,outside_in,baseline,12498,153,1021,1110,0,27.82777777777778,110,1.0,0.8
exp5_stow1.0_walk0.8,steffen,baseline,12498,153,644,1376,0,12.933333333333334,53,1.0,0.8
exp5_stow1.0_walk0.8,random,baseline,12499,154,1314,1162,91,34.12222222222222,124,1.0,0.8
exp5_stow1.0_walk0.8,back_to_front,baseline,12499,154,1584,1784,86,82.18888888888888,202,1.0,0.8
exp5_stow1.0_walk0.8,outside_in,baseline,12499,154,1099,1154,0,27.38888888888889,85,1.0,0.8
exp5_stow1.0_walk0.8,steffen,baseline,12499,154,722,1322,0,14.327777777777778,66,1.0,0.8
exp5_stow1.0_walk0.8,random,baseline,12500,155,1213,1112,91,32.62222222222222,94,1.0,0.8
exp5_stow1.0_walk0.8,back_to_front,baseline,12500,155,1536,1703,87,80.25,215,1.0,0.8
exp5_stow1.0_walk0.8,outside_in,baseline,12500,155,987,1061,0,22.894444444444446,79,1.0,0.8
exp5_stow1.0_walk0.8,steffen,baseline,12500,155,680,1191,0,12.005555555555556,54,1.0,0.8
exp5_stow1.0_walk0.8,random,baseline,12501,156,1234,1001,82,30.788888888888888,117,1.0,0.8
exp5_stow1.0_walk0.8,back_to_front,baseline,12501,156,1803,1770,89,110.3,274,1.0,0.8
exp5_stow1.0_walk0.8,outside_in,baseline,12501,156,1041,1078,0,31.08888888888889,100,1.0,0.8
exp5_stow1.0_walk0.8,steffen,baseline,12501,156,659,1256,0,12.372222222222222,57,1.0,0.8
exp5_stow1.0_walk0.8,random,baseline,12502,157,1217,968,101,30.194444444444443,104,1.0,0.8
exp5_stow1.0_walk0.8,back_to_front,baseline,12502,157,1585,1776,87,86.07777777777778,280,1.0,0.8
exp5_stow1.0_walk0.8,outside_in,baseline,12502,157,1008,1101,0,24.711111111111112,84,1.0,0.8
exp5_stow1.0_walk0.8,steffen,baseline,12502,157,673,1150,0,11.366666666666667,38,1.0,0.8
exp5_stow1.0_walk0.8,random,baseline,12503,158,1272,968,98,30.5,102,1.0,0.8
exp5_stow1.0_walk0.8,back_to_front,baseline,12503,158,1578,1825,84,80.22777777777777,202,1.0,0.8
exp5_stow1.0_walk0.8,outside_in,baseline,12503,158,1090,1084,0,25.788888888888888,111,1.0,0.8
exp5_stow1.0_walk0.8,steffen,baseline,12503,158,720,1262,0,12.405555555555555,46,1.0,0.8
exp5_stow1.0_walk0.8,random,baseline,12504,159,1236,1107,72,31.144444444444446,132,1.0,0.8
exp5_stow1.0_walk0.8,back_to_front,baseline,12504,159,1712,1785,113,101.04444444444445,316,1.0,0.8
exp5_stow1.0_walk0.8,outside_in,baseline,12504,159,1053,985,0,24.155555555555555,86,1.0,0.8
exp5_stow1.0_walk0.8,steffen,baseline,12504,159,672,1183,0,11.994444444444444,75,1.0,0.8
exp5_stow1.0_walk0.8,random,baseline,12505,160,1238,1087,89,30.633333333333333,101,1.0,0.8
exp5_stow1.0_walk0.8,back_to_front,baseline,12505,160,1674,1812,105,88.85555555555555,192,1.0,0.8
exp5_stow1.0_walk0.8,outside_in,baseline,12505,160,1082,1046,0,22.238888888888887,75,1.0,0.8
exp5_stow1.0_walk0.8,steffen,baseline,12505,160,691,1345,0,13.2,54,1.0,0.8
exp5_stow1.0_walk0.8,random,baseline,12506,161,1238,1065,90,30.216666666666665,91,1.0,0.8
exp5_stow1.0_walk0.8,back_to_front,baseline,12506,161,1648,1770,98,94.75555555555556,239,1.0,0.8
exp5_stow1.0_walk0.8,outside_in,baseline,12506,161,1012,1201,0,26.08888888888889,89,1.0,0.8
exp5_stow1.0_walk0.8,steffen,baseline,12506,161,681,1321,0,12.427777777777777,69,1.0,0.8
exp5_stow1.0_walk0.8,random,baseline,12507,162,1228,1082,95,30.13888888888889,108,1.0,0.8
exp5_stow1.0_walk0.8,back_to_front,baseline,12507,162,1577,1812,93,81.06111111111112,206,1.0,0.8
exp5_stow1.0_walk0.8,outside_in,baseline,12507,162,1142,963,0,24.35,86,1.0,0.8
exp5_stow1.0_walk0.8,steffen,baseline,12507,162,702,1303,0,12.688888888888888,51,1.0,0.8
exp5_stow1.0_walk0.8,random,baseline,12508,163,1157,1093,80,29.8,102,1.0,0.8
exp5_stow1.0_walk0.8,back_to_front,baseline,12508,163,1602,1908,86,92.96111111111111,232,1.0,0.8
exp5_stow1.0_walk0.8,outside_in,baseline,12508,163,1022,1068,0,22.38888888888889,84,1.0,0.8
exp5_stow1.0_walk0.8,steffen,baseline,12508,163,652,1502,0,12.944444444444445,47,1.0,0.8
exp5_stow1.0_walk0.8,random,baseline,12509,164,1242,1090,81,33.50555555555555,98,1.0,0.8
exp5_stow1.0_walk0.8,back_to_front,baseline,12509,164,1562,1768,90,87.72777777777777,218,1.0,0.8
exp5_stow1.0_walk0.8,outside_in,baseline,12509,164,1005,1188,0,28.02777777777778,99,1.0,0.8
exp5_stow1.0_walk0.8,steffen,baseline,12509,164,699,1136,0,11.355555555555556,51,1.0,0.8
exp5_stow1.0_walk0.8,random,baseline,12510,165,1287,1225,97,33.67777777777778,120,1.0,0.8
exp5_stow1.0_walk0.8,back_to_front,baseline,12510,165,1773,1876,86,95.92222222222222,228,1.0,0.8
exp5_stow1.0_walk0.8,outside_in,baseline,12510,165,1084,1048,0,29.5,106,1.0,0.8
exp5_stow1.0_walk0.8,steffen,baseline,12510,165,716,1430,0,14.033333333333333,48,1.0,0.8
exp5_stow1.0_walk0.8,random,baseline,12511,166,1307,1075,97,37.83888888888889,113,1.0,0.8
exp5_stow1.0_walk0.8,back_to_front,baseline,12511,166,1520,1744,85,76.38333333333334,195,1.0,0.8
exp5_stow1.0_walk0.8,outside_in,baseline,12511,166,1108,1247,0,30.05,108,1.0,0.8
exp5_stow1.0_walk0.8,steffen,baseline,12511,166,699,1180,0,12.055555555555555,45,1.0,0.8
exp5_stow1.0_walk0.8,random,baseline,12512,167,1201,1034,102,29.033333333333335,95,1.0,0.8
exp5_stow1.0_walk0.8,back_to_front,baseline,12512,167,1649,1706,93,85.84444444444445,201,1.0,0.8
exp5_stow1.0_walk0.8,outside_in,baseline,12512,167,1108,904,0,24.094444444444445,72,1.0,0.8
exp5_stow1.0_walk0.8,steffen,baseline,12512,167,692,1125,0,11.205555555555556,48,1.0,0.8
exp5_stow1.0_walk0.8,random,baseline,12513,168,1212,971,89,25.22222222222222,99,1.0,0.8
exp5_stow1.0_walk0.8,back_to_front,baseline,12513,168,1513,1675,84,80.95,228,1.0,0.8
exp5_stow1.0_walk0.8,outside_in,baseline,12513,168,999,1092,0,25.15,85,1.0,0.8
exp5_stow1.0_walk0.8,steffen,baseline,12513,168,688,1292,0,12.694444444444445,60,1.0,0.8
exp5_stow1.0_walk0.8,random,baseline,12514,169,1309,1062,84,35.105555555555554,133,1.0,0.8
exp5_stow1.0_walk0.8,back_to_front,baseline,12514,169,1593,1720,98,83.68333333333334,259,1.0,0.8
exp5_stow1.0_walk0.8,outside_in,baseline,12514,169,1046,1125,0,26.67222222222222,89,1.0,0.8
exp5_stow1.0_walk0.8,steffen,baseline,12514,169,712,1297,0,13.022222222222222,54,1.0,0.8
exp5_stow1.0_walk0.8,random,baseline,12515,170,1095,1101,93,31.372222222222224,105,1.0,0.8
exp5_stow1.0_walk0.8,back_to_front,baseline,12515,170,1535,1871,83,87.71666666666667,241,1.0,0.8
exp5_stow1.0_walk0.8,outside_in,baseline,12515,170,966,1127,0,25.572222222222223,75,1.0,0.8
exp5_stow1.0_walk0.8,steffen,baseline,12515,170,650,1142,0,11.277777777777779,57,1.0,0.8
exp5_stow1.0_walk0.8,random,baseline,12516,171,1125,1009,77,26.683333333333334,80,1.0,0.8
exp5_stow1.0_walk0.8,back_to_front,baseline,12516,171,1545,1666,92,85.14444444444445,218,1.0,0.8
exp5_stow1.0_walk0.8,outside_in,baseline,12516,171,926,984,0,18.927777777777777,63,1.0,0.8
exp5_stow1.0_walk0.8,steffen,baseline,12516,171,674,1117,0,10.85,52,1.0,0.8
exp5_stow1.0_walk0.8,random,baseline,12517,172,1272,1007,98,32.333333333333336,126,1.0,0.8
exp5_stow1.0_walk0.8,back_to_front,baseline,12517,172,1557,1807,72,81.13333333333334,210,1.0,0.8
exp5_stow1.0_walk0.8,outside_in,baseline,12517,172,1024,999,0,21.47222222222222,78,1.0,0.8
exp5_stow1.0_walk0.8,steffen,baseline,12517,172,677,1205,0,11.28888888888889,48,1.0,0.8
exp5_stow1.0_walk0.8,random,baseline,12518,173,1285,1090,85,35.56666666666667,132,1.0,0.8
exp5_stow1.0_walk0.8,back_to_front,baseline,12518,173,1536,1829,72,81.4888888888889,189,1.0,0.8
exp5_stow1.0_walk0.8,outside_in,baseline,12518,173,1047,1086,0,28.238888888888887,80,1.0,0.8
exp5_stow1.0_walk0.8,steffen,baseline,12518,173,674,1205,0,12.15,47,1.0,0.8
exp5_stow1.0_walk0.8,random,baseline,12519,174,1223,1003,84,30.06111111111111,91,1.0,0.8
exp5_stow1.0_walk0.8,back_to_front,baseline,12519,174,1654,1854,107,93.31666666666666,226,1.0,0.8
exp5_stow1.0_walk0.8,outside_in,baseline,12519,174,1010,958,0,25.2,86,1.0,0.8
exp5_stow1.0_walk0.8,steffen,baseline,12519,174,680,1263,0,12.155555555555555,56,1.0,0.8
exp5_stow1.0_walk0.8,random,baseline,12520,175,1106,1061,78,29.377777777777776,84,1.0,0.8
exp5_stow1.0_walk0.8,back_to_front,baseline,12520,175,1600,1690,90,87.02777777777777,240,1.0,0.8
exp5_stow1.0_walk0.8,outside_in,baseline,12520,175,963,1204,0,26.272222222222222,103,1.0,0.8
exp5_stow1.0_walk0.8,steffen,baseline,12520,175,674,1189,0,11.0,45,1.0,0.8
exp5_stow1.0_walk0.8,random,baseline,12521,176,1292,1055,89,32.82222222222222,106,1.0,0.8
exp5_stow1.0_walk0.8,back_to_front,baseline,12521,176,1712,1707,99,92.13888888888889,253,1.0,0.8
exp5_stow1.0_walk0.8,outside_in,baseline,12521,176,1197,938,0,23.805555555555557,83,1.0,0.8
exp5_stow1.0_walk0.8,steffen,baseline,12521,176,720,1024,0,11.71111111111111,53,1.0,0.8
exp5_stow1.0_walk0.8,random,baseline,12522,177,1236,1208,93,33.35,116,1.0,0.8
exp5_stow1.0_walk0.8,back_to_front,baseline,12522,177,1414,1685,80,68.42222222222222,143,1.0,0.8
exp5_stow1.0_walk0.8,outside_in,baseline,12522,177,1029,987,0,24.42222222222222,90,1.0,0.8
exp5_stow1.0_walk0.8,steffen,baseline,12522,177,666,1280,0,11.822222222222223,48,1.0,0.8
exp5_stow1.0_walk0.8,random,baseline,12523,178,1317,989,92,35.45,95,1.0,0.8
exp5_stow1.0_walk0.8,back_to_front,baseline,12523,178,1519,1681,91,78.1,182,1.0,0.8
exp5_stow1.0_walk0.8,outside_in,baseline,12523,178,1048,1054,0,28.033333333333335,95,1.0,0.8
exp5_stow1.0_walk0.8,steffen,baseline,12523,178,678,1166,0,11.344444444444445,57,1.0,0.8
exp5_stow1.0_walk0.8,random,baseline,12524,179,1229,1059,83,34.45,123,1.0,0.8
exp5_stow1.0_walk0.8,back_to_front,baseline,12524,179,1668,1613,85,82.14444444444445,211,1.0,0.8
exp5_stow1.0_walk0.8,outside_in,baseline,12524,179,988,1146,0,25.41111111111111,86,1.0,0.8
exp5_stow1.0_walk0.8,steffen,baseline,12524,179,684,1355,0,13.166666666666666,47,1.0,0.8
exp5_stow1.0_walk0.8,random,baseline,12525,180,1264,1066,100,33.977777777777774,116,1.0,0.8
exp5_stow1.0_walk0.8,back_to_front,baseline,12525,180,1528,1791,80,84.58888888888889,237,1.0,0.8
exp5_stow1.0_walk0.8,outside_in,baseline,12525,180,1013,1082,0,22.127777777777776,81,1.0,0.8
exp5_stow1.0_walk0.8,steffen,baseline,12525,180,709,1227,0,11.133333333333333,43,1.0,0.8
exp5_stow1.0_walk0.8,random,baseline,12526,181,1154,1092,88,30.833333333333332,85,1.0,0.8
exp5_stow1.0_walk0.8,back_to_front,baseline,12526,181,1570,1809,87,82.30555555555556,260,1.0,0.8
exp5_stow1.0_walk0.8,outside_in,baseline,12526,181,1024,999,0,21.61111111111111,69,1.0,0.8
exp5_stow1.0_walk0.8,steffen,baseline,12526,181,698,1388,0,13.205555555555556,56,1.0,0.8
exp5_stow1.0_walk0.8,random,baseline,12527,182,1227,1028,104,30.494444444444444,130,1.0,0.8
exp5_stow1.0_walk0.8,back_to_front,baseline,12527,182,1563,1600,84,90.75,238,1.0,0.8
exp5_stow1.0_walk0.8,outside_in,baseline,12527,182,956,1130,0,27.272222222222222,89,1.0,0.8
exp5_stow1.0_walk0.8,steffen,baseline,12527,182,666,1249,0,11.938888888888888,43,1.0,0.8
exp5_stow1.0_walk0.8,random,baseline,12528,183,1242,938,89,32.55555555555556,97,1.0,0.8
exp5_stow1.0_walk0.8,back_to_front,baseline,12528,183,1685,1812,95,96.49444444444444,285,1.0,0.8
exp5_stow1.0_walk0.8,outside_in,baseline,12528,183,1111,1038,0,26.93888888888889,106,1.0,0.8
exp5_stow1.0_walk0.8,steffen,baseline,12528,183,664,1401,0,13.172222222222222,67,1.0,0.8
exp5_stow1.0_walk0.8,random,baseline,12529,184,1211,1123,86,33.97222222222222,107,1.0,0.8
exp5_stow1.0_walk0.8,back_to_front,baseline,12529,184,1689,1744,106,91.81666666666666,214,1.0,0.8
exp5_stow1.0_walk0.8,outside_in,baseline,12529,184,1091,1049,0,25.055555555555557,104,1.0,0.8
exp5_stow1.0_walk0.8,steffen,baseline,12529,184,690,1263,0,12.177777777777777,43,1.0,0.8
exp5_stow1.0_walk0.8,random,baseline,12530,185,1161,1066,92,29.816666666666666,109,1.0,0.8
exp5_stow1.0_walk0.8,back_to_front,baseline,12530,185,1510,1745,74,77.94444444444444,195,1.0,0.8
exp5_stow1.0_walk0.8,outside_in,baseline,12530,185,1036,1000,0,22.933333333333334,66,1.0,0.8
exp5_stow1.0_walk0.8,steffen,baseline,12530,185,703,1327,0,12.672222222222222,57,1.0,0.8
exp5_stow1.0_walk0.8,random,baseline,12531,186,1226,912,89,26.22222222222222,93,1.0,0.8
exp5_stow1.0_walk0.8,back_to_front,baseline,12531,186,1641,1799,92,84.80555555555556,268,1.0,0.8
exp5_stow1.0_walk0.8,outside_in,baseline,12531,186,1045,1048,0,26.13888888888889,84,1.0,0.8
exp5_stow1.0_walk0.8,steffen,baseline,12531,186,689,1307,0,12.372222222222222,68,1.0,0.8
exp5_stow1.0_walk0.8,random,baseline,12532,187,1315,1079,104,33.87777777777778,108,1.0,0.8
exp5_stow1.0_walk0.8,back_to_front,baseline,12532,187,1562,1664,87,78.97222222222223,214,1.0,0.8
exp5_stow1.0_walk0.8,outside_in,baseline,12532,187,990,995,0,20.116666666666667,64,1.0,0.8
exp5_stow1.0_walk0.8,steffen,baseline,12532,187,685,1262,0,12.244444444444444,46,1.0,0.8
exp5_stow1.0_walk0.8,random,baseline,12533,188,1302,1112,89,38.34444444444444,110,1.0,0.8
exp5_stow1.0_walk0.8,back_to_front,baseline,12533,188,1704,1763,96,93.18333333333334,221,1.0,0.8
exp5_stow1.0_walk0.8,outside_in,baseline,12533,188,1084,1061,0,26.866666666666667,82,1.0,0.8
exp5_stow1.0_walk0.8,steffen,baseline,12533,188,749,1405,0,13.727777777777778,66,1.0,0.8
exp5_stow1.0_walk0.8,random,baseline,12534,189,1260,1118,87,31.266666666666666,96,1.0,0.8
exp5_stow1.0_walk0.8,back_to_front,baseline,12534,189,1531,1725,88,83.57222222222222,219,1.0,0.8
exp5_stow1.0_walk0.8,outside_in,baseline,12534,189,1036,995,0,24.65,79,1.0,0.8
exp5_stow1.0_walk0.8,steffen,baseline,12534,189,673,1327,0,13.13888888888889,49,1.0,0.8
exp5_stow1.0_walk0.8,random,baseline,12535,190,1187,976,89,25.377777777777776,78,1.0,0.8
exp5_stow1.0_walk0.8,back_to_front,baseline,12535,190,1623,1855,94,84.81111111111112,225,1.0,0.8
exp5_stow1.0_walk0.8,outside_in,baseline,12535,190,963,977,0,19.55,69,1.0,0.8
exp5_stow1.0_walk0.8,steffen,baseline,12535,190,672,1185,0,11.338888888888889,43,1.0,0.8
exp5_stow1.0_walk0.8,random,baseline,12536,191,1300,1071,91,31.81111111111111,132,1.0,0.8
exp5_stow1.0_walk0.8,back_to_front,baseline,12536,191,1692,1703,84,87.15,222,1.0,0.8
exp5_stow1.0_walk0.8,outside_in,baseline,12536,191,1099,952,0,21.3,75,1.0,0.8
exp5_stow1.0_walk0.8,steffen,baseline,12536,191,707,1227,0,12.322222222222223,47,1.0,0.8
exp5_stow1.0_walk0.8,random,baseline,12537,192,1135,1000,89,30.377777777777776,92,1.0,0.8
exp5_stow1.0_walk0.8,back_to_front,baseline,12537,192,1602,1782,88,89.64444444444445,250,1.0,0.8
exp5_stow1.0_walk0.8,outside_in,baseline,12537,192,1013,1018,0,22.8,77,1.0,0.8
exp5_stow1.0_walk0.8,steffen,baseline,12537,192,664,1237,0,11.744444444444444,48,1.0,0.8
exp5_stow1.0_walk0.8,random,baseline,12538,193,1156,1110,85,33.21666666666667,102,1.0,0.8
exp5_stow1.0_walk0.8,back_to_front,baseline,12538,193,1342,1637,84,64.58333333333333,171,1.0,0.8
exp5_stow1.0_walk0.8,outside_in,baseline,12538,193,1085,1152,0,32.40555555555556,95,1.0,0.8
exp5_stow1.0_walk0.8,steffen,baseline,12538,193,654,1245,0,12.744444444444444,65,1.0,0.8
exp5_stow1.0_walk0.8,random,baseline,12539,194,1276,1129,90,35.8,114,1.0,0.8
exp5_stow1.0_walk0.8,back_to_front,baseline,12539,194,1574,1860,90,86.32777777777778,227,1.0,0.8
exp5_stow1.0_walk0.8,outside_in,baseline,12539,194,1088,1121,0,27.683333333333334,71,1.0,0.8
exp5_stow1.0_walk0.8,steffen,baseline,12539,194,701,1491,0,15.033333333333333,51,1.0,0.8
exp5_stow1.0_walk0.8,random,baseline,12540,195,1131,1214,88,35.583333333333336,126,1.0,0.8
exp5_stow1.0_walk0.8,back_to_front,baseline,12540,195,1563,1850,85,88.96111111111111,227,1.0,0.8
exp5_stow1.0_walk0.8,outside_in,baseline,12540,195,1042,1120,0,30.383333333333333,87,1.0,0.8
exp5_stow1.0_walk0.8,steffen,baseline,12540,195,653,1566,0,14.966666666666667,57,1.0,0.8
exp5_stow1.0_walk0.8,random,baseline,12541,196,1261,1159,89,36.06666666666667,111,1.0,0.8
exp5_stow1.0_walk0.8,back_to_front,baseline,12541,196,1525,1724,85,73.4,178,1.0,0.8
exp5_stow1.0_walk0.8,outside_in,baseline,12541,196,1045,1043,0,26.33888888888889,71,1.0,0.8
exp5_stow1.0_walk0.8,steffen,baseline,12541,196,680,1362,0,12.877777777777778,55,1.0,0.8
exp5_stow1.0_walk0.8,random,baseline,12542,197,1211,1205,78,39.605555555555554,156,1.0,0.8
exp5_stow1.0_walk0.8,back_to_front,baseline,12542,197,1699,1834,93,98.84444444444445,233,1.0,0.8
exp5_stow1.0_walk0.8,outside_in,baseline,12542,197,1046,1107,0,29.966666666666665,92,1.0,0.8
exp5_stow1.0_walk0.8,steffen,baseline,12542,197,672,1529,0,14.516666666666667,55,1.0,0.8
exp5_stow1.0_walk0.8,random,baseline,12543,198,1275,1068,77,30.7,100,1.0,0.8
exp5_stow1.0_walk0.8,back_to_front,baseline,12543,198,1586,1884,91,89.26666666666667,240,1.0,0.8
exp5_stow1.0_walk0.8,outside_in,baseline,12543,198,1036,1131,0,26.4,68,1.0,0.8
exp5_stow1.0_walk0.8,steffen,baseline,12543,198,676,1498,0,13.877777777777778,47,1.0,0.8
exp5_stow1.0_walk0.8,random,baseline,12544,199,1224,1067,105,34.483333333333334,115,1.0,0.8
exp5_stow1.0_walk0.8,back_to_front,baseline,12544,199,1611,1791,84,91.7,233,1.0,0.8
exp5_stow1.0_walk0.8,outside_in,baseline,12544,199,1043,926,0,23.344444444444445,79,1.0,0.8
exp5_stow1.0_walk0.8,steffen,baseline,12544,199,683,1257,0,12.161111111111111,47,1.0,0.8
exp5_stow1.0_walk1.0,random,baseline,12345,0,1092,771,84,24.288888888888888,96,1.0,1.0
exp5_stow1.0_walk1.0,back_to_front,baseline,12345,0,1509,1852,94,90.21111111111111,231,1.0,1.0
exp5_stow1.0_walk1.0,outside_in,baseline,12345,0,965,784,0,22.405555555555555,70,1.0,1.0
exp5_stow1.0_walk1.0,steffen,baseline,12345,0,660,886,0,8.744444444444444,51,1.0,1.0
exp5_stow1.0_walk1.0,random,baseline,12346,1,1170,1023,90,32.022222222222226,133,1.0,1.0
exp5_stow1.0_walk1.0,back_to_front,baseline,12346,1,1547,1787,92,91.13888888888889,229,1.0,1.0
exp5_stow1.0_walk1.0,outside_in,baseline,12346,1,962,777,0,23.833333333333332,84,1.0,1.0
exp5_stow1.0_walk1.0,steffen,baseline,12346,1,637,922,0,10.28888888888889,54,1.0,1.0
exp5_stow1.0_walk1.0,random,baseline,12347,2,1314,597,91,29.266666666666666,104,1.0,1.0
exp5_stow1.0_walk1.0,back_to_front,baseline,12347,2,1591,1579,87,77.91666666666667,187,1.0,1.0
exp5_stow1.0_walk1.0,outside_in,baseline,12347,2,1120,692,0,25.0,70,1.0,1.0
exp5_stow1.0_walk1.0,steffen,baseline,12347,2,737,841,0,10.177777777777777,43,1.0,1.0
exp5_stow1.0_walk1.0,random,baseline,12348,3,1226,761,100,32.34444444444444,141,1.0,1.0
exp5_stow1.0_walk1.0,back_to_front,baseline,12348,3,1577,1570,115,82.0111111111111,219,1.0,1.0
exp5_stow1.0_walk1.0,outside_in,baseline,12348,3,967,836,0,24.83888888888889,74,1.0,1.0
exp5_stow1.0_walk1.0,steffen,baseline,12348,3,692,768,0,10.283333333333333,53,1.0,1.0
exp5_stow1.0_walk1.0,random,baseline,12349,4,1335,639,77,31.305555555555557,126,1.0,1.0
exp5_stow1.0_walk1.0,back_to_front,baseline,12349,4,1634,1477,94,84.5,234,1.0,1.0
exp5_stow1.0_walk1.0,outside_in,baseline,12349,4,1084,630,0,23.05,72,1.0,1.0
exp5_stow1.0_walk1.0,steffen,baseline,12349,4,755,1527,0,13.95,43,1.0,1.0
exp5_stow1.0_walk1.0,random,baseline,12350,5,1148,779,87,31.483333333333334,108,1.0,1.0
exp5_stow1.0_walk1.0,back_to_front,baseline,12350,5,1774,1825,83,100.2388888888889,276,1.0,1.0
exp5_stow1.0_walk1.0,outside_in,baseline,12350,5,1026,827,0,26.105555555555554,78,1.0,1.0
exp5_stow1.0_walk1.0,steffen,baseline,12350,5,698,1772,0,15.45,45,1.0,1.0
exp5_stow1.0_walk1.0,random,baseline,12351,6,1198,815,96,31.97222222222222,99,1.0,1.0
exp5_stow1.0_walk1.0,back_to_front,baseline,12351,6,1586,1870,79,91.66111111111111,230,1.0,1.0
exp5_stow1.0_walk1.0,outside_in,baseline,12351,6,1041,684,0,22.733333333333334,67,1.0,1.0
exp5_stow1.0_walk1.0,steffen,baseline,12351,6,661,1416,0,12.872222222222222,48,1.0,1.0
exp5_stow1.0_walk1.0,random,baseline,12352,7,1203,618,85,29.738888888888887,94,1.0,1.0
exp5_stow1.0_walk1.0,back_to_front,baseline,12352,7,1568,1460,83,86.68888888888888,236,1.0,1.0
exp5_stow1.0_walk1.0,outside_in,baseline,12352,7,1031,518,0,23.544444444444444,81,1.0,1.0
exp5_stow1.0_walk1.0,steffen,baseline,12352,7,666,883,0,9.866666666666667,42,1.0,1.0
exp5_stow1.0_walk1.0,random,baseline,12353,8,1189,796,96,31.86111111111111,110,1.0,1.0
exp5_stow1.0_walk1.0,back_to_front,baseline,12353,8,1512,1724,86,82.06666666666666,185,1.0,1.0
exp5_stow1.0_walk1.0,outside_in,baseline,12353,8,953,953,0,26.35,80,1.0,1.0
exp5_stow1.0_walk1.0,steffen,baseline,12353,8,658,1336,0,12.4,48,1.0,1.0
exp5_stow1.0_walk1.0,random,baseline,12354,9,1155,920,86,32.422222222222224,81,1.0,1.0
exp5_stow1.0_walk1.0,back_to_front,baseline,12354,9,1548,1720,87,87.00555555555556,207,1.0,1.0
exp5_stow1.0_walk1.0,outside_in,baseline,12354,9,945,907,0,30.433333333333334,93,1.0,1.0
exp5_stow1.0_walk1.0,steffen,baseline,12354,9,659,882,0,9.877777777777778,49,1.0,1.0
exp5_stow1.0_walk1.0,random,baseline,12355,10,1163,688,88,28.961111111111112,107,1.0,1.0
exp5_stow1.0_walk1.0,back_to_front,baseline,12355,10,1366,1519,81,72.0,207,1.0,1.0
exp5_stow1.0_walk1.0,outside_in,baseline,12355,10,972,695,0,23.822222222222223,62,1.0,1.0
exp5_stow1.0_walk1.0,steffen,baseline,12355,10,654,1146,0,11.244444444444444,48,1.0,1.0
exp5_stow1.0_walk1.0,random,baseline,12356,11,1158,788,91,31.555555555555557,90,1.0,1.0
exp5_stow1.0_walk1.0,back_to_front,baseline,12356,11,1414,1713,86,70.81666666666666,161,1.0,1.0
exp5_stow1.0_walk1.0,outside_in,baseline,12356,11,977,551,0,23.133333333333333,68,1.0,1.0
exp5_stow1.0_walk1.0,steffen,baseline,12356,11,672,1188,0,11.85,41,1.0,1.0
exp5_stow1.0_walk1.0,random,baseline,12357,12,1131,873,75,28.233333333333334,101,1.0,1.0
exp5_stow1.0_walk1.0,back_to_front,baseline,12357,12,1600,1930,77,94.23333333333333,256,1.0,1.0
exp5_stow1.0_walk1.0,outside_in,baseline,12357,12,1003,893,0,26.355555555555554,110,1.0,1.0
exp5_stow1.0_walk1.0,steffen,baseline,12357,12,683,1260,0,12.405555555555555,50,1.0,1.0
exp5_stow1.0_walk1.0,random,baseline,12358,13,1100,777,82,30.416666666666668,98,1.0,1.0
exp5_stow1.0_walk1.0,back_to_front,baseline,12358,13,1508,1864,89,83.75555555555556,215,1.0,1.0
exp5_stow1.0_walk1.0,outside_in,baseline,12358,13,927,735,0,21.666666666666668,64,1.0,1.0
exp5_stow1.0_walk1.0,steffen,baseline,12358,13,647,1187,0,11.266666666666667,43,1.0,1.0
exp5_stow1.0_walk1.0,random,baseline,12359,14,1155,797,94,33.766666666666666,137,1.0,1.0
exp5_stow1.0_walk1.0,back_to_front,baseline,12359,14,1538,1703,83,83.05555555555556,212,1.0,1.0
exp5_stow1.0_walk1.0,outside_in,baseline,12359,14,935,626,0,19.47222222222222,69,1.0,1.0
exp5_stow1.0_walk1.0,steffen,baseline,12359,14,696,1322,0,13.094444444444445,52,1.0,1.0
exp5_stow1.0_walk1.0,random,baseline,12360,15,1154,752,87,31.91111111111111,125,1.0,1.0
exp5_stow1.0_walk1.0,back_to_front,baseline,12360,15,1482,1726,102,83.32222222222222,243,1.0,1.0
exp5_stow1.0_walk1.0,outside_in,baseline,12360,15,934,746,0,21.91111111111111,68,1.0,1.0
exp5_stow1.0_walk1.0,steffen,baseline,12360,15,639,1390,0,13.05,49,1.0,1.0
exp5_stow1.0_walk1.0,random,baseline,12361,16,1291,966,82,37.922222222222224,101,1.0,1.0
exp5_stow1.0_walk1.0,back_to_front,baseline,12361,16,1531,1767,95,84.62222222222222,197,1.0,1.0
exp5_stow1.0_walk1.0,outside_in,baseline,12361,16,1018,888,0,26.516666666666666,90,1.0,1.0
exp5_stow1.0_walk1.0,steffen,baseline,12361,16,682,1275,0,12.883333333333333,57,1.0,1.0
exp5_stow1.0_walk1.0,random,baseline,12362,17,1208,840,80,33.97222222222222,93,1.0,1.0
exp5_stow1.0_walk1.0,back_to_front,baseline,12362,17,1545,1790,102,92.15,250,1.0,1.0
exp5_stow1.0_walk1.0,outside_in,baseline,12362,17,979,882,0,24.594444444444445,75,1.0,1.0
exp5_stow1.0_walk1.0,steffen,baseline,12362,17,661,935,0,10.827777777777778,47,1.0,1.0
exp5_stow1.0_walk1.0,random,baseline,12363,18,1084,681,83,25.961111111111112,85,1.0,1.0
exp5_stow1.0_walk1.0,back_to_front,baseline,12363,18,1480,1834,98,86.83333333333333,249,1.0,1.0
exp5_stow1.0_walk1.0,outside_in,baseline,12363,18,958,602,0,21.72222222222222,82,1.0,1.0
exp5_stow1.0_walk1.0,steffen,baseline,12363,18,659,990,0,10.316666666666666,46,1.0,1.0
exp5_stow1.0_walk1.0,random,baseline,12364,19,1105,1044,89,33.50555555555555,126,1.0,1.0
exp5_stow1.0_walk1.0,back_to_front,baseline,12364,19,1542,1743,89,82.86666666666666,196,1.0,1.0
exp5_stow1.0_walk1.0,outside_in,baseline,12364,19,998,859,0,22.16111111111111,84,1.0,1.0
exp5_stow1.0_walk1.0,steffen,baseline,12364,19,702,1363,0,12.222222222222221,62,1.0,1.0
exp5_stow1.0_walk1.0,random,baseline,12365,20,1121,1003,102,35.22222222222222,100,1.0,1.0
exp5_stow1.0_walk1.0,back_to_front,baseline,12365,20,1556,1710,82,86.45555555555555,203,1.0,1.0
exp5_stow1.0_walk1.0,outside_in,baseline,12365,20,1072,789,0,30.844444444444445,124,1.0,1.0
exp5_stow1.0_walk1.0,steffen,baseline,12365,20,659,1152,0,11.988888888888889,44,1.0,1.0
exp5_stow1.0_walk1.0,random,baseline,12366,21,1119,839,78,31.3,103,1.0,1.0
exp5_stow1.0_walk1.0,back_to_front,baseline,12366,21,1575,1706,84,87.47777777777777,219,1.0,1.0
exp5_stow1.0_walk1.0,outside_in,baseline,12366,21,961,774,0,24.355555555555554,85,1.0,1.0
exp5_stow1.0_walk1.0,steffen,baseline,12366,21,687,1067,0,11.338888888888889,51,1.0,1.0
exp5_stow1.0_walk1.0,random,baseline,12367,22,1244,676,88,30.005555555555556,90,1.0,1.0
exp5_stow1.0_walk1.0,back_to_front,baseline,12367,22,1510,1434,94,78.06111111111112,219,1.0,1.0
exp5_stow1.0_walk1.0,outside_in,baseline,12367,22,1064,632,0,25.15,77,1.0,1.0
exp5_stow1.0_walk1.0,steffen,baseline,12367,22,683,566,0,8.427777777777777,52,1.0,1.0
exp5_stow1.0_walk1.0,random,baseline,12368,23,1263,1022,93,38.31666666666667,101,1.0,1.0
exp5_stow1.0_walk1.0,back_to_front,baseline,12368,23,1533,1663,76,89.3,248,1.0,1.0
exp5_stow1.0_walk1.0,outside_in,baseline,12368,23,942,764,0,20.833333333333332,63,1.0,1.0
exp5_stow1.0_walk1.0,steffen,baseline,12368,23,657,1370,0,14.166666666666666,63,1.0,1.0
exp5_stow1.0_walk1.0,random,baseline,12369,24,1171,808,100,32.138888888888886,126,1.0,1.0
exp5_stow1.0_walk1.0,back_to_front,baseline,12369,24,1629,1690,89,96.65555555555555,236,1.0,1.0
exp5_stow1.0_walk1.0,outside_in,baseline,12369,24,1031,668,0,26.05,96,1.0,1.0
exp5_stow1.0_walk1.0,steffen,baseline,12369,24,714,781,0,10.733333333333333,59,1.0,1.0
exp5_stow1.0_walk1.0,random,baseline,12370,25,1197,933,81,29.65,126,1.0,1.0
exp5_stow1.0_walk1.0,back_to_front,baseline,12370,25,1556,1778,86,77.01666666666667,182,1.0,1.0
exp5_stow1.0_walk1.0,outside_in,baseline,12370,25,1037,815,0,22.82777777777778,63,1.0,1.0
exp5_stow1.0_walk1.0,steffen,baseline,12370,25,706,1253,0,12.972222222222221,62,1.0,1.0
exp5_stow1.0_walk1.0,random,baseline,12371,26,1174,508,89,26.91111111111111,91,1.0,1.0
exp5_stow1.0_walk1.0,back_to_front,baseline,12371,26,1464,1195,84,73.2388888888889,197,1.0,1.0
exp5_stow1.0_walk1.0,outside_in,baseline,12371,26,932,500,0,19.216666666666665,103,1.0,1.0
exp5_stow1.0_walk1.0,steffen,baseline,12371,26,697,345,0,6.45,39,1.0,1.0
exp5_stow1.0_walk1.0,random,baseline,12372,27,1292,721,85,32.294444444444444,112,1.0,1.0
exp5_stow1.0_walk1.0,back_to_front,baseline,12372,27,1659,1960,97,98.60555555555555,228,1.0,1.0
exp5_stow1.0_walk1.0,outside_in,baseline,12372,27,1007,800,0,26.794444444444444,95,1.0,1.0
exp5_stow1.0_walk1.0,steffen,baseline,12372,27,664,991,0,10.577777777777778,43,1.0,1.0
exp5_stow1.0_walk1.0,random,baseline,12373,28,1123,821,91,33.09444444444444,112,1.0,1.0
exp5_stow1.0_walk1.0,back_to_front,baseline,12373,28,1456,1860,82,75.01666666666667,193,1.0,1.0
exp5_stow1.0_walk1.0,outside_in,baseline,12373,28,947,767,0,22.505555555555556,70,1.0,1.0
exp5_stow1.0_walk1.0,steffen,baseline,12373,28,682,1369,0,12.855555555555556,37,1.0,1.0
exp5_stow1.0_walk1.0,random,baseline,12374,29,1113,763,81,31.238888888888887,90,1.0,1.0
exp5_stow1.0_walk1.0,back_to_front,baseline,12374,29,1511,1810,88,80.61111111111111,190,1.0,1.0
exp5_stow1.0_walk1.0,outside_in,baseline,12374,29,957,682,0,20.683333333333334,60,1.0,1.0
exp5_stow1.0_walk1.0,steffen,baseline,12374,29,676,969,0,9.777777777777779,35,1.0,1.0
exp5_stow1.0_walk1.0,random,baseline,12375,30,1170,873,101,30.261111111111113,91,1.0,1.0
exp5_stow1.0_walk1.0,back_to_front,baseline,12375,30,1504,1759,98,79.03333333333333,194,1.0,1.0
exp5_stow1.0_walk1.0,outside_in,baseline,12375,30,997,806,0,24.072222222222223,73,1.0,1.0
exp5_stow1.0_walk1.0,steffen,baseline,12375,30,679,1147,0,12.444444444444445,44,1.0,1.0
exp5_stow1.0_walk1.0,random,baseline,12376,31,1264,974,89,38.48888888888889,111,1.0,1.0
exp5_stow1.0_walk1.0,back_to_front,baseline,12376,31,1575,1860,86,86.22222222222223,202,1.0,1.0
exp5_stow1.0_walk1.0,outside_in,baseline,12376,31,961,919,0,25.788888888888888,70,1.0,1.0
exp5_stow1.0_walk1.0,steffen,baseline,12376,31,716,1748,0,16.505555555555556,55,1.0,1.0
exp5_stow1.0_walk1.0,random,baseline,12377,32,1178,638,79,31.733333333333334,105,1.0,1.0
exp5_stow1.0_walk1.0,back_to_front,baseline,12377,32,1695,1607,88,96.79444444444445,245,1.0,1.0
exp5_stow1.0_walk1.0,outside_in,baseline,12377,32,950,564,0,22.17222222222222,76,1.0,1.0
exp5_stow1.0_walk1.0,steffen,baseline,12377,32,691,726,0,9.883333333333333,54,1.0,1.0
exp5_stow1.0_walk1.0,random,baseline,12378,33,1134,758,95,30.605555555555554,93,1.0,1.0
exp5_stow1.0_walk1.0,back_to_front,baseline,12378,33,1591,1959,97,93.99444444444444,228,1.0,1.0
exp5_stow1.0_walk1.0,outside_in,baseline,12378,33,875,939,0,25.505555555555556,87,1.0,1.0
exp5_stow1.0_walk1.0,steffen,baseline,12378,33,663,1143,0,11.933333333333334,56,1.0,1.0
exp5_stow1.0_walk1.0,random,baseline,12379,34,1111,857,82,29.0,111,1.0,1.0
exp5_stow1.0_walk1.0,back_to_front,baseline,12379,34,1494,1501,89,84.95,205,1.0,1.0
exp5_stow1.0_walk1.0,outside_in,baseline,12379,34,979,627,0,21.3,73,1.0,1.0
exp5_stow1.0_walk1.0,steffen,baseline,12379,34,685,994,0,10.7,40,1.0,1.0
exp5_stow1.0_walk1.0,random,baseline,12380,35,1077,885,79,27.183333333333334,98,1.0,1.0
exp5_stow1.0_walk1.0,back_to_front,baseline,12380,35,1486,1862,88,76.16111111111111,173,1.0,1.0
exp5_stow1.0_walk1.0,outside_in,baseline,12380,35,979,950,0,26.05,88,1.0,1.0
exp5_stow1.0_walk1.0,steffen,baseline,12380,35,703,1604,0,14.194444444444445,48,1.0,1.0
exp5_stow1.0_walk1.0,random,baseline,12381,36,1155,746,83,35.71111111111111,115,1.0,1.0
exp5_stow1.0_walk1.0,back_to_front,baseline,12381,36,1591,2011,87,90.63333333333334,206,1.0,1.0
exp5_stow1.0_walk1.0,outside_in,baseline,12381,36,1003,708,0,23.18888888888889,69,1.0,1.0
exp5_stow1.0_walk1.0,steffen,baseline,12381,36,666,1435,0,13.083333333333334,49,1.0,1.0
exp5_stow1.0_walk1.0,random,baseline,12382,37,1227,828,96,37.78888888888889,117,1.0,1.0
exp5_stow1.0_walk1.0,back_to_front,baseline,12382,37,1644,1787,100,95.2388888888889,251,1.0,1.0
exp5_stow1.0_walk1.0,outside_in,baseline,12382,37,1009,642,0,20.8,64,1.0,1.0
exp5_stow1.0_walk1.0,steffen,baseline,12382,37,715,1287,0,13.238888888888889,77,1.0,1.0
exp5_stow1.0_walk1.0,random,baseline,12383,38,1094,885,89,33.016666666666666,100,1.0,1.0
exp5_stow1.0_walk1.0,back_to_front,baseline,12383,38,1602,1730,96,85.88333333333334,193,1.0,1.0
exp5_stow1.0_walk1.0,outside_in,baseline,12383,38,956,767,0,22.427777777777777,67,1.0,1.0
exp5_stow1.0_walk1.0,steffen,baseline,12383,38,678,1680,0,14.488888888888889,44,1.0,1.0
exp5_stow1.0_walk1.0,random,baseline,12384,39,1177,807,102,29.122222222222224,87,1.0,1.0
exp5_stow1.0_walk1.0,back_to_front,baseline,12384,39,1546,1737,93,79.9,201,1.0,1.0
exp5_stow1.0_walk1.0,outside_in,baseline,12384,39,961,758,0,20.727777777777778,73,1.0,1.0
exp5_stow1.0_walk1.0,steffen,baseline,12384,39,694,1009,0,10.827777777777778,47,1.0,1.0
exp5_stow1.0_walk1.0,random,baseline,12385,40,1146,776,90,28.13888888888889,85,1.0,1.0
exp5_stow1.0_walk1.0,back_to_front,baseline,12385,40,1457,1727,93,81.56111111111112,256,1.0,1.0
exp5_stow1.0_walk1.0,outside_in,baseline,12385,40,976,808,0,25.58888888888889,76,1.0,1.0
exp5_stow1.0_walk1.0,steffen,baseline,12385,40,685,1356,0,13.216666666666667,49,1.0,1.0
exp5_stow1.0_walk1.0,random,baseline,12386,41,1142,698,95,28.244444444444444,105,1.0,1.0
exp5_stow1.0_walk1.0,back_to_front,baseline,12386,41,1445,1630,74,76.67222222222222,208,1.0,1.0
exp5_stow1.0_walk1.0,outside_in,baseline,12386,41,923,517,0,19.544444444444444,87,1.0,1.0
exp5_stow1.0_walk1.0,steffen,baseline,12386,41,701,801,0,9.194444444444445,37,1.0,1.0
exp5_stow1.0_walk1.0,random,baseline,12387,42,1157,778,90,26.872222222222224,91,1.0,1.0
exp5_stow1.0_walk1.0,back_to_front,baseline,12387,42,1561,1707,96,83.61111111111111,203,1.0,1.0
exp5_stow1.0_walk1.0,outside_in,baseline,12387,42,918,775,0,21.272222222222222,73,1.0,1.0
exp5_stow1.0_walk1.0,steffen,baseline,12387,42,670,1156,0,11.86111111111111,58,1.0,1.0
exp5_stow1.0_walk1.0,random,baseline,12388,43,1174,734,90,27.07777777777778,93,1.0,1.0
exp5_stow1.0_walk1.0,back_to_front,baseline,12388,43,1547,1760,99,75.66111111111111,177,1.0,1.0
exp5_stow1.0_walk1.0,outside_in,baseline,12388,43,1061,771,0,25.25,81,1.0,1.0
exp5_stow1.0_walk1.0,steffen,baseline,12388,43,703,1258,0,11.772222222222222,51,1.0,1.0
exp5_stow1.0_walk1.0,random,baseline,12389,44,1156,816,97,29.977777777777778,104,1.0,1.0
exp5_stow1.0_walk1.0,back_to_front,baseline,12389,44,1463,1546,80,78.05,205,1.0,1.0
exp5_stow1.0_walk1.0,outside_in,baseline,12389,44,1002,728,0,22.3,62,1.0,1.0
exp5_stow1.0_walk1.0,steffen,baseline,12389,44,700,1240,0,12.061111111111112,45,1.0,1.0
exp5_stow1.0_walk1.0,random,baseline,12390,45,1188,722,92,27.305555555555557,93,1.0,1.0
exp5_stow1.0_walk1.0,back_to_front,baseline,12390,45,1514,1920,96,81.16666666666667,213,1.0,1.0
exp5_stow1.0_walk1.0,outside_in,baseline,12390,45,1010,769,0,22.305555555555557,64,1.0,1.0
exp5_stow1.0_walk1.0,steffen,baseline,12390,45,714,1173,0,11.255555555555556,49,1.0,1.0
exp5_stow1.0_walk1.0,random,baseline,12391,46,1263,823,91,34.016666666666666,97,1.0,1.0
exp5_stow1.0_walk1.0,back_to_front,baseline,12391,46,1647,1705,92,84.69444444444444,196,1.0,1.0
exp5_stow1.0_walk1.0,outside_in,baseline,12391,46,1057,743,0,25.06111111111111,69,1.0,1.0
exp5_stow1.0_walk1.0,steffen,baseline,12391,46,706,1429,0,13.922222222222222,48,1.0,1.0
exp5_stow1.0_walk1.0,random,baseline,12392,47,1261,1034,90,35.53333333333333,110,1.0,1.0
exp5_stow1.0_walk1.0,back_to_front,baseline,12392,47,1575,1924,85,84.71111111111111,212,1.0,1.0
exp5_stow1.0_walk1.0,outside_in,baseline,12392,47,1030,933,0,25.305555555555557,84,1.0,1.0
exp5_stow1.0_walk1.0,steffen,baseline,12392,47,698,1895,0,15.472222222222221,42,1.0,1.0
exp5_stow1.0_walk1.0,random,baseline,12393,48,1222,896,101,30.92222222222222,78,1.0,1.0
exp5_stow1.0_walk1.0,back_to_front,baseline,12393,48,1628,1719,105,85.69444444444444,223,1.0,1.0
exp5_stow1.0_walk1.0,outside_in,baseline,12393,48,1070,705,0,21.42222222222222,69,1.0,1.0
exp5_stow1.0_walk1.0,steffen,baseline,12393,48,701,1682,0,14.688888888888888,43,1.0,1.0
exp5_stow1.0_walk1.0,random,baseline,12394,49,1147,914,85,32.827777777777776,91,1.0,1.0
exp5_stow1.0_walk1.0,back_to_front,baseline,12394,49,1604,1537,79,78.71666666666667,206,1.0,1.0
exp5_stow1.0_walk1.0,outside_in,baseline,12394,49,970,887,0,25.45,89,1.0,1.0
exp5_stow1.0_walk1.0,steffen,baseline,12394,49,701,1004,0,10.083333333333334,39,1.0,1.0
exp5_stow1.0_walk1.0,random,baseline,12395,50,1049,736,90,29.255555555555556,121,1.0,1.0
exp5_stow1.0_walk1.0,back_to_front,baseline,12395,50,1459,1574,93,81.57777777777778,251,1.0,1.0
exp5_stow1.0_walk1.0,outside_in,baseline,12395,50,911,634,0,18.683333333333334,70,1.0,1.0
exp5_stow1.0_walk1.0,steffen,baseline,12395,50,662,865,0,9.977777777777778,46,1.0,1.0
exp5_stow1.0_walk1.0,random,baseline,12396,51,1218,757,97,36.50555555555555,121,1.0,1.0
exp5_stow1.0_walk1.0,back_to_front,baseline,12396,51,1554,1880,90,86.00555555555556,225,1.0,1.0
exp5_stow1.0_walk1.0,outside_in,baseline,12396,51,1002,690,0,20.727777777777778,66,1.0,1.0
exp5_stow1.0_walk1.0,steffen,baseline,12396,51,713,1232,0,12.45,66,1.0,1.0
exp5_stow1.0_walk1.0,random,baseline,12397,52,1081,775,90,29.822222222222223,110,1.0,1.0
exp5_stow1.0_walk1.0,back_to_front,baseline,12397,52,1436,1804,91,79.77222222222223,204,1.0,1.0
exp5_stow1.0_walk1.0,outside_in,baseline,12397,52,946,596,0,19.238888888888887,82,1.0,1.0
exp5_stow1.0_walk1.0,steffen,baseline,12397,52,695,945,0,9.744444444444444,41,1.0,1.0
exp5_stow1.0_walk1.0,random,baseline,12398,53,1108,666,79,27.3,118,1.0,1.0
exp5_stow1.0_walk1.0,back_to_front,baseline,12398,53,1502,1696,97,81.65,245,1.0,1.0
exp5_stow1.0_walk1.0,outside_in,baseline,12398,53,949,754,0,21.41111111111111,63,1.0,1.0
exp5_stow1.0_walk1.0,steffen,baseline,12398,53,703,1143,0,10.666666666666666,49,1.0,1.0
exp5_stow1.0_walk1.0,random,baseline,12399,54,1245,630,98,31.8,92,1.0,1.0
exp5_stow1.0_walk1.0,back_to_front,baseline,12399,54,1624,1562,90,91.39444444444445,245,1.0,1.0
exp5_stow1.0_walk1.0,outside_in,baseline,12399,54,1010,731,0,24.488888888888887,78,1.0,1.0
exp5_stow1.0_walk1.0,steffen,baseline,12399,54,694,679,0,9.422222222222222,47,1.0,1.0
exp5_stow1.0_walk1.0,random,baseline,12400,55,1201,792,88,35.35,107,1.0,1.0
exp5_stow1.0_walk1.0,back_to_front,baseline,12400,55,1426,1639,89,80.32777777777778,236,1.0,1.0
exp5_stow1.0_walk1.0,outside_in,baseline,12400,55,926,843,0,22.788888888888888,84,1.0,1.0
exp5_stow1.0_walk1.0,steffen,baseline,12400,55,656,1077,0,10.766666666666667,44,1.0,1.0
exp5_stow1.0_walk1.0,random,baseline,12401,56,1165,954,85,35.977777777777774,96,1.0,1.0
exp5_stow1.0_walk1.0,back_to_front,baseline,12401,56,1517,1664,93,88.19444444444444,238,1.0,1.0
exp5_stow1.0_walk1.0,outside_in,baseline,12401,56,906,831,0,23.95,67,1.0,1.0
exp5_stow1.0_walk1.0,steffen,baseline,12401,56,667,968,0,11.216666666666667,39,1.0,1.0
exp5_stow1.0_walk1.0,random,baseline,12402,57,1215,719,104,37.93888888888889,120,1.0,1.0
exp5_stow1.0_walk1.0,back_to_front,baseline,12402,57,1501,1522,90,76.17777777777778,190,1.0,1.0
exp5_stow1.0_walk1.0,outside_in,baseline,12402,57,997,652,0,23.544444444444444,80,1.0,1.0
exp5_stow1.0_walk1.0,steffen,baseline,12402,57,698,903,0,10.55,46,1.0,1.0
exp5_stow1.0_walk1.0,random,baseline,12403,58,1277,711,84,34.644444444444446,121,1.0,1.0
exp5_stow1.0_walk1.0,back_to_front,baseline,12403,58,1514,1780,85,76.56666666666666,188,1.0,1.0
exp5_stow1.0_walk1.0,outside_in,baseline,12403,58,982,686,0,22.738888888888887,75,1.0,1.0
exp5_stow1.0_walk1.0,steffen,baseline,12403,58,711,954,0,10.85,52,1.0,1.0
exp5_stow1.0_walk1.0,random,baseline,12404,59,1203,759,85,30.533333333333335,98,1.0,1.0
exp5_stow1.0_walk1.0,back_to_front,baseline,12404,59,1658,1834,84,87.31666666666666,208,1.0,1.0
exp5_stow1.0_walk1.0,outside_in,baseline,12404,59,1067,539,0,21.16111111111111,76,1.0,1.0
exp5_stow1.0_walk1.0,steffen,baseline,12404,59,724,828,0,9.777777777777779,47,1.0,1.0
exp5_stow1.0_walk1.0,random,baseline,12405,60,1262,814,98,36.71111111111111,144,1.0,1.0
exp5_stow1.0_walk1.0,back_to_front,baseline,12405,60,1616,1811,98,87.53888888888889,211,1.0,1.0
exp5_stow1.0_walk1.0,outside_in,baseline,12405,60,1009,816,0,24.872222222222224,77,1.0,1.0
exp5_stow1.0_walk1.0,steffen,baseline,12405,60,698,1436,0,13.561111111111112,52,1.0,1.0
exp5_stow1.0_walk1.0,random,baseline,12406,61,1127,871,96,30.461111111111112,106,1.0,1.0
exp5_stow1.0_walk1.0,back_to_front,baseline,12406,61,1713,2001,87,100.30555555555556,241,1.0,1.0
exp5_stow1.0_walk1.0,outside_in,baseline,12406,61,1011,728,0,23.91111111111111,112,1.0,1.0
exp5_stow1.0_walk1.0,steffen,baseline,12406,61,676,1728,0,14.844444444444445,52,1.0,1.0
exp5_stow1.0_walk1.0,random,baseline,12407,62,1100,693,88,28.91111111111111,99,1.0,1.0
exp5_stow1.0_walk1.0,back_to_front,baseline,12407,62,1547,1394,93,83.25,233,1.0,1.0
exp5_stow1.0_walk1.0,outside_in,baseline,12407,62,942,655,0,19.144444444444446,75,1.0,1.0
exp5_stow1.0_walk1.0,steffen,baseline,12407,62,685,729,0,9.305555555555555,34,1.0,1.0
exp5_stow1.0_walk1.0,random,baseline,12408,63,1212,768,93,31.305555555555557,83,1.0,1.0
exp5_stow1.0_walk1.0,back_to_front,baseline,12408,63,1652,1907,96,90.67222222222222,231,1.0,1.0
exp5_stow1.0_walk1.0,outside_in,baseline,12408,63,1104,947,0,26.38888888888889,92,1.0,1.0
exp5_stow1.0_walk1.0,steffen,baseline,12408,63,725,1572,0,14.983333333333333,61,1.0,1.0
exp5_stow1.0_walk1.0,random,baseline,12409,64,1259,776,95,30.566666666666666,103,1.0,1.0
exp5_stow1.0_walk1.0,back_to_front,baseline,12409,64,1572,2039,97,98.04444444444445,261,1.0,1.0
exp5_stow1.0_walk1.0,outside_in,baseline,12409,64,1002,802,0,22.566666666666666,71,1.0,1.0
exp5_stow1.0_walk1.0,steffen,baseline,12409,64,677,1330,0,12.277777777777779,63,1.0,1.0
exp5_stow1.0_walk1.0,random,baseline,12410,65,1171,855,91,30.255555555555556,83,1.0,1.0
exp5_stow1.0_walk1.0,back_to_front,baseline,12410,65,1549,1621,97,91.02777777777777,231,1.0,1.0
exp5_stow1.0_walk1.0,outside_in,baseline,12410,65,986,729,0,24.905555555555555,81,1.0,1.0
exp5_stow1.0_walk1.0,steffen,baseline,12410,65,695,978,0,10.172222222222222,41,1.0,1.0
exp5_stow1.0_walk1.0,random,baseline,12411,66,1240,833,96,36.28333333333333,128,1.0,1.0
exp5_stow1.0_walk1.0,back_to_front,baseline,12411,66,1644,1766,96,90.39444444444445,241,1.0,1.0
exp5_stow1.0_walk1.0,outside_in,baseline,12411,66,996,712,0,25.52777777777778,88,1.0,1.0
exp5_stow1.0_walk1.0,steffen,baseline,12411,66,705,1490,0,14.266666666666667,59,1.0,1.0
exp5_stow1.0_walk1.0,random,baseline,12412,67,1201,824,78,38.388888888888886,131,1.0,1.0
exp5_stow1.0_walk1.0,back_to_front,baseline,12412,67,1672,1802,98,93.5111111111111,232,1.0,1.0
exp5_stow1.0_walk1.0,outside_in,baseline,12412,67,1005,677,0,22.38888888888889,84,1.0,1.0
exp5_stow1.0_walk1.0,steffen,baseline,12412,67,691,1421,0,12.555555555555555,45,1.0,1.0
exp5_stow1.0_walk1.0,random,baseline,12413,68,1182,724,107,32.33888888888889,112,1.0,1.0
exp5_stow1.0_walk1.0,back_to_front,baseline,12413,68,1607,1675,83,89.96111111111111,245,1.0,1.0
exp5_stow1.0_walk1.0,outside_in,baseline,12413,68,915,821,0,22.81111111111111,78,1.0,1.0
exp5_stow1.0_walk1.0,steffen,baseline,12413,68,682,1537,0,14.583333333333334,52,1.0,1.0
exp5_stow1.0_walk1.0,random,baseline,12414,69,1253,822,86,37.144444444444446,108,1.0,1.0
exp5_stow1.0_walk1.0,back_to_front,baseline,12414,69,1597,1996,85,87.53333333333333,219,1.0,1.0
exp5_stow1.0_walk1.0,outside_in,baseline,12414,69,1033,799,0,22.244444444444444,105,1.0,1.0
exp5_stow1.0_walk1.0,steffen,baseline,12414,69,683,1143,0,12.072222222222223,54,1.0,1.0
exp5_stow1.0_walk1.0,random,baseline,12415,70,1133,764,90,28.272222222222222,89,1.0,1.0
exp5_stow1.0_walk1.0,back_to_front,baseline,12415,70,1517,1831,88,86.09444444444445,208,1.0,1.0
exp5_stow1.0_walk1.0,outside_in,baseline,12415,70,1029,798,0,26.094444444444445,85,1.0,1.0
exp5_stow1.0_walk1.0,steffen,baseline,12415,70,712,1160,0,11.75,53,1.0,1.0
exp5_stow1.0_walk1.0,random,baseline,12416,71,1176,742,81,27.866666666666667,125,1.0,1.0
exp5_stow1.0_walk1.0,back_to_front,baseline,12416,71,1568,1786,92,87.38333333333334,189,1.0,1.0
exp5_stow1.0_walk1.0,outside_in,baseline,12416,71,1016,624,0,22.91111111111111,70,1.0,1.0
exp5_stow1.0_walk1.0,steffen,baseline,12416,71,710,1423,0,13.672222222222222,63,1.0,1.0
exp5_stow1.0_walk1.0,random,baseline,12417,72,1181,743,85,30.42222222222222,87,1.0,1.0
exp5_stow1.0_walk1.0,back_to_front,baseline,12417,72,1528,1772,93,79.46111111111111,198,1.0,1.0
exp5_stow1.0_walk1.0,outside_in,baseline,12417,72,1069,871,0,23.233333333333334,75,1.0,1.0
exp5_stow1.0_walk1.0,steffen,baseline,12417,72,691,1396,0,13.394444444444444,45,1.0,1.0
exp5_stow1.0_walk1.0,random,baseline,12418,73,1218,923,89,36.22222222222222,170,1.0,1.0
exp5_stow1.0_walk1.0,back_to_front,baseline,12418,73,1527,1886,93,91.53888888888889,240,1.0,1.0
exp5_stow1.0_walk1.0,outside_in,baseline,12418,73,949,1025,0,26.766666666666666,93,1.0,1.0
exp5_stow1.0_walk1.0,steffen,baseline,12418,73,658,1604,0,14.233333333333333,57,1.0,1.0
exp5_stow1.0_walk1.0,random,baseline,12419,74,1183,773,92,35.91111111111111,109,1.0,1.0
exp5_stow1.0_walk1.0,back_to_front,baseline,12419,74,1466,1837,80,74.39444444444445,189,1.0,1.0
exp5_stow1.0_walk1.0,outside_in,baseline,12419,74,996,668,0,21.11111111111111,78,1.0,1.0
exp5_stow1.0_walk1.0,steffen,baseline,12419,74,693,1127,0,11.516666666666667,65,1.0,1.0
exp5_stow1.0_walk1.0,random,baseline,12420,75,1134,730,93,27.788888888888888,92,1.0,1.0
exp5_stow1.0_walk1.0,back_to_front,baseline,12420,75,1624,1710,89,89.02222222222223,251,1.0,1.0
exp5_stow1.0_walk1.0,outside_in,baseline,12420,75,950,705,0,22.433333333333334,75,1.0,1.0
exp5_stow1.0_walk1.0,steffen,baseline,12420,75,709,1076,0,11.133333333333333,47,1.0,1.0
exp5_stow1.0_walk1.0,random,baseline,12421,76,1183,832,98,37.172222222222224,135,1.0,1.0
exp5_stow1.0_walk1.0,back_to_front,baseline,12421,76,1458,1642,86,86.52777777777777,205,1.0,1.0
exp5_stow1.0_walk1.0,outside_in,baseline,12421,76,962,840,0,24.783333333333335,65,1.0,1.0
exp5_stow1.0_walk1.0,steffen,baseline,12421,76,674,1491,0,14.21111111111111,44,1.0,1.0
exp5_stow1.0_walk1.0,random,baseline,12422,77,1212,830,87,35.361111111111114,112,1.0,1.0
exp5_stow1.0_walk1.0,back_to_front,baseline,12422,77,1579,1984,79,90.59444444444445,209,1.0,1.0
exp5_stow1.0_walk1.0,outside_in,baseline,12422,77,949,711,0,22.461111111111112,74,1.0,1.0
exp5_stow1.0_walk1.0,steffen,baseline,12422,77,698,1543,0,14.86111111111111,56,1.0,1.0
exp5_stow1.0_walk1.0,random,baseline,12423,78,1204,904,99,37.68888888888889,160,1.0,1.0
exp5_stow1.0_walk1.0,back_to_front,baseline,12423,78,1712,1866,89,101.45,274,1.0,1.0
exp5_stow1.0_walk1.0,outside_in,baseline,12423,78,998,723,0,24.244444444444444,70,1.0,1.0
exp5_stow1.0_walk1.0,steffen,baseline,12423,78,686,1156,0,12.455555555555556,52,1.0,1.0
exp5_stow1.0_walk1.0,random,baseline,12424,79,1137,739,87,26.38888888888889,94,1.0,1.0
exp5_stow1.0_walk1.0,back_to_front,baseline,12424,79,1503,1723,91,76.97777777777777,200,1.0,1.0
exp5_stow1.0_walk1.0,outside_in,baseline,12424,79,955,726,0,20.483333333333334,62,1.0,1.0
exp5_stow1.0_walk1.0,steffen,baseline,12424,79,702,985,0,10.5,50,1.0,1.0
exp5_stow1.0_walk1.0,random,baseline,12425,80,1149,712,97,29.42222222222222,99,1.0,1.0
exp5_stow1.0_walk1.0,back_to_front,baseline,12425,80,1517,1782,95,93.44444444444444,286,1.0,1.0
exp5_stow1.0_walk1.0,outside_in,baseline,12425,80,1019,679,0,23.644444444444446,89,1.0,1.0
exp5_stow1.0_walk1.0,steffen,baseline,12425,80,668,879,0,9.905555555555555,38,1.0,1.0
exp5_stow1.0_walk1.0,random,baseline,12426,81,1236,849,97,37.577777777777776,174,1.0,1.0
exp5_stow1.0_walk1.0,back_to_front,baseline,12426,81,1491,1843,77,77.53333333333333,174,1.0,1.0
exp5_stow1.0_walk1.0,outside_in,baseline,12426,81,941,790,0,23.205555555555556,74,1.0,1.0
exp5_stow1.0_walk1.0,steffen,baseline,12426,81,658,1214,0,11.233333333333333,44,1.0,1.0
exp5_stow1.0_walk1.0,random,baseline,12427,82,1181,721,81,29.91111111111111,87,1.0,1.0
exp5_stow1.0_walk1.0,back_to_front,baseline,12427,82,1632,1912,91,102.2388888888889,242,1.0,1.0
exp5_stow1.0_walk1.0,outside_in,baseline,12427,82,978,704,0,26.216666666666665,104,1.0,1.0
exp5_stow1.0_walk1.0,steffen,baseline,12427,82,657,1052,0,11.172222222222222,59,1.0,1.0
exp5_stow1.0_walk1.0,random,baseline,12428,83,1162,756,80,33.75,105,1.0,1.0
exp5_stow1.0_walk1.0,back_to_front,baseline,12428,83,1554,1744,93,87.66666666666667,204,1.0,1.0
exp5_stow1.0_walk1.0,outside_in,baseline,12428,83,1034,575,0,23.694444444444443,77,1.0,1.0
exp5_stow1.0_walk1.0,steffen,baseline,12428,83,692,1224,0,12.294444444444444,46,1.0,1.0
exp5_stow1.0_walk1.0,random,baseline,12429,84,1289,751,87,36.416666666666664,139,1.0,1.0
exp5_stow1.0_walk1.0,back_to_front,baseline,12429,84,1747,1691,96,94.09444444444445,206,1.0,1.0
exp5_stow1.0_walk1.0,outside_in,baseline,12429,84,1076,719,0,24.81111111111111,69,1.0,1.0
exp5_stow1.0_walk1.0,steffen,baseline,12429,84,719,1145,0,12.1,63,1.0,1.0
exp5_stow1.0_walk1.0,random,baseline,12430,85,1200,768,103,32.84444444444444,130,1.0,1.0
exp5_stow1.0_walk1.0,back_to_front,baseline,12430,85,1591,1468,87,85.36111111111111,188,1.0,1.0
exp5_stow1.0_walk1.0,outside_in,baseline,12430,85,1012,806,0,26.433333333333334,79,1.0,1.0
exp5_stow1.0_walk1.0,steffen,baseline,12430,85,681,1378,0,12.455555555555556,37,1.0,1.0
exp5_stow1.0_walk1.0,random,baseline,12431,86,1297,729,97,34.916666666666664,134,1.0,1.0
exp5_stow1.0_walk1.0,back_to_front,baseline,12431,86,1441,1728,84,81.02222222222223,215,1.0,1.0
exp5_stow1.0_walk1.0,outside_in,baseline,12431,86,996,680,0,22.038888888888888,83,1.0,1.0
exp5_stow1.0_walk1.0,steffen,baseline,12431,86,661,1135,0,11.988888888888889,54,1.0,1.0
exp5_stow1.0_walk1.0,random,baseline,12432,87,1116,796,95,24.933333333333334,84,1.0,1.0
exp5_stow1.0_walk1.0,back_to_front,baseline,12432,87,1573,1830,92,92.0,230,1.0,1.0
exp5_stow1.0_walk1.0,outside_in,baseline,12432,87,966,735,0,20.32777777777778,77,1.0,1.0
exp5_stow1.0_walk1.0,steffen,baseline,12432,87,685,1718,0,14.283333333333333,44,1.0,1.0
exp5_stow1.0_walk1.0,random,baseline,12433,88,1214,670,90,32.166666666666664,101,1.0,1.0
exp5_stow1.0_walk1.0,back_to_front,baseline,12433,88,1502,1616,83,80.56666666666666,226,1.0,1.0
exp5_stow1.0_walk1.0,outside_in,baseline,12433,88,945,581,0,22.06111111111111,81,1.0,1.0
exp5_stow1.0_walk1.0,steffen,baseline,12433,88,674,1346,0,12.811111111111112,48,1.0,1.0
exp5_stow1.0_walk1.0,random,baseline,12434,89,1132,758,92,30.13888888888889,119,1.0,1.0
exp5_stow1.0_walk1.0,back_to_front,baseline,12434,89,1400,1838,84,79.9,214,1.0,1.0
exp5_stow1.0_walk1.0,outside_in,baseline,12434,89,958,780,0,24.655555555555555,76,1.0,1.0
exp5_stow1.0_walk1.0,steffen,baseline,12434,89,661,1039,0,10.616666666666667,44,1.0,1.0
exp5_stow1.0_walk1.0,random,baseline,12435,90,1202,849,100,37.02777777777778,115,1.0,1.0
exp5_stow1.0_walk1.0,back_to_front,baseline,12435,90,1608,1677,87,89.72222222222223,205,1.0,1.0
exp5_stow1.0_walk1.0,outside_in,baseline,12435,90,1037,906,0,30.822222222222223,111,1.0,1.0
exp5_stow1.0_walk1.0,steffen,baseline,12435,90,699,1212,0,12.816666666666666,56,1.0,1.0
exp5_stow1.0_walk1.0,random,baseline,12436,91,1076,744,101,32.23888888888889,137,1.0,1.0
exp5_stow1.0_walk1.0,back_to_front,baseline,12436,91,1628,1518,85,98.96666666666667,285,1.0,1.0
exp5_stow1.0_walk1.0,outside_in,baseline,12436,91,910,688,0,21.366666666666667,80,1.0,1.0
exp5_stow1.0_walk1.0,steffen,baseline,12436,91,658,892,0,9.966666666666667,40,1.0,1.0
exp5_stow1.0_walk1.0,random,baseline,12437,92,1178,670,93,37.07222222222222,100,1.0,1.0
exp5_stow1.0_walk1.0,back_to_front,baseline,12437,92,1542,1320,93,85.43333333333334,211,1.0,1.0
exp5_stow1.0_walk1.0,outside_in,baseline,12437,92,973,665,0,29.977777777777778,126,1.0,1.0
exp5_stow1.0_walk1.0,steffen,baseline,12437,92,681,592,0,9.394444444444444,57,1.0,1.0
exp5_stow1.0_walk1.0,random,baseline,12438,93,1082,610,94,28.705555555555556,111,1.0,1.0
exp5_stow1.0_walk1.0,back_to_front,baseline,12438,93,1613,1672,87,89.09444444444445,226,1.0,1.0
exp5_stow1.0_walk1.0,outside_in,baseline,12438,93,971,747,0,23.033333333333335,67,1.0,1.0
exp5_stow1.0_walk1.0,steffen,baseline,12438,93,695,1089,0,11.822222222222223,45,1.0,1.0
exp5_stow1.0_walk1.0,random,baseline,12439,94,1134,803,92,29.055555555555557,107,1.0,1.0
exp5_stow1.0_walk1.0,back_to_front,baseline,12439,94,1488,1754,89,84.76666666666667,227,1.0,1.0
exp5_stow1.0_walk1.0,outside_in,baseline,12439,94,978,853,0,26.6,97,1.0,1.0
exp5_stow1.0_walk1.0,steffen,baseline,12439,94,662,1603,0,13.872222222222222,55,1.0,1.0
exp5_stow1.0_walk1.0,random,baseline,12440,95,1226,874,89,36.42777777777778,171,1.0,1.0
exp5_stow1.0_walk1.0,back_to_front,baseline,12440,95,1521,1967,93,91.18888888888888,257,1.0,1.0
exp5_stow1.0_walk1.0,outside_in,baseline,12440,95,998,805,0,28.77777777777778,77,1.0,1.0
exp5_stow1.0_walk1.0,steffen,baseline,12440,95,643,1662,0,15.205555555555556,50,1.0,1.0
exp5_stow1.0_walk1.0,random,baseline,12441,96,1264,745,90,33.577777777777776,123,1.0,1.0
exp5_stow1.0_walk1.0,back_to_front,baseline,12441,96,1433,1559,88,73.5,175,1.0,1.0
exp5_stow1.0_walk1.0,outside_in,baseline,12441,96,981,630,0,22.805555555555557,70,1.0,1.0
exp5_stow1.0_walk1.0,steffen,baseline,12441,96,682,850,0,9.855555555555556,44,1.0,1.0
exp5_stow1.0_walk1.0,random,baseline,12442,97,1220,711,93,32.62222222222222,93,1.0,1.0
exp5_stow1.0_walk1.0,back_to_front,baseline,12442,97,1636,1987,93,92.96666666666667,220,1.0,1.0
exp5_stow1.0_walk1.0,outside_in,baseline,12442,97,1065,755,0,31.255555555555556,110,1.0,1.0
exp5_stow1.0_walk1.0,steffen,baseline,12442,97,713,1719,0,16.68888888888889,59,1.0,1.0
exp5_stow1.0_walk1.0,random,baseline,12443,98,1184,686,85,35.61666666666667,114,1.0,1.0
exp5_stow1.0_walk1.0,back_to_front,baseline,12443,98,1599,1402,87,88.68888888888888,204,1.0,1.0
exp5_stow1.0_walk1.0,outside_in,baseline,12443,98,996,584,0,27.47222222222222,75,1.0,1.0
exp5_stow1.0_walk1.0,steffen,baseline,12443,98,677,692,0,9.78888888888889,48,1.0,1.0
exp5_stow1.0_walk1.0,random,baseline,12444,99,1099,750,84,30.33888888888889,114,1.0,1.0
exp5_stow1.0_walk1.0,back_to_front,baseline,12444,99,1451,1517,93,80.33333333333333,225,1.0,1.0
exp5_stow1.0_walk1.0,outside_in,baseline,12444,99,994,765,0,22.705555555555556,68,1.0,1.0
exp5_stow1.0_walk1.0,steffen,baseline,12444,99,693,961,0,9.905555555555555,41,1.0,1.0
exp5_stow1.0_walk1.0,random,baseline,12445,100,1087,739,91,31.344444444444445,88,1.0,1.0
exp5_stow1.0_walk1.0,back_to_front,baseline,12445,100,1498,1829,85,85.88333333333334,216,1.0,1.0
exp5_stow1.0_walk1.0,outside_in,baseline,12445,100,919,800,0,20.644444444444446,65,1.0,1.0
exp5_stow1.0_walk1.0,steffen,baseline,12445,100,661,1324,0,11.833333333333334,55,1.0,1.0
exp5_stow1.0_walk1.0,random,baseline,12446,101,1126,744,97,31.677777777777777,163,1.0,1.0
exp5_stow1.0_walk1.0,back_to_front,baseline,12446,101,1518,1842,99,90.31111111111112,229,1.0,1.0
exp5_stow1.0_walk1.0,outside_in,baseline,12446,101,998,771,0,25.33888888888889,76,1.0,1.0
exp5_stow1.0_walk1.0,steffen,baseline,12446,101,691,1168,0,12.744444444444444,53,1.0,1.0
exp5_stow1.0_walk1.0,random,baseline,12447,102,1228,594,99,28.15,93,1.0,1.0
exp5_stow1.0_walk1.0,back_to_front,baseline,12447,102,1555,1655,87,85.87222222222222,264,1.0,1.0
exp5_stow1.0_walk1.0,outside_in,baseline,12447,102,1065,660,0,22.92222222222222,91,1.0,1.0
exp5_stow1.0_walk1.0,steffen,baseline,12447,102,731,1096,0,11.266666666666667,52,1.0,1.0
exp5_stow1.0_walk1.0,random,baseline,12448,103,1170,592,88,33.08888888888889,109,1.0,1.0
exp5_stow1.0_walk1.0,back_to_front,baseline,12448,103,1474,1275,75,81.98333333333333,217,1.0,1.0
exp5_stow1.0_walk1.0,outside_in,baseline,12448,103,1023,532,0,24.716666666666665,82,1.0,1.0
exp5_stow1.0_walk1.0,steffen,baseline,12448,103,666,269,0,6.461111111111111,33,1.0,1.0
exp5_stow1.0_walk1.0,random,baseline,12449,104,1183,673,96,29.955555555555556,107,1.0,1.0
exp5_stow1.0_walk1.0,back_to_front,baseline,12449,104,1381,1835,83,67.13333333333334,152,1.0,1.0
exp5_stow1.0_walk1.0,outside_in,baseline,12449,104,1009,841,0,24.733333333333334,82,1.0,1.0
exp5_stow1.0_walk1.0,steffen,baseline,12449,104,683,1221,0,12.294444444444444,42,1.0,1.0
exp5_stow1.0_walk1.0,random,baseline,12450,105,1169,636,100,28.86111111111111,108,1.0,1.0
exp5_stow1.0_walk1.0,back_to_front,baseline,12450,105,1482,1727,86,74.78888888888889,195,1.0,1.0
exp5_stow1.0_walk1.0,outside_in,baseline,12450,105,950,539,0,20.244444444444444,71,1.0,1.0
exp5_stow1.0_walk1.0,steffen,baseline,12450,105,659,797,0,8.561111111111112,45,1.0,1.0
exp5_stow1.0_walk1.0,random,baseline,12451,106,1192,773,103,36.71666666666667,126,1.0,1.0
exp5_stow1.0_walk1.0,back_to_front,baseline,12451,106,1717,1689,83,95.69444444444444,218,1.0,1.0
exp5_stow1.0_walk1.0,outside_in,baseline,12451,106,1072,796,0,27.366666666666667,89,1.0,1.0
exp5_stow1.0_walk1.0,steffen,baseline,12451,106,701,915,0,10.383333333333333,56,1.0,1.0
exp5_stow1.0_walk1.0,random,baseline,12452,107,1082,772,69,29.633333333333333,89,1.0,1.0
exp5_stow1.0_walk1.0,back_to_front,baseline,12452,107,1611,1580,93,89.95555555555555,229,1.0,1.0
exp5_stow1.0_walk1.0,outside_in,baseline,12452,107,996,719,0,22.383333333333333,77,1.0,1.0
exp5_stow1.0_walk1.0,steffen,baseline,12452,107,704,1071,0,11.244444444444444,49,1.0,1.0
exp5_stow1.0_walk1.0,random,baseline,12453,108,1184,720,95,28.283333333333335,98,1.0,1.0
exp5_stow1.0_walk1.0,back_to_front,baseline,12453,108,1568,1721,90,87.27777777777777,223,1.0,1.0
exp5_stow1.0_walk1.0,outside_in,baseline,12453,108,946,697,0,20.88888888888889,61,1.0,1.0
exp5_stow1.0_walk1.0,steffen,baseline,12453,108,699,1469,0,13.027777777777779,42,1.0,1.0
exp5_stow1.0_walk1.0,random,baseline,12454,109,1252,899,81,32.78888888888889,106,1.0,1.0
exp5_stow1.0_walk1.0,back_to_front,baseline,12454,109,1805,1752,87,102.09444444444445,224,1.0,1.0
exp5_stow1.0_walk1.0,outside_in,baseline,12454,109,1082,769,0,24.016666666666666,82,1.0,1.0
exp5_stow1.0_walk1.0,steffen,baseline,12454,109,712,1221,0,13.305555555555555,53,1.0,1.0
exp5_stow1.0_walk1.0,random,baseline,12455,110,1259,773,107,33.99444444444445,104,1.0,1.0
exp5_stow1.0_walk1.0,back_to_front,baseline,12455,110,1654,1892,91,95.73333333333333,263,1.0,1.0
exp5_stow1.0_walk1.0,outside_in,baseline,12455,110,967,710,0,24.25,70,1.0,1.0
exp5_stow1.0_walk1.0,steffen,baseline,12455,110,693,1498,0,13.61111111111111,54,1.0,1.0
exp5_stow1.0_walk1.0,random,baseline,12456,111,1174,957,99,29.0,92,1.0,1.0
exp5_stow1.0_walk1.0,back_to_front,baseline,12456,111,1596,1954,88,91.36666666666666,240,1.0,1.0
exp5_stow1.0_walk1.0,outside_in,baseline,12456,111,982,870,0,23.616666666666667,84,1.0,1.0
exp5_stow1.0_walk1.0,steffen,baseline,12456,111,698,1530,0,13.494444444444444,52,1.0,1.0
exp5_stow1.0_walk1.0,random,baseline,12457,112,1183,680,98,30.07777777777778,82,1.0,1.0
exp5_stow1.0_walk1.0,back_to_front,baseline,12457,112,1526,1517,92,83.28333333333333,235,1.0,1.0
exp5_stow1.0_walk1.0,outside_in,baseline,12457,112,1011,624,0,23.594444444444445,67,1.0,1.0
exp5_stow1.0_walk1.0,steffen,baseline,12457,112,695,644,0,9.144444444444444,37,1.0,1.0
exp5_stow1.0_walk1.0,random,baseline,12458,113,1178,794,90,36.71111111111111,120,1.0,1.0
exp5_stow1.0_walk1.0,back_to_front,baseline,12458,113,1467,1794,81,75.97222222222223,172,1.0,1.0
exp5_stow1.0_walk1.0,outside_in,baseline,12458,113,956,756,0,22.45,78,1.0,1.0
exp5_stow1.0_walk1.0,steffen,baseline,12458,113,714,1011,0,10.194444444444445,44,1.0,1.0
exp5_stow1.0_walk1.0,random,baseline,12459,114,1161,605,83,35.15555555555556,137,1.0,1.0
exp5_stow1.0_walk1.0,back_to_front,baseline,12459,114,1535,1339,94,83.08333333333333,198,1.0,1.0
exp5_stow1.0_walk1.0,outside_in,baseline,12459,114,1004,683,0,26.433333333333334,98,1.0,1.0
exp5_stow1.0_walk1.0,steffen,baseline,12459,114,662,667,0,8.55,37,1.0,1.0
exp5_stow1.0_walk1.0,random,baseline,12460,115,1265,824,88,32.28888888888889,90,1.0,1.0
exp5_stow1.0_walk1.0,back_to_front,baseline,12460,115,1583,1813,92,97.97777777777777,287,1.0,1.0
exp5_stow1.0_walk1.0,outside_in,baseline,12460,115,954,769,0,22.0,61,1.0,1.0
exp5_stow1.0_walk1.0,steffen,baseline,12460,115,671,1192,0,12.061111111111112,47,1.0,1.0
exp5_stow1.0_walk1.0,random,baseline,12461,116,1033,610,70,24.816666666666666,77,1.0,1.0
exp5_stow1.0_walk1.0,back_to_front,baseline,12461,116,1395,1814,71,74.01666666666667,180,1.0,1.0
exp5_stow1.0_walk1.0,outside_in,baseline,12461,116,939,632,0,19.4,73,1.0,1.0
exp5_stow1.0_walk1.0,steffen,baseline,12461,116,652,1187,0,11.78888888888889,45,1.0,1.0
exp5_stow1.0_walk1.0,random,baseline,12462,117,1148,788,89,31.344444444444445,113,1.0,1.0
exp5_stow1.0_walk1.0,back_to_front,baseline,12462,117,1586,1887,105,87.25555555555556,213,1.0,1.0
exp5_stow1.0_walk1.0,outside_in,baseline,12462,117,1013,800,0,23.372222222222224,87,1.0,1.0
exp5_stow1.0_walk1.0,steffen,baseline,12462,117,675,1402,0,12.544444444444444,40,1.0,1.0
exp5_stow1.0_walk1.0,random,baseline,12463,118,1126,916,85,30.416666666666668,99,1.0,1.0
exp5_stow1.0_walk1.0,back_to_front,baseline,12463,118,1517,1907,94,86.71111111111111,231,1.0,1.0
exp5_stow1.0_walk1.0,outside_in,baseline,12463,118,963,725,0,21.566666666666666,70,1.0,1.0
exp5_stow1.0_walk1.0,steffen,baseline,12463,118,685,997,0,11.427777777777777,38,1.0,1.0
exp5_stow1.0_walk1.0,random,baseline,12464,119,1164,954,89,33.91111111111111,138,1.0,1.0
exp5_stow1.0_walk1.0,back_to_front,baseline,12464,119,1702,1781,101,91.58888888888889,217,1.0,1.0
exp5_stow1.0_walk1.0,outside_in,baseline,12464,119,930,641,0,20.3,73,1.0,1.0
exp5_stow1.0_walk1.0,steffen,baseline,12464,119,698,999,0,10.65,39,1.0,1.0
exp5_stow1.0_walk1.0,random,baseline,12465,120,1112,671,94,30.93888888888889,105,1.0,1.0
exp5_stow1.0_walk1.0,back_to_front,baseline,12465,120,1451,1598,87,76.30555555555556,261,1.0,1.0
exp5_stow1.0_walk1.0,outside_in,baseline,12465,120,998,586,0,19.316666666666666,84,1.0,1.0
exp5_stow1.0_walk1.0,steffen,baseline,12465,120,680,971,0,10.3,41,1.0,1.0
exp5_stow1.0_walk1.0,random,baseline,12466,121,1112,745,70,28.97222222222222,100,1.0,1.0
exp5_stow1.0_walk1.0,back_to_front,baseline,12466,121,1464,1793,96,83.05555555555556,212,1.0,1.0
exp5_stow1.0_walk1.0,outside_in,baseline,12466,121,978,699,0,23.38888888888889,79,1.0,1.0
exp5_stow1.0_walk1.0,steffen,baseline,12466,121,653,1070,0,11.083333333333334,55,1.0,1.0
exp5_stow1.0_walk1.0,random,baseline,12467,122,1212,892,98,36.02777777777778,115,1.0,1.0
exp5_stow1.0_walk1.0,back_to_front,baseline,12467,122,1579,1871,85,88.44444444444444,226,1.0,1.0
exp5_stow1.0_walk1.0,outside_in,baseline,12467,122,934,740,0,21.511111111111113,60,1.0,1.0
exp5_stow1.0_walk1.0,steffen,baseline,12467,122,681,1159,0,11.894444444444444,60,1.0,1.0
exp5_stow1.0_walk1.0,random,baseline,12468,123,1200,798,98,27.544444444444444,101,1.0,1.0
exp5_stow1.0_walk1.0,back_to_front,baseline,12468,123,1477,1869,86,79.32777777777778,247,1.0,1.0
exp5_stow1.0_walk1.0,outside_in,baseline,12468,123,995,849,0,21.716666666666665,73,1.0,1.0
exp5_stow1.0_walk1.0,steffen,baseline,12468,123,684,1042,0,11.466666666666667,55,1.0,1.0
exp5_stow1.0_walk1.0,random,baseline,12469,124,1221,740,98,34.25,109,1.0,1.0
exp5_stow1.0_walk1.0,back_to_front,baseline,12469,124,1574,1934,83,99.06666666666666,255,1.0,1.0
exp5_stow1.0_walk1.0,outside_in,baseline,12469,124,987,632,0,24.788888888888888,95,1.0,1.0
exp5_stow1.0_walk1.0,steffen,baseline,12469,124,678,1065,0,11.005555555555556,48,1.0,1.0
exp5_stow1.0_walk1.0,random,baseline,12470,125,1051,1015,86,31.4,109,1.0,1.0
exp5_stow1.0_walk1.0,back_to_front,baseline,12470,125,1470,1864,78,77.29444444444445,212,1.0,1.0
exp5_stow1.0_walk1.0,outside_in,baseline,12470,125,919,859,0,20.033333333333335,74,1.0,1.0
exp5_stow1.0_walk1.0,steffen,baseline,12470,125,673,1432,0,13.027777777777779,46,1.0,1.0
exp5_stow1.0_walk1.0,random,baseline,12471,126,1334,858,87,37.355555555555554,111,1.0,1.0
exp5_stow1.0_walk1.0,back_to_front,baseline,12471,126,1542,1931,98,83.1,213,1.0,1.0
exp5_stow1.0_walk1.0,outside_in,baseline,12471,126,1042,805,0,24.011111111111113,69,1.0,1.0
exp5_stow1.0_walk1.0,steffen,baseline,12471,126,722,1741,0,16.416666666666668,50,1.0,1.0
exp5_stow1.0_walk1.0,random,baseline,12472,127,1163,732,87,28.788888888888888,92,1.0,1.0
exp5_stow1.0_walk1.0,back_to_front,baseline,12472,127,1569,1576,100,85.52777777777777,239,1.0,1.0
exp5_stow1.0_walk1.0,outside_in,baseline,12472,127,1033,709,0,23.02777777777778,62,1.0,1.0
exp5_stow1.0_walk1.0,steffen,baseline,12472,127,710,1426,0,13.53888888888889,63,1.0,1.0
exp5_stow1.0_walk1.0,random,baseline,12473,128,1188,724,89,37.94444444444444,113,1.0,1.0
exp5_stow1.0_walk1.0,back_to_front,baseline,12473,128,1647,1893,89,93.47222222222223,250,1.0,1.0
exp5_stow1.0_walk1.0,outside_in,baseline,12473,128,1031,548,0,21.433333333333334,69,1.0,1.0
exp5_stow1.0_walk1.0,steffen,baseline,12473,128,674,1201,0,12.144444444444444,57,1.0,1.0
exp5_stow1.0_walk1.0,random,baseline,12474,129,1048,721,82,29.711111111111112,100,1.0,1.0
exp5_stow1.0_walk1.0,back_to_front,baseline,12474,129,1430,1451,89,79.49444444444444,194,1.0,1.0
exp5_stow1.0_walk1.0,outside_in,baseline,12474,129,920,785,0,24.516666666666666,75,1.0,1.0
exp5_stow1.0_walk1.0,steffen,baseline,12474,129,632,1171,0,11.8,45,1.0,1.0
exp5_stow1.0_walk1.0,random,baseline,12475,130,1232,807,98,34.92777777777778,118,1.0,1.0
exp5_stow1.0_walk1.0,back_to_front,baseline,12475,130,1552,1797,94,87.51666666666667,194,1.0,1.0
exp5_stow1.0_walk1.0,outside_in,baseline,12475,130,1004,842,0,26.772222222222222,106,1.0,1.0
exp5_stow1.0_walk1.0,steffen,baseline,12475,130,687,1338,0,13.15,52,1.0,1.0
exp5_stow1.0_walk1.0,random,baseline,12476,131,1273,872,84,36.27777777777778,155,1.0,1.0
exp5_stow1.0_walk1.0,back_to_front,baseline,12476,131,1598,1782,102,86.53888888888889,224,1.0,1.0
exp5_stow1.0_walk1.0,outside_in,baseline,12476,131,1094,865,0,27.61111111111111,82,1.0,1.0
exp5_stow1.0_walk1.0,steffen,baseline,12476,131,686,1235,0,11.977777777777778,43,1.0,1.0
exp5_stow1.0_walk1.0,random,baseline,12477,132,1186,633,96,33.91111111111111,90,1.0,1.0
exp5_stow1.0_walk1.0,back_to_front,baseline,12477,132,1507,1397,92,83.42222222222222,206,1.0,1.0
exp5_stow1.0_walk1.0,outside_in,baseline,12477,132,998,664,0,28.61111111111111,106,1.0,1.0
exp5_stow1.0_walk1.0,steffen,baseline,12477,132,674,641,0,8.45,36,1.0,1.0
exp5_stow1.0_walk1.0,random,baseline,12478,133,1109,764,88,27.522222222222222,99,1.0,1.0
exp5_stow1.0_walk1.0,back_to_front,baseline,12478,133,1486,1824,87,87.13888888888889,236,1.0,1.0
exp5_stow1.0_walk1.0,outside_in,baseline,12478,133,962,674,0,23.194444444444443,77,1.0,1.0
exp5_stow1.0_walk1.0,steffen,baseline,12478,133,678,1484,0,13.372222222222222,44,1.0,1.0
exp5_stow1.0_walk1.0,random,baseline,12479,134,1189,800,86,28.733333333333334,102,1.0,1.0
exp5_stow1.0_walk1.0,back_to_front,baseline,12479,134,1470,1719,91,75.6,202,1.0,1.0
exp5_stow1.0_walk1.0,outside_in,baseline,12479,134,1036,644,0,24.233333333333334,70,1.0,1.0
exp5_stow1.0_walk1.0,steffen,baseline,12479,134,712,1688,0,15.622222222222222,60,1.0,1.0
exp5_stow1.0_walk1.0,random,baseline,12480,135,1168,811,82,34.02777777777778,132,1.0,1.0
exp5_stow1.0_walk1.0,back_to_front,baseline,12480,135,1506,1879,94,85.95,208,1.0,1.0
exp5_stow1.0_walk1.0,outside_in,baseline,12480,135,927,692,0,19.38888888888889,74,1.0,1.0
exp5_stow1.0_walk1.0,steffen,baseline,12480,135,674,1101,0,10.65,50,1.0,1.0
exp5_stow1.0_walk1.0,random,baseline,12481,136,1253,772,87,40.46666666666667,125,1.0,1.0
exp5_stow1.0_walk1.0,back_to_front,baseline,12481,136,1675,1482,86,90.32777777777778,235,1.0,1.0
exp5_stow1.0_walk1.0,outside_in,baseline,12481,136,1033,683,0,24.883333333333333,76,1.0,1.0
exp5_stow1.0_walk1.0,steffen,baseline,12481,136,707,783,0,9.88888888888889,48,1.0,1.0
exp5_stow1.0_walk1.0,random,baseline,12482,137,1145,633,95,26.727777777777778,90,1.0,1.0
exp5_stow1.0_walk1.0,back_to_front,baseline,12482,137,1615,1786,94,91.71111111111111,291,1.0,1.0
exp5_stow1.0_walk1.0,outside_in,baseline,12482,137,979,753,0,21.855555555555554,91,1.0,1.0
exp5_stow1.0_walk1.0,steffen,baseline,12482,137,690,1394,0,13.21111111111111,55,1.0,1.0
exp5_stow1.0_walk1.0,random,baseline,12483,138,1231,819,103,36.75,125,1.0,1.0
exp5_stow1.0_walk1.0,back_to_front,baseline,12483,138,1470,1451,87,73.95,210,1.0,1.0
exp5_stow1.0_walk1.0,outside_in,baseline,12483,138,1010,601,0,21.794444444444444,69,1.0,1.0
exp5_stow1.0_walk1.0,steffen,baseline,12483,138,659,1197,0,11.583333333333334,41,1.0,1.0
exp5_stow1.0_walk1.0,random,baseline,12484,139,1144,584,88,25.155555555555555,74,1.0,1.0
exp5_stow1.0_walk1.0,back_to_front,baseline,12484,139,1454,1431,99,75.77777777777777,219,1.0,1.0
exp5_stow1.0_walk1.0,outside_in,baseline,12484,139,1037,552,0,22.333333333333332,72,1.0,1.0
exp5_stow1.0_walk1.0,steffen,baseline,12484,139,660,953,0,10.63888888888889,56,1.0,1.0
exp5_stow1.0_walk1.0,random,baseline,12485,140,1106,688,85,31.52777777777778,101,1.0,1.0
exp5_stow1.0_walk1.0,back_to_front,baseline,12485,140,1418,1845,89,81.28333333333333,235,1.0,1.0
exp5_stow1.0_walk1.0,outside_in,baseline,12485,140,960,615,0,22.516666666666666,79,1.0,1.0
exp5_stow1.0_walk1.0,steffen,baseline,12485,140,656,809,0,9.872222222222222,41,1.0,1.0
exp5_stow1.0_walk1.0,random,baseline,12486,141,1154,867,98,33.02777777777778,97,1.0,1.0
exp5_stow1.0_walk1.0,back_to_front,baseline,12486,141,1585,1730,91,82.82222222222222,229,1.0,1.0
exp5_stow1.0_walk1.0,outside_in,baseline,12486,141,1000,963,0,26.905555555555555,76,1.0,1.0
exp5_stow1.0_walk1.0,steffen,baseline,12486,141,669,1340,0,13.394444444444444,43,1.0,1.0
exp5_stow1.0_walk1.0,random,baseline,12487,142,1185,728,80,26.983333333333334,104,1.0,1.0
exp5_stow1.0_walk1.0,back_to_front,baseline,12487,142,1477,1781,95,74.15555555555555,170,1.0,1.0
exp5_stow1.0_walk1.0,outside_in,baseline,12487,142,975,718,0,19.083333333333332,66,1.0,1.0
exp5_stow1.0_walk1.0,steffen,baseline,12487,142,709,1262,0,11.866666666666667,41,1.0,1.0
exp5_stow1.0_walk1.0,random,baseline,12488,143,1137,792,84,32.33888888888889,122,1.0,1.0
exp5_stow1.0_walk1.0,back_to_front,baseline,12488,143,1644,1781,95,97.06111111111112,260,1.0,1.0
exp5_stow1.0_walk1.0,outside_in,baseline,12488,143,1014,810,0,26.63888888888889,79,1.0,1.0
exp5_stow1.0_walk1.0,steffen,baseline,12488,143,679,1177,0,12.055555555555555,49,1.0,1.0
exp5_stow1.0_walk1.0,random,baseline,12489,144,1142,991,82,35.7,117,1.0,1.0
exp5_stow1.0_walk1.0,back_to_front,baseline,12489,144,1560,1796,86,91.9,259,1.0,1.0
exp5_stow1.0_walk1.0,outside_in,baseline,12489,144,898,635,0,19.477777777777778,59,1.0,1.0
exp5_stow1.0_walk1.0,steffen,baseline,12489,144,687,1774,0,15.105555555555556,51,1.0,1.0
exp5_stow1.0_walk1.0,random,baseline,12490,145,1103,724,84,31.572222222222223,81,1.0,1.0
exp5_stow1.0_walk1.0,back_to_front,baseline,12490,145,1558,1339,91,87.41111111111111,190,1.0,1.0
exp5_stow1.0_walk1.0,outside_in,baseline,12490,145,945,726,0,27.25,74,1.0,1.0
exp5_stow1.0_walk1.0,steffen,baseline,12490,145,654,633,0,8.372222222222222,44,1.0,1.0
exp5_stow1.0_walk1.0,random,baseline,12491,146,1277,710,88,33.56666666666667,118,1.0,1.0
exp5_stow1.0_walk1.0,back_to_front,baseline,12491,146,1482,1482,92,75.0,188,1.0,1.0
exp5_stow1.0_walk1.0,outside_in,baseline,12491,146,979,711,0,20.5,58,1.0,1.0
exp5_stow1.0_walk1.0,steffen,baseline,12491,146,695,879,0,10.794444444444444,41,1.0,1.0
exp5_stow1.0_walk1.0,random,baseline,12492,147,1144,1070,94,34.66111111111111,97,1.0,1.0
exp5_stow1.0_walk1.0,back_to_front,baseline,12492,147,1460,1853,89,78.9888888888889,205,1.0,1.0
exp5_stow1.0_walk1.0,outside_in,baseline,12492,147,946,838,0,24.194444444444443,83,1.0,1.0
exp5_stow1.0_walk1.0,steffen,baseline,12492,147,689,1512,0,14.405555555555555,57,1.0,1.0
exp5_stow1.0_walk1.0,random,baseline,12493,148,1201,721,97,35.94444444444444,103,1.0,1.0
exp5_stow1.0_walk1.0,back_to_front,baseline,12493,148,1490,1439,93,75.75,221,1.0,1.0
exp5_stow1.0_walk1.0,outside_in,baseline,12493,148,973,755,0,24.216666666666665,78,1.0,1.0
exp5_stow1.0_walk1.0,steffen,baseline,12493,148,676,1028,0,10.466666666666667,47,1.0,1.0
exp5_stow1.0_walk1.0,random,baseline,12494,149,1142,887,98,29.82777777777778,108,1.0,1.0
exp5_stow1.0_walk1.0,back_to_front,baseline,12494,149,1468,1831,83,83.88888888888889,253,1.0,1.0
exp5_stow1.0_walk1.0,outside_in,baseline,12494,149,926,933,0,22.522222222222222,72,1.0,1.0
exp5_stow1.0_walk1.0,steffen,baseline,12494,149,675,1462,0,13.172222222222222,41,1.0,1.0
exp5_stow1.0_walk1.0,random,baseline,12495,150,1174,726,105,30.2,85,1.0,1.0
exp5_stow1.0_walk1.0,back_to_front,baseline,12495,150,1594,1827,88,87.51666666666667,227,1.0,1.0
exp5_stow1.0_walk1.0,outside_in,baseline,12495,150,1015,871,0,27.52777777777778,90,1.0,1.0
exp5_stow1.0_walk1.0,steffen,baseline,12495,150,661,1621,0,13.927777777777777,47,1.0,1.0
exp5_stow1.0_walk1.0,random,baseline,12496,151,1167,835,96,31.85,100,1.0,1.0
exp5_stow1.0_walk1.0,back_to_front,baseline,12496,151,1474,1836,90,84.38333333333334,205,1.0,1.0
exp5_stow1.0_walk1.0,outside_in,baseline,12496,151,937,900,0,22.844444444444445,70,1.0,1.0
exp5_stow1.0_walk1.0,steffen,baseline,12496,151,663,1512,0,13.71111111111111,52,1.0,1.0
exp5_stow1.0_walk1.0,random,baseline,12497,152,1148,691,89,26.65,83,1.0,1.0
exp5_stow1.0_walk1.0,back_to_front,baseline,12497,152,1474,1512,93,73.35,188,1.0,1.0
exp5_stow1.0_walk1.0,outside_in,baseline,12497,152,1002,576,0,20.083333333333332,62,1.0,1.0
exp5_stow1.0_walk1.0,steffen,baseline,12497,152,692,753,0,9.45,38,1.0,1.0
exp5_stow1.0_walk1.0,random,baseline,12498,153,1116,752,96,28.788888888888888,100,1.0,1.0
exp5_stow1.0_walk1.0,back_to_front,baseline,12498,153,1415,1841,88,78.03333333333333,245,1.0,1.0
exp5_stow1.0_walk1.0,outside_in,baseline,12498,153,944,719,0,25.555555555555557,118,1.0,1.0
exp5_stow1.0_walk1.0,steffen,baseline,12498,153,638,1207,0,11.883333333333333,51,1.0,1.0
exp5_stow1.0_walk1.0,random,baseline,12499,154,1218,650,91,30.483333333333334,109,1.0,1.0
exp5_stow1.0_walk1.0,back_to_front,baseline,12499,154,1536,1554,86,81.06666666666666,204,1.0,1.0
exp5_stow1.0_walk1.0,outside_in,baseline,12499,154,1022,641,0,24.727777777777778,87,1.0,1.0
exp5_stow1.0_walk1.0,steffen,baseline,12499,154,709,1053,0,12.627777777777778,65,1.0,1.0
exp5_stow1.0_walk1.0,random,baseline,12500,155,1146,750,91,30.91111111111111,81,1.0,1.0
exp5_stow1.0_walk1.0,back_to_front,baseline,12500,155,1498,1766,87,82.97222222222223,213,1.0,1.0
exp5_stow1.0_walk1.0,outside_in,baseline,12500,155,925,768,0,21.716666666666665,64,1.0,1.0
exp5_stow1.0_walk1.0,steffen,baseline,12500,155,677,1015,0,11.166666666666666,54,1.0,1.0
exp5_stow1.0_walk1.0,random,baseline,12501,156,1175,995,82,29.666666666666668,113,1.0,1.0
exp5_stow1.0_walk1.0,back_to_front,baseline,12501,156,1756,1922,89,112.40555555555555,273,1.0,1.0
exp5_stow1.0_walk1.0,outside_in,baseline,12501,156,983,1001,0,31.583333333333332,108,1.0,1.0
exp5_stow1.0_walk1.0,steffen,baseline,12501,156,659,2011,0,16.866666666666667,57,1.0,1.0
exp5_stow1.0_walk1.0,random,baseline,12502,157,1166,696,101,28.194444444444443,116,1.0,1.0
exp5_stow1.0_walk1.0,back_to_front,baseline,12502,157,1530,1761,87,84.73333333333333,275,1.0,1.0
exp5_stow1.0_walk1.0,outside_in,baseline,12502,157,961,870,0,23.58888888888889,73,1.0,1.0
exp5_stow1.0_walk1.0,steffen,baseline,12502,157,673,1113,0,11.233333333333333,42,1.0,1.0
exp5_stow1.0_walk1.0,random,baseline,12503,158,1195,678,98,30.016666666666666,102,1.0,1.0
exp5_stow1.0_walk1.0,back_to_front,baseline,12503,158,1539,1872,84,82.17222222222222,198,1.0,1.0
exp5_stow1.0_walk1.0,outside_in,baseline,12503,158,1003,608,0,22.36111111111111,83,1.0,1.0
exp5_stow1.0_walk1.0,steffen,baseline,12503,158,717,1416,0,13.233333333333333,46,1.0,1.0
exp5_stow1.0_walk1.0,random,baseline,12504,159,1172,695,72,29.377777777777776,121,1.0,1.0
exp5_stow1.0_walk1.0,back_to_front,baseline,12504,159,1678,1906,113,104.16111111111111,309,1.0,1.0
exp5_stow1.0_walk1.0,outside_in,baseline,12504,159,978,589,0,23.705555555555556,85,1.0,1.0
exp5_stow1.0_walk1.0,steffen,baseline,12504,159,671,1195,0,12.13888888888889,75,1.0,1.0
exp5_stow1.0_walk1.0,random,baseline,12505,160,1191,763,89,29.5,100,1.0,1.0
exp5_stow1.0_walk1.0,back_to_front,baseline,12505,160,1647,2026,105,91.78333333333333,188,1.0,1.0
exp5_stow1.0_walk1.0,outside_in,baseline,12505,160,996,647,0,19.955555555555556,62,1.0,1.0
exp5_stow1.0_walk1.0,steffen,baseline,12505,160,685,1128,0,11.677777777777777,55,1.0,1.0
exp5_stow1.0_walk1.0,random,baseline,12506,161,1185,805,90,29.733333333333334,112,1.0,1.0
exp5_stow1.0_walk1.0,back_to_front,baseline,12506,161,1595,1558,98,93.37777777777778,236,1.0,1.0
exp5_stow1.0_walk1.0,outside_in,baseline,12506,161,949,777,0,24.455555555555556,83,1.0,1.0
exp5_stow1.0_walk1.0,steffen,baseline,12506,161,680,1161,0,11.566666666666666,69,1.0,1.0
exp5_stow1.0_walk1.0,random,baseline,12507,162,1150,720,95,28.205555555555556,100,1.0,1.0
exp5_stow1.0_walk1.0,back_to_front,baseline,12507,162,1524,1817,93,81.04444444444445,188,1.0,1.0
exp5_stow1.0_walk1.0,outside_in,baseline,12507,162,1067,744,0,23.383333333333333,70,1.0,1.0
exp5_stow1.0_walk1.0,steffen,baseline,12507,162,701,962,0,10.938888888888888,44,1.0,1.0
exp5_stow1.0_walk1.0,random,baseline,12508,163,1081,701,80,27.205555555555556,120,1.0,1.0
exp5_stow1.0_walk1.0,back_to_front,baseline,12508,163,1576,2007,86,95.42777777777778,226,1.0,1.0
exp5_stow1.0_walk1.0,outside_in,baseline,12508,163,965,658,0,20.766666666666666,74,1.0,1.0
exp5_stow1.0_walk1.0,steffen,baseline,12508,163,651,1534,0,13.25,45,1.0,1.0
exp5_stow1.0_walk1.0,random,baseline,12509,164,1162,893,81,32.105555555555554,106,1.0,1.0
exp5_stow1.0_walk1.0,back_to_front,baseline,12509,164,1500,1885,90,86.38333333333334,213,1.0,1.0
exp5_stow1.0_walk1.0,outside_in,baseline,12509,164,922,809,0,25.883333333333333,80,1.0,1.0
exp5_stow1.0_walk1.0,steffen,baseline,12509,164,677,1155,0,11.55,51,1.0,1.0
exp5_stow1.0_walk1.0,random,baseline,12510,165,1189,681,97,29.583333333333332,114,1.0,1.0
exp5_stow1.0_walk1.0,back_to_front,baseline,12510,165,1714,1619,86,93.9,226,1.0,1.0
exp5_stow1.0_walk1.0,outside_in,baseline,12510,165,1006,741,0,26.88888888888889,105,1.0,1.0
exp5_stow1.0_walk1.0,steffen,baseline,12510,165,710,947,0,11.122222222222222,42,1.0,1.0
exp5_stow1.0_walk1.0,random,baseline,12511,166,1236,898,97,36.48888888888889,110,1.0,1.0
exp5_stow1.0_walk1.0,back_to_front,baseline,12511,166,1463,1710,85,73.81666666666666,177,1.0,1.0
exp5_stow1.0_walk1.0,outside_in,baseline,12511,166,1036,882,0,27.855555555555554,92,1.0,1.0
exp5_stow1.0_walk1.0,steffen,baseline,12511,166,699,985,0,10.872222222222222,43,1.0,1.0
exp5_stow1.0_walk1.0,random,baseline,12512,167,1142,990,102,28.522222222222222,94,1.0,1.0
exp5_stow1.0_walk1.0,back_to_front,baseline,12512,167,1594,1817,93,85.6,192,1.0,1.0
exp5_stow1.0_walk1.0,outside_in,baseline,12512,167,1068,847,0,23.35,84,1.0,1.0
exp5_stow1.0_walk1.0,steffen,baseline,12512,167,689,1344,0,12.427777777777777,43,1.0,1.0
exp5_stow1.0_walk1.0,random,baseline,12513,168,1154,595,89,23.666666666666668,102,1.0,1.0
exp5_stow1.0_walk1.0,back_to_front,baseline,12513,168,1474,1765,84,82.95,222,1.0,1.0
exp5_stow1.0_walk1.0,outside_in,baseline,12513,168,919,739,0,22.22222222222222,68,1.0,1.0
exp5_stow1.0_walk1.0,steffen,baseline,12513,168,688,1792,0,15.472222222222221,60,1.0,1.0
exp5_stow1.0_walk1.0,random,baseline,12514,169,1271,819,84,34.5,126,1.0,1.0
exp5_stow1.0_walk1.0,back_to_front,baseline,12514,169,1546,1867,98,82.73333333333333,247,1.0,1.0
exp5_stow1.0_walk1.0,outside_in,baseline,12514,169,996,751,0,23.633333333333333,91,1.0,1.0
exp5_stow1.0_walk1.0,steffen,baseline,12514,169,710,1177,0,12.194444444444445,55,1.0,1.0
exp5_stow1.0_walk1.0,random,baseline,12515,170,1025,821,93,31.0,117,1.0,1.0
exp5_stow1.0_walk1.0,back_to_front,baseline,12515,170,1504,1686,83,89.55555555555556,234,1.0,1.0
exp5_stow1.0_walk1.0,outside_in,baseline,12515,170,893,762,0,22.494444444444444,74,1.0,1.0
exp5_stow1.0_walk1.0,steffen,baseline,12515,170,649,1098,0,10.966666666666667,57,1.0,1.0
exp5_stow1.0_walk1.0,random,baseline,12516,171,1056,596,77,24.883333333333333,84,1.0,1.0
exp5_stow1.0_walk1.0,back_to_front,baseline,12516,171,1504,1925,92,88.63333333333334,240,1.0,1.0
exp5_stow1.0_walk1.0,outside_in,baseline,12516,171,844,618,0,17.622222222222224,64,1.0,1.0
exp5_stow1.0_walk1.0,steffen,baseline,12516,171,669,877,0,9.338888888888889,52,1.0,1.0
exp5_stow1.0_walk1.0,random,baseline,12517,172,1210,669,98,30.394444444444446,98,1.0,1.0
exp5_stow1.0_walk1.0,back_to_front,baseline,12517,172,1529,1602,72,83.7388888888889,207,1.0,1.0
exp5_stow1.0_walk1.0,outside_in,baseline,12517,172,957,582,0,18.97222222222222,74,1.0,1.0
exp5_stow1.0_walk1.0,steffen,baseline,12517,172,677,1141,0,10.955555555555556,47,1.0,1.0
exp5_stow1.0_walk1.0,random,baseline,12518,173,1221,727,85,34.12777777777778,121,1.0,1.0
exp5_stow1.0_walk1.0,back_to_front,baseline,12518,173,1501,1816,72,83.7388888888889,181,1.0,1.0
exp5_stow1.0_walk1.0,outside_in,baseline,12518,173,983,748,0,25.894444444444446,77,1.0,1.0
exp5_stow1.0_walk1.0,steffen,baseline,12518,173,672,1227,0,12.272222222222222,42,1.0,1.0
exp5_stow1.0_walk1.0,random,baseline,12519,174,1164,683,84,27.572222222222223,87,1.0,1.0
exp5_stow1.0_walk1.0,back_to_front,baseline,12519,174,1599,1641,107,91.55555555555556,213,1.0,1.0
exp5_stow1.0_walk1.0,outside_in,baseline,12519,174,957,802,0,24.877777777777776,80,1.0,1.0
exp5_stow1.0_walk1.0,steffen,baseline,12519,174,677,924,0,9.977777777777778,41,1.0,1.0
exp5_stow1.0_walk1.0,random,baseline,12520,175,1037,780,78,28.266666666666666,81,1.0,1.0
exp5_stow1.0_walk1.0,back_to_front,baseline,12520,175,1563,1798,90,89.65,253,1.0,1.0
exp5_stow1.0_walk1.0,outside_in,baseline,12520,175,905,738,0,24.344444444444445,91,1.0,1.0
exp5_stow1.0_walk1.0,steffen,baseline,12520,175,670,1215,0,11.322222222222223,44,1.0,1.0
exp5_stow1.0_walk1.0,random,baseline,12521,176,1261,1000,89,32.68888888888889,106,1.0,1.0
exp5_stow1.0_walk1.0,back_to_front,baseline,12521,176,1684,1946,99,94.45555555555555,250,1.0,1.0
exp5_stow1.0_walk1.0,outside_in,baseline,12521,176,1135,948,0,23.627777777777776,82,1.0,1.0
exp5_stow1.0_walk1.0,steffen,baseline,12521,176,719,1499,0,14.505555555555556,53,1.0,1.0
exp5_stow1.0_walk1.0,random,baseline,12522,177,1183,837,93,32.37777777777778,109,1.0,1.0
exp5_stow1.0_walk1.0,back_to_front,baseline,12522,177,1371,1664,80,68.53888888888889,145,1.0,1.0
exp5_stow1.0_walk1.0,outside_in,baseline,12522,177,1000,742,0,24.383333333333333,86,1.0,1.0
exp5_stow1.0_walk1.0,steffen,baseline,12522,177,664,1213,0,11.327777777777778,36,1.0,1.0
exp5_stow1.0_walk1.0,random,baseline,12523,178,1266,924,92,35.83888888888889,110,1.0,1.0
exp5_stow1.0_walk1.0,back_to_front,baseline,12523,178,1489,1969,91,80.86111111111111,202,1.0,1.0
exp5_stow1.0_walk1.0,outside_in,baseline,12523,178,987,998,0,28.72222222222222,99,1.0,1.0
exp5_stow1.0_walk1.0,steffen,baseline,12523,178,678,1264,0,12.161111111111111,57,1.0,1.0
exp5_stow1.0_walk1.0,random,baseline,12524,179,1168,840,83,33.138888888888886,113,1.0,1.0
exp5_stow1.0_walk1.0,back_to_front,baseline,12524,179,1636,1719,85,85.00555555555556,206,1.0,1.0
exp5_stow1.0_walk1.0,outside_in,baseline,12524,179,930,805,0,23.67222222222222,74,1.0,1.0
exp5_stow1.0_walk1.0,steffen,baseline,12524,179,682,1361,0,13.105555555555556,44,1.0,1.0
exp5_stow1.0_walk1.0,random,baseline,12525,180,1190,613,100,31.983333333333334,100,1.0,1.0
exp5_stow1.0_walk1.0,back_to_front,baseline,12525,180,1490,1690,80,86.32222222222222,233,1.0,1.0
exp5_stow1.0_walk1.0,outside_in,baseline,12525,180,942,612,0,19.905555555555555,70,1.0,1.0
exp5_stow1.0_walk1.0,steffen,baseline,12525,180,706,813,0,9.1,41,1.0,1.0
exp5_stow1.0_walk1.0,random,baseline,12526,181,1099,780,88,29.316666666666666,85,1.0,1.0
exp5_stow1.0_walk1.0,back_to_front,baseline,12526,181,1548,1980,87,85.31111111111112,254,1.0,1.0
exp5_stow1.0_walk1.0,outside_in,baseline,12526,181,967,730,0,21.055555555555557,66,1.0,1.0
exp5_stow1.0_walk1.0,steffen,baseline,12526,181,696,1501,0,13.8,56,1.0,1.0
exp5_stow1.0_walk1.0,random,baseline,12527,182,1137,643,104,27.622222222222224,119,1.0,1.0
exp5_stow1.0_walk1.0,back_to_front,baseline,12527,182,1524,1842,84,93.33333333333333,252,1.0,1.0
exp5_stow1.0_walk1.0,outside_in,baseline,12527,182,897,842,0,24.977777777777778,75,1.0,1.0
exp5_stow1.0_walk1.0,steffen,baseline,12527,182,663,1249,0,11.738888888888889,43,1.0,1.0
exp5_stow1.0_walk1.0,random,baseline,12528,183,1204,704,89,32.06666666666667,83,1.0,1.0
exp5_stow1.0_walk1.0,back_to_front,baseline,12528,183,1655,2001,95,98.96666666666667,279,1.0,1.0
exp5_stow1.0_walk1.0,outside_in,baseline,12528,183,1037,686,0,23.944444444444443,103,1.0,1.0
exp5_stow1.0_walk1.0,steffen,baseline,12528,183,662,1624,0,14.411111111111111,67,1.0,1.0
exp5_stow1.0_walk1.0,random,baseline,12529,184,1148,847,86,34.144444444444446,102,1.0,1.0
exp5_stow1.0_walk1.0,back_to_front,baseline,12529,184,1628,1764,106,90.56111111111112,216,1.0,1.0
exp5_stow1.0_walk1.0,outside_in,baseline,12529,184,1024,711,0,23.7,83,1.0,1.0
exp5_stow1.0_walk1.0,steffen,baseline,12529,184,689,1001,0,10.783333333333333,42,1.0,1.0
exp5_stow1.0_walk1.0,random,baseline,12530,185,1117,815,92,29.67222222222222,104,1.0,1.0
exp5_stow1.0_walk1.0,back_to_front,baseline,12530,185,1474,1850,74,80.87777777777778,193,1.0,1.0
exp5_stow1.0_walk1.0,outside_in,baseline,12530,185,968,652,0,20.372222222222224,76,1.0,1.0
exp5_stow1.0_walk1.0,steffen,baseline,12530,185,697,1126,0,11.383333333333333,40,1.0,1.0
exp5_stow1.0_walk1.0,random,baseline,12531,186,1182,686,89,24.25,96,1.0,1.0
exp5_stow1.0_walk1.0,back_to_front,baseline,12531,186,1586,1769,92,83.15555555555555,263,1.0,1.0
exp5_stow1.0_walk1.0,outside_in,baseline,12531,186,994,849,0,25.716666666666665,70,1.0,1.0
exp5_stow1.0_walk1.0,steffen,baseline,12531,186,687,1465,0,13.244444444444444,52,1.0,1.0
exp5_stow1.0_walk1.0,random,baseline,12532,187,1261,900,104,34.16111111111111,130,1.0,1.0
exp5_stow1.0_walk1.0,back_to_front,baseline,12532,187,1503,1538,87,78.01666666666667,207,1.0,1.0
exp5_stow1.0_walk1.0,outside_in,baseline,12532,187,950,781,0,19.016666666666666,55,1.0,1.0
exp5_stow1.0_walk1.0,steffen,baseline,12532,187,684,1139,0,11.683333333333334,40,1.0,1.0
exp5_stow1.0_walk1.0,random,baseline,12533,188,1225,690,89,35.94444444444444,124,1.0,1.0
exp5_stow1.0_walk1.0,back_to_front,baseline,12533,188,1653,1600,96,92.23333333333333,214,1.0,1.0
exp5_stow1.0_walk1.0,outside_in,baseline,12533,188,982,696,0,24.63888888888889,71,1.0,1.0
exp5_stow1.0_walk1.0,steffen,baseline,12533,188,743,888,0,10.655555555555555,44,1.0,1.0
exp5_stow1.0_walk1.0,random,baseline,12534,189,1203,934,87,31.566666666666666,91,1.0,1.0
exp5_stow1.0_walk1.0,back_to_front,baseline,12534,189,1498,1787,88,85.35555555555555,220,1.0,1.0
exp5_stow1.0_walk1.0,outside_in,baseline,12534,189,999,933,0,25.66111111111111,77,1.0,1.0
exp5_stow1.0_walk1.0,steffen,baseline,12534,189,673,2006,0,17.316666666666666,57,1.0,1.0
exp5_stow1.0_walk1.0,random,baseline,12535,190,1116,705,89,23.855555555555554,63,1.0,1.0
exp5_stow1.0_walk1.0,back_to_front,baseline,12535,190,1582,1841,94,84.25,221,1.0,1.0
exp5_stow1.0_walk1.0,outside_in,baseline,12535,190,893,650,0,17.72222222222222,64,1.0,1.0
exp5_stow1.0_walk1.0,steffen,baseline,12535,190,670,917,0,9.766666666666667,43,1.0,1.0
exp5_stow1.0_walk1.0,random,baseline,12536,191,1213,810,91,29.66111111111111,118,1.0,1.0
exp5_stow1.0_walk1.0,back_to_front,baseline,12536,191,1672,1827,84,91.0111111111111,231,1.0,1.0
exp5_stow1.0_walk1.0,outside_in,baseline,12536,191,1041,678,0,19.377777777777776,68,1.0,1.0
exp5_stow1.0_walk1.0,steffen,baseline,12536,191,705,1594,0,14.327777777777778,46,1.0,1.0
exp5_stow1.0_walk1.0,random,baseline,12537,192,1077,876,89,29.81111111111111,90,1.0,1.0
exp5_stow1.0_walk1.0,back_to_front,baseline,12537,192,1563,1880,88,90.14444444444445,260,1.0,1.0
exp5_stow1.0_walk1.0,outside_in,baseline,12537,192,960,800,0,21.1,59,1.0,1.0
exp5_stow1.0_walk1.0,steffen,baseline,12537,192,664,1099,0,11.127777777777778,41,1.0,1.0
exp5_stow1.0_walk1.0,random,baseline,12538,193,1122,786,85,33.16111111111111,96,1.0,1.0
exp5_stow1.0_walk1.0,back_to_front,baseline,12538,193,1319,1863,84,67.22777777777777,162,1.0,1.0
exp5_stow1.0_walk1.0,outside_in,baseline,12538,193,1019,862,0,29.955555555555556,89,1.0,1.0
exp5_stow1.0_walk1.0,steffen,baseline,12538,193,649,1120,0,12.21111111111111,44,1.0,1.0
exp5_stow1.0_walk1.0,random,baseline,12539,194,1221,807,90,34.96111111111111,102,1.0,1.0
exp5_stow1.0_walk1.0,back_to_front,baseline,12539,194,1519,1713,90,84.33888888888889,221,1.0,1.0
exp5_stow1.0_walk1.0,outside_in,baseline,12539,194,1026,732,0,26.877777777777776,65,1.0,1.0
exp5_stow1.0_walk1.0,steffen,baseline,12539,194,699,1193,0,13.11111111111111,47,1.0,1.0
exp5_stow1.0_walk1.0,random,baseline,12540,195,1076,834,88,34.25,114,1.0,1.0
exp5_stow1.0_walk1.0,back_to_front,baseline,12540,195,1527,1726,85,90.32777777777778,222,1.0,1.0
exp5_stow1.0_walk1.0,outside_in,baseline,12540,195,992,769,0,30.016666666666666,79,1.0,1.0
exp5_stow1.0_walk1.0,steffen,baseline,12540,195,644,1421,0,15.088888888888889,63,1.0,1.0
exp5_stow1.0_walk1.0,random,baseline,12541,196,1193,767,89,34.62777777777778,107,1.0,1.0
exp5_stow1.0_walk1.0,back_to_front,baseline,12541,196,1490,1869,85,75.57222222222222,172,1.0,1.0
exp5_stow1.0_walk1.0,outside_in,baseline,12541,196,967,757,0,24.466666666666665,75,1.0,1.0
exp5_stow1.0_walk1.0,steffen,baseline,12541,196,673,976,0,10.972222222222221,42,1.0,1.0
exp5_stow1.0_walk1.0,random,baseline,12542,197,1152,931,78,38.772222222222226,145,1.0,1.0
exp5_stow1.0_walk1.0,back_to_front,baseline,12542,197,1648,1810,93,97.50555555555556,229,1.0,1.0
exp5_stow1.0_walk1.0,outside_in,baseline,12542,197,975,775,0,28.35,86,1.0,1.0
exp5_stow1.0_walk1.0,steffen,baseline,12542,197,670,1401,0,14.03888888888889,55,1.0,1.0
exp5_stow1.0_walk1.0,random,baseline,12543,198,1235,700,77,30.533333333333335,99,1.0,1.0
exp5_stow1.0_walk1.0,back_to_front,baseline,12543,198,1553,1715,91,89.95,231,1.0,1.0
exp5_stow1.0_walk1.0,outside_in,baseline,12543,198,986,720,0,24.95,76,1.0,1.0
exp5_stow1.0_walk1.0,steffen,baseline,12543,198,675,936,0,10.794444444444444,38,1.0,1.0
exp5_stow1.0_walk1.0,random,baseline,12544,199,1146,896,105,34.00555555555555,111,1.0,1.0
exp5_stow1.0_walk1.0,back_to_front,baseline,12544,199,1552,1896,84,91.15555555555555,229,1.0,1.0
exp5_stow1.0_walk1.0,outside_in,baseline,12544,199,985,700,0,22.65,78,1.0,1.0
exp5_stow1.0_walk1.0,steffen,baseline,12544,199,683,1298,0,11.96111111111111,49,1.0,1.0
exp5_stow1.5_walk0.6,random,baseline,12345,0,1393,582,84,31.15,106,1.5,0.6
exp5_stow1.5_walk0.6,back_to_front,baseline,12345,0,1977,1342,94,118.6,293,1.5,0.6
exp5_stow1.5_walk0.6,outside_in,baseline,12345,0,1322,634,0,33.2,112,1.5,0.6
exp5_stow1.5_walk0.6,steffen,baseline,12345,0,720,434,0,8.322222222222223,37,1.5,0.6
exp5_stow1.5_walk0.6,random,baseline,12346,1,1467,602,90,38.57222222222222,147,1.5,0.6
exp5_stow1.5_walk0.6,back_to_front,baseline,12346,1,2013,1225,92,119.61111111111111,311,1.5,0.6
exp5_stow1.5_walk0.6,outside_in,baseline,12346,1,1292,616,0,31.766666666666666,108,1.5,0.6
exp5_stow1.5_walk0.6,steffen,baseline,12346,1,708,336,0,9.183333333333334,47,1.5,0.6
exp5_stow1.5_walk0.6,random,baseline,12347,2,1692,680,91,40.47222222222222,122,1.5,0.6
exp5_stow1.5_walk0.6,back_to_front,baseline,12347,2,2071,1264,87,105.2388888888889,264,1.5,0.6
exp5_stow1.5_walk0.6,outside_in,baseline,12347,2,1478,651,0,33.95,103,1.5,0.6
exp5_stow1.5_walk0.6,steffen,baseline,12347,2,802,462,0,10.722222222222221,49,1.5,0.6
exp5_stow1.5_walk0.6,random,baseline,12348,3,1581,651,100,42.388888888888886,182,1.5,0.6
exp5_stow1.5_walk0.6,back_to_front,baseline,12348,3,2051,1167,115,107.81666666666666,296,1.5,0.6
exp5_stow1.5_walk0.6,outside_in,baseline,12348,3,1299,640,0,36.0,107,1.5,0.6
exp5_stow1.5_walk0.6,steffen,baseline,12348,3,786,436,0,11.044444444444444,62,1.5,0.6
exp5_stow1.5_walk0.6,random,baseline,12349,4,1703,633,77,42.28333333333333,169,1.5,0.6
exp5_stow1.5_walk0.6,back_to_front,baseline,12349,4,2155,1168,94,114.3,302,1.5,0.6
exp5_stow1.5_walk0.6,outside_in,baseline,12349,4,1432,631,0,34.12777777777778,106,1.5,0.6
exp5_stow1.5_walk0.6,steffen,baseline,12349,4,843,378,0,10.28888888888889,44,1.5,0.6
exp5_stow1.5_walk0.6,random,baseline,12350,5,1488,640,87,39.44444444444444,147,1.5,0.6
exp5_stow1.5_walk0.6,back_to_front,baseline,12350,5,2332,1322,83,133.3388888888889,363,1.5,0.6
exp5_stow1.5_walk0.6,outside_in,baseline,12350,5,1356,669,0,33.794444444444444,116,1.5,0.6
exp5_stow1.5_walk0.6,steffen,baseline,12350,5,782,474,0,10.455555555555556,56,1.5,0.6
exp5_stow1.5_walk0.6,random,baseline,12351,6,1534,606,96,40.28888888888889,138,1.5,0.6
exp5_stow1.5_walk0.6,back_to_front,baseline,12351,6,2046,1277,79,116.36666666666666,288,1.5,0.6
exp5_stow1.5_walk0.6,outside_in,baseline,12351,6,1440,545,0,32.705555555555556,91,1.5,0.6
exp5_stow1.5_walk0.6,steffen,baseline,12351,6,739,340,0,9.088888888888889,56,1.5,0.6
exp5_stow1.5_walk0.6,random,baseline,12352,7,1540,580,85,39.08888888888889,118,1.5,0.6
exp5_stow1.5_walk0.6,back_to_front,baseline,12352,7,2060,1170,83,115.88888888888889,305,1.5,0.6
exp5_stow1.5_walk0.6,outside_in,baseline,12352,7,1395,604,0,35.52777777777778,107,1.5,0.6
exp5_stow1.5_walk0.6,steffen,baseline,12352,7,751,329,0,9.15,62,1.5,0.6
exp5_stow1.5_walk0.6,random,baseline,12353,8,1511,683,96,41.955555555555556,128,1.5,0.6
exp5_stow1.5_walk0.6,back_to_front,baseline,12353,8,1975,1253,86,107.78888888888889,278,1.5,0.6
exp5_stow1.5_walk0.6,outside_in,baseline,12353,8,1257,706,0,36.5,125,1.5,0.6
exp5_stow1.5_walk0.6,steffen,baseline,12353,8,734,467,0,9.911111111111111,46,1.5,0.6
exp5_stow1.5_walk0.6,random,baseline,12354,9,1483,702,86,45.21111111111111,127,1.5,0.6
exp5_stow1.5_walk0.6,back_to_front,baseline,12354,9,2053,1288,87,116.8,296,1.5,0.6
exp5_stow1.5_walk0.6,outside_in,baseline,12354,9,1269,713,0,41.47222222222222,129,1.5,0.6
exp5_stow1.5_walk0.6,steffen,baseline,12354,9,736,398,0,9.977777777777778,50,1.5,0.6
exp5_stow1.5_walk0.6,random,baseline,12355,10,1500,594,88,37.78333333333333,137,1.5,0.6
exp5_stow1.5_walk0.6,back_to_front,baseline,12355,10,1832,1254,81,99.11111111111111,276,1.5,0.6
exp5_stow1.5_walk0.6,outside_in,baseline,12355,10,1351,657,0,36.21666666666667,112,1.5,0.6
exp5_stow1.5_walk0.6,steffen,baseline,12355,10,724,354,0,9.155555555555555,45,1.5,0.6
exp5_stow1.5_walk0.6,random,baseline,12356,11,1524,669,91,42.78888888888889,119,1.5,0.6
exp5_stow1.5_walk0.6,back_to_front,baseline,12356,11,1861,1215,86,94.53888888888889,206,1.5,0.6
exp5_stow1.5_walk0.6,outside_in,baseline,12356,11,1350,604,0,34.62777777777778,111,1.5,0.6
exp5_stow1.5_walk0.6,steffen,baseline,12356,11,753,374,0,9.855555555555556,50,1.5,0.6
exp5_stow1.5_walk0.6,random,baseline,12357,12,1482,633,75,39.00555555555555,131,1.5,0.6
exp5_stow1.5_walk0.6,back_to_front,baseline,12357,12,2103,1341,77,121.93888888888888,340,1.5,0.6
exp5_stow1.5_walk0.6,outside_in,baseline,12357,12,1344,672,0,35.33888888888889,152,1.5,0.6
exp5_stow1.5_walk0.6,steffen,baseline,12357,12,763,364,0,9.894444444444444,47,1.5,0.6
exp5_stow1.5_walk0.6,random,baseline,12358,13,1436,722,82,41.71111111111111,125,1.5,0.6
exp5_stow1.5_walk0.6,back_to_front,baseline,12358,13,1930,1236,89,106.53333333333333,272,1.5,0.6
exp5_stow1.5_walk0.6,outside_in,baseline,12358,13,1261,655,0,31.294444444444444,84,1.5,0.6
exp5_stow1.5_walk0.6,steffen,baseline,12358,13,727,402,0,9.277777777777779,46,1.5,0.6
exp5_stow1.5_walk0.6,random,baseline,12359,14,1490,697,94,44.75555555555555,160,1.5,0.6
exp5_stow1.5_walk0.6,back_to_front,baseline,12359,14,2013,1314,83,110.2388888888889,279,1.5,0.6
exp5_stow1.5_walk0.6,outside_in,baseline,12359,14,1272,614,0,30.33888888888889,95,1.5,0.6
exp5_stow1.5_walk0.6,steffen,baseline,12359,14,790,460,0,11.277777777777779,73,1.5,0.6
exp5_stow1.5_walk0.6,random,baseline,12360,15,1482,679,87,43.75555555555555,152,1.5,0.6
exp5_stow1.5_walk0.6,back_to_front,baseline,12360,15,1946,1293,102,111.90555555555555,305,1.5,0.6
exp5_stow1.5_walk0.6,outside_in,baseline,12360,15,1253,668,0,31.694444444444443,96,1.5,0.6
exp5_stow1.5_walk0.6,steffen,baseline,12360,15,707,454,0,10.1,64,1.5,0.6
exp5_stow1.5_walk0.6,random,baseline,12361,16,1681,698,82,51.28333333333333,149,1.5,0.6
exp5_stow1.5_walk0.6,back_to_front,baseline,12361,16,1984,1325,95,111.61111111111111,259,1.5,0.6
exp5_stow1.5_walk0.6,outside_in,baseline,12361,16,1339,642,0,36.544444444444444,131,1.5,0.6
exp5_stow1.5_walk0.6,steffen,baseline,12361,16,758,369,0,9.761111111111111,52,1.5,0.6
exp5_stow1.5_walk0.6,random,baseline,12362,17,1551,763,80,45.22222222222222,128,1.5,0.6
exp5_stow1.5_walk0.6,back_to_front,baseline,12362,17,2041,1349,102,122.30555555555556,326,1.5,0.6
exp5_stow1.5_walk0.6,outside_in,baseline,12362,17,1340,736,0,35.72222222222222,108,1.5,0.6
exp5_stow1.5_walk0.6,steffen,baseline,12362,17,728,482,0,10.688888888888888,55,1.5,0.6
exp5_stow1.5_walk0.6,random,baseline,12363,18,1427,634,83,36.644444444444446,103,1.5,0.6
exp5_stow1.5_walk0.6,back_to_front,baseline,12363,18,1913,1202,98,108.74444444444444,315,1.5,0.6
exp5_stow1.5_walk0.6,outside_in,baseline,12363,18,1333,607,0,33.32222222222222,118,1.5,0.6
exp5_stow1.5_walk0.6,steffen,baseline,12363,18,750,344,0,9.322222222222223,69,1.5,0.6
exp5_stow1.5_walk0.6,random,baseline,12364,19,1431,734,89,45.44444444444444,176,1.5,0.6
exp5_stow1.5_walk0.6,back_to_front,baseline,12364,19,2007,1264,89,111.02777777777777,278,1.5,0.6
exp5_stow1.5_walk0.6,outside_in,baseline,12364,19,1358,594,0,33.59444444444444,117,1.5,0.6
exp5_stow1.5_walk0.6,steffen,baseline,12364,19,791,356,0,8.65,47,1.5,0.6
exp5_stow1.5_walk0.6,random,baseline,12365,20,1448,648,102,43.044444444444444,126,1.5,0.6
exp5_stow1.5_walk0.6,back_to_front,baseline,12365,20,2052,1317,82,114.25555555555556,253,1.5,0.6
exp5_stow1.5_walk0.6,outside_in,baseline,12365,20,1440,639,0,42.62222222222222,159,1.5,0.6
exp5_stow1.5_walk0.6,steffen,baseline,12365,20,741,367,0,10.438888888888888,52,1.5,0.6
exp5_stow1.5_walk0.6,random,baseline,12366,21,1452,621,78,40.2,131,1.5,0.6
exp5_stow1.5_walk0.6,back_to_front,baseline,12366,21,2071,1233,84,117.37777777777778,291,1.5,0.6
exp5_stow1.5_walk0.6,outside_in,baseline,12366,21,1307,611,0,35.45,139,1.5,0.6
exp5_stow1.5_walk0.6,steffen,baseline,12366,21,772,324,0,9.65,70,1.5,0.6
exp5_stow1.5_walk0.6,random,baseline,12367,22,1626,690,88,40.88333333333333,100,1.5,0.6
exp5_stow1.5_walk0.6,back_to_front,baseline,12367,22,1990,1281,94,104.18888888888888,293,1.5,0.6
exp5_stow1.5_walk0.6,outside_in,baseline,12367,22,1468,641,0,35.48888888888889,102,1.5,0.6
exp5_stow1.5_walk0.6,steffen,baseline,12367,22,761,447,0,10.666666666666666,58,1.5,0.6
exp5_stow1.5_walk0.6,random,baseline,12368,23,1624,741,93,49.24444444444445,134,1.5,0.6
exp5_stow1.5_walk0.6,back_to_front,baseline,12368,23,2024,1278,76,120.95555555555555,335,1.5,0.6
exp5_stow1.5_walk0.6,outside_in,baseline,12368,23,1230,638,0,29.444444444444443,86,1.5,0.6
exp5_stow1.5_walk0.6,steffen,baseline,12368,23,742,515,0,12.005555555555556,56,1.5,0.6
exp5_stow1.5_walk0.6,random,baseline,12369,24,1513,743,100,43.43888888888889,163,1.5,0.6
exp5_stow1.5_walk0.6,back_to_front,baseline,12369,24,2117,1429,89,127.83888888888889,302,1.5,0.6
exp5_stow1.5_walk0.6,outside_in,baseline,12369,24,1395,662,0,37.91111111111111,132,1.5,0.6
exp5_stow1.5_walk0.6,steffen,baseline,12369,24,800,476,0,11.85,75,1.5,0.6
exp5_stow1.5_walk0.6,random,baseline,12370,25,1528,640,81,37.18888888888889,151,1.5,0.6
exp5_stow1.5_walk0.6,back_to_front,baseline,12370,25,2035,1211,86,100.78333333333333,246,1.5,0.6
exp5_stow1.5_walk0.6,outside_in,baseline,12370,25,1371,637,0,34.894444444444446,110,1.5,0.6
exp5_stow1.5_walk0.6,steffen,baseline,12370,25,800,481,0,11.377777777777778,72,1.5,0.6
exp5_stow1.5_walk0.6,random,baseline,12371,26,1491,686,89,38.05,128,1.5,0.6
exp5_stow1.5_walk0.6,back_to_front,baseline,12371,26,1907,1190,84,96.52222222222223,235,1.5,0.6
exp5_stow1.5_walk0.6,outside_in,baseline,12371,26,1278,628,0,30.822222222222223,134,1.5,0.6
exp5_stow1.5_walk0.6,steffen,baseline,12371,26,791,427,0,9.333333333333334,48,1.5,0.6
exp5_stow1.5_walk0.6,random,baseline,12372,27,1673,649,85,44.34444444444444,144,1.5,0.6
exp5_stow1.5_walk0.6,back_to_front,baseline,12372,27,2123,1341,97,123.34444444444445,293,1.5,0.6
exp5_stow1.5_walk0.6,outside_in,baseline,12372,27,1381,721,0,39.36666666666667,144,1.5,0.6
exp5_stow1.5_walk0.6,steffen,baseline,12372,27,759,468,0,10.305555555555555,42,1.5,0.6
exp5_stow1.5_walk0.6,random,baseline,12373,28,1479,600,91,44.144444444444446,150,1.5,0.6
exp5_stow1.5_walk0.6,back_to_front,baseline,12373,28,1907,1176,82,98.2388888888889,267,1.5,0.6
exp5_stow1.5_walk0.6,outside_in,baseline,12373,28,1296,587,0,31.266666666666666,100,1.5,0.6
exp5_stow1.5_walk0.6,steffen,baseline,12373,28,765,363,0,9.327777777777778,53,1.5,0.6
exp5_stow1.5_walk0.6,random,baseline,12374,29,1472,680,81,44.45,146,1.5,0.6
exp5_stow1.5_walk0.6,back_to_front,baseline,12374,29,1976,1329,88,105.91111111111111,255,1.5,0.6
exp5_stow1.5_walk0.6,outside_in,baseline,12374,29,1258,625,0,29.35,83,1.5,0.6
exp5_stow1.5_walk0.6,steffen,baseline,12374,29,749,453,0,9.377777777777778,45,1.5,0.6
exp5_stow1.5_walk0.6,random,baseline,12375,30,1502,689,101,38.43888888888889,109,1.5,0.6
exp5_stow1.5_walk0.6,back_to_front,baseline,12375,30,1958,1327,98,105.81111111111112,270,1.5,0.6
exp5_stow1.5_walk0.6,outside_in,baseline,12375,30,1335,645,0,33.13333333333333,118,1.5,0.6
exp5_stow1.5_walk0.6,steffen,baseline,12375,30,772,491,0,10.872222222222222,45,1.5,0.6
exp5_stow1.5_walk0.6,random,baseline,12376,31,1620,691,89,46.73888888888889,128,1.5,0.6
exp5_stow1.5_walk0.6,back_to_front,baseline,12376,31,2029,1212,86,109.96666666666667,263,1.5,0.6
exp5_stow1.5_walk0.6,outside_in,baseline,12376,31,1268,637,0,34.93888888888889,100,1.5,0.6
exp5_stow1.5_walk0.6,steffen,baseline,12376,31,799,476,0,11.7,65,1.5,0.6
exp5_stow1.5_walk0.6,random,baseline,12377,32,1554,675,79,43.48888888888889,140,1.5,0.6
exp5_stow1.5_walk0.6,back_to_front,baseline,12377,32,2246,1368,88,128.87777777777777,312,1.5,0.6
exp5_stow1.5_walk0.6,outside_in,baseline,12377,32,1294,608,0,30.983333333333334,119,1.5,0.6
exp5_stow1.5_walk0.6,steffen,baseline,12377,32,772,455,0,11.366666666666667,57,1.5,0.6
exp5_stow1.5_walk0.6,random,baseline,12378,33,1461,708,95,42.18888888888889,123,1.5,0.6
exp5_stow1.5_walk0.6,back_to_front,baseline,12378,33,2026,1310,97,119.05,274,1.5,0.6
exp5_stow1.5_walk0.6,outside_in,baseline,12378,33,1180,716,0,36.59444444444444,111,1.5,0.6
exp5_stow1.5_walk0.6,steffen,baseline,12378,33,746,438,0,10.727777777777778,68,1.5,0.6
exp5_stow1.5_walk0.6,random,baseline,12379,34,1446,705,82,39.28888888888889,139,1.5,0.6
exp5_stow1.5_walk0.6,back_to_front,baseline,12379,34,1979,1296,89,113.7388888888889,281,1.5,0.6
exp5_stow1.5_walk0.6,outside_in,baseline,12379,34,1340,555,0,31.961111111111112,109,1.5,0.6
exp5_stow1.5_walk0.6,steffen,baseline,12379,34,771,332,0,9.427777777777777,52,1.5,0.6
exp5_stow1.5_walk0.6,random,baseline,12380,35,1389,672,79,36.016666666666666,127,1.5,0.6
exp5_stow1.5_walk0.6,back_to_front,baseline,12380,35,1919,1299,88,99.44444444444444,235,1.5,0.6
exp5_stow1.5_walk0.6,outside_in,baseline,12380,35,1276,697,0,34.87222222222222,94,1.5,0.6
exp5_stow1.5_walk0.6,steffen,baseline,12380,35,772,464,0,10.016666666666667,41,1.5,0.6
exp5_stow1.5_walk0.6,random,baseline,12381,36,1469,830,83,48.31111111111111,142,1.5,0.6
exp5_stow1.5_walk0.6,back_to_front,baseline,12381,36,2058,1327,87,115.20555555555555,254,1.5,0.6
exp5_stow1.5_walk0.6,outside_in,baseline,12381,36,1360,716,0,34.66111111111111,109,1.5,0.6
exp5_stow1.5_walk0.6,steffen,baseline,12381,36,753,550,0,10.9,53,1.5,0.6
exp5_stow1.5_walk0.6,random,baseline,12382,37,1607,650,96,50.05,144,1.5,0.6
exp5_stow1.5_walk0.6,back_to_front,baseline,12382,37,2179,1234,100,126.7388888888889,342,1.5,0.6
exp5_stow1.5_walk0.6,outside_in,baseline,12382,37,1401,515,0,30.533333333333335,97,1.5,0.6
exp5_stow1.5_walk0.6,steffen,baseline,12382,37,802,277,0,10.316666666666666,78,1.5,0.6
exp5_stow1.5_walk0.6,random,baseline,12383,38,1411,619,89,42.96111111111111,126,1.5,0.6
exp5_stow1.5_walk0.6,back_to_front,baseline,12383,38,2085,1256,96,111.63888888888889,238,1.5,0.6
exp5_stow1.5_walk0.6,outside_in,baseline,12383,38,1290,598,0,31.916666666666668,92,1.5,0.6
exp5_stow1.5_walk0.6,steffen,baseline,12383,38,748,329,0,8.988888888888889,49,1.5,0.6
exp5_stow1.5_walk0.6,random,baseline,12384,39,1454,517,102,36.205555555555556,110,1.5,0.6
exp5_stow1.5_walk0.6,back_to_front,baseline,12384,39,2024,1253,93,105.78888888888889,256,1.5,0.6
exp5_stow1.5_walk0.6,outside_in,baseline,12384,39,1278,536,0,30.36111111111111,91,1.5,0.6
exp5_stow1.5_walk0.6,steffen,baseline,12384,39,774,324,0,9.622222222222222,49,1.5,0.6
exp5_stow1.5_walk0.6,random,baseline,12385,40,1496,627,90,36.583333333333336,106,1.5,0.6
exp5_stow1.5_walk0.6,back_to_front,baseline,12385,40,1902,1249,93,106.52222222222223,324,1.5,0.6
exp5_stow1.5_walk0.6,outside_in,baseline,12385,40,1317,717,0,38.22222222222222,121,1.5,0.6
exp5_stow1.5_walk0.6,steffen,baseline,12385,40,771,477,0,11.216666666666667,45,1.5,0.6
exp5_stow1.5_walk0.6,random,baseline,12386,41,1463,627,95,38.388888888888886,142,1.5,0.6
exp5_stow1.5_walk0.6,back_to_front,baseline,12386,41,1895,1277,74,101.9,259,1.5,0.6
exp5_stow1.5_walk0.6,outside_in,baseline,12386,41,1231,656,0,29.93888888888889,123,1.5,0.6
exp5_stow1.5_walk0.6,steffen,baseline,12386,41,793,467,0,10.016666666666667,55,1.5,0.6
exp5_stow1.5_walk0.6,random,baseline,12387,42,1478,555,90,35.40555555555556,106,1.5,0.6
exp5_stow1.5_walk0.6,back_to_front,baseline,12387,42,2058,1174,96,113.75555555555556,256,1.5,0.6
exp5_stow1.5_walk0.6,outside_in,baseline,12387,42,1227,588,0,30.67222222222222,92,1.5,0.6
exp5_stow1.5_walk0.6,steffen,baseline,12387,42,756,350,0,9.588888888888889,53,1.5,0.6
exp5_stow1.5_walk0.6,random,baseline,12388,43,1519,601,90,36.31111111111111,117,1.5,0.6
exp5_stow1.5_walk0.6,back_to_front,baseline,12388,43,2014,1172,99,99.47777777777777,221,1.5,0.6
exp5_stow1.5_walk0.6,outside_in,baseline,12388,43,1436,653,0,36.37222222222222,108,1.5,0.6
exp5_stow1.5_walk0.6,steffen,baseline,12388,43,779,441,0,9.616666666666667,50,1.5,0.6
exp5_stow1.5_walk0.6,random,baseline,12389,44,1486,601,97,38.51111111111111,154,1.5,0.6
exp5_stow1.5_walk0.6,back_to_front,baseline,12389,44,1897,1275,80,100.66666666666667,253,1.5,0.6
exp5_stow1.5_walk0.6,outside_in,baseline,12389,44,1338,607,0,33.00555555555555,106,1.5,0.6
exp5_stow1.5_walk0.6,steffen,baseline,12389,44,772,440,0,9.922222222222222,54,1.5,0.6
exp5_stow1.5_walk0.6,random,baseline,12390,45,1521,568,92,36.68333333333333,117,1.5,0.6
exp5_stow1.5_walk0.6,back_to_front,baseline,12390,45,1971,1302,96,106.13888888888889,272,1.5,0.6
exp5_stow1.5_walk0.6,outside_in,baseline,12390,45,1325,555,0,30.822222222222223,93,1.5,0.6
exp5_stow1.5_walk0.6,steffen,baseline,12390,45,806,302,0,8.905555555555555,61,1.5,0.6
exp5_stow1.5_walk0.6,random,baseline,12391,46,1645,620,91,43.294444444444444,114,1.5,0.6
exp5_stow1.5_walk0.6,back_to_front,baseline,12391,46,2182,1212,92,112.05555555555556,239,1.5,0.6
exp5_stow1.5_walk0.6,outside_in,baseline,12391,46,1451,611,0,35.88333333333333,91,1.5,0.6
exp5_stow1.5_walk0.6,steffen,baseline,12391,46,802,415,0,11.261111111111111,58,1.5,0.6
exp5_stow1.5_walk0.6,random,baseline,12392,47,1633,722,90,48.09444444444444,162,1.5,0.6
exp5_stow1.5_walk0.6,back_to_front,baseline,12392,47,2062,1334,85,111.16111111111111,263,1.5,0.6
exp5_stow1.5_walk0.6,outside_in,baseline,12392,47,1381,641,0,35.333333333333336,138,1.5,0.6
exp5_stow1.5_walk0.6,steffen,baseline,12392,47,772,449,0,9.816666666666666,48,1.5,0.6
exp5_stow1.5_walk0.6,random,baseline,12393,48,1600,711,101,41.18333333333333,124,1.5,0.6
exp5_stow1.5_walk0.6,back_to_front,baseline,12393,48,2115,1253,105,113.67222222222222,275,1.5,0.6
exp5_stow1.5_walk0.6,outside_in,baseline,12393,48,1439,582,0,31.033333333333335,97,1.5,0.6
exp5_stow1.5_walk0.6,steffen,baseline,12393,48,779,435,0,9.9,60,1.5,0.6
exp5_stow1.5_walk0.6,random,baseline,12394,49,1460,696,85,43.94444444444444,149,1.5,0.6
exp5_stow1.5_walk0.6,back_to_front,baseline,12394,49,2116,1247,79,106.61666666666666,266,1.5,0.6
exp5_stow1.5_walk0.6,outside_in,baseline,12394,49,1325,678,0,36.327777777777776,125,1.5,0.6
exp5_stow1.5_walk0.6,steffen,baseline,12394,49,785,445,0,9.644444444444444,47,1.5,0.6
exp5_stow1.5_walk0.6,random,baseline,12395,50,1346,715,90,38.07222222222222,157,1.5,0.6
exp5_stow1.5_walk0.6,back_to_front,baseline,12395,50,1867,1173,93,103.28333333333333,310,1.5,0.6
exp5_stow1.5_walk0.6,outside_in,baseline,12395,50,1232,651,0,29.494444444444444,102,1.5,0.6
exp5_stow1.5_walk0.6,steffen,baseline,12395,50,746,517,0,10.45,57,1.5,0.6
exp5_stow1.5_walk0.6,random,baseline,12396,51,1601,712,97,48.44444444444444,130,1.5,0.6
exp5_stow1.5_walk0.6,back_to_front,baseline,12396,51,2030,1397,90,113.78888888888889,295,1.5,0.6
exp5_stow1.5_walk0.6,outside_in,baseline,12396,51,1312,604,0,28.6,111,1.5,0.6
exp5_stow1.5_walk0.6,steffen,baseline,12396,51,787,408,0,10.311111111111112,55,1.5,0.6
exp5_stow1.5_walk0.6,random,baseline,12397,52,1407,632,90,39.25555555555555,127,1.5,0.6
exp5_stow1.5_walk0.6,back_to_front,baseline,12397,52,1873,1224,91,105.50555555555556,264,1.5,0.6
exp5_stow1.5_walk0.6,outside_in,baseline,12397,52,1270,536,0,28.433333333333334,130,1.5,0.6
exp5_stow1.5_walk0.6,steffen,baseline,12397,52,761,266,0,8.155555555555555,54,1.5,0.6
exp5_stow1.5_walk0.6,random,baseline,12398,53,1431,634,79,37.361111111111114,140,1.5,0.6
exp5_stow1.5_walk0.6,back_to_front,baseline,12398,53,1955,1278,97,105.46666666666667,300,1.5,0.6
exp5_stow1.5_walk0.6,outside_in,baseline,12398,53,1282,676,0,29.8,108,1.5,0.6
exp5_stow1.5_walk0.6,steffen,baseline,12398,53,776,382,0,8.527777777777779,52,1.5,0.6
exp5_stow1.5_walk0.6,random,baseline,12399,54,1624,595,98,43.49444444444445,129,1.5,0.6
exp5_stow1.5_walk0.6,back_to_front,baseline,12399,54,2142,1315,90,121.5,328,1.5,0.6
exp5_stow1.5_walk0.6,outside_in,baseline,12399,54,1392,596,0,35.03888888888889,100,1.5,0.6
exp5_stow1.5_walk0.6,steffen,baseline,12399,54,790,342,0,10.333333333333334,59,1.5,0.6
exp5_stow1.5_walk0.6,random,baseline,12400,55,1582,702,88,48.22222222222222,127,1.5,0.6
exp5_stow1.5_walk0.6,back_to_front,baseline,12400,55,1874,1219,89,108.43333333333334,309,1.5,0.6
exp5_stow1.5_walk0.6,outside_in,baseline,12400,55,1234,673,0,31.738888888888887,115,1.5,0.6
exp5_stow1.5_walk0.6,steffen,baseline,12400,55,728,396,0,9.46111111111111,40,1.5,0.6
exp5_stow1.5_walk0.6,random,baseline,12401,56,1517,708,85,47.15555555555556,138,1.5,0.6
exp5_stow1.5_walk0.6,back_to_front,baseline,12401,56,2013,1343,93,117.32777777777778,321,1.5,0.6
exp5_stow1.5_walk0.6,outside_in,baseline,12401,56,1223,703,0,34.16111111111111,92,1.5,0.6
exp5_stow1.5_walk0.6,steffen,baseline,12401,56,760,485,0,11.255555555555556,80,1.5,0.6
exp5_stow1.5_walk0.6,random,baseline,12402,57,1566,683,104,49.00555555555555,158,1.5,0.6
exp5_stow1.5_walk0.6,back_to_front,baseline,12402,57,1960,1282,90,99.52222222222223,245,1.5,0.6
exp5_stow1.5_walk0.6,outside_in,baseline,12402,57,1362,627,0,35.861111111111114,110,1.5,0.6
exp5_stow1.5_walk0.6,steffen,baseline,12402,57,790,460,0,10.738888888888889,64,1.5,0.6
exp5_stow1.5_walk0.6,random,baseline,12403,58,1646,648,84,46.861111111111114,150,1.5,0.6
exp5_stow1.5_walk0.6,back_to_front,baseline,12403,58,2013,1261,85,102.92777777777778,230,1.5,0.6
exp5_stow1.5_walk0.6,outside_in,baseline,12403,58,1338,631,0,32.96111111111111,104,1.5,0.6
exp5_stow1.5_walk0.6,steffen,baseline,12403,58,790,402,0,10.144444444444444,53,1.5,0.6
exp5_stow1.5_walk0.6,random,baseline,12404,59,1548,779,85,41.55555555555556,140,1.5,0.6
exp5_stow1.5_walk0.6,back_to_front,baseline,12404,59,2121,1364,84,109.75555555555556,277,1.5,0.6
exp5_stow1.5_walk0.6,outside_in,baseline,12404,59,1440,567,0,31.33888888888889,103,1.5,0.6
exp5_stow1.5_walk0.6,steffen,baseline,12404,59,832,605,0,11.627777777777778,54,1.5,0.6
exp5_stow1.5_walk0.6,random,baseline,12405,60,1588,582,98,45.83888888888889,180,1.5,0.6
exp5_stow1.5_walk0.6,back_to_front,baseline,12405,60,2091,1282,98,112.18333333333334,253,1.5,0.6
exp5_stow1.5_walk0.6,outside_in,baseline,12405,60,1333,612,0,34.922222222222224,106,1.5,0.6
exp5_stow1.5_walk0.6,steffen,baseline,12405,60,792,418,0,10.233333333333333,48,1.5,0.6
exp5_stow1.5_walk0.6,random,baseline,12406,61,1453,707,96,41.73888888888889,140,1.5,0.6
exp5_stow1.5_walk0.6,back_to_front,baseline,12406,61,2205,1353,87,127.99444444444444,335,1.5,0.6
exp5_stow1.5_walk0.6,outside_in,baseline,12406,61,1325,588,0,33.53333333333333,138,1.5,0.6
exp5_stow1.5_walk0.6,steffen,baseline,12406,61,760,372,0,9.794444444444444,46,1.5,0.6
exp5_stow1.5_walk0.6,random,baseline,12407,62,1448,671,88,38.38333333333333,138,1.5,0.6
exp5_stow1.5_walk0.6,back_to_front,baseline,12407,62,2042,1269,93,111.02222222222223,286,1.5,0.6
exp5_stow1.5_walk0.6,outside_in,baseline,12407,62,1265,615,0,29.36111111111111,111,1.5,0.6
exp5_stow1.5_walk0.6,steffen,baseline,12407,62,769,465,0,10.1,61,1.5,0.6
exp5_stow1.5_walk0.6,random,baseline,12408,63,1541,648,93,43.388888888888886,117,1.5,0.6
exp5_stow1.5_walk0.6,back_to_front,baseline,12408,63,2154,1339,96,120.45,285,1.5,0.6
exp5_stow1.5_walk0.6,outside_in,baseline,12408,63,1445,638,0,37.17777777777778,100,1.5,0.6
exp5_stow1.5_walk0.6,steffen,baseline,12408,63,802,415,0,11.005555555555556,68,1.5,0.6
exp5_stow1.5_walk0.6,random,baseline,12409,64,1644,627,95,40.01111111111111,138,1.5,0.6
exp5_stow1.5_walk0.6,back_to_front,baseline,12409,64,2033,1411,97,124.5,323,1.5,0.6
exp5_stow1.5_walk0.6,outside_in,baseline,12409,64,1351,620,0,31.4,95,1.5,0.6
exp5_stow1.5_walk0.6,steffen,baseline,12409,64,744,368,0,9.027777777777779,47,1.5,0.6
exp5_stow1.5_walk0.6,random,baseline,12410,65,1517,647,91,39.87777777777778,114,1.5,0.6
exp5_stow1.5_walk0.6,back_to_front,baseline,12410,65,2012,1240,97,117.2,281,1.5,0.6
exp5_stow1.5_walk0.6,outside_in,baseline,12410,65,1272,587,0,32.87222222222222,103,1.5,0.6
exp5_stow1.5_walk0.6,steffen,baseline,12410,65,775,346,0,8.9,60,1.5,0.6
exp5_stow1.5_walk0.6,random,baseline,12411,66,1601,640,96,46.86666666666667,159,1.5,0.6
exp5_stow1.5_walk0.6,back_to_front,baseline,12411,66,2186,1236,96,123.26666666666667,331,1.5,0.6
exp5_stow1.5_walk0.6,outside_in,baseline,12411,66,1331,606,0,36.61666666666667,122,1.5,0.6
exp5_stow1.5_walk0.6,steffen,baseline,12411,66,787,397,0,10.9,66,1.5,0.6
exp5_stow1.5_walk0.6,random,baseline,12412,67,1570,752,78,49.94444444444444,155,1.5,0.6
exp5_stow1.5_walk0.6,back_to_front,baseline,12412,67,2138,1276,98,114.77777777777777,271,1.5,0.6
exp5_stow1.5_walk0.6,outside_in,baseline,12412,67,1380,630,0,33.00555555555555,133,1.5,0.6
exp5_stow1.5_walk0.6,steffen,baseline,12412,67,778,422,0,9.55,55,1.5,0.6
exp5_stow1.5_walk0.6,random,baseline,12413,68,1548,610,107,42.65555555555556,145,1.5,0.6
exp5_stow1.5_walk0.6,back_to_front,baseline,12413,68,2138,1266,83,120.68888888888888,304,1.5,0.6
exp5_stow1.5_walk0.6,outside_in,baseline,12413,68,1235,592,0,33.6,102,1.5,0.6
exp5_stow1.5_walk0.6,steffen,baseline,12413,68,775,391,0,11.161111111111111,66,1.5,0.6
exp5_stow1.5_walk0.6,random,baseline,12414,69,1654,696,86,48.03333333333333,129,1.5,0.6
exp5_stow1.5_walk0.6,back_to_front,baseline,12414,69,2049,1277,85,111.17222222222222,275,1.5,0.6
exp5_stow1.5_walk0.6,outside_in,baseline,12414,69,1384,565,0,32.28888888888889,146,1.5,0.6
exp5_stow1.5_walk0.6,steffen,baseline,12414,69,779,417,0,10.9,73,1.5,0.6
exp5_stow1.5_walk0.6,random,baseline,12415,70,1449,619,90,35.794444444444444,128,1.5,0.6
exp5_stow1.5_walk0.6,back_to_front,baseline,12415,70,2030,1330,88,116.78333333333333,277,1.5,0.6
exp5_stow1.5_walk0.6,outside_in,baseline,12415,70,1397,635,0,37.544444444444444,113,1.5,0.6
exp5_stow1.5_walk0.6,steffen,baseline,12415,70,801,388,0,10.133333333333333,46,1.5,0.6
exp5_stow1.5_walk0.6,random,baseline,12416,71,1463,625,81,34.72222222222222,133,1.5,0.6
exp5_stow1.5_walk0.6,back_to_front,baseline,12416,71,2038,1358,92,112.31111111111112,262,1.5,0.6
exp5_stow1.5_walk0.6,outside_in,baseline,12416,71,1335,635,0,33.02777777777778,107,1.5,0.6
exp5_stow1.5_walk0.6,steffen,baseline,12416,71,807,543,0,11.433333333333334,52,1.5,0.6
exp5_stow1.5_walk0.6,random,baseline,12417,72,1548,596,85,41.172222222222224,134,1.5,0.6
exp5_stow1.5_walk0.6,back_to_front,baseline,12417,72,2019,1293,93,108.11666666666666,277,1.5,0.6
exp5_stow1.5_walk0.6,outside_in,baseline,12417,72,1447,621,0,33.21111111111111,99,1.5,0.6
exp5_stow1.5_walk0.6,steffen,baseline,12417,72,765,361,0,10.36111111111111,55,1.5,0.6
exp5_stow1.5_walk0.6,random,baseline,12418,73,1536,717,89,48.077777777777776,197,1.5,0.6
exp5_stow1.5_walk0.6,back_to_front,baseline,12418,73,1989,1370,93,119.45,286,1.5,0.6
exp5_stow1.5_walk0.6,outside_in,baseline,12418,73,1285,690,0,39.0,139,1.5,0.6
exp5_stow1.5_walk0.6,steffen,baseline,12418,73,726,443,0,9.983333333333333,54,1.5,0.6
exp5_stow1.5_walk0.6,random,baseline,12419,74,1558,787,92,47.73888888888889,147,1.5,0.6
exp5_stow1.5_walk0.6,back_to_front,baseline,12419,74,1945,1238,80,97.22777777777777,262,1.5,0.6
exp5_stow1.5_walk0.6,outside_in,baseline,12419,74,1369,682,0,31.494444444444444,96,1.5,0.6
exp5_stow1.5_walk0.6,steffen,baseline,12419,74,778,504,0,10.661111111111111,68,1.5,0.6
exp5_stow1.5_walk0.6,random,baseline,12420,75,1495,662,93,38.82222222222222,107,1.5,0.6
exp5_stow1.5_walk0.6,back_to_front,baseline,12420,75,2128,1200,89,116.42222222222222,322,1.5,0.6
exp5_stow1.5_walk0.6,outside_in,baseline,12420,75,1317,645,0,32.96666666666667,101,1.5,0.6
exp5_stow1.5_walk0.6,steffen,baseline,12420,75,786,461,0,10.366666666666667,57,1.5,0.6
exp5_stow1.5_walk0.6,random,baseline,12421,76,1544,633,98,47.605555555555554,171,1.5,0.6
exp5_stow1.5_walk0.6,back_to_front,baseline,12421,76,1948,1241,86,116.40555555555555,280,1.5,0.6
exp5_stow1.5_walk0.6,outside_in,baseline,12421,76,1304,604,0,34.05555555555556,94,1.5,0.6
exp5_stow1.5_walk0.6,steffen,baseline,12421,76,767,375,0,10.688888888888888,53,1.5,0.6
exp5_stow1.5_walk0.6,random,baseline,12422,77,1610,761,87,49.46111111111111,135,1.5,0.6
exp5_stow1.5_walk0.6,back_to_front,baseline,12422,77,2076,1365,79,118.02222222222223,295,1.5,0.6
exp5_stow1.5_walk0.6,outside_in,baseline,12422,77,1305,620,0,34.09444444444444,110,1.5,0.6
exp5_stow1.5_walk0.6,steffen,baseline,12422,77,782,455,0,11.205555555555556,43,1.5,0.6
exp5_stow1.5_walk0.6,random,baseline,12423,78,1543,685,99,47.59444444444444,202,1.5,0.6
exp5_stow1.5_walk0.6,back_to_front,baseline,12423,78,2229,1275,89,131.57777777777778,362,1.5,0.6
exp5_stow1.5_walk0.6,outside_in,baseline,12423,78,1377,674,0,35.827777777777776,111,1.5,0.6
exp5_stow1.5_walk0.6,steffen,baseline,12423,78,774,445,0,11.13888888888889,60,1.5,0.6
exp5_stow1.5_walk0.6,random,baseline,12424,79,1473,606,87,34.361111111111114,121,1.5,0.6
exp5_stow1.5_walk0.6,back_to_front,baseline,12424,79,1982,1262,91,102.58333333333333,285,1.5,0.6
exp5_stow1.5_walk0.6,outside_in,baseline,12424,79,1255,619,0,27.983333333333334,99,1.5,0.6
exp5_stow1.5_walk0.6,steffen,baseline,12424,79,786,335,0,9.227777777777778,43,1.5,0.6
exp5_stow1.5_walk0.6,random,baseline,12425,80,1482,585,97,38.80555555555556,113,1.5,0.6
exp5_stow1.5_walk0.6,back_to_front,baseline,12425,80,1962,1282,95,118.2388888888889,350,1.5,0.6
exp5_stow1.5_walk0.6,outside_in,baseline,12425,80,1392,598,0,33.227777777777774,119,1.5,0.6
exp5_stow1.5_walk0.6,steffen,baseline,12425,80,773,400,0,10.188888888888888,43,1.5,0.6
exp5_stow1.5_walk0.6,random,baseline,12426,81,1557,774,97,46.666666666666664,197,1.5,0.6
exp5_stow1.5_walk0.6,back_to_front,baseline,12426,81,1944,1270,77,102.2611111111111,219,1.5,0.6
exp5_stow1.5_walk0.6,outside_in,baseline,12426,81,1277,707,0,34.544444444444444,110,1.5,0.6
exp5_stow1.5_walk0.6,steffen,baseline,12426,81,726,408,0,8.705555555555556,54,1.5,0.6
exp5_stow1.5_walk0.6,random,baseline,12427,82,1525,632,81,39.44444444444444,106,1.5,0.6
exp5_stow1.5_walk0.6,back_to_front,baseline,12427,82,2131,1392,91,132.73333333333332,328,1.5,0.6
exp5_stow1.5_walk0.6,outside_in,baseline,12427,82,1317,670,0,37.21666666666667,133,1.5,0.6
exp5_stow1.5_walk0.6,steffen,baseline,12427,82,737,409,0,10.422222222222222,44,1.5,0.6
exp5_stow1.5_walk0.6,random,baseline,12428,83,1525,718,80,47.19444444444444,158,1.5,0.6
exp5_stow1.5_walk0.6,back_to_front,baseline,12428,83,2063,1275,93,116.85,260,1.5,0.6
exp5_stow1.5_walk0.6,outside_in,baseline,12428,83,1383,618,0,33.71111111111111,103,1.5,0.6
exp5_stow1.5_walk0.6,steffen,baseline,12428,83,778,466,0,10.594444444444445,57,1.5,0.6
exp5_stow1.5_walk0.6,random,baseline,12429,84,1657,764,87,48.355555555555554,160,1.5,0.6
exp5_stow1.5_walk0.6,back_to_front,baseline,12429,84,2250,1339,96,122.40555555555555,252,1.5,0.6
exp5_stow1.5_walk0.6,outside_in,baseline,12429,84,1419,636,0,34.76111111111111,110,1.5,0.6
exp5_stow1.5_walk0.6,steffen,baseline,12429,84,817,539,0,11.4,90,1.5,0.6
exp5_stow1.5_walk0.6,random,baseline,12430,85,1571,667,103,44.727777777777774,173,1.5,0.6
exp5_stow1.5_walk0.6,back_to_front,baseline,12430,85,2111,1325,87,115.97777777777777,261,1.5,0.6
exp5_stow1.5_walk0.6,outside_in,baseline,12430,85,1387,695,0,38.23888888888889,109,1.5,0.6
exp5_stow1.5_walk0.6,steffen,baseline,12430,85,767,376,0,8.955555555555556,47,1.5,0.6
exp5_stow1.5_walk0.6,random,baseline,12431,86,1728,680,97,46.83888888888889,170,1.5,0.6
exp5_stow1.5_walk0.6,back_to_front,baseline,12431,86,1947,1296,84,110.36111111111111,284,1.5,0.6
exp5_stow1.5_walk0.6,outside_in,baseline,12431,86,1377,641,0,33.86666666666667,100,1.5,0.6
exp5_stow1.5_walk0.6,steffen,baseline,12431,86,747,422,0,10.722222222222221,55,1.5,0.6
exp5_stow1.5_walk0.6,random,baseline,12432,87,1446,550,95,34.78888888888889,104,1.5,0.6
exp5_stow1.5_walk0.6,back_to_front,baseline,12432,87,2037,1331,92,118.61666666666666,279,1.5,0.6
exp5_stow1.5_walk0.6,outside_in,baseline,12432,87,1306,555,0,28.711111111111112,99,1.5,0.6
exp5_stow1.5_walk0.6,steffen,baseline,12432,87,763,347,0,8.811111111111112,43,1.5,0.6
exp5_stow1.5_walk0.6,random,baseline,12433,88,1558,619,90,42.705555555555556,129,1.5,0.6
exp5_stow1.5_walk0.6,back_to_front,baseline,12433,88,2012,1218,83,109.71111111111111,305,1.5,0.6
exp5_stow1.5_walk0.6,outside_in,baseline,12433,88,1295,584,0,31.316666666666666,124,1.5,0.6
exp5_stow1.5_walk0.6,steffen,baseline,12433,88,759,374,0,10.022222222222222,63,1.5,0.6
exp5_stow1.5_walk0.6,random,baseline,12434,89,1453,651,92,38.672222222222224,157,1.5,0.6
exp5_stow1.5_walk0.6,back_to_front,baseline,12434,89,1856,1386,84,107.07222222222222,290,1.5,0.6
exp5_stow1.5_walk0.6,outside_in,baseline,12434,89,1285,658,0,33.46111111111111,111,1.5,0.6
exp5_stow1.5_walk0.6,steffen,baseline,12434,89,742,492,0,10.088888888888889,49,1.5,0.6
exp5_stow1.5_walk0.6,random,baseline,12435,90,1538,752,100,47.705555555555556,149,1.5,0.6
exp5_stow1.5_walk0.6,back_to_front,baseline,12435,90,2106,1406,87,118.68888888888888,294,1.5,0.6
exp5_stow1.5_walk0.6,outside_in,baseline,12435,90,1410,727,0,43.81111111111111,137,1.5,0.6
exp5_stow1.5_walk0.6,steffen,baseline,12435,90,791,413,0,11.122222222222222,74,1.5,0.6
exp5_stow1.5_walk0.6,random,baseline,12436,91,1415,768,101,43.07222222222222,191,1.5,0.6
exp5_stow1.5_walk0.6,back_to_front,baseline,12436,91,2128,1315,85,130.64444444444445,347,1.5,0.6
exp5_stow1.5_walk0.6,outside_in,baseline,12436,91,1263,671,0,32.422222222222224,101,1.5,0.6
exp5_stow1.5_walk0.6,steffen,baseline,12436,91,727,333,0,8.944444444444445,41,1.5,0.6
exp5_stow1.5_walk0.6,random,baseline,12437,92,1531,679,93,48.46666666666667,147,1.5,0.6
exp5_stow1.5_walk0.6,back_to_front,baseline,12437,92,2039,1266,93,115.55555555555556,283,1.5,0.6
exp5_stow1.5_walk0.6,outside_in,baseline,12437,92,1299,658,0,39.12222222222222,158,1.5,0.6
exp5_stow1.5_walk0.6,steffen,baseline,12437,92,766,425,0,11.266666666666667,59,1.5,0.6
exp5_stow1.5_walk0.6,random,baseline,12438,93,1355,642,94,40.516666666666666,166,1.5,0.6
exp5_stow1.5_walk0.6,back_to_front,baseline,12438,93,2145,1305,87,119.65555555555555,295,1.5,0.6
exp5_stow1.5_walk0.6,outside_in,baseline,12438,93,1328,644,0,33.75,99,1.5,0.6
exp5_stow1.5_walk0.6,steffen,baseline,12438,93,778,401,0,10.405555555555555,51,1.5,0.6
exp5_stow1.5_walk0.6,random,baseline,12439,94,1467,687,92,39.894444444444446,120,1.5,0.6
exp5_stow1.5_walk0.6,back_to_front,baseline,12439,94,1944,1341,89,114.21666666666667,291,1.5,0.6
exp5_stow1.5_walk0.6,outside_in,baseline,12439,94,1339,754,0,38.82222222222222,128,1.5,0.6
exp5_stow1.5_walk0.6,steffen,baseline,12439,94,736,455,0,9.705555555555556,49,1.5,0.6
exp5_stow1.5_walk0.6,random,baseline,12440,95,1591,671,89,47.227777777777774,204,1.5,0.6
exp5_stow1.5_walk0.6,back_to_front,baseline,12440,95,1969,1313,93,117.49444444444444,328,1.5,0.6
exp5_stow1.5_walk0.6,outside_in,baseline,12440,95,1374,697,0,41.15,137,1.5,0.6
exp5_stow1.5_walk0.6,steffen,baseline,12440,95,735,525,0,11.705555555555556,58,1.5,0.6
exp5_stow1.5_walk0.6,random,baseline,12441,96,1625,671,90,44.66111111111111,142,1.5,0.6
exp5_stow1.5_walk0.6,back_to_front,baseline,12441,96,1883,1190,88,99.06111111111112,243,1.5,0.6
exp5_stow1.5_walk0.6,outside_in,baseline,12441,96,1340,738,0,33.894444444444446,100,1.5,0.6
exp5_stow1.5_walk0.6,steffen,baseline,12441,96,766,471,0,10.338888888888889,45,1.5,0.6
exp5_stow1.5_walk0.6,random,baseline,12442,97,1534,663,93,43.58888888888889,122,1.5,0.6
exp5_stow1.5_walk0.6,back_to_front,baseline,12442,97,2135,1438,93,121.92777777777778,274,1.5,0.6
exp5_stow1.5_walk0.6,outside_in,baseline,12442,97,1404,696,0,43.86666666666667,137,1.5,0.6
exp5_stow1.5_walk0.6,steffen,baseline,12442,97,790,466,0,11.911111111111111,51,1.5,0.6
exp5_stow1.5_walk0.6,random,baseline,12443,98,1578,756,85,47.91111111111111,146,1.5,0.6
exp5_stow1.5_walk0.6,back_to_front,baseline,12443,98,2082,1282,87,116.27777777777777,256,1.5,0.6
exp5_stow1.5_walk0.6,outside_in,baseline,12443,98,1372,720,0,40.78333333333333,109,1.5,0.6
exp5_stow1.5_walk0.6,steffen,baseline,12443,98,748,464,0,11.244444444444444,48,1.5,0.6
exp5_stow1.5_walk0.6,random,baseline,12444,99,1431,705,84,40.96111111111111,141,1.5,0.6
exp5_stow1.5_walk0.6,back_to_front,baseline,12444,99,1931,1327,93,108.61111111111111,287,1.5,0.6
exp5_stow1.5_walk0.6,outside_in,baseline,12444,99,1345,609,0,33.25,89,1.5,0.6
exp5_stow1.5_walk0.6,steffen,baseline,12444,99,764,421,0,9.205555555555556,78,1.5,0.6
exp5_stow1.5_walk0.6,random,baseline,12445,100,1440,608,91,43.62777777777778,121,1.5,0.6
exp5_stow1.5_walk0.6,back_to_front,baseline,12445,100,1993,1228,85,116.2611111111111,284,1.5,0.6
exp5_stow1.5_walk0.6,outside_in,baseline,12445,100,1265,565,0,28.233333333333334,98,1.5,0.6
exp5_stow1.5_walk0.6,steffen,baseline,12445,100,737,304,0,8.71111111111111,37,1.5,0.6
exp5_stow1.5_walk0.6,random,baseline,12446,101,1406,612,97,40.62777777777778,188,1.5,0.6
exp5_stow1.5_walk0.6,back_to_front,baseline,12446,101,1976,1264,99,118.75555555555556,302,1.5,0.6
exp5_stow1.5_walk0.6,outside_in,baseline,12446,101,1332,599,0,33.96666666666667,102,1.5,0.6
exp5_stow1.5_walk0.6,steffen,baseline,12446,101,787,371,0,10.761111111111111,81,1.5,0.6
exp5_stow1.5_walk0.6,random,baseline,12447,102,1587,570,99,38.38333333333333,133,1.5,0.6
exp5_stow1.5_walk0.6,back_to_front,baseline,12447,102,2065,1301,87,114.31666666666666,353,1.5,0.6
exp5_stow1.5_walk0.6,outside_in,baseline,12447,102,1437,528,0,30.272222222222222,99,1.5,0.6
exp5_stow1.5_walk0.6,steffen,baseline,12447,102,830,316,0,8.805555555555555,47,1.5,0.6
exp5_stow1.5_walk0.6,random,baseline,12448,103,1538,708,88,46.388888888888886,134,1.5,0.6
exp5_stow1.5_walk0.6,back_to_front,baseline,12448,103,1951,1321,75,110.41111111111111,283,1.5,0.6
exp5_stow1.5_walk0.6,outside_in,baseline,12448,103,1389,683,0,36.9,112,1.5,0.6
exp5_stow1.5_walk0.6,steffen,baseline,12448,103,744,523,0,10.477777777777778,51,1.5,0.6
exp5_stow1.5_walk0.6,random,baseline,12449,104,1532,657,96,40.78888888888889,138,1.5,0.6
exp5_stow1.5_walk0.6,back_to_front,baseline,12449,104,1815,1088,83,89.82777777777778,211,1.5,0.6
exp5_stow1.5_walk0.6,outside_in,baseline,12449,104,1339,545,0,32.68888888888889,105,1.5,0.6
exp5_stow1.5_walk0.6,steffen,baseline,12449,104,775,362,0,10.283333333333333,53,1.5,0.6
exp5_stow1.5_walk0.6,random,baseline,12450,105,1539,622,100,39.21666666666667,148,1.5,0.6
exp5_stow1.5_walk0.6,back_to_front,baseline,12450,105,1944,1200,86,97.91111111111111,230,1.5,0.6
exp5_stow1.5_walk0.6,outside_in,baseline,12450,105,1297,636,0,30.711111111111112,99,1.5,0.6
exp5_stow1.5_walk0.6,steffen,baseline,12450,105,743,422,0,8.922222222222222,46,1.5,0.6
exp5_stow1.5_walk0.6,random,baseline,12451,106,1552,655,103,46.666666666666664,139,1.5,0.6
exp5_stow1.5_walk0.6,back_to_front,baseline,12451,106,2263,1331,83,127.37777777777778,274,1.5,0.6
exp5_stow1.5_walk0.6,outside_in,baseline,12451,106,1482,640,0,38.69444444444444,139,1.5,0.6
exp5_stow1.5_walk0.6,steffen,baseline,12451,106,790,373,0,9.972222222222221,57,1.5,0.6
exp5_stow1.5_walk0.6,random,baseline,12452,107,1446,649,69,39.67777777777778,108,1.5,0.6
exp5_stow1.5_walk0.6,back_to_front,baseline,12452,107,2128,1269,93,121.17222222222222,292,1.5,0.6
exp5_stow1.5_walk0.6,outside_in,baseline,12452,107,1377,617,0,33.78888888888889,128,1.5,0.6
exp5_stow1.5_walk0.6,steffen,baseline,12452,107,785,405,0,9.944444444444445,43,1.5,0.6
exp5_stow1.5_walk0.6,random,baseline,12453,108,1595,628,95,39.233333333333334,135,1.5,0.6
exp5_stow1.5_walk0.6,back_to_front,baseline,12453,108,2073,1298,90,114.4888888888889,296,1.5,0.6
exp5_stow1.5_walk0.6,outside_in,baseline,12453,108,1325,659,0,31.883333333333333,91,1.5,0.6
exp5_stow1.5_walk0.6,steffen,baseline,12453,108,783,425,0,9.783333333333333,44,1.5,0.6
exp5_stow1.5_walk0.6,random,baseline,12454,109,1627,696,81,44.13333333333333,150,1.5,0.6
exp5_stow1.5_walk0.6,back_to_front,baseline,12454,109,2385,1304,87,136.15555555555557,297,1.5,0.6
exp5_stow1.5_walk0.6,outside_in,baseline,12454,109,1452,598,0,33.91111111111111,104,1.5,0.6
exp5_stow1.5_walk0.6,steffen,baseline,12454,109,794,444,0,11.627777777777778,58,1.5,0.6
exp5_stow1.5_walk0.6,random,baseline,12455,110,1608,735,107,44.99444444444445,140,1.5,0.6
exp5_stow1.5_walk0.6,back_to_front,baseline,12455,110,2122,1340,91,122.86666666666666,340,1.5,0.6
exp5_stow1.5_walk0.6,outside_in,baseline,12455,110,1315,711,0,34.42777777777778,104,1.5,0.6
exp5_stow1.5_walk0.6,steffen,baseline,12455,110,775,479,0,10.533333333333333,51,1.5,0.6
exp5_stow1.5_walk0.6,random,baseline,12456,111,1488,582,99,37.55555555555556,118,1.5,0.6
exp5_stow1.5_walk0.6,back_to_front,baseline,12456,111,2043,1299,88,114.65555555555555,322,1.5,0.6
exp5_stow1.5_walk0.6,outside_in,baseline,12456,111,1307,589,0,33.58888888888889,112,1.5,0.6
exp5_stow1.5_walk0.6,steffen,baseline,12456,111,787,372,0,9.483333333333333,48,1.5,0.6
exp5_stow1.5_walk0.6,random,baseline,12457,112,1537,737,98,41.766666666666666,123,1.5,0.6
exp5_stow1.5_walk0.6,back_to_front,baseline,12457,112,2002,1346,92,111.21111111111111,314,1.5,0.6
exp5_stow1.5_walk0.6,outside_in,baseline,12457,112,1376,588,0,33.05555555555556,92,1.5,0.6
exp5_stow1.5_walk0.6,steffen,baseline,12457,112,785,573,0,11.316666666666666,63,1.5,0.6
exp5_stow1.5_walk0.6,random,baseline,12458,113,1523,719,90,46.455555555555556,138,1.5,0.6
exp5_stow1.5_walk0.6,back_to_front,baseline,12458,113,1894,1209,81,97.19444444444444,241,1.5,0.6
exp5_stow1.5_walk0.6,outside_in,baseline,12458,113,1274,681,0,33.4,101,1.5,0.6
exp5_stow1.5_walk0.6,steffen,baseline,12458,113,802,450,0,9.722222222222221,46,1.5,0.6
exp5_stow1.5_walk0.6,random,baseline,12459,114,1506,706,83,48.87222222222222,158,1.5,0.6
exp5_stow1.5_walk0.6,back_to_front,baseline,12459,114,2000,1204,94,109.07777777777778,262,1.5,0.6
exp5_stow1.5_walk0.6,outside_in,baseline,12459,114,1368,692,0,36.8,126,1.5,0.6
exp5_stow1.5_walk0.6,steffen,baseline,12459,114,750,455,0,10.03888888888889,50,1.5,0.6
exp5_stow1.5_walk0.6,random,baseline,12460,115,1641,759,88,42.82222222222222,118,1.5,0.6
exp5_stow1.5_walk0.6,back_to_front,baseline,12460,115,2097,1447,92,129.7888888888889,370,1.5,0.6
exp5_stow1.5_walk0.6,outside_in,baseline,12460,115,1296,657,0,32.31111111111111,100,1.5,0.6
exp5_stow1.5_walk0.6,steffen,baseline,12460,115,761,540,0,11.25,57,1.5,0.6
exp5_stow1.5_walk0.6,random,baseline,12461,116,1350,609,70,32.861111111111114,103,1.5,0.6
exp5_stow1.5_walk0.6,back_to_front,baseline,12461,116,1868,1285,71,100.42222222222222,248,1.5,0.6
exp5_stow1.5_walk0.6,outside_in,baseline,12461,116,1272,546,0,28.933333333333334,91,1.5,0.6
exp5_stow1.5_walk0.6,steffen,baseline,12461,116,725,433,0,9.877777777777778,40,1.5,0.6
exp5_stow1.5_walk0.6,random,baseline,12462,117,1502,724,89,43.3,149,1.5,0.6
exp5_stow1.5_walk0.6,back_to_front,baseline,12462,117,2032,1337,105,113.02777777777777,270,1.5,0.6
exp5_stow1.5_walk0.6,outside_in,baseline,12462,117,1329,710,0,33.388888888888886,102,1.5,0.6
exp5_stow1.5_walk0.6,steffen,baseline,12462,117,737,552,0,10.327777777777778,44,1.5,0.6
exp5_stow1.5_walk0.6,random,baseline,12463,118,1448,548,85,39.21111111111111,109,1.5,0.6
exp5_stow1.5_walk0.6,back_to_front,baseline,12463,118,2002,1231,94,112.55555555555556,287,1.5,0.6
exp5_stow1.5_walk0.6,outside_in,baseline,12463,118,1299,547,0,31.0,93,1.5,0.6
exp5_stow1.5_walk0.6,steffen,baseline,12463,118,775,274,0,10.3,42,1.5,0.6
exp5_stow1.5_walk0.6,random,baseline,12464,119,1491,690,89,44.327777777777776,176,1.5,0.6
exp5_stow1.5_walk0.6,back_to_front,baseline,12464,119,2224,1248,101,120.71111111111111,271,1.5,0.6
exp5_stow1.5_walk0.6,outside_in,baseline,12464,119,1238,642,0,30.733333333333334,99,1.5,0.6
exp5_stow1.5_walk0.6,steffen,baseline,12464,119,779,378,0,9.844444444444445,36,1.5,0.6
exp5_stow1.5_walk0.6,random,baseline,12465,120,1452,641,94,40.25555555555555,129,1.5,0.6
exp5_stow1.5_walk0.6,back_to_front,baseline,12465,120,1906,1277,87,98.57777777777778,308,1.5,0.6
exp5_stow1.5_walk0.6,outside_in,baseline,12465,120,1365,596,0,27.6,114,1.5,0.6
exp5_stow1.5_walk0.6,steffen,baseline,12465,120,774,484,0,10.466666666666667,85,1.5,0.6
exp5_stow1.5_walk0.6,random,baseline,12466,121,1445,647,70,39.15,140,1.5,0.6
exp5_stow1.5_walk0.6,back_to_front,baseline,12466,121,1884,1227,96,107.76666666666667,265,1.5,0.6
exp5_stow1.5_walk0.6,outside_in,baseline,12466,121,1346,609,0,35.09444444444444,119,1.5,0.6
exp5_stow1.5_walk0.6,steffen,baseline,12466,121,733,404,0,10.05,76,1.5,0.6
exp5_stow1.5_walk0.6,random,baseline,12467,122,1572,661,98,45.516666666666666,144,1.5,0.6
exp5_stow1.5_walk0.6,back_to_front,baseline,12467,122,2054,1225,85,113.98333333333333,301,1.5,0.6
exp5_stow1.5_walk0.6,outside_in,baseline,12467,122,1290,607,0,32.28333333333333,106,1.5,0.6
exp5_stow1.5_walk0.6,steffen,baseline,12467,122,758,389,0,9.866666666666667,51,1.5,0.6
exp5_stow1.5_walk0.6,random,baseline,12468,123,1547,674,98,37.36666666666667,119,1.5,0.6
exp5_stow1.5_walk0.6,back_to_front,baseline,12468,123,1928,1175,86,104.05555555555556,322,1.5,0.6
exp5_stow1.5_walk0.6,outside_in,baseline,12468,123,1309,583,0,29.622222222222224,105,1.5,0.6
exp5_stow1.5_walk0.6,steffen,baseline,12468,123,778,456,0,10.816666666666666,58,1.5,0.6
exp5_stow1.5_walk0.6,random,baseline,12469,124,1590,734,98,44.37222222222222,153,1.5,0.6
exp5_stow1.5_walk0.6,back_to_front,baseline,12469,124,2034,1349,83,122.25555555555556,302,1.5,0.6
exp5_stow1.5_walk0.6,outside_in,baseline,12469,124,1353,659,0,35.2,137,1.5,0.6
exp5_stow1.5_walk0.6,steffen,baseline,12469,124,761,472,0,9.827777777777778,58,1.5,0.6
exp5_stow1.5_walk0.6,random,baseline,12470,125,1377,699,86,40.522222222222226,145,1.5,0.6
exp5_stow1.5_walk0.6,back_to_front,baseline,12470,125,1950,1248,78,104.62222222222222,287,1.5,0.6
exp5_stow1.5_walk0.6,outside_in,baseline,12470,125,1200,631,0,27.6,87,1.5,0.6
exp5_stow1.5_walk0.6,steffen,baseline,12470,125,754,436,0,10.066666666666666,51,1.5,0.6
exp5_stow1.5_walk0.6,random,baseline,12471,126,1724,621,87,47.93333333333333,145,1.5,0.6
exp5_stow1.5_walk0.6,back_to_front,baseline,12471,126,1972,1196,98,105.07777777777778,260,1.5,0.6
exp5_stow1.5_walk0.6,outside_in,baseline,12471,126,1389,549,0,32.81666666666667,111,1.5,0.6
exp5_stow1.5_walk0.6,steffen,baseline,12471,126,809,332,0,10.966666666666667,54,1.5,0.6
exp5_stow1.5_walk0.6,random,baseline,12472,127,1550,639,87,39.111111111111114,137,1.5,0.6
exp5_stow1.5_walk0.6,back_to_front,baseline,12472,127,2063,1175,100,112.6,304,1.5,0.6
exp5_stow1.5_walk0.6,outside_in,baseline,12472,127,1420,615,0,35.46666666666667,94,1.5,0.6
exp5_stow1.5_walk0.6,steffen,baseline,12472,127,799,467,0,10.683333333333334,50,1.5,0.6
exp5_stow1.5_walk0.6,random,baseline,12473,128,1535,755,89,51.111111111111114,156,1.5,0.6
exp5_stow1.5_walk0.6,back_to_front,baseline,12473,128,2137,1353,89,122.46666666666667,327,1.5,0.6
exp5_stow1.5_walk0.6,outside_in,baseline,12473,128,1389,693,0,34.3,125,1.5,0.6
exp5_stow1.5_walk0.6,steffen,baseline,12473,128,757,547,0,11.05,65,1.5,0.6
exp5_stow1.5_walk0.6,random,baseline,12474,129,1372,691,82,38.41111111111111,145,1.5,0.6
exp5_stow1.5_walk0.6,back_to_front,baseline,12474,129,1848,1234,89,102.92222222222222,235,1.5,0.6
exp5_stow1.5_walk0.6,outside_in,baseline,12474,129,1268,723,0,35.666666666666664,108,1.5,0.6
exp5_stow1.5_walk0.6,steffen,baseline,12474,129,715,492,0,10.63888888888889,54,1.5,0.6
exp5_stow1.5_walk0.6,random,baseline,12475,130,1605,649,98,47.16111111111111,170,1.5,0.6
exp5_stow1.5_walk0.6,back_to_front,baseline,12475,130,2012,1270,94,113.9,276,1.5,0.6
exp5_stow1.5_walk0.6,outside_in,baseline,12475,130,1343,626,0,37.24444444444445,118,1.5,0.6
exp5_stow1.5_walk0.6,steffen,baseline,12475,130,763,389,0,10.222222222222221,57,1.5,0.6
exp5_stow1.5_walk0.6,random,baseline,12476,131,1670,636,84,47.71111111111111,192,1.5,0.6
exp5_stow1.5_walk0.6,back_to_front,baseline,12476,131,2097,1288,102,113.34444444444445,284,1.5,0.6
exp5_stow1.5_walk0.6,outside_in,baseline,12476,131,1430,617,0,38.31111111111111,125,1.5,0.6
exp5_stow1.5_walk0.6,steffen,baseline,12476,131,766,412,0,9.86111111111111,48,1.5,0.6
exp5_stow1.5_walk0.6,random,baseline,12477,132,1569,702,96,45.522222222222226,131,1.5,0.6
exp5_stow1.5_walk0.6,back_to_front,baseline,12477,132,1942,1343,92,110.1,276,1.5,0.6
exp5_stow1.5_walk0.6,outside_in,baseline,12477,132,1389,749,0,41.61666666666667,155,1.5,0.6
exp5_stow1.5_walk0.6,steffen,baseline,12477,132,752,493,0,10.116666666666667,48,1.5,0.6
exp5_stow1.5_walk0.6,random,baseline,12478,133,1411,629,88,38.31111111111111,149,1.5,0.6
exp5_stow1.5_walk0.6,back_to_front,baseline,12478,133,1917,1301,87,112.11111111111111,313,1.5,0.6
exp5_stow1.5_walk0.6,outside_in,baseline,12478,133,1299,582,0,33.03888888888889,117,1.5,0.6
exp5_stow1.5_walk0.6,steffen,baseline,12478,133,766,378,0,9.505555555555556,52,1.5,0.6
exp5_stow1.5_walk0.6,random,baseline,12479,134,1524,629,86,37.977777777777774,140,1.5,0.6
exp5_stow1.5_walk0.6,back_to_front,baseline,12479,134,1881,1207,91,93.95,244,1.5,0.6
exp5_stow1.5_walk0.6,outside_in,baseline,12479,134,1377,580,0,33.18333333333333,89,1.5,0.6
exp5_stow1.5_walk0.6,steffen,baseline,12479,134,797,425,0,10.972222222222221,48,1.5,0.6
exp5_stow1.5_walk0.6,random,baseline,12480,135,1535,713,82,46.41111111111111,159,1.5,0.6
exp5_stow1.5_walk0.6,back_to_front,baseline,12480,135,1972,1315,94,111.75555555555556,286,1.5,0.6
exp5_stow1.5_walk0.6,outside_in,baseline,12480,135,1283,611,0,31.45,147,1.5,0.6
exp5_stow1.5_walk0.6,steffen,baseline,12480,135,737,433,0,9.283333333333333,58,1.5,0.6
exp5_stow1.5_walk0.6,random,baseline,12481,136,1622,731,87,53.94444444444444,160,1.5,0.6
exp5_stow1.5_walk0.6,back_to_front,baseline,12481,136,2204,1395,86,122.09444444444445,307,1.5,0.6
exp5_stow1.5_walk0.6,outside_in,baseline,12481,136,1388,673,0,34.56666666666667,101,1.5,0.6
exp5_stow1.5_walk0.6,steffen,baseline,12481,136,792,466,0,10.716666666666667,48,1.5,0.6
exp5_stow1.5_walk0.6,random,baseline,12482,137,1487,589,95,35.78888888888889,115,1.5,0.6
exp5_stow1.5_walk0.6,back_to_front,baseline,12482,137,2100,1399,94,120.38888888888889,358,1.5,0.6
exp5_stow1.5_walk0.6,outside_in,baseline,12482,137,1323,625,0,31.583333333333332,126,1.5,0.6
exp5_stow1.5_walk0.6,steffen,baseline,12482,137,755,512,0,10.63888888888889,58,1.5,0.6
exp5_stow1.5_walk0.6,random,baseline,12483,138,1579,705,103,47.15555555555556,156,1.5,0.6
exp5_stow1.5_walk0.6,back_to_front,baseline,12483,138,1939,1278,87,100.43888888888888,263,1.5,0.6
exp5_stow1.5_walk0.6,outside_in,baseline,12483,138,1384,545,0,31.916666666666668,95,1.5,0.6
exp5_stow1.5_walk0.6,steffen,baseline,12483,138,744,369,0,9.483333333333333,46,1.5,0.6
exp5_stow1.5_walk0.6,random,baseline,12484,139,1495,553,88,33.71666666666667,115,1.5,0.6
exp5_stow1.5_walk0.6,back_to_front,baseline,12484,139,1909,1061,99,101.62777777777778,306,1.5,0.6
exp5_stow1.5_walk0.6,outside_in,baseline,12484,139,1435,594,0,34.111111111111114,110,1.5,0.6
exp5_stow1.5_walk0.6,steffen,baseline,12484,139,753,387,0,10.394444444444444,57,1.5,0.6
exp5_stow1.5_walk0.6,random,baseline,12485,140,1450,665,85,41.888888888888886,124,1.5,0.6
exp5_stow1.5_walk0.6,back_to_front,baseline,12485,140,1856,1266,89,104.57777777777778,314,1.5,0.6
exp5_stow1.5_walk0.6,outside_in,baseline,12485,140,1318,646,0,33.71111111111111,111,1.5,0.6
exp5_stow1.5_walk0.6,steffen,baseline,12485,140,731,383,0,10.03888888888889,59,1.5,0.6
exp5_stow1.5_walk0.6,random,baseline,12486,141,1500,700,98,42.42777777777778,126,1.5,0.6
exp5_stow1.5_walk0.6,back_to_front,baseline,12486,141,2061,1302,91,109.05555555555556,300,1.5,0.6
exp5_stow1.5_walk0.6,outside_in,baseline,12486,141,1367,665,0,37.81111111111111,124,1.5,0.6
exp5_stow1.5_walk0.6,steffen,baseline,12486,141,748,447,0,10.666666666666666,38,1.5,0.6
exp5_stow1.5_walk0.6,random,baseline,12487,142,1529,599,80,36.62222222222222,157,1.5,0.6
exp5_stow1.5_walk0.6,back_to_front,baseline,12487,142,1899,1219,95,94.46111111111111,227,1.5,0.6
exp5_stow1.5_walk0.6,outside_in,baseline,12487,142,1308,642,0,28.988888888888887,95,1.5,0.6
exp5_stow1.5_walk0.6,steffen,baseline,12487,142,785,436,0,9.377777777777778,49,1.5,0.6
exp5_stow1.5_walk0.6,random,baseline,12488,143,1469,689,84,43.05555555555556,172,1.5,0.6
exp5_stow1.5_walk0.6,back_to_front,baseline,12488,143,2121,1347,95,119.73333333333333,295,1.5,0.6
exp5_stow1.5_walk0.6,outside_in,baseline,12488,143,1381,716,0,38.81666666666667,126,1.5,0.6
exp5_stow1.5_walk0.6,steffen,baseline,12488,143,754,442,0,10.116666666666667,71,1.5,0.6
exp5_stow1.5_walk0.6,random,baseline,12489,144,1479,692,82,46.55555555555556,168,1.5,0.6
exp5_stow1.5_walk0.6,back_to_front,baseline,12489,144,2051,1345,86,121.34444444444445,343,1.5,0.6
exp5_stow1.5_walk0.6,outside_in,baseline,12489,144,1201,620,0,30.4,93,1.5,0.6
exp5_stow1.5_walk0.6,steffen,baseline,12489,144,769,344,0,9.672222222222222,51,1.5,0.6
exp5_stow1.5_walk0.6,random,baseline,12490,145,1409,693,84,41.888888888888886,111,1.5,0.6
exp5_stow1.5_walk0.6,back_to_front,baseline,12490,145,2068,1306,91,117.59444444444445,246,1.5,0.6
exp5_stow1.5_walk0.6,outside_in,baseline,12490,145,1336,731,0,39.888888888888886,108,1.5,0.6
exp5_stow1.5_walk0.6,steffen,baseline,12490,145,745,438,0,10.03888888888889,52,1.5,0.6
exp5_stow1.5_walk0.6,random,baseline,12491,146,1655,605,88,43.24444444444445,138,1.5,0.6
exp5_stow1.5_walk0.6,back_to_front,baseline,12491,146,1963,1217,92,99.87222222222222,223,1.5,0.6
exp5_stow1.5_walk0.6,outside_in,baseline,12491,146,1310,584,0,28.25,79,1.5,0.6
exp5_stow1.5_walk0.6,steffen,baseline,12491,146,790,349,0,10.616666666666667,43,1.5,0.6
exp5_stow1.5_walk0.6,random,baseline,12492,147,1450,764,94,43.894444444444446,130,1.5,0.6
exp5_stow1.5_walk0.6,back_to_front,baseline,12492,147,1907,1344,89,107.22222222222223,268,1.5,0.6
exp5_stow1.5_walk0.6,outside_in,baseline,12492,147,1275,721,0,35.31111111111111,155,1.5,0.6
exp5_stow1.5_walk0.6,steffen,baseline,12492,147,767,631,0,11.972222222222221,74,1.5,0.6
exp5_stow1.5_walk0.6,random,baseline,12493,148,1494,679,97,45.42777777777778,131,1.5,0.6
exp5_stow1.5_walk0.6,back_to_front,baseline,12493,148,1960,1170,93,101.30555555555556,278,1.5,0.6
exp5_stow1.5_walk0.6,outside_in,baseline,12493,148,1306,657,0,35.15555555555556,112,1.5,0.6
exp5_stow1.5_walk0.6,steffen,baseline,12493,148,749,373,0,9.105555555555556,53,1.5,0.6
exp5_stow1.5_walk0.6,random,baseline,12494,149,1480,655,98,40.71111111111111,137,1.5,0.6
exp5_stow1.5_walk0.6,back_to_front,baseline,12494,149,1938,1335,83,112.84444444444445,328,1.5,0.6
exp5_stow1.5_walk0.6,outside_in,baseline,12494,149,1266,669,0,32.26111111111111,95,1.5,0.6
exp5_stow1.5_walk0.6,steffen,baseline,12494,149,765,427,0,9.605555555555556,47,1.5,0.6
exp5_stow1.5_walk0.6,random,baseline,12495,150,1523,625,105,40.861111111111114,108,1.5,0.6
exp5_stow1.5_walk0.6,back_to_front,baseline,12495,150,2081,1140,88,116.03888888888889,277,1.5,0.6
exp5_stow1.5_walk0.6,outside_in,baseline,12495,150,1376,642,0,38.48888888888889,112,1.5,0.6
exp5_stow1.5_walk0.6,steffen,baseline,12495,150,722,411,0,9.294444444444444,48,1.5,0.6
exp5_stow1.5_walk0.6,random,baseline,12496,151,1491,704,96,42.86666666666667,121,1.5,0.6
exp5_stow1.5_walk0.6,back_to_front,baseline,12496,151,1916,1299,90,110.78333333333333,262,1.5,0.6
exp5_stow1.5_walk0.6,outside_in,baseline,12496,151,1265,681,0,33.544444444444444,99,1.5,0.6
exp5_stow1.5_walk0.6,steffen,baseline,12496,151,736,466,0,10.261111111111111,50,1.5,0.6
exp5_stow1.5_walk0.6,random,baseline,12497,152,1493,620,89,34.61666666666667,122,1.5,0.6
exp5_stow1.5_walk0.6,back_to_front,baseline,12497,152,1971,1176,93,99.37222222222222,252,1.5,0.6
exp5_stow1.5_walk0.6,outside_in,baseline,12497,152,1356,619,0,29.88888888888889,82,1.5,0.6
exp5_stow1.5_walk0.6,steffen,baseline,12497,152,778,442,0,10.416666666666666,49,1.5,0.6
exp5_stow1.5_walk0.6,random,baseline,12498,153,1468,585,96,37.977777777777774,133,1.5,0.6
exp5_stow1.5_walk0.6,back_to_front,baseline,12498,153,1868,1228,88,104.7,308,1.5,0.6
exp5_stow1.5_walk0.6,outside_in,baseline,12498,153,1301,651,0,37.84444444444444,162,1.5,0.6
exp5_stow1.5_walk0.6,steffen,baseline,12498,153,714,407,0,10.372222222222222,58,1.5,0.6
exp5_stow1.5_walk0.6,random,baseline,12499,154,1549,703,91,40.111111111111114,148,1.5,0.6
exp5_stow1.5_walk0.6,back_to_front,baseline,12499,154,1994,1275,86,107.92222222222222,243,1.5,0.6
exp5_stow1.5_walk0.6,outside_in,baseline,12499,154,1340,653,0,33.62777777777778,97,1.5,0.6
exp5_stow1.5_walk0.6,steffen,baseline,12499,154,788,524,0,11.78888888888889,71,1.5,0.6
exp5_stow1.5_walk0.6,random,baseline,12500,155,1488,640,91,41.12777777777778,111,1.5,0.6
exp5_stow1.5_walk0.6,back_to_front,baseline,12500,155,1942,1120,87,103.18333333333334,261,1.5,0.6
exp5_stow1.5_walk0.6,outside_in,baseline,12500,155,1248,577,0,29.916666666666668,88,1.5,0.6
exp5_stow1.5_walk0.6,steffen,baseline,12500,155,771,364,0,10.53888888888889,60,1.5,0.6
exp5_stow1.5_walk0.6,random,baseline,12501,156,1534,625,82,40.31666666666667,148,1.5,0.6
exp5_stow1.5_walk0.6,back_to_front,baseline,12501,156,2310,1350,89,146.04444444444445,355,1.5,0.6
exp5_stow1.5_walk0.6,outside_in,baseline,12501,156,1347,695,0,44.016666666666666,117,1.5,0.6
exp5_stow1.5_walk0.6,steffen,baseline,12501,156,739,313,0,10.222222222222221,43,1.5,0.6
exp5_stow1.5_walk0.6,random,baseline,12502,157,1472,564,101,37.361111111111114,148,1.5,0.6
exp5_stow1.5_walk0.6,back_to_front,baseline,12502,157,1984,1190,87,109.37222222222222,328,1.5,0.6
exp5_stow1.5_walk0.6,outside_in,baseline,12502,157,1261,544,0,32.50555555555555,100,1.5,0.6
exp5_stow1.5_walk0.6,steffen,baseline,12502,157,733,284,0,8.844444444444445,42,1.5,0.6
exp5_stow1.5_walk0.6,random,baseline,12503,158,1549,645,98,39.83888888888889,132,1.5,0.6
exp5_stow1.5_walk0.6,back_to_front,baseline,12503,158,1991,1289,84,105.85555555555555,273,1.5,0.6
exp5_stow1.5_walk0.6,outside_in,baseline,12503,158,1400,619,0,35.35,125,1.5,0.6
exp5_stow1.5_walk0.6,steffen,baseline,12503,158,803,352,0,9.794444444444444,39,1.5,0.6
exp5_stow1.5_walk0.6,random,baseline,12504,159,1554,598,72,40.50555555555555,146,1.5,0.6
exp5_stow1.5_walk0.6,back_to_front,baseline,12504,159,2160,1291,113,128.98888888888888,375,1.5,0.6
exp5_stow1.5_walk0.6,outside_in,baseline,12504,159,1376,582,0,34.96666666666667,114,1.5,0.6
exp5_stow1.5_walk0.6,steffen,baseline,12504,159,753,347,0,10.255555555555556,65,1.5,0.6
exp5_stow1.5_walk0.6,random,baseline,12505,160,1521,667,89,39.833333333333336,112,1.5,0.6
exp5_stow1.5_walk0.6,back_to_front,baseline,12505,160,2111,1319,105,113.7611111111111,239,1.5,0.6
exp5_stow1.5_walk0.6,outside_in,baseline,12505,160,1348,562,0,28.488888888888887,103,1.5,0.6
exp5_stow1.5_walk0.6,steffen,baseline,12505,160,771,408,0,10.316666666666666,38,1.5,0.6
exp5_stow1.5_walk0.6,random,baseline,12506,161,1518,687,90,38.766666666666666,128,1.5,0.6
exp5_stow1.5_walk0.6,back_to_front,baseline,12506,161,2044,1297,98,118.79444444444445,310,1.5,0.6
exp5_stow1.5_walk0.6,outside_in,baseline,12506,161,1299,715,0,34.044444444444444,112,1.5,0.6
exp5_stow1.5_walk0.6,steffen,baseline,12506,161,762,449,0,9.922222222222222,53,1.5,0.6
exp5_stow1.5_walk0.6,random,baseline,12507,162,1507,613,95,37.88333333333333,128,1.5,0.6
exp5_stow1.5_walk0.6,back_to_front,baseline,12507,162,1971,1232,93,103.27222222222223,243,1.5,0.6
exp5_stow1.5_walk0.6,outside_in,baseline,12507,162,1445,573,0,31.77777777777778,87,1.5,0.6
exp5_stow1.5_walk0.6,steffen,baseline,12507,162,769,393,0,10.03888888888889,50,1.5,0.6
exp5_stow1.5_walk0.6,random,baseline,12508,163,1414,647,80,36.5,127,1.5,0.6
exp5_stow1.5_walk0.6,back_to_front,baseline,12508,163,2043,1399,86,122.21666666666667,292,1.5,0.6
exp5_stow1.5_walk0.6,outside_in,baseline,12508,163,1289,628,0,30.11111111111111,105,1.5,0.6
exp5_stow1.5_walk0.6,steffen,baseline,12508,163,720,449,0,9.15,66,1.5,0.6
exp5_stow1.5_walk0.6,random,baseline,12509,164,1516,741,81,43.96111111111111,138,1.5,0.6
exp5_stow1.5_walk0.6,back_to_front,baseline,12509,164,1937,1366,90,112.45,263,1.5,0.6
exp5_stow1.5_walk0.6,outside_in,baseline,12509,164,1257,774,0,38.733333333333334,107,1.5,0.6
exp5_stow1.5_walk0.6,steffen,baseline,12509,164,762,407,0,9.761111111111111,53,1.5,0.6
exp5_stow1.5_walk0.6,random,baseline,12510,165,1532,651,97,38.38333333333333,156,1.5,0.6
exp5_stow1.5_walk0.6,back_to_front,baseline,12510,165,2219,1288,86,122.22222222222223,299,1.5,0.6
exp5_stow1.5_walk0.6,outside_in,baseline,12510,165,1362,636,0,36.02777777777778,125,1.5,0.6
exp5_stow1.5_walk0.6,steffen,baseline,12510,165,810,495,0,11.36111111111111,51,1.5,0.6
exp5_stow1.5_walk0.6,random,baseline,12511,166,1615,642,97,45.827777777777776,144,1.5,0.6
exp5_stow1.5_walk0.6,back_to_front,baseline,12511,166,1941,1201,85,98.91111111111111,226,1.5,0.6
exp5_stow1.5_walk0.6,outside_in,baseline,12511,166,1380,676,0,38.76111111111111,145,1.5,0.6
exp5_stow1.5_walk0.6,steffen,baseline,12511,166,773,399,0,10.516666666666667,65,1.5,0.6
exp5_stow1.5_walk0.6,random,baseline,12512,167,1488,636,102,36.24444444444445,132,1.5,0.6
exp5_stow1.5_walk0.6,back_to_front,baseline,12512,167,2084,1218,93,111.43333333333334,242,1.5,0.6
exp5_stow1.5_walk0.6,outside_in,baseline,12512,167,1423,585,0,32.46666666666667,115,1.5,0.6
exp5_stow1.5_walk0.6,steffen,baseline,12512,167,785,383,0,9.555555555555555,50,1.5,0.6
exp5_stow1.5_walk0.6,random,baseline,12513,168,1497,531,89,32.611111111111114,132,1.5,0.6
exp5_stow1.5_walk0.6,back_to_front,baseline,12513,168,1909,1175,84,104.86666666666666,304,1.5,0.6
exp5_stow1.5_walk0.6,outside_in,baseline,12513,168,1234,596,0,33.68333333333333,111,1.5,0.6
exp5_stow1.5_walk0.6,steffen,baseline,12513,168,773,377,0,10.222222222222221,81,1.5,0.6
exp5_stow1.5_walk0.6,random,baseline,12514,169,1631,607,84,44.144444444444446,182,1.5,0.6
exp5_stow1.5_walk0.6,back_to_front,baseline,12514,169,1999,1075,98,107.48333333333333,320,1.5,0.6
exp5_stow1.5_walk0.6,outside_in,baseline,12514,169,1355,601,0,37.81111111111111,135,1.5,0.6
exp5_stow1.5_walk0.6,steffen,baseline,12514,169,796,245,0,9.394444444444444,93,1.5,0.6
exp5_stow1.5_walk0.6,random,baseline,12515,170,1344,667,93,38.977777777777774,141,1.5,0.6
exp5_stow1.5_walk0.6,back_to_front,baseline,12515,170,1957,1320,83,114.85555555555555,298,1.5,0.6
exp5_stow1.5_walk0.6,outside_in,baseline,12515,170,1213,689,0,33.455555555555556,106,1.5,0.6
exp5_stow1.5_walk0.6,steffen,baseline,12515,170,720,462,0,9.744444444444444,51,1.5,0.6
exp5_stow1.5_walk0.6,random,baseline,12516,171,1373,656,77,35.31111111111111,116,1.5,0.6
exp5_stow1.5_walk0.6,back_to_front,baseline,12516,171,1956,1298,92,111.64444444444445,296,1.5,0.6
exp5_stow1.5_walk0.6,outside_in,baseline,12516,171,1147,575,0,25.844444444444445,90,1.5,0.6
exp5_stow1.5_walk0.6,steffen,baseline,12516,171,747,383,0,8.794444444444444,48,1.5,0.6
exp5_stow1.5_walk0.6,random,baseline,12517,172,1546,608,98,39.272222222222226,148,1.5,0.6
exp5_stow1.5_walk0.6,back_to_front,baseline,12517,172,1972,1264,72,105.31666666666666,254,1.5,0.6
exp5_stow1.5_walk0.6,outside_in,baseline,12517,172,1286,544,0,27.494444444444444,94,1.5,0.6
exp5_stow1.5_walk0.6,steffen,baseline,12517,172,757,378,0,8.811111111111112,44,1.5,0.6
exp5_stow1.5_walk0.6,random,baseline,12518,173,1602,687,85,45.67777777777778,156,1.5,0.6
exp5_stow1.5_walk0.6,back_to_front,baseline,12518,173,1949,1257,72,106.24444444444444,249,1.5,0.6
exp5_stow1.5_walk0.6,outside_in,baseline,12518,173,1345,643,0,38.5,110,1.5,0.6
exp5_stow1.5_walk0.6,steffen,baseline,12518,173,750,460,0,10.472222222222221,56,1.5,0.6
exp5_stow1.5_walk0.6,random,baseline,12519,174,1501,636,84,38.37777777777778,121,1.5,0.6
exp5_stow1.5_walk0.6,back_to_front,baseline,12519,174,2087,1371,107,122.01666666666667,295,1.5,0.6
exp5_stow1.5_walk0.6,outside_in,baseline,12519,174,1313,713,0,36.93333333333333,102,1.5,0.6
exp5_stow1.5_walk0.6,steffen,baseline,12519,174,760,466,0,10.244444444444444,60,1.5,0.6
exp5_stow1.5_walk0.6,random,baseline,12520,175,1387,648,78,38.68333333333333,117,1.5,0.6
exp5_stow1.5_walk0.6,back_to_front,baseline,12520,175,2036,1250,90,114.77777777777777,324,1.5,0.6
exp5_stow1.5_walk0.6,outside_in,baseline,12520,175,1221,699,0,34.72222222222222,116,1.5,0.6
exp5_stow1.5_walk0.6,steffen,baseline,12520,175,754,360,0,8.666666666666666,51,1.5,0.6
exp5_stow1.5_walk0.6,random,baseline,12521,176,1598,607,89,41.388888888888886,144,1.5,0.6
exp5_stow1.5_walk0.6,back_to_front,baseline,12521,176,2182,1305,99,122.17777777777778,334,1.5,0.6
exp5_stow1.5_walk0.6,outside_in,baseline,12521,176,1479,585,0,32.361111111111114,105,1.5,0.6
exp5_stow1.5_walk0.6,steffen,baseline,12521,176,811,319,0,10.588888888888889,48,1.5,0.6
exp5_stow1.5_walk0.6,random,baseline,12522,177,1508,652,93,39.016666666666666,120,1.5,0.6
exp5_stow1.5_walk0.6,back_to_front,baseline,12522,177,1820,1201,80,94.00555555555556,194,1.5,0.6
exp5_stow1.5_walk0.6,outside_in,baseline,12522,177,1342,603,0,33.32222222222222,126,1.5,0.6
exp5_stow1.5_walk0.6,steffen,baseline,12522,177,736,426,0,9.227777777777778,58,1.5,0.6
exp5_stow1.5_walk0.6,random,baseline,12523,178,1609,635,92,43.96666666666667,128,1.5,0.6
exp5_stow1.5_walk0.6,back_to_front,baseline,12523,178,1921,1223,91,101.96111111111111,251,1.5,0.6
exp5_stow1.5_walk0.6,outside_in,baseline,12523,178,1335,615,0,37.48888888888889,117,1.5,0.6
exp5_stow1.5_walk0.6,steffen,baseline,12523,178,765,352,0,9.327777777777778,46,1.5,0.6
exp5_stow1.5_walk0.6,random,baseline,12524,179,1513,597,83,42.44444444444444,133,1.5,0.6
exp5_stow1.5_walk0.6,back_to_front,baseline,12524,179,2148,1268,85,113.02777777777777,256,1.5,0.6
exp5_stow1.5_walk0.6,outside_in,baseline,12524,179,1233,581,0,32.583333333333336,107,1.5,0.6
exp5_stow1.5_walk0.6,steffen,baseline,12524,179,769,327,0,10.055555555555555,47,1.5,0.6
exp5_stow1.5_walk0.6,random,baseline,12525,180,1552,710,100,41.34444444444444,124,1.5,0.6
exp5_stow1.5_walk0.6,back_to_front,baseline,12525,180,1910,1294,80,108.79444444444445,321,1.5,0.6
exp5_stow1.5_walk0.6,outside_in,baseline,12525,180,1262,659,0,29.444444444444443,129,1.5,0.6
exp5_stow1.5_walk0.6,steffen,baseline,12525,180,787,499,0,9.566666666666666,42,1.5,0.6
exp5_stow1.5_walk0.6,random,baseline,12526,181,1416,710,88,39.6,118,1.5,0.6
exp5_stow1.5_walk0.6,back_to_front,baseline,12526,181,1980,1375,87,107.71111111111111,300,1.5,0.6
exp5_stow1.5_walk0.6,outside_in,baseline,12526,181,1287,591,0,29.488888888888887,94,1.5,0.6
exp5_stow1.5_walk0.6,steffen,baseline,12526,181,773,485,0,10.7,65,1.5,0.6
exp5_stow1.5_walk0.6,random,baseline,12527,182,1470,613,104,37.52777777777778,129,1.5,0.6
exp5_stow1.5_walk0.6,back_to_front,baseline,12527,182,1986,1229,84,120.16666666666667,316,1.5,0.6
exp5_stow1.5_walk0.6,outside_in,baseline,12527,182,1228,683,0,37.25,109,1.5,0.6
exp5_stow1.5_walk0.6,steffen,baseline,12527,182,731,427,0,9.616666666666667,42,1.5,0.6
exp5_stow1.5_walk0.6,random,baseline,12528,183,1544,661,89,42.93888888888889,97,1.5,0.6
exp5_stow1.5_walk0.6,back_to_front,baseline,12528,183,2111,1348,95,123.65,338,1.5,0.6
exp5_stow1.5_walk0.6,outside_in,baseline,12528,183,1440,661,0,36.4,133,1.5,0.6
exp5_stow1.5_walk0.6,steffen,baseline,12528,183,750,465,0,10.877777777777778,87,1.5,0.6
exp5_stow1.5_walk0.6,random,baseline,12529,184,1510,694,86,45.57222222222222,152,1.5,0.6
exp5_stow1.5_walk0.6,back_to_front,baseline,12529,184,2128,1309,106,117.46666666666667,266,1.5,0.6
exp5_stow1.5_walk0.6,outside_in,baseline,12529,184,1382,597,0,31.961111111111112,120,1.5,0.6
exp5_stow1.5_walk0.6,steffen,baseline,12529,184,770,348,0,9.63888888888889,46,1.5,0.6
exp5_stow1.5_walk0.6,random,baseline,12530,185,1450,680,92,39.705555555555556,132,1.5,0.6
exp5_stow1.5_walk0.6,back_to_front,baseline,12530,185,1912,1260,74,99.92222222222222,251,1.5,0.6
exp5_stow1.5_walk0.6,outside_in,baseline,12530,185,1304,614,0,30.07777777777778,101,1.5,0.6
exp5_stow1.5_walk0.6,steffen,baseline,12530,185,802,399,0,10.03888888888889,47,1.5,0.6
exp5_stow1.5_walk0.6,random,baseline,12531,186,1502,524,89,31.933333333333334,103,1.5,0.6
exp5_stow1.5_walk0.6,back_to_front,baseline,12531,186,2105,1321,92,112.47777777777777,329,1.5,0.6
exp5_stow1.5_walk0.6,outside_in,baseline,12531,186,1339,652,0,37.022222222222226,94,1.5,0.6
exp5_stow1.5_walk0.6,steffen,baseline,12531,186,767,430,0,10.13888888888889,59,1.5,0.6
exp5_stow1.5_walk0.6,random,baseline,12532,187,1607,721,104,42.68888888888889,137,1.5,0.6
exp5_stow1.5_walk0.6,back_to_front,baseline,12532,187,1959,1189,87,103.21111111111111,289,1.5,0.6
exp5_stow1.5_walk0.6,outside_in,baseline,12532,187,1225,632,0,26.044444444444444,85,1.5,0.6
exp5_stow1.5_walk0.6,steffen,baseline,12532,187,758,495,0,10.355555555555556,41,1.5,0.6
exp5_stow1.5_walk0.6,random,baseline,12533,188,1621,753,89,48.827777777777776,153,1.5,0.6
exp5_stow1.5_walk0.6,back_to_front,baseline,12533,188,2178,1279,96,122.63888888888889,277,1.5,0.6
exp5_stow1.5_walk0.6,outside_in,baseline,12533,188,1339,678,0,34.8,112,1.5,0.6
exp5_stow1.5_walk0.6,steffen,baseline,12533,188,839,504,0,11.222222222222221,65,1.5,0.6
exp5_stow1.5_walk0.6,random,baseline,12534,189,1541,734,87,40.36666666666667,119,1.5,0.6
exp5_stow1.5_walk0.6,back_to_front,baseline,12534,189,1927,1306,88,107.99444444444444,279,1.5,0.6
exp5_stow1.5_walk0.6,outside_in,baseline,12534,189,1279,662,0,34.172222222222224,102,1.5,0.6
exp5_stow1.5_walk0.6,steffen,baseline,12534,189,737,427,0,10.422222222222222,53,1.5,0.6
exp5_stow1.5_walk0.6,random,baseline,12535,190,1459,626,89,31.977777777777778,103,1.5,0.6
exp5_stow1.5_walk0.6,back_to_front,baseline,12535,190,2091,1369,94,112.37777777777778,287,1.5,0.6
exp5_stow1.5_walk0.6,outside_in,baseline,12535,190,1206,609,0,26.033333333333335,110,1.5,0.6
exp5_stow1.5_walk0.6,steffen,baseline,12535,190,754,406,0,9.272222222222222,48,1.5,0.6
exp5_stow1.5_walk0.6,random,baseline,12536,191,1561,633,91,40.41111111111111,153,1.5,0.6
exp5_stow1.5_walk0.6,back_to_front,baseline,12536,191,2142,1251,84,113.93888888888888,289,1.5,0.6
exp5_stow1.5_walk0.6,outside_in,baseline,12536,191,1370,522,0,27.488888888888887,93,1.5,0.6
exp5_stow1.5_walk0.6,steffen,baseline,12536,191,783,441,0,10.016666666666667,45,1.5,0.6
exp5_stow1.5_walk0.6,random,baseline,12537,192,1392,667,89,36.73888888888889,115,1.5,0.6
exp5_stow1.5_walk0.6,back_to_front,baseline,12537,192,2037,1284,88,116.06111111111112,315,1.5,0.6
exp5_stow1.5_walk0.6,outside_in,baseline,12537,192,1282,586,0,28.2,102,1.5,0.6
exp5_stow1.5_walk0.6,steffen,baseline,12537,192,748,476,0,10.35,49,1.5,0.6
exp5_stow1.5_walk0.6,random,baseline,12538,193,1457,711,85,42.77777777777778,133,1.5,0.6
exp5_stow1.5_walk0.6,back_to_front,baseline,12538,193,1735,1221,84,90.32222222222222,213,1.5,0.6
exp5_stow1.5_walk0.6,outside_in,baseline,12538,193,1402,709,0,42.84444444444444,114,1.5,0.6
exp5_stow1.5_walk0.6,steffen,baseline,12538,193,724,462,0,10.938888888888888,51,1.5,0.6
exp5_stow1.5_walk0.6,random,baseline,12539,194,1593,660,90,44.86666666666667,134,1.5,0.6
exp5_stow1.5_walk0.6,back_to_front,baseline,12539,194,2010,1224,90,112.72777777777777,279,1.5,0.6
exp5_stow1.5_walk0.6,outside_in,baseline,12539,194,1395,624,0,37.65,104,1.5,0.6
exp5_stow1.5_walk0.6,steffen,baseline,12539,194,781,384,0,11.177777777777777,48,1.5,0.6
exp5_stow1.5_walk0.6,random,baseline,12540,195,1416,809,88,47.06666666666667,148,1.5,0.6
exp5_stow1.5_walk0.6,back_to_front,baseline,12540,195,1967,1262,85,112.7388888888889,278,1.5,0.6
exp5_stow1.5_walk0.6,outside_in,baseline,12540,195,1349,744,0,41.72222222222222,100,1.5,0.6
exp5_stow1.5_walk0.6,steffen,baseline,12540,195,743,523,0,12.55,75,1.5,0.6
exp5_stow1.5_walk0.6,random,baseline,12541,196,1590,681,89,47.01111111111111,150,1.5,0.6
exp5_stow1.5_walk0.6,back_to_front,baseline,12541,196,1937,1195,85,96.96111111111111,216,1.5,0.6
exp5_stow1.5_walk0.6,outside_in,baseline,12541,196,1337,601,0,35.833333333333336,94,1.5,0.6
exp5_stow1.5_walk0.6,steffen,baseline,12541,196,754,390,0,10.55,54,1.5,0.6
exp5_stow1.5_walk0.6,random,baseline,12542,197,1488,604,78,47.95,174,1.5,0.6
exp5_stow1.5_walk0.6,back_to_front,baseline,12542,197,2166,1281,93,126.51666666666667,279,1.5,0.6
exp5_stow1.5_walk0.6,outside_in,baseline,12542,197,1306,606,0,38.61666666666667,109,1.5,0.6
exp5_stow1.5_walk0.6,steffen,baseline,12542,197,761,353,0,11.027777777777779,59,1.5,0.6
exp5_stow1.5_walk0.6,random,baseline,12543,198,1609,650,77,40.361111111111114,120,1.5,0.6
exp5_stow1.5_walk0.6,back_to_front,baseline,12543,198,2074,1395,91,121.44444444444444,293,1.5,0.6
exp5_stow1.5_walk0.6,outside_in,baseline,12543,198,1338,750,0,36.90555555555556,101,1.5,0.6
exp5_stow1.5_walk0.6,steffen,baseline,12543,198,767,577,0,11.88888888888889,52,1.5,0.6
exp5_stow1.5_walk0.6,random,baseline,12544,199,1526,639,105,47.422222222222224,168,1.5,0.6
exp5_stow1.5_walk0.6,back_to_front,baseline,12544,199,2068,1286,84,123.22777777777777,318,1.5,0.6
exp5_stow1.5_walk0.6,outside_in,baseline,12544,199,1306,583,0,31.772222222222222,113,1.5,0.6
exp5_stow1.5_walk0.6,steffen,baseline,12544,199,753,330,0,9.377777777777778,54,1.5,0.6
exp5_stow1.5_walk0.8,random,baseline,12345,0,1362,873,84,33.11666666666667,110,1.5,0.8
exp5_stow1.5_walk0.8,back_to_front,baseline,12345,0,1963,1768,94,122.40555555555555,307,1.5,0.8
exp5_stow1.5_walk0.8,outside_in,baseline,12345,0,1303,1067,0,36.01111111111111,106,1.5,0.8
exp5_stow1.5_walk0.8,steffen,baseline,12345,0,720,1200,0,12.911111111111111,60,1.5,0.8
exp5_stow1.5_walk0.8,random,baseline,12346,1,1463,1225,90,43.416666666666664,176,1.5,0.8
exp5_stow1.5_walk0.8,back_to_front,baseline,12346,1,1997,1787,92,124.46666666666667,310,1.5,0.8
exp5_stow1.5_walk0.8,outside_in,baseline,12346,1,1248,1205,0,35.43333333333333,104,1.5,0.8
exp5_stow1.5_walk0.8,steffen,baseline,12346,1,708,1346,0,15.566666666666666,63,1.5,0.8
exp5_stow1.5_walk0.8,random,baseline,12347,2,1671,1116,91,44.083333333333336,132,1.5,0.8
exp5_stow1.5_walk0.8,back_to_front,baseline,12347,2,2048,1837,87,109.88333333333334,260,1.5,0.8
exp5_stow1.5_walk0.8,outside_in,baseline,12347,2,1453,1096,0,37.105555555555554,116,1.5,0.8
exp5_stow1.5_walk0.8,steffen,baseline,12347,2,802,1544,0,16.977777777777778,56,1.5,0.8
exp5_stow1.5_walk0.8,random,baseline,12348,3,1564,1020,100,44.86666666666667,182,1.5,0.8
exp5_stow1.5_walk0.8,back_to_front,baseline,12348,3,2034,1747,115,112.76666666666667,318,1.5,0.8
exp5_stow1.5_walk0.8,outside_in,baseline,12348,3,1285,1197,0,39.00555555555555,111,1.5,0.8
exp5_stow1.5_walk0.8,steffen,baseline,12348,3,784,1364,0,16.58888888888889,88,1.5,0.8
exp5_stow1.5_walk0.8,random,baseline,12349,4,1673,956,77,43.96111111111111,165,1.5,0.8
exp5_stow1.5_walk0.8,back_to_front,baseline,12349,4,2123,1761,94,117.36111111111111,320,1.5,0.8
exp5_stow1.5_walk0.8,outside_in,baseline,12349,4,1407,1089,0,37.272222222222226,123,1.5,0.8
exp5_stow1.5_walk0.8,steffen,baseline,12349,4,842,1354,0,15.605555555555556,56,1.5,0.8
exp5_stow1.5_walk0.8,random,baseline,12350,5,1469,1035,87,42.5,137,1.5,0.8
exp5_stow1.5_walk0.8,back_to_front,baseline,12350,5,2294,1795,83,134.8388888888889,366,1.5,0.8
exp5_stow1.5_walk0.8,outside_in,baseline,12350,5,1341,1112,0,37.8,109,1.5,0.8
exp5_stow1.5_walk0.8,steffen,baseline,12350,5,779,1346,0,15.694444444444445,55,1.5,0.8
exp5_stow1.5_walk0.8,random,baseline,12351,6,1524,1001,96,42.85,132,1.5,0.8
exp5_stow1.5_walk0.8,back_to_front,baseline,12351,6,2034,1742,79,120.97777777777777,289,1.5,0.8
exp5_stow1.5_walk0.8,outside_in,baseline,12351,6,1405,932,0,34.666666666666664,116,1.5,0.8
exp5_stow1.5_walk0.8,steffen,baseline,12351,6,738,1118,0,13.555555555555555,55,1.5,0.8
exp5_stow1.5_walk0.8,random,baseline,12352,7,1513,1076,85,41.85,121,1.5,0.8
exp5_stow1.5_walk0.8,back_to_front,baseline,12352,7,2042,1713,83,120.07777777777778,325,1.5,0.8
exp5_stow1.5_walk0.8,outside_in,baseline,12352,7,1374,1016,0,37.43888888888889,109,1.5,0.8
exp5_stow1.5_walk0.8,steffen,baseline,12352,7,750,1259,0,14.772222222222222,62,1.5,0.8
exp5_stow1.5_walk0.8,random,baseline,12353,8,1477,1061,96,44.21666666666667,153,1.5,0.8
exp5_stow1.5_walk0.8,back_to_front,baseline,12353,8,1958,1819,86,112.29444444444445,281,1.5,0.8
exp5_stow1.5_walk0.8,outside_in,baseline,12353,8,1244,1105,0,39.98888888888889,124,1.5,0.8
exp5_stow1.5_walk0.8,steffen,baseline,12353,8,734,1458,0,15.816666666666666,65,1.5,0.8
exp5_stow1.5_walk0.8,random,baseline,12354,9,1452,1097,86,46.51111111111111,140,1.5,0.8
exp5_stow1.5_walk0.8,back_to_front,baseline,12354,9,2031,1713,87,120.7388888888889,296,1.5,0.8
exp5_stow1.5_walk0.8,outside_in,baseline,12354,9,1226,1070,0,41.272222222222226,117,1.5,0.8
exp5_stow1.5_walk0.8,steffen,baseline,12354,9,736,1250,0,15.044444444444444,58,1.5,0.8
exp5_stow1.5_walk0.8,random,baseline,12355,10,1475,985,88,38.87222222222222,126,1.5,0.8
exp5_stow1.5_walk0.8,back_to_front,baseline,12355,10,1811,1703,81,103.53333333333333,288,1.5,0.8
exp5_stow1.5_walk0.8,outside_in,baseline,12355,10,1324,1149,0,38.19444444444444,122,1.5,0.8
exp5_stow1.5_walk0.8,steffen,baseline,12355,10,724,1400,0,15.2,63,1.5,0.8
exp5_stow1.5_walk0.8,random,baseline,12356,11,1500,1163,91,45.45,125,1.5,0.8
exp5_stow1.5_walk0.8,back_to_front,baseline,12356,11,1833,1783,86,98.20555555555555,217,1.5,0.8
exp5_stow1.5_walk0.8,outside_in,baseline,12356,11,1321,1045,0,37.30555555555556,107,1.5,0.8
exp5_stow1.5_walk0.8,steffen,baseline,12356,11,753,1436,0,16.122222222222224,57,1.5,0.8
exp5_stow1.5_walk0.8,random,baseline,12357,12,1463,1024,75,40.57222222222222,142,1.5,0.8
exp5_stow1.5_walk0.8,back_to_front,baseline,12357,12,2091,1753,77,125.93888888888888,336,1.5,0.8
exp5_stow1.5_walk0.8,outside_in,baseline,12357,12,1331,1038,0,38.42777777777778,169,1.5,0.8
exp5_stow1.5_walk0.8,steffen,baseline,12357,12,763,1011,0,13.78888888888889,65,1.5,0.8
exp5_stow1.5_walk0.8,random,baseline,12358,13,1406,1111,82,43.62222222222222,130,1.5,0.8
exp5_stow1.5_walk0.8,back_to_front,baseline,12358,13,1922,1697,89,111.2611111111111,296,1.5,0.8
exp5_stow1.5_walk0.8,outside_in,baseline,12358,13,1249,1155,0,35.31666666666667,91,1.5,0.8
exp5_stow1.5_walk0.8,steffen,baseline,12358,13,727,1275,0,14.477777777777778,66,1.5,0.8
exp5_stow1.5_walk0.8,random,baseline,12359,14,1474,1140,94,47.56666666666667,176,1.5,0.8
exp5_stow1.5_walk0.8,back_to_front,baseline,12359,14,1993,1884,83,115.15555555555555,288,1.5,0.8
exp5_stow1.5_walk0.8,outside_in,baseline,12359,14,1234,1196,0,34.22222222222222,98,1.5,0.8
exp5_stow1.5_walk0.8,steffen,baseline,12359,14,790,1405,0,16.955555555555556,76,1.5,0.8
exp5_stow1.5_walk0.8,random,baseline,12360,15,1443,1124,87,44.59444444444444,169,1.5,0.8
exp5_stow1.5_walk0.8,back_to_front,baseline,12360,15,1931,1856,102,116.42222222222222,330,1.5,0.8
exp5_stow1.5_walk0.8,outside_in,baseline,12360,15,1236,1075,0,34.6,111,1.5,0.8
exp5_stow1.5_walk0.8,steffen,baseline,12360,15,706,1337,0,15.194444444444445,64,1.5,0.8
exp5_stow1.5_walk0.8,random,baseline,12361,16,1644,1223,82,54.49444444444445,158,1.5,0.8
exp5_stow1.5_walk0.8,back_to_front,baseline,12361,16,1963,1813,95,116.07222222222222,268,1.5,0.8
exp5_stow1.5_walk0.8,outside_in,baseline,12361,16,1311,1096,0,38.63333333333333,124,1.5,0.8
exp5_stow1.5_walk0.8,steffen,baseline,12361,16,758,1240,0,14.911111111111111,67,1.5,0.8
exp5_stow1.5_walk0.8,random,baseline,12362,17,1529,1098,80,48.05,136,1.5,0.8
exp5_stow1.5_walk0.8,back_to_front,baseline,12362,17,2018,1837,102,126.15,342,1.5,0.8
exp5_stow1.5_walk0.8,outside_in,baseline,12362,17,1302,1121,0,37.87777777777778,117,1.5,0.8
exp5_stow1.5_walk0.8,steffen,baseline,12362,17,728,1342,0,15.75,56,1.5,0.8
exp5_stow1.5_walk0.8,random,baseline,12363,18,1422,1074,83,39.74444444444445,108,1.5,0.8
exp5_stow1.5_walk0.8,back_to_front,baseline,12363,18,1902,1608,98,112.4,332,1.5,0.8
exp5_stow1.5_walk0.8,outside_in,baseline,12363,18,1314,1019,0,35.33888888888889,113,1.5,0.8
exp5_stow1.5_walk0.8,steffen,baseline,12363,18,750,1042,0,13.38888888888889,53,1.5,0.8
exp5_stow1.5_walk0.8,random,baseline,12364,19,1417,1178,89,47.81666666666667,169,1.5,0.8
exp5_stow1.5_walk0.8,back_to_front,baseline,12364,19,2002,1708,89,115.75555555555556,277,1.5,0.8
exp5_stow1.5_walk0.8,outside_in,baseline,12364,19,1342,1029,0,36.016666666666666,122,1.5,0.8
exp5_stow1.5_walk0.8,steffen,baseline,12364,19,790,1136,0,13.055555555555555,69,1.5,0.8
exp5_stow1.5_walk0.8,random,baseline,12365,20,1413,1113,102,46.17777777777778,137,1.5,0.8
exp5_stow1.5_walk0.8,back_to_front,baseline,12365,20,2033,1857,82,118.9888888888889,272,1.5,0.8
exp5_stow1.5_walk0.8,outside_in,baseline,12365,20,1414,1010,0,44.25,151,1.5,0.8
exp5_stow1.5_walk0.8,steffen,baseline,12365,20,741,1294,0,16.127777777777776,58,1.5,0.8
exp5_stow1.5_walk0.8,random,baseline,12366,21,1427,1025,78,41.477777777777774,137,1.5,0.8
exp5_stow1.5_walk0.8,back_to_front,baseline,12366,21,2057,1720,84,121.17222222222222,288,1.5,0.8
exp5_stow1.5_walk0.8,outside_in,baseline,12366,21,1289,979,0,37.6,131,1.5,0.8
exp5_stow1.5_walk0.8,steffen,baseline,12366,21,772,1133,0,14.494444444444444,59,1.5,0.8
exp5_stow1.5_walk0.8,random,baseline,12367,22,1595,1016,88,43.25,109,1.5,0.8
exp5_stow1.5_walk0.8,back_to_front,baseline,12367,22,1961,1842,94,108.35,314,1.5,0.8
exp5_stow1.5_walk0.8,outside_in,baseline,12367,22,1437,1014,0,37.78888888888889,106,1.5,0.8
exp5_stow1.5_walk0.8,steffen,baseline,12367,22,761,1422,0,16.394444444444446,60,1.5,0.8
exp5_stow1.5_walk0.8,random,baseline,12368,23,1602,1157,93,52.327777777777776,141,1.5,0.8
exp5_stow1.5_walk0.8,back_to_front,baseline,12368,23,1980,1745,76,120.80555555555556,348,1.5,0.8
exp5_stow1.5_walk0.8,outside_in,baseline,12368,23,1208,990,0,31.63888888888889,88,1.5,0.8
exp5_stow1.5_walk0.8,steffen,baseline,12368,23,741,1338,0,17.044444444444444,65,1.5,0.8
exp5_stow1.5_walk0.8,random,baseline,12369,24,1480,1215,100,46.02777777777778,177,1.5,0.8
exp5_stow1.5_walk0.8,back_to_front,baseline,12369,24,2106,1888,89,132.79444444444445,328,1.5,0.8
exp5_stow1.5_walk0.8,outside_in,baseline,12369,24,1358,1013,0,40.06666666666667,128,1.5,0.8
exp5_stow1.5_walk0.8,steffen,baseline,12369,24,800,1332,0,16.92222222222222,103,1.5,0.8
exp5_stow1.5_walk0.8,random,baseline,12370,25,1505,1113,81,40.15555555555556,180,1.5,0.8
exp5_stow1.5_walk0.8,back_to_front,baseline,12370,25,2018,1720,86,105.43888888888888,243,1.5,0.8
exp5_stow1.5_walk0.8,outside_in,baseline,12370,25,1317,949,0,33.72222222222222,99,1.5,0.8
exp5_stow1.5_walk0.8,steffen,baseline,12370,25,799,1191,0,15.88888888888889,101,1.5,0.8
exp5_stow1.5_walk0.8,random,baseline,12371,26,1469,1088,89,39.78888888888889,140,1.5,0.8
exp5_stow1.5_walk0.8,back_to_front,baseline,12371,26,1894,1711,84,100.87777777777778,264,1.5,0.8
exp5_stow1.5_walk0.8,outside_in,baseline,12371,26,1258,1030,0,32.483333333333334,128,1.5,0.8
exp5_stow1.5_walk0.8,steffen,baseline,12371,26,791,1241,0,14.122222222222222,63,1.5,0.8
exp5_stow1.5_walk0.8,random,baseline,12372,27,1644,1045,85,46.77777777777778,156,1.5,0.8
exp5_stow1.5_walk0.8,back_to_front,baseline,12372,27,2113,1798,97,127.88888888888889,308,1.5,0.8
exp5_stow1.5_walk0.8,outside_in,baseline,12372,27,1358,1160,0,42.361111111111114,150,1.5,0.8
exp5_stow1.5_walk0.8,steffen,baseline,12372,27,758,1385,0,15.794444444444444,67,1.5,0.8
exp5_stow1.5_walk0.8,random,baseline,12373,28,1437,1107,91,45.98888888888889,165,1.5,0.8
exp5_stow1.5_walk0.8,back_to_front,baseline,12373,28,1893,1794,82,103.37222222222222,263,1.5,0.8
exp5_stow1.5_walk0.8,outside_in,baseline,12373,28,1273,1102,0,34.78333333333333,107,1.5,0.8
exp5_stow1.5_walk0.8,steffen,baseline,12373,28,764,1310,0,14.7,58,1.5,0.8
exp5_stow1.5_walk0.8,random,baseline,12374,29,1458,1045,81,46.333333333333336,146,1.5,0.8
exp5_stow1.5_walk0.8,back_to_front,baseline,12374,29,1963,1778,88,109.9,254,1.5,0.8
exp5_stow1.5_walk0.8,outside_in,baseline,12374,29,1238,958,0,32.25555555555555,94,1.5,0.8
exp5_stow1.5_walk0.8,steffen,baseline,12374,29,747,1214,0,13.894444444444444,58,1.5,0.8
exp5_stow1.5_walk0.8,random,baseline,12375,30,1469,1056,101,41.483333333333334,117,1.5,0.8
exp5_stow1.5_walk0.8,back_to_front,baseline,12375,30,1939,1773,98,109.9,269,1.5,0.8
exp5_stow1.5_walk0.8,outside_in,baseline,12375,30,1317,1107,0,36.03333333333333,115,1.5,0.8
exp5_stow1.5_walk0.8,steffen,baseline,12375,30,772,1441,0,16.733333333333334,69,1.5,0.8
exp5_stow1.5_walk0.8,random,baseline,12376,31,1596,1096,89,49.40555555555556,154,1.5,0.8
exp5_stow1.5_walk0.8,back_to_front,baseline,12376,31,2016,1727,86,113.97777777777777,268,1.5,0.8
exp5_stow1.5_walk0.8,outside_in,baseline,12376,31,1253,1153,0,38.32222222222222,121,1.5,0.8
exp5_stow1.5_walk0.8,steffen,baseline,12376,31,798,1239,0,16.31111111111111,94,1.5,0.8
exp5_stow1.5_walk0.8,random,baseline,12377,32,1526,1101,79,45.86666666666667,136,1.5,0.8
exp5_stow1.5_walk0.8,back_to_front,baseline,12377,32,2211,1813,88,130.62222222222223,337,1.5,0.8
exp5_stow1.5_walk0.8,outside_in,baseline,12377,32,1283,1066,0,34.25555555555555,112,1.5,0.8
exp5_stow1.5_walk0.8,steffen,baseline,12377,32,772,1380,0,17.0,63,1.5,0.8
exp5_stow1.5_walk0.8,random,baseline,12378,33,1419,1106,95,44.42777777777778,134,1.5,0.8
exp5_stow1.5_walk0.8,back_to_front,baseline,12378,33,2011,1789,97,122.84444444444445,274,1.5,0.8
exp5_stow1.5_walk0.8,outside_in,baseline,12378,33,1159,1102,0,39.18888888888889,128,1.5,0.8
exp5_stow1.5_walk0.8,steffen,baseline,12378,33,745,1261,0,15.511111111111111,82,1.5,0.8
exp5_stow1.5_walk0.8,random,baseline,12379,34,1403,1102,82,39.68888888888889,160,1.5,0.8
exp5_stow1.5_walk0.8,back_to_front,baseline,12379,34,1955,1783,89,117.67222222222222,301,1.5,0.8
exp5_stow1.5_walk0.8,outside_in,baseline,12379,34,1306,1064,0,34.6,116,1.5,0.8
exp5_stow1.5_walk0.8,steffen,baseline,12379,34,770,1270,0,15.13888888888889,60,1.5,0.8
exp5_stow1.5_walk0.8,random,baseline,12380,35,1341,1052,79,38.083333333333336,135,1.5,0.8
exp5_stow1.5_walk0.8,back_to_front,baseline,12380,35,1902,1772,88,103.49444444444444,231,1.5,0.8
exp5_stow1.5_walk0.8,outside_in,baseline,12380,35,1249,1182,0,38.2,121,1.5,0.8
exp5_stow1.5_walk0.8,steffen,baseline,12380,35,772,1379,0,15.3,53,1.5,0.8
exp5_stow1.5_walk0.8,random,baseline,12381,36,1447,1220,83,50.96111111111111,158,1.5,0.8
exp5_stow1.5_walk0.8,back_to_front,baseline,12381,36,2044,1792,87,119.21666666666667,271,1.5,0.8
exp5_stow1.5_walk0.8,outside_in,baseline,12381,36,1339,1122,0,35.705555555555556,102,1.5,0.8
exp5_stow1.5_walk0.8,steffen,baseline,12381,36,753,1464,0,16.42222222222222,71,1.5,0.8
exp5_stow1.5_walk0.8,random,baseline,12382,37,1589,1045,96,53.016666666666666,155,1.5,0.8
exp5_stow1.5_walk0.8,back_to_front,baseline,12382,37,2143,1641,100,127.81666666666666,351,1.5,0.8
exp5_stow1.5_walk0.8,outside_in,baseline,12382,37,1362,990,0,33.07222222222222,100,1.5,0.8
exp5_stow1.5_walk0.8,steffen,baseline,12382,37,801,1110,0,15.244444444444444,106,1.5,0.8
exp5_stow1.5_walk0.8,random,baseline,12383,38,1389,1165,89,45.66111111111111,142,1.5,0.8
exp5_stow1.5_walk0.8,back_to_front,baseline,12383,38,2041,1692,96,113.37777777777778,235,1.5,0.8
exp5_stow1.5_walk0.8,outside_in,baseline,12383,38,1269,1068,0,35.6,101,1.5,0.8
exp5_stow1.5_walk0.8,steffen,baseline,12383,38,748,1404,0,15.46111111111111,75,1.5,0.8
exp5_stow1.5_walk0.8,random,baseline,12384,39,1436,991,102,38.30555555555556,126,1.5,0.8
exp5_stow1.5_walk0.8,back_to_front,baseline,12384,39,1995,1698,93,108.59444444444445,270,1.5,0.8
exp5_stow1.5_walk0.8,outside_in,baseline,12384,39,1265,1053,0,33.18333333333333,107,1.5,0.8
exp5_stow1.5_walk0.8,steffen,baseline,12384,39,774,1291,0,15.433333333333334,56,1.5,0.8
exp5_stow1.5_walk0.8,random,baseline,12385,40,1480,1143,90,40.08888888888889,116,1.5,0.8
exp5_stow1.5_walk0.8,back_to_front,baseline,12385,40,1887,1745,93,111.15,347,1.5,0.8
exp5_stow1.5_walk0.8,outside_in,baseline,12385,40,1291,1084,0,40.62222222222222,131,1.5,0.8
exp5_stow1.5_walk0.8,steffen,baseline,12385,40,771,1412,0,16.522222222222222,53,1.5,0.8
exp5_stow1.5_walk0.8,random,baseline,12386,41,1437,1075,95,39.55,128,1.5,0.8
exp5_stow1.5_walk0.8,back_to_front,baseline,12386,41,1881,1824,74,106.71666666666667,284,1.5,0.8
exp5_stow1.5_walk0.8,outside_in,baseline,12386,41,1208,1009,0,32.13333333333333,147,1.5,0.8
exp5_stow1.5_walk0.8,steffen,baseline,12386,41,792,1341,0,15.066666666666666,79,1.5,0.8
exp5_stow1.5_walk0.8,random,baseline,12387,42,1472,1018,90,38.44444444444444,119,1.5,0.8
exp5_stow1.5_walk0.8,back_to_front,baseline,12387,42,2051,1590,96,117.32777777777778,255,1.5,0.8
exp5_stow1.5_walk0.8,outside_in,baseline,12387,42,1196,953,0,31.322222222222223,113,1.5,0.8
exp5_stow1.5_walk0.8,steffen,baseline,12387,42,756,1060,0,13.85,53,1.5,0.8
exp5_stow1.5_walk0.8,random,baseline,12388,43,1477,1053,90,38.51111111111111,134,1.5,0.8
exp5_stow1.5_walk0.8,back_to_front,baseline,12388,43,1999,1770,99,104.85555555555555,247,1.5,0.8
exp5_stow1.5_walk0.8,outside_in,baseline,12388,43,1412,1006,0,38.50555555555555,112,1.5,0.8
exp5_stow1.5_walk0.8,steffen,baseline,12388,43,779,1429,0,15.533333333333333,60,1.5,0.8
exp5_stow1.5_walk0.8,random,baseline,12389,44,1461,1036,97,41.794444444444444,152,1.5,0.8
exp5_stow1.5_walk0.8,back_to_front,baseline,12389,44,1875,1722,80,104.28333333333333,273,1.5,0.8
exp5_stow1.5_walk0.8,outside_in,baseline,12389,44,1329,1049,0,36.63333333333333,98,1.5,0.8
exp5_stow1.5_walk0.8,steffen,baseline,12389,44,772,1147,0,13.966666666666667,54,1.5,0.8
exp5_stow1.5_walk0.8,random,baseline,12390,45,1501,1023,92,39.388888888888886,128,1.5,0.8
exp5_stow1.5_walk0.8,back_to_front,baseline,12390,45,1948,1715,96,109.61666666666666,294,1.5,0.8
exp5_stow1.5_walk0.8,outside_in,baseline,12390,45,1312,1038,0,33.666666666666664,103,1.5,0.8
exp5_stow1.5_walk0.8,steffen,baseline,12390,45,806,1216,0,14.444444444444445,61,1.5,0.8
exp5_stow1.5_walk0.8,random,baseline,12391,46,1602,1048,91,45.03888888888889,115,1.5,0.8
exp5_stow1.5_walk0.8,back_to_front,baseline,12391,46,2159,1745,92,116.2388888888889,246,1.5,0.8
exp5_stow1.5_walk0.8,outside_in,baseline,12391,46,1414,1081,0,38.12777777777778,94,1.5,0.8
exp5_stow1.5_walk0.8,steffen,baseline,12391,46,801,1277,0,16.633333333333333,60,1.5,0.8
exp5_stow1.5_walk0.8,random,baseline,12392,47,1612,1091,90,50.138888888888886,159,1.5,0.8
exp5_stow1.5_walk0.8,back_to_front,baseline,12392,47,2040,1742,85,114.7,286,1.5,0.8
exp5_stow1.5_walk0.8,outside_in,baseline,12392,47,1352,978,0,36.38333333333333,125,1.5,0.8
exp5_stow1.5_walk0.8,steffen,baseline,12392,47,772,1035,0,13.233333333333333,51,1.5,0.8
exp5_stow1.5_walk0.8,random,baseline,12393,48,1581,1189,101,43.94444444444444,122,1.5,0.8
exp5_stow1.5_walk0.8,back_to_front,baseline,12393,48,2089,1675,105,116.36666666666666,301,1.5,0.8
exp5_stow1.5_walk0.8,outside_in,baseline,12393,48,1406,966,0,33.07222222222222,91,1.5,0.8
exp5_stow1.5_walk0.8,steffen,baseline,12393,48,779,1259,0,14.822222222222223,58,1.5,0.8
exp5_stow1.5_walk0.8,random,baseline,12394,49,1433,1081,85,46.111111111111114,141,1.5,0.8
exp5_stow1.5_walk0.8,back_to_front,baseline,12394,49,2099,1701,79,110.16111111111111,289,1.5,0.8
exp5_stow1.5_walk0.8,outside_in,baseline,12394,49,1310,1042,0,39.111111111111114,124,1.5,0.8
exp5_stow1.5_walk0.8,steffen,baseline,12394,49,784,1153,0,13.622222222222222,50,1.5,0.8
exp5_stow1.5_walk0.8,random,baseline,12395,50,1335,1176,90,41.33888888888889,153,1.5,0.8
exp5_stow1.5_walk0.8,back_to_front,baseline,12395,50,1859,1615,93,107.73333333333333,336,1.5,0.8
exp5_stow1.5_walk0.8,outside_in,baseline,12395,50,1199,994,0,31.32777777777778,112,1.5,0.8
exp5_stow1.5_walk0.8,steffen,baseline,12395,50,745,1214,0,14.6,57,1.5,0.8
exp5_stow1.5_walk0.8,random,baseline,12396,51,1575,1077,97,50.41111111111111,152,1.5,0.8
exp5_stow1.5_walk0.8,back_to_front,baseline,12396,51,2019,1816,90,118.34444444444445,306,1.5,0.8
exp5_stow1.5_walk0.8,outside_in,baseline,12396,51,1282,1038,0,30.58888888888889,103,1.5,0.8
exp5_stow1.5_walk0.8,steffen,baseline,12396,51,786,1162,0,14.666666666666666,55,1.5,0.8
exp5_stow1.5_walk0.8,random,baseline,12397,52,1382,1196,90,42.28333333333333,137,1.5,0.8
exp5_stow1.5_walk0.8,back_to_front,baseline,12397,52,1827,1648,91,106.43888888888888,272,1.5,0.8
exp5_stow1.5_walk0.8,outside_in,baseline,12397,52,1229,1000,0,30.927777777777777,124,1.5,0.8
exp5_stow1.5_walk0.8,steffen,baseline,12397,52,760,1205,0,13.5,49,1.5,0.8
exp5_stow1.5_walk0.8,random,baseline,12398,53,1414,1066,79,39.016666666666666,162,1.5,0.8
exp5_stow1.5_walk0.8,back_to_front,baseline,12398,53,1941,1728,97,109.47777777777777,294,1.5,0.8
exp5_stow1.5_walk0.8,outside_in,baseline,12398,53,1258,1129,0,31.65,101,1.5,0.8
exp5_stow1.5_walk0.8,steffen,baseline,12398,53,776,1290,0,13.866666666666667,58,1.5,0.8
exp5_stow1.5_walk0.8,random,baseline,12399,54,1608,1055,98,47.00555555555555,129,1.5,0.8
exp5_stow1.5_walk0.8,back_to_front,baseline,12399,54,2108,1670,90,121.88888888888889,328,1.5,0.8
exp5_stow1.5_walk0.8,outside_in,baseline,12399,54,1380,1101,0,38.33888888888889,122,1.5,0.8
exp5_stow1.5_walk0.8,steffen,baseline,12399,54,789,1112,0,14.855555555555556,88,1.5,0.8
exp5_stow1.5_walk0.8,random,baseline,12400,55,1543,1118,88,49.01111111111111,131,1.5,0.8
exp5_stow1.5_walk0.8,back_to_front,baseline,12400,55,1835,1737,89,109.97222222222223,328,1.5,0.8
exp5_stow1.5_walk0.8,outside_in,baseline,12400,55,1198,1124,0,34.044444444444444,113,1.5,0.8
exp5_stow1.5_walk0.8,steffen,baseline,12400,55,727,1431,0,15.494444444444444,52,1.5,0.8
exp5_stow1.5_walk0.8,random,baseline,12401,56,1476,1170,85,49.833333333333336,137,1.5,0.8
exp5_stow1.5_walk0.8,back_to_front,baseline,12401,56,1982,1793,93,120.2388888888889,330,1.5,0.8
exp5_stow1.5_walk0.8,outside_in,baseline,12401,56,1213,1043,0,36.9,98,1.5,0.8
exp5_stow1.5_walk0.8,steffen,baseline,12401,56,757,1191,0,15.327777777777778,63,1.5,0.8
exp5_stow1.5_walk0.8,random,baseline,12402,57,1532,1026,104,49.86666666666667,138,1.5,0.8
exp5_stow1.5_walk0.8,back_to_front,baseline,12402,57,1947,1788,90,103.78333333333333,250,1.5,0.8
exp5_stow1.5_walk0.8,outside_in,baseline,12402,57,1329,1045,0,38.12222222222222,138,1.5,0.8
exp5_stow1.5_walk0.8,steffen,baseline,12402,57,789,1147,0,14.883333333333333,85,1.5,0.8
exp5_stow1.5_walk0.8,random,baseline,12403,58,1623,1093,84,49.24444444444445,145,1.5,0.8
exp5_stow1.5_walk0.8,back_to_front,baseline,12403,58,1998,1799,85,107.54444444444445,249,1.5,0.8
exp5_stow1.5_walk0.8,outside_in,baseline,12403,58,1305,865,0,34.227777777777774,102,1.5,0.8
exp5_stow1.5_walk0.8,steffen,baseline,12403,58,790,982,0,13.516666666666667,55,1.5,0.8
exp5_stow1.5_walk0.8,random,baseline,12404,59,1539,1058,85,43.1,126,1.5,0.8
exp5_stow1.5_walk0.8,back_to_front,baseline,12404,59,2108,1844,84,114.11666666666666,283,1.5,0.8
exp5_stow1.5_walk0.8,outside_in,baseline,12404,59,1411,918,0,33.13333333333333,116,1.5,0.8
exp5_stow1.5_walk0.8,steffen,baseline,12404,59,830,1192,0,15.027777777777779,62,1.5,0.8
exp5_stow1.5_walk0.8,random,baseline,12405,60,1580,1060,98,49.6,181,1.5,0.8
exp5_stow1.5_walk0.8,back_to_front,baseline,12405,60,2052,1681,98,112.83333333333333,279,1.5,0.8
exp5_stow1.5_walk0.8,outside_in,baseline,12405,60,1323,1068,0,38.11666666666667,110,1.5,0.8
exp5_stow1.5_walk0.8,steffen,baseline,12405,60,792,1283,0,15.544444444444444,66,1.5,0.8
exp5_stow1.5_walk0.8,random,baseline,12406,61,1448,1182,96,43.48888888888889,134,1.5,0.8
exp5_stow1.5_walk0.8,back_to_front,baseline,12406,61,2196,1825,87,132.88888888888889,331,1.5,0.8
exp5_stow1.5_walk0.8,outside_in,baseline,12406,61,1303,1083,0,36.73888888888889,146,1.5,0.8
exp5_stow1.5_walk0.8,steffen,baseline,12406,61,759,1320,0,15.28888888888889,61,1.5,0.8
exp5_stow1.5_walk0.8,random,baseline,12407,62,1435,1011,88,40.361111111111114,140,1.5,0.8
exp5_stow1.5_walk0.8,back_to_front,baseline,12407,62,2024,1805,93,114.63333333333334,309,1.5,0.8
exp5_stow1.5_walk0.8,outside_in,baseline,12407,62,1243,980,0,30.91111111111111,133,1.5,0.8
exp5_stow1.5_walk0.8,steffen,baseline,12407,62,768,1246,0,14.75,61,1.5,0.8
exp5_stow1.5_walk0.8,random,baseline,12408,63,1513,1040,93,45.76111111111111,129,1.5,0.8
exp5_stow1.5_walk0.8,back_to_front,baseline,12408,63,2112,1747,96,120.91666666666667,310,1.5,0.8
exp5_stow1.5_walk0.8,outside_in,baseline,12408,63,1422,1108,0,39.81666666666667,113,1.5,0.8
exp5_stow1.5_walk0.8,steffen,baseline,12408,63,801,1336,0,16.494444444444444,71,1.5,0.8
exp5_stow1.5_walk0.8,random,baseline,12409,64,1629,1048,95,42.94444444444444,150,1.5,0.8
exp5_stow1.5_walk0.8,back_to_front,baseline,12409,64,2016,1855,97,128.4777777777778,320,1.5,0.8
exp5_stow1.5_walk0.8,outside_in,baseline,12409,64,1336,1051,0,34.294444444444444,107,1.5,0.8
exp5_stow1.5_walk0.8,steffen,baseline,12409,64,744,1287,0,14.394444444444444,70,1.5,0.8
exp5_stow1.5_walk0.8,random,baseline,12410,65,1493,1148,91,43.1,125,1.5,0.8
exp5_stow1.5_walk0.8,back_to_front,baseline,12410,65,1993,1837,97,121.5,272,1.5,0.8
exp5_stow1.5_walk0.8,outside_in,baseline,12410,65,1261,1158,0,36.97222222222222,122,1.5,0.8
exp5_stow1.5_walk0.8,steffen,baseline,12410,65,775,1338,0,14.78888888888889,60,1.5,0.8
exp5_stow1.5_walk0.8,random,baseline,12411,66,1581,1104,96,49.22222222222222,183,1.5,0.8
exp5_stow1.5_walk0.8,back_to_front,baseline,12411,66,2156,1616,96,124.80555555555556,329,1.5,0.8
exp5_stow1.5_walk0.8,outside_in,baseline,12411,66,1313,1053,0,39.78888888888889,144,1.5,0.8
exp5_stow1.5_walk0.8,steffen,baseline,12411,66,785,1010,0,14.438888888888888,95,1.5,0.8
exp5_stow1.5_walk0.8,random,baseline,12412,67,1508,1122,78,51.9,150,1.5,0.8
exp5_stow1.5_walk0.8,back_to_front,baseline,12412,67,2120,1836,98,119.9,281,1.5,0.8
exp5_stow1.5_walk0.8,outside_in,baseline,12412,67,1344,1074,0,35.6,125,1.5,0.8
exp5_stow1.5_walk0.8,steffen,baseline,12412,67,777,1311,0,14.755555555555556,55,1.5,0.8
exp5_stow1.5_walk0.8,random,baseline,12413,68,1516,1054,107,44.016666666666666,165,1.5,0.8
exp5_stow1.5_walk0.8,back_to_front,baseline,12413,68,2117,1678,83,124.23333333333333,315,1.5,0.8
exp5_stow1.5_walk0.8,outside_in,baseline,12413,68,1222,1056,0,37.56666666666667,122,1.5,0.8
exp5_stow1.5_walk0.8,steffen,baseline,12413,68,775,1157,0,15.677777777777777,58,1.5,0.8
exp5_stow1.5_walk0.8,random,baseline,12414,69,1627,1191,86,51.361111111111114,141,1.5,0.8
exp5_stow1.5_walk0.8,back_to_front,baseline,12414,69,2021,1734,85,113.61666666666666,289,1.5,0.8
exp5_stow1.5_walk0.8,outside_in,baseline,12414,69,1362,1032,0,35.0,161,1.5,0.8
exp5_stow1.5_walk0.8,steffen,baseline,12414,69,778,1261,0,15.694444444444445,73,1.5,0.8
exp5_stow1.5_walk0.8,random,baseline,12415,70,1408,1104,90,39.25555555555555,115,1.5,0.8
exp5_stow1.5_walk0.8,back_to_front,baseline,12415,70,2006,1869,88,121.06666666666666,277,1.5,0.8
exp5_stow1.5_walk0.8,outside_in,baseline,12415,70,1365,1044,0,39.48888888888889,134,1.5,0.8
exp5_stow1.5_walk0.8,steffen,baseline,12415,70,801,1484,0,16.538888888888888,69,1.5,0.8
exp5_stow1.5_walk0.8,random,baseline,12416,71,1447,1037,81,38.28333333333333,153,1.5,0.8
exp5_stow1.5_walk0.8,back_to_front,baseline,12416,71,2024,1825,92,117.28888888888889,260,1.5,0.8
exp5_stow1.5_walk0.8,outside_in,baseline,12416,71,1320,1011,0,35.77777777777778,101,1.5,0.8
exp5_stow1.5_walk0.8,steffen,baseline,12416,71,806,1434,0,16.705555555555556,58,1.5,0.8
exp5_stow1.5_walk0.8,random,baseline,12417,72,1517,1001,85,43.43333333333333,131,1.5,0.8
exp5_stow1.5_walk0.8,back_to_front,baseline,12417,72,1998,1698,93,111.06111111111112,275,1.5,0.8
exp5_stow1.5_walk0.8,outside_in,baseline,12417,72,1437,1019,0,36.00555555555555,122,1.5,0.8
exp5_stow1.5_walk0.8,steffen,baseline,12417,72,765,1148,0,14.8,55,1.5,0.8
exp5_stow1.5_walk0.8,random,baseline,12418,73,1531,1169,89,51.422222222222224,218,1.5,0.8
exp5_stow1.5_walk0.8,back_to_front,baseline,12418,73,1970,1771,93,122.19444444444444,306,1.5,0.8
exp5_stow1.5_walk0.8,outside_in,baseline,12418,73,1262,1080,0,40.638888888888886,141,1.5,0.8
exp5_stow1.5_walk0.8,steffen,baseline,12418,73,724,1098,0,13.772222222222222,57,1.5,0.8
exp5_stow1.5_walk0.8,random,baseline,12419,74,1528,1188,92,49.55555555555556,145,1.5,0.8
exp5_stow1.5_walk0.8,back_to_front,baseline,12419,74,1926,1706,80,101.55555555555556,278,1.5,0.8
exp5_stow1.5_walk0.8,outside_in,baseline,12419,74,1327,1010,0,31.511111111111113,119,1.5,0.8
exp5_stow1.5_walk0.8,steffen,baseline,12419,74,777,1275,0,14.938888888888888,68,1.5,0.8
exp5_stow1.5_walk0.8,random,baseline,12420,75,1468,1099,93,40.72222222222222,129,1.5,0.8
exp5_stow1.5_walk0.8,back_to_front,baseline,12420,75,2105,1716,89,120.7,317,1.5,0.8
exp5_stow1.5_walk0.8,outside_in,baseline,12420,75,1294,1082,0,35.07222222222222,109,1.5,0.8
exp5_stow1.5_walk0.8,steffen,baseline,12420,75,785,1354,0,15.561111111111112,63,1.5,0.8
exp5_stow1.5_walk0.8,random,baseline,12421,76,1506,1080,98,49.22222222222222,161,1.5,0.8
exp5_stow1.5_walk0.8,back_to_front,baseline,12421,76,1909,1799,86,118.69444444444444,276,1.5,0.8
exp5_stow1.5_walk0.8,outside_in,baseline,12421,76,1290,1168,0,39.083333333333336,114,1.5,0.8
exp5_stow1.5_walk0.8,steffen,baseline,12421,76,767,1324,0,16.377777777777776,58,1.5,0.8
exp5_stow1.5_walk0.8,random,baseline,12422,77,1581,1281,87,52.577777777777776,151,1.5,0.8
exp5_stow1.5_walk0.8,back_to_front,baseline,12422,77,2058,1938,79,123.3,293,1.5,0.8
exp5_stow1.5_walk0.8,outside_in,baseline,12422,77,1268,1170,0,36.9,110,1.5,0.8
exp5_stow1.5_walk0.8,steffen,baseline,12422,77,781,1308,0,16.238888888888887,68,1.5,0.8
exp5_stow1.5_walk0.8,random,baseline,12423,78,1500,1165,99,49.21111111111111,196,1.5,0.8
exp5_stow1.5_walk0.8,back_to_front,baseline,12423,78,2212,1702,89,135.75,390,1.5,0.8
exp5_stow1.5_walk0.8,outside_in,baseline,12423,78,1361,1190,0,39.57222222222222,114,1.5,0.8
exp5_stow1.5_walk0.8,steffen,baseline,12423,78,773,1269,0,16.05,65,1.5,0.8
exp5_stow1.5_walk0.8,random,baseline,12424,79,1464,1012,87,37.36666666666667,122,1.5,0.8
exp5_stow1.5_walk0.8,back_to_front,baseline,12424,79,1945,1582,91,102.45,268,1.5,0.8
exp5_stow1.5_walk0.8,outside_in,baseline,12424,79,1237,965,0,29.655555555555555,96,1.5,0.8
exp5_stow1.5_walk0.8,steffen,baseline,12424,79,786,1118,0,13.616666666666667,64,1.5,0.8
exp5_stow1.5_walk0.8,random,baseline,12425,80,1470,1060,97,42.35,135,1.5,0.8
exp5_stow1.5_walk0.8,back_to_front,baseline,12425,80,1951,1783,95,122.54444444444445,372,1.5,0.8
exp5_stow1.5_walk0.8,outside_in,baseline,12425,80,1375,953,0,36.15555555555556,143,1.5,0.8
exp5_stow1.5_walk0.8,steffen,baseline,12425,80,772,1184,0,14.9,62,1.5,0.8
exp5_stow1.5_walk0.8,random,baseline,12426,81,1525,1109,97,49.33888888888889,214,1.5,0.8
exp5_stow1.5_walk0.8,back_to_front,baseline,12426,81,1919,1765,77,106.08333333333333,230,1.5,0.8
exp5_stow1.5_walk0.8,outside_in,baseline,12426,81,1244,1151,0,36.98888888888889,125,1.5,0.8
exp5_stow1.5_walk0.8,steffen,baseline,12426,81,726,1395,0,14.705555555555556,54,1.5,0.8
exp5_stow1.5_walk0.8,random,baseline,12427,82,1508,1067,81,42.19444444444444,131,1.5,0.8
exp5_stow1.5_walk0.8,back_to_front,baseline,12427,82,2113,1803,91,136.32777777777778,324,1.5,0.8
exp5_stow1.5_walk0.8,outside_in,baseline,12427,82,1292,1045,0,39.57222222222222,157,1.5,0.8
exp5_stow1.5_walk0.8,steffen,baseline,12427,82,736,1242,0,15.28888888888889,59,1.5,0.8
exp5_stow1.5_walk0.8,random,baseline,12428,83,1506,1151,80,50.46666666666667,156,1.5,0.8
exp5_stow1.5_walk0.8,back_to_front,baseline,12428,83,2042,1760,93,120.46666666666667,255,1.5,0.8
exp5_stow1.5_walk0.8,outside_in,baseline,12428,83,1359,1003,0,36.62777777777778,101,1.5,0.8
exp5_stow1.5_walk0.8,steffen,baseline,12428,83,778,1285,0,15.53888888888889,57,1.5,0.8
exp5_stow1.5_walk0.8,random,baseline,12429,84,1629,1101,87,50.266666666666666,181,1.5,0.8
exp5_stow1.5_walk0.8,back_to_front,baseline,12429,84,2216,1757,96,124.3,274,1.5,0.8
exp5_stow1.5_walk0.8,outside_in,baseline,12429,84,1404,1112,0,37.644444444444446,108,1.5,0.8
exp5_stow1.5_walk0.8,steffen,baseline,12429,84,815,1283,0,15.688888888888888,81,1.5,0.8
exp5_stow1.5_walk0.8,random,baseline,12430,85,1559,1071,103,47.56666666666667,185,1.5,0.8
exp5_stow1.5_walk0.8,back_to_front,baseline,12430,85,2094,1640,87,118.61111111111111,266,1.5,0.8
exp5_stow1.5_walk0.8,outside_in,baseline,12430,85,1341,1009,0,38.75,111,1.5,0.8
exp5_stow1.5_walk0.8,steffen,baseline,12430,85,767,1195,0,13.983333333333333,59,1.5,0.8
exp5_stow1.5_walk0.8,random,baseline,12431,86,1675,1223,97,48.28888888888889,157,1.5,0.8
exp5_stow1.5_walk0.8,back_to_front,baseline,12431,86,1913,1745,84,112.18888888888888,283,1.5,0.8
exp5_stow1.5_walk0.8,outside_in,baseline,12431,86,1349,960,0,36.24444444444445,123,1.5,0.8
exp5_stow1.5_walk0.8,steffen,baseline,12431,86,747,1420,0,16.794444444444444,56,1.5,0.8
exp5_stow1.5_walk0.8,random,baseline,12432,87,1423,1107,95,37.477777777777774,124,1.5,0.8
exp5_stow1.5_walk0.8,back_to_front,baseline,12432,87,2000,1874,92,121.05555555555556,298,1.5,0.8
exp5_stow1.5_walk0.8,outside_in,baseline,12432,87,1281,954,0,32.205555555555556,114,1.5,0.8
exp5_stow1.5_walk0.8,steffen,baseline,12432,87,760,1132,0,13.161111111111111,54,1.5,0.8
exp5_stow1.5_walk0.8,random,baseline,12433,88,1542,1111,90,45.672222222222224,128,1.5,0.8
exp5_stow1.5_walk0.8,back_to_front,baseline,12433,88,2001,1772,83,114.89444444444445,300,1.5,0.8
exp5_stow1.5_walk0.8,outside_in,baseline,12433,88,1245,943,0,33.96111111111111,120,1.5,0.8
exp5_stow1.5_walk0.8,steffen,baseline,12433,88,757,1121,0,14.022222222222222,53,1.5,0.8
exp5_stow1.5_walk0.8,random,baseline,12434,89,1431,1109,92,42.13333333333333,157,1.5,0.8
exp5_stow1.5_walk0.8,back_to_front,baseline,12434,89,1814,1737,84,107.21666666666667,272,1.5,0.8
exp5_stow1.5_walk0.8,outside_in,baseline,12434,89,1271,1001,0,35.71666666666667,102,1.5,0.8
exp5_stow1.5_walk0.8,steffen,baseline,12434,89,741,1317,0,14.9,70,1.5,0.8
exp5_stow1.5_walk0.8,random,baseline,12435,90,1509,1071,100,50.21111111111111,170,1.5,0.8
exp5_stow1.5_walk0.8,back_to_front,baseline,12435,90,2091,1896,87,123.23333333333333,289,1.5,0.8
exp5_stow1.5_walk0.8,outside_in,baseline,12435,90,1385,1187,0,46.516666666666666,143,1.5,0.8
exp5_stow1.5_walk0.8,steffen,baseline,12435,90,790,1049,0,15.011111111111111,76,1.5,0.8
exp5_stow1.5_walk0.8,random,baseline,12436,91,1386,1186,101,44.922222222222224,184,1.5,0.8
exp5_stow1.5_walk0.8,back_to_front,baseline,12436,91,2116,1779,85,134.10555555555555,345,1.5,0.8
exp5_stow1.5_walk0.8,outside_in,baseline,12436,91,1246,995,0,34.69444444444444,102,1.5,0.8
exp5_stow1.5_walk0.8,steffen,baseline,12436,91,727,980,0,12.694444444444445,44,1.5,0.8
exp5_stow1.5_walk0.8,random,baseline,12437,92,1485,1120,93,49.96111111111111,132,1.5,0.8
exp5_stow1.5_walk0.8,back_to_front,baseline,12437,92,2022,1809,93,119.75555555555556,296,1.5,0.8
exp5_stow1.5_walk0.8,outside_in,baseline,12437,92,1288,1145,0,42.74444444444445,173,1.5,0.8
exp5_stow1.5_walk0.8,steffen,baseline,12437,92,765,1280,0,16.372222222222224,59,1.5,0.8
exp5_stow1.5_walk0.8,random,baseline,12438,93,1351,1142,94,44.41111111111111,191,1.5,0.8
exp5_stow1.5_walk0.8,back_to_front,baseline,12438,93,2120,1838,87,124.32222222222222,322,1.5,0.8
exp5_stow1.5_walk0.8,outside_in,baseline,12438,93,1296,1160,0,37.55,103,1.5,0.8
exp5_stow1.5_walk0.8,steffen,baseline,12438,93,777,1358,0,15.877777777777778,58,1.5,0.8
exp5_stow1.5_walk0.8,random,baseline,12439,94,1433,950,92,40.58888888888889,118,1.5,0.8
exp5_stow1.5_walk0.8,back_to_front,baseline,12439,94,1928,1776,89,117.82777777777778,309,1.5,0.8
exp5_stow1.5_walk0.8,outside_in,baseline,12439,94,1300,1184,0,40.15555555555556,125,1.5,0.8
exp5_stow1.5_walk0.8,steffen,baseline,12439,94,736,1220,0,14.427777777777777,55,1.5,0.8
exp5_stow1.5_walk0.8,random,baseline,12440,95,1571,1100,89,50.12222222222222,204,1.5,0.8
exp5_stow1.5_walk0.8,back_to_front,baseline,12440,95,1935,1800,93,119.10555555555555,327,1.5,0.8
exp5_stow1.5_walk0.8,outside_in,baseline,12440,95,1339,1058,0,43.6,137,1.5,0.8
exp5_stow1.5_walk0.8,steffen,baseline,12440,95,735,1256,0,16.211111111111112,63,1.5,0.8
exp5_stow1.5_walk0.8,random,baseline,12441,96,1603,1066,90,45.31111111111111,150,1.5,0.8
exp5_stow1.5_walk0.8,back_to_front,baseline,12441,96,1853,1672,88,101.67222222222222,240,1.5,0.8
exp5_stow1.5_walk0.8,outside_in,baseline,12441,96,1309,1115,0,35.48888888888889,123,1.5,0.8
exp5_stow1.5_walk0.8,steffen,baseline,12441,96,766,1262,0,15.03888888888889,63,1.5,0.8
exp5_stow1.5_walk0.8,random,baseline,12442,97,1514,1155,93,46.227777777777774,132,1.5,0.8
exp5_stow1.5_walk0.8,back_to_front,baseline,12442,97,2100,1840,93,123.26666666666667,273,1.5,0.8
exp5_stow1.5_walk0.8,outside_in,baseline,12442,97,1371,1081,0,45.205555555555556,147,1.5,0.8
exp5_stow1.5_walk0.8,steffen,baseline,12442,97,790,1370,0,17.516666666666666,67,1.5,0.8
exp5_stow1.5_walk0.8,random,baseline,12443,98,1556,1198,85,51.96666666666667,174,1.5,0.8
exp5_stow1.5_walk0.8,back_to_front,baseline,12443,98,2041,1805,87,117.67222222222222,280,1.5,0.8
exp5_stow1.5_walk0.8,outside_in,baseline,12443,98,1326,1085,0,42.88333333333333,131,1.5,0.8
exp5_stow1.5_walk0.8,steffen,baseline,12443,98,748,1331,0,16.3,63,1.5,0.8
exp5_stow1.5_walk0.8,random,baseline,12444,99,1405,1087,84,43.16111111111111,142,1.5,0.8
exp5_stow1.5_walk0.8,back_to_front,baseline,12444,99,1917,1785,93,112.26666666666667,287,1.5,0.8
exp5_stow1.5_walk0.8,outside_in,baseline,12444,99,1312,984,0,34.544444444444444,92,1.5,0.8
exp5_stow1.5_walk0.8,steffen,baseline,12444,99,763,1222,0,13.872222222222222,78,1.5,0.8
exp5_stow1.5_walk0.8,random,baseline,12445,100,1407,948,91,44.583333333333336,121,1.5,0.8
exp5_stow1.5_walk0.8,back_to_front,baseline,12445,100,1975,1700,85,119.90555555555555,305,1.5,0.8
exp5_stow1.5_walk0.8,outside_in,baseline,12445,100,1238,970,0,30.511111111111113,107,1.5,0.8
exp5_stow1.5_walk0.8,steffen,baseline,12445,100,735,1075,0,13.25,57,1.5,0.8
exp5_stow1.5_walk0.8,random,baseline,12446,101,1389,1087,97,43.28888888888889,178,1.5,0.8
exp5_stow1.5_walk0.8,back_to_front,baseline,12446,101,1927,1836,99,119.40555555555555,295,1.5,0.8
exp5_stow1.5_walk0.8,outside_in,baseline,12446,101,1307,1116,0,37.48888888888889,114,1.5,0.8
exp5_stow1.5_walk0.8,steffen,baseline,12446,101,786,1259,0,16.2,63,1.5,0.8
exp5_stow1.5_walk0.8,random,baseline,12447,102,1553,1017,99,39.922222222222224,141,1.5,0.8
exp5_stow1.5_walk0.8,back_to_front,baseline,12447,102,2030,1801,87,116.69444444444444,352,1.5,0.8
exp5_stow1.5_walk0.8,outside_in,baseline,12447,102,1411,1076,0,33.733333333333334,115,1.5,0.8
exp5_stow1.5_walk0.8,steffen,baseline,12447,102,830,1399,0,15.21111111111111,59,1.5,0.8
exp5_stow1.5_walk0.8,random,baseline,12448,103,1491,1052,88,45.92777777777778,134,1.5,0.8
exp5_stow1.5_walk0.8,back_to_front,baseline,12448,103,1921,1804,75,114.07222222222222,282,1.5,0.8
exp5_stow1.5_walk0.8,outside_in,baseline,12448,103,1360,1128,0,39.794444444444444,129,1.5,0.8
exp5_stow1.5_walk0.8,steffen,baseline,12448,103,742,1386,0,15.405555555555555,51,1.5,0.8
exp5_stow1.5_walk0.8,random,baseline,12449,104,1511,1141,96,43.94444444444444,158,1.5,0.8
exp5_stow1.5_walk0.8,back_to_front,baseline,12449,104,1798,1694,83,94.16111111111111,216,1.5,0.8
exp5_stow1.5_walk0.8,outside_in,baseline,12449,104,1323,1047,0,35.894444444444446,121,1.5,0.8
exp5_stow1.5_walk0.8,steffen,baseline,12449,104,774,1202,0,15.227777777777778,53,1.5,0.8
exp5_stow1.5_walk0.8,random,baseline,12450,105,1514,1078,100,41.69444444444444,143,1.5,0.8
exp5_stow1.5_walk0.8,back_to_front,baseline,12450,105,1907,1713,86,99.57222222222222,252,1.5,0.8
exp5_stow1.5_walk0.8,outside_in,baseline,12450,105,1292,1111,0,34.21111111111111,108,1.5,0.8
exp5_stow1.5_walk0.8,steffen,baseline,12450,105,741,1272,0,13.78888888888889,53,1.5,0.8
exp5_stow1.5_walk0.8,random,baseline,12451,106,1519,1054,103,47.84444444444444,163,1.5,0.8
exp5_stow1.5_walk0.8,back_to_front,baseline,12451,106,2234,1819,83,130.61666666666667,283,1.5,0.8
exp5_stow1.5_walk0.8,outside_in,baseline,12451,106,1456,1059,0,41.28333333333333,133,1.5,0.8
exp5_stow1.5_walk0.8,steffen,baseline,12451,106,789,1092,0,13.833333333333334,65,1.5,0.8
exp5_stow1.5_walk0.8,random,baseline,12452,107,1411,1162,69,43.18333333333333,129,1.5,0.8
exp5_stow1.5_walk0.8,back_to_front,baseline,12452,107,2109,1881,93,125.95,297,1.5,0.8
exp5_stow1.5_walk0.8,outside_in,baseline,12452,107,1354,1095,0,35.74444444444445,125,1.5,0.8
exp5_stow1.5_walk0.8,steffen,baseline,12452,107,784,1290,0,15.027777777777779,59,1.5,0.8
exp5_stow1.5_walk0.8,random,baseline,12453,108,1576,1020,95,42.672222222222224,151,1.5,0.8
exp5_stow1.5_walk0.8,back_to_front,baseline,12453,108,2033,1680,90,114.86666666666666,291,1.5,0.8
exp5_stow1.5_walk0.8,outside_in,baseline,12453,108,1299,1086,0,33.88333333333333,91,1.5,0.8
exp5_stow1.5_walk0.8,steffen,baseline,12453,108,782,1109,0,13.866666666666667,54,1.5,0.8
exp5_stow1.5_walk0.8,random,baseline,12454,109,1596,1112,81,45.77777777777778,133,1.5,0.8
exp5_stow1.5_walk0.8,back_to_front,baseline,12454,109,2365,1768,87,140.66666666666666,314,1.5,0.8
exp5_stow1.5_walk0.8,outside_in,baseline,12454,109,1442,1053,0,37.022222222222226,103,1.5,0.8
exp5_stow1.5_walk0.8,steffen,baseline,12454,109,793,1270,0,16.538888888888888,66,1.5,0.8
exp5_stow1.5_walk0.8,random,baseline,12455,110,1593,1133,107,48.80555555555556,152,1.5,0.8
exp5_stow1.5_walk0.8,back_to_front,baseline,12455,110,2097,1841,91,126.63333333333334,359,1.5,0.8
exp5_stow1.5_walk0.8,outside_in,baseline,12455,110,1292,985,0,36.483333333333334,97,1.5,0.8
exp5_stow1.5_walk0.8,steffen,baseline,12455,110,774,1413,0,16.255555555555556,55,1.5,0.8
exp5_stow1.5_walk0.8,random,baseline,12456,111,1454,1013,99,39.00555555555555,121,1.5,0.8
exp5_stow1.5_walk0.8,back_to_front,baseline,12456,111,2029,1781,88,119.2,317,1.5,0.8
exp5_stow1.5_walk0.8,outside_in,baseline,12456,111,1276,1104,0,35.87777777777778,124,1.5,0.8
exp5_stow1.5_walk0.8,steffen,baseline,12456,111,786,1281,0,14.744444444444444,65,1.5,0.8
exp5_stow1.5_walk0.8,random,baseline,12457,112,1524,1085,98,44.12222222222222,121,1.5,0.8
exp5_stow1.5_walk0.8,back_to_front,baseline,12457,112,1963,1687,92,112.12777777777778,309,1.5,0.8
exp5_stow1.5_walk0.8,outside_in,baseline,12457,112,1355,1016,0,36.022222222222226,104,1.5,0.8
exp5_stow1.5_walk0.8,steffen,baseline,12457,112,782,1201,0,14.8,63,1.5,0.8
exp5_stow1.5_walk0.8,random,baseline,12458,113,1505,1092,90,50.022222222222226,146,1.5,0.8
exp5_stow1.5_walk0.8,back_to_front,baseline,12458,113,1883,1729,81,102.14444444444445,239,1.5,0.8
exp5_stow1.5_walk0.8,outside_in,baseline,12458,113,1253,1129,0,36.63333333333333,110,1.5,0.8
exp5_stow1.5_walk0.8,steffen,baseline,12458,113,801,1344,0,14.833333333333334,54,1.5,0.8
exp5_stow1.5_walk0.8,random,baseline,12459,114,1461,1011,83,48.59444444444444,158,1.5,0.8
exp5_stow1.5_walk0.8,back_to_front,baseline,12459,114,1988,1751,94,113.38333333333334,273,1.5,0.8
exp5_stow1.5_walk0.8,outside_in,baseline,12459,114,1335,1056,0,39.74444444444445,140,1.5,0.8
exp5_stow1.5_walk0.8,steffen,baseline,12459,114,749,1225,0,14.633333333333333,65,1.5,0.8
exp5_stow1.5_walk0.8,random,baseline,12460,115,1601,1165,88,45.76111111111111,115,1.5,0.8
exp5_stow1.5_walk0.8,back_to_front,baseline,12460,115,2056,1790,92,130.2888888888889,368,1.5,0.8
exp5_stow1.5_walk0.8,outside_in,baseline,12460,115,1270,1004,0,33.91111111111111,97,1.5,0.8
exp5_stow1.5_walk0.8,steffen,baseline,12460,115,760,1213,0,15.416666666666666,56,1.5,0.8
exp5_stow1.5_walk0.8,random,baseline,12461,116,1317,1044,70,35.16111111111111,102,1.5,0.8
exp5_stow1.5_walk0.8,back_to_front,baseline,12461,116,1844,1744,71,104.66111111111111,249,1.5,0.8
exp5_stow1.5_walk0.8,outside_in,baseline,12461,116,1225,994,0,29.538888888888888,99,1.5,0.8
exp5_stow1.5_walk0.8,steffen,baseline,12461,116,725,1308,0,15.05,64,1.5,0.8
exp5_stow1.5_walk0.8,random,baseline,12462,117,1487,1175,89,46.1,152,1.5,0.8
exp5_stow1.5_walk0.8,back_to_front,baseline,12462,117,2011,1816,105,116.87222222222222,294,1.5,0.8
exp5_stow1.5_walk0.8,outside_in,baseline,12462,117,1312,1091,0,36.36666666666667,122,1.5,0.8
exp5_stow1.5_walk0.8,steffen,baseline,12462,117,736,1301,0,14.411111111111111,62,1.5,0.8
exp5_stow1.5_walk0.8,random,baseline,12463,118,1417,1160,85,43.4,124,1.5,0.8
exp5_stow1.5_walk0.8,back_to_front,baseline,12463,118,1968,1823,94,115.27777777777777,285,1.5,0.8
exp5_stow1.5_walk0.8,outside_in,baseline,12463,118,1269,1091,0,33.95,105,1.5,0.8
exp5_stow1.5_walk0.8,steffen,baseline,12463,118,774,1299,0,16.444444444444443,65,1.5,0.8
exp5_stow1.5_walk0.8,random,baseline,12464,119,1472,1072,89,46.266666666666666,191,1.5,0.8
exp5_stow1.5_walk0.8,back_to_front,baseline,12464,119,2202,1721,101,124.46111111111111,281,1.5,0.8
exp5_stow1.5_walk0.8,outside_in,baseline,12464,119,1220,1121,0,33.483333333333334,99,1.5,0.8
exp5_stow1.5_walk0.8,steffen,baseline,12464,119,778,1245,0,14.794444444444444,53,1.5,0.8
exp5_stow1.5_walk0.8,random,baseline,12465,120,1412,984,94,40.53888888888889,139,1.5,0.8
exp5_stow1.5_walk0.8,back_to_front,baseline,12465,120,1884,1760,87,101.91666666666667,304,1.5,0.8
exp5_stow1.5_walk0.8,outside_in,baseline,12465,120,1347,1014,0,30.45,114,1.5,0.8
exp5_stow1.5_walk0.8,steffen,baseline,12465,120,773,1258,0,14.922222222222222,60,1.5,0.8
exp5_stow1.5_walk0.8,random,baseline,12466,121,1412,1139,70,43.08888888888889,126,1.5,0.8
exp5_stow1.5_walk0.8,back_to_front,baseline,12466,121,1840,1704,96,108.42777777777778,282,1.5,0.8
exp5_stow1.5_walk0.8,outside_in,baseline,12466,121,1315,1007,0,37.4,140,1.5,0.8
exp5_stow1.5_walk0.8,steffen,baseline,12466,121,731,1304,0,15.266666666666667,68,1.5,0.8
exp5_stow1.5_walk0.8,random,baseline,12467,122,1554,1203,98,49.31666666666667,141,1.5,0.8
exp5_stow1.5_walk0.8,back_to_front,baseline,12467,122,2036,1829,85,119.25555555555556,315,1.5,0.8
exp5_stow1.5_walk0.8,outside_in,baseline,12467,122,1265,1107,0,35.172222222222224,99,1.5,0.8
exp5_stow1.5_walk0.8,steffen,baseline,12467,122,758,1281,0,15.183333333333334,65,1.5,0.8
exp5_stow1.5_walk0.8,random,baseline,12468,123,1532,1014,98,39.43333333333333,122,1.5,0.8
exp5_stow1.5_walk0.8,back_to_front,baseline,12468,123,1904,1718,86,107.01666666666667,330,1.5,0.8
exp5_stow1.5_walk0.8,outside_in,baseline,12468,123,1285,993,0,31.644444444444446,105,1.5,0.8
exp5_stow1.5_walk0.8,steffen,baseline,12468,123,778,1450,0,16.644444444444446,61,1.5,0.8
exp5_stow1.5_walk0.8,random,baseline,12469,124,1561,1117,98,46.077777777777776,138,1.5,0.8
exp5_stow1.5_walk0.8,back_to_front,baseline,12469,124,2022,1840,83,126.78333333333333,325,1.5,0.8
exp5_stow1.5_walk0.8,outside_in,baseline,12469,124,1334,1035,0,36.72222222222222,135,1.5,0.8
exp5_stow1.5_walk0.8,steffen,baseline,12469,124,760,1148,0,14.088888888888889,58,1.5,0.8
exp5_stow1.5_walk0.8,random,baseline,12470,125,1347,1028,86,42.28333333333333,140,1.5,0.8
exp5_stow1.5_walk0.8,back_to_front,baseline,12470,125,1940,1626,78,107.97777777777777,284,1.5,0.8
exp5_stow1.5_walk0.8,outside_in,baseline,12470,125,1194,1037,0,30.16111111111111,113,1.5,0.8
exp5_stow1.5_walk0.8,steffen,baseline,12470,125,754,1126,0,14.205555555555556,56,1.5,0.8
exp5_stow1.5_walk0.8,random,baseline,12471,126,1695,1091,87,50.772222222222226,146,1.5,0.8
exp5_stow1.5_walk0.8,back_to_front,baseline,12471,126,1956,1723,98,109.66111111111111,281,1.5,0.8
exp5_stow1.5_walk0.8,outside_in,baseline,12471,126,1375,915,0,35.772222222222226,111,1.5,0.8
exp5_stow1.5_walk0.8,steffen,baseline,12471,126,808,1215,0,16.266666666666666,73,1.5,0.8
exp5_stow1.5_walk0.8,random,baseline,12472,127,1526,1157,87,42.43333333333333,136,1.5,0.8
exp5_stow1.5_walk0.8,back_to_front,baseline,12472,127,2028,1758,100,115.81111111111112,315,1.5,0.8
exp5_stow1.5_walk0.8,outside_in,baseline,12472,127,1366,1059,0,35.61666666666667,94,1.5,0.8
exp5_stow1.5_walk0.8,steffen,baseline,12472,127,799,1311,0,15.65,70,1.5,0.8
exp5_stow1.5_walk0.8,random,baseline,12473,128,1516,1128,89,52.227777777777774,166,1.5,0.8
exp5_stow1.5_walk0.8,back_to_front,baseline,12473,128,2115,1771,89,125.68888888888888,326,1.5,0.8
exp5_stow1.5_walk0.8,outside_in,baseline,12473,128,1372,963,0,35.833333333333336,125,1.5,0.8
exp5_stow1.5_walk0.8,steffen,baseline,12473,128,757,1367,0,16.016666666666666,65,1.5,0.8
exp5_stow1.5_walk0.8,random,baseline,12474,129,1341,1033,82,40.611111111111114,131,1.5,0.8
exp5_stow1.5_walk0.8,back_to_front,baseline,12474,129,1824,1774,89,105.4888888888889,258,1.5,0.8
exp5_stow1.5_walk0.8,outside_in,baseline,12474,129,1237,1048,0,37.394444444444446,100,1.5,0.8
exp5_stow1.5_walk0.8,steffen,baseline,12474,129,715,1376,0,15.977777777777778,58,1.5,0.8
exp5_stow1.5_walk0.8,random,baseline,12475,130,1576,1129,98,49.93333333333333,168,1.5,0.8
exp5_stow1.5_walk0.8,back_to_front,baseline,12475,130,1976,1820,94,115.59444444444445,273,1.5,0.8
exp5_stow1.5_walk0.8,outside_in,baseline,12475,130,1322,1052,0,40.583333333333336,118,1.5,0.8
exp5_stow1.5_walk0.8,steffen,baseline,12475,130,763,1148,0,15.233333333333333,61,1.5,0.8
exp5_stow1.5_walk0.8,random,baseline,12476,131,1649,1095,84,49.888888888888886,204,1.5,0.8
exp5_stow1.5_walk0.8,back_to_front,baseline,12476,131,2062,1724,102,114.87222222222222,303,1.5,0.8
exp5_stow1.5_walk0.8,outside_in,baseline,12476,131,1421,1041,0,40.644444444444446,117,1.5,0.8
exp5_stow1.5_walk0.8,steffen,baseline,12476,131,765,924,0,12.9,52,1.5,0.8
exp5_stow1.5_walk0.8,random,baseline,12477,132,1551,1122,96,47.766666666666666,131,1.5,0.8
exp5_stow1.5_walk0.8,back_to_front,baseline,12477,132,1925,1755,92,113.33333333333333,297,1.5,0.8
exp5_stow1.5_walk0.8,outside_in,baseline,12477,132,1365,1076,0,43.68333333333333,152,1.5,0.8
exp5_stow1.5_walk0.8,steffen,baseline,12477,132,752,1159,0,14.011111111111111,60,1.5,0.8
exp5_stow1.5_walk0.8,random,baseline,12478,133,1401,1093,88,42.21666666666667,148,1.5,0.8
exp5_stow1.5_walk0.8,back_to_front,baseline,12478,133,1903,1748,87,115.9,322,1.5,0.8
exp5_stow1.5_walk0.8,outside_in,baseline,12478,133,1278,968,0,35.26111111111111,120,1.5,0.8
exp5_stow1.5_walk0.8,steffen,baseline,12478,133,766,1274,0,14.877777777777778,62,1.5,0.8
exp5_stow1.5_walk0.8,random,baseline,12479,134,1498,1024,86,39.455555555555556,130,1.5,0.8
exp5_stow1.5_walk0.8,back_to_front,baseline,12479,134,1866,1790,91,98.9,262,1.5,0.8
exp5_stow1.5_walk0.8,outside_in,baseline,12479,134,1354,1155,0,36.605555555555554,91,1.5,0.8
exp5_stow1.5_walk0.8,steffen,baseline,12479,134,797,1419,0,17.055555555555557,76,1.5,0.8
exp5_stow1.5_walk0.8,random,baseline,12480,135,1515,1062,82,48.81111111111111,152,1.5,0.8
exp5_stow1.5_walk0.8,back_to_front,baseline,12480,135,1963,1751,94,115.95,292,1.5,0.8
exp5_stow1.5_walk0.8,outside_in,baseline,12480,135,1276,1071,0,33.977777777777774,143,1.5,0.8
exp5_stow1.5_walk0.8,steffen,baseline,12480,135,736,1216,0,13.688888888888888,57,1.5,0.8
exp5_stow1.5_walk0.8,random,baseline,12481,136,1613,1019,87,56.477777777777774,172,1.5,0.8
exp5_stow1.5_walk0.8,back_to_front,baseline,12481,136,2165,1702,86,122.66111111111111,325,1.5,0.8
exp5_stow1.5_walk0.8,outside_in,baseline,12481,136,1374,1056,0,37.37222222222222,114,1.5,0.8
exp5_stow1.5_walk0.8,steffen,baseline,12481,136,792,1242,0,15.238888888888889,55,1.5,0.8
exp5_stow1.5_walk0.8,random,baseline,12482,137,1446,863,95,36.18888888888889,104,1.5,0.8
exp5_stow1.5_walk0.8,back_to_front,baseline,12482,137,2081,1928,94,125.11666666666666,385,1.5,0.8
exp5_stow1.5_walk0.8,outside_in,baseline,12482,137,1303,1053,0,34.272222222222226,144,1.5,0.8
exp5_stow1.5_walk0.8,steffen,baseline,12482,137,755,1449,0,16.11111111111111,85,1.5,0.8
exp5_stow1.5_walk0.8,random,baseline,12483,138,1564,1205,103,49.53333333333333,174,1.5,0.8
exp5_stow1.5_walk0.8,back_to_front,baseline,12483,138,1933,1776,87,105.08333333333333,266,1.5,0.8
exp5_stow1.5_walk0.8,outside_in,baseline,12483,138,1357,886,0,34.08888888888889,103,1.5,0.8
exp5_stow1.5_walk0.8,steffen,baseline,12483,138,744,1139,0,14.377777777777778,49,1.5,0.8
exp5_stow1.5_walk0.8,random,baseline,12484,139,1474,1007,88,35.87222222222222,113,1.5,0.8
exp5_stow1.5_walk0.8,back_to_front,baseline,12484,139,1897,1599,99,105.98333333333333,303,1.5,0.8
exp5_stow1.5_walk0.8,outside_in,baseline,12484,139,1398,1056,0,36.3,105,1.5,0.8
exp5_stow1.5_walk0.8,steffen,baseline,12484,139,753,1238,0,15.5,58,1.5,0.8
exp5_stow1.5_walk0.8,random,baseline,12485,140,1435,1124,85,45.044444444444444,124,1.5,0.8
exp5_stow1.5_walk0.8,back_to_front,baseline,12485,140,1854,1718,89,109.35555555555555,323,1.5,0.8
exp5_stow1.5_walk0.8,outside_in,baseline,12485,140,1298,1020,0,36.205555555555556,124,1.5,0.8
exp5_stow1.5_walk0.8,steffen,baseline,12485,140,731,1210,0,14.977777777777778,86,1.5,0.8
exp5_stow1.5_walk0.8,random,baseline,12486,141,1469,1120,98,44.22222222222222,143,1.5,0.8
exp5_stow1.5_walk0.8,back_to_front,baseline,12486,141,2039,1780,91,112.21111111111111,296,1.5,0.8
exp5_stow1.5_walk0.8,outside_in,baseline,12486,141,1325,1163,0,39.81666666666667,119,1.5,0.8
exp5_stow1.5_walk0.8,steffen,baseline,12486,141,748,1280,0,15.766666666666667,67,1.5,0.8
exp5_stow1.5_walk0.8,random,baseline,12487,142,1501,999,80,39.88333333333333,147,1.5,0.8
exp5_stow1.5_walk0.8,back_to_front,baseline,12487,142,1876,1817,95,99.0111111111111,239,1.5,0.8
exp5_stow1.5_walk0.8,outside_in,baseline,12487,142,1257,1092,0,30.594444444444445,102,1.5,0.8
exp5_stow1.5_walk0.8,steffen,baseline,12487,142,783,1237,0,14.027777777777779,50,1.5,0.8
exp5_stow1.5_walk0.8,random,baseline,12488,143,1437,1077,84,46.0,170,1.5,0.8
exp5_stow1.5_walk0.8,back_to_front,baseline,12488,143,2099,1855,95,124.05555555555556,317,1.5,0.8
exp5_stow1.5_walk0.8,outside_in,baseline,12488,143,1349,1124,0,41.455555555555556,123,1.5,0.8
exp5_stow1.5_walk0.8,steffen,baseline,12488,143,754,1391,0,15.622222222222222,71,1.5,0.8
exp5_stow1.5_walk0.8,random,baseline,12489,144,1459,1209,82,50.02777777777778,171,1.5,0.8
exp5_stow1.5_walk0.8,back_to_front,baseline,12489,144,2034,1851,86,126.28888888888889,338,1.5,0.8
exp5_stow1.5_walk0.8,outside_in,baseline,12489,144,1190,1109,0,33.42777777777778,100,1.5,0.8
exp5_stow1.5_walk0.8,steffen,baseline,12489,144,769,1260,0,14.988888888888889,61,1.5,0.8
exp5_stow1.5_walk0.8,random,baseline,12490,145,1391,1160,84,44.33888888888889,110,1.5,0.8
exp5_stow1.5_walk0.8,back_to_front,baseline,12490,145,2053,1779,91,121.59444444444445,242,1.5,0.8
exp5_stow1.5_walk0.8,outside_in,baseline,12490,145,1303,1098,0,42.63333333333333,126,1.5,0.8
exp5_stow1.5_walk0.8,steffen,baseline,12490,145,744,1181,0,14.405555555555555,57,1.5,0.8
exp5_stow1.5_walk0.8,random,baseline,12491,146,1625,1101,88,45.85,148,1.5,0.8
exp5_stow1.5_walk0.8,back_to_front,baseline,12491,146,1930,1683,92,101.75,249,1.5,0.8
exp5_stow1.5_walk0.8,outside_in,baseline,12491,146,1276,954,0,30.644444444444446,86,1.5,0.8
exp5_stow1.5_walk0.8,steffen,baseline,12491,146,789,1202,0,15.922222222222222,58,1.5,0.8
exp5_stow1.5_walk0.8,random,baseline,12492,147,1426,1200,94,47.516666666666666,130,1.5,0.8
exp5_stow1.5_walk0.8,back_to_front,baseline,12492,147,1883,1807,89,110.10555555555555,265,1.5,0.8
exp5_stow1.5_walk0.8,outside_in,baseline,12492,147,1250,1113,0,36.644444444444446,134,1.5,0.8
exp5_stow1.5_walk0.8,steffen,baseline,12492,147,767,1330,0,16.177777777777777,74,1.5,0.8
exp5_stow1.5_walk0.8,random,baseline,12493,148,1461,1053,97,46.78333333333333,152,1.5,0.8
exp5_stow1.5_walk0.8,back_to_front,baseline,12493,148,1939,1705,93,105.06666666666666,294,1.5,0.8
exp5_stow1.5_walk0.8,outside_in,baseline,12493,148,1290,1123,0,38.333333333333336,112,1.5,0.8
exp5_stow1.5_walk0.8,steffen,baseline,12493,148,749,1311,0,14.422222222222222,55,1.5,0.8
exp5_stow1.5_walk0.8,random,baseline,12494,149,1460,1087,98,44.13333333333333,137,1.5,0.8
exp5_stow1.5_walk0.8,back_to_front,baseline,12494,149,1898,1854,83,114.45,348,1.5,0.8
exp5_stow1.5_walk0.8,outside_in,baseline,12494,149,1233,1111,0,34.644444444444446,105,1.5,0.8
exp5_stow1.5_walk0.8,steffen,baseline,12494,149,764,1255,0,14.744444444444444,61,1.5,0.8
exp5_stow1.5_walk0.8,random,baseline,12495,150,1493,1159,105,44.03333333333333,114,1.5,0.8
exp5_stow1.5_walk0.8,back_to_front,baseline,12495,150,2046,1766,88,119.10555555555555,278,1.5,0.8
exp5_stow1.5_walk0.8,outside_in,baseline,12495,150,1349,1093,0,41.56111111111111,129,1.5,0.8
exp5_stow1.5_walk0.8,steffen,baseline,12495,150,719,1349,0,14.716666666666667,48,1.5,0.8
exp5_stow1.5_walk0.8,random,baseline,12496,151,1469,1203,96,46.31111111111111,131,1.5,0.8
exp5_stow1.5_walk0.8,back_to_front,baseline,12496,151,1869,1747,90,110.9,265,1.5,0.8
exp5_stow1.5_walk0.8,outside_in,baseline,12496,151,1243,1138,0,36.42777777777778,109,1.5,0.8
exp5_stow1.5_walk0.8,steffen,baseline,12496,151,735,1333,0,15.166666666666666,54,1.5,0.8
exp5_stow1.5_walk0.8,random,baseline,12497,152,1475,1098,89,38.0,119,1.5,0.8
exp5_stow1.5_walk0.8,back_to_front,baseline,12497,152,1954,1738,93,103.85,246,1.5,0.8
exp5_stow1.5_walk0.8,outside_in,baseline,12497,152,1324,1008,0,32.08888888888889,85,1.5,0.8
exp5_stow1.5_walk0.8,steffen,baseline,12497,152,777,1439,0,16.08888888888889,49,1.5,0.8
exp5_stow1.5_walk0.8,random,baseline,12498,153,1452,1038,96,41.58888888888889,151,1.5,0.8
exp5_stow1.5_walk0.8,back_to_front,baseline,12498,153,1855,1825,88,110.05,333,1.5,0.8
exp5_stow1.5_walk0.8,outside_in,baseline,12498,153,1276,1143,0,41.044444444444444,154,1.5,0.8
exp5_stow1.5_walk0.8,steffen,baseline,12498,153,714,1389,0,16.255555555555556,58,1.5,0.8
exp5_stow1.5_walk0.8,random,baseline,12499,154,1546,1190,91,44.12222222222222,148,1.5,0.8
exp5_stow1.5_walk0.8,back_to_front,baseline,12499,154,1972,1794,86,111.62222222222222,255,1.5,0.8
exp5_stow1.5_walk0.8,outside_in,baseline,12499,154,1330,1146,0,37.172222222222224,108,1.5,0.8
exp5_stow1.5_walk0.8,steffen,baseline,12499,154,787,1322,0,16.761111111111113,71,1.5,0.8
exp5_stow1.5_walk0.8,random,baseline,12500,155,1474,1114,91,44.144444444444446,127,1.5,0.8
exp5_stow1.5_walk0.8,back_to_front,baseline,12500,155,1923,1695,87,107.51666666666667,276,1.5,0.8
exp5_stow1.5_walk0.8,outside_in,baseline,12500,155,1225,1074,0,33.7,112,1.5,0.8
exp5_stow1.5_walk0.8,steffen,baseline,12500,155,769,1205,0,15.488888888888889,74,1.5,0.8
exp5_stow1.5_walk0.8,random,baseline,12501,156,1486,1021,82,41.68333333333333,148,1.5,0.8
exp5_stow1.5_walk0.8,back_to_front,baseline,12501,156,2285,1771,89,148.14444444444445,353,1.5,0.8
exp5_stow1.5_walk0.8,outside_in,baseline,12501,156,1320,1093,0,46.05555555555556,134,1.5,0.8
exp5_stow1.5_walk0.8,steffen,baseline,12501,156,739,1272,0,15.988888888888889,66,1.5,0.8
exp5_stow1.5_walk0.8,random,baseline,12502,157,1446,972,101,39.61666666666667,137,1.5,0.8
exp5_stow1.5_walk0.8,back_to_front,baseline,12502,157,1967,1805,87,114.71666666666667,351,1.5,0.8
exp5_stow1.5_walk0.8,outside_in,baseline,12502,157,1234,1121,0,35.24444444444445,118,1.5,0.8
exp5_stow1.5_walk0.8,steffen,baseline,12502,157,731,1150,0,13.844444444444445,43,1.5,0.8
exp5_stow1.5_walk0.8,random,baseline,12503,158,1526,980,98,41.172222222222224,124,1.5,0.8
exp5_stow1.5_walk0.8,back_to_front,baseline,12503,158,1982,1834,84,111.09444444444445,276,1.5,0.8
exp5_stow1.5_walk0.8,outside_in,baseline,12503,158,1378,1089,0,38.483333333333334,151,1.5,0.8
exp5_stow1.5_walk0.8,steffen,baseline,12503,158,803,1262,0,15.155555555555555,55,1.5,0.8
exp5_stow1.5_walk0.8,random,baseline,12504,159,1529,1111,72,43.53333333333333,163,1.5,0.8
exp5_stow1.5_walk0.8,back_to_front,baseline,12504,159,2140,1804,113,133.23888888888888,399,1.5,0.8
exp5_stow1.5_walk0.8,outside_in,baseline,12504,159,1333,995,0,35.69444444444444,113,1.5,0.8
exp5_stow1.5_walk0.8,steffen,baseline,12504,159,752,1186,0,15.261111111111111,90,1.5,0.8
exp5_stow1.5_walk0.8,random,baseline,12505,160,1490,1107,89,42.666666666666664,135,1.5,0.8
exp5_stow1.5_walk0.8,back_to_front,baseline,12505,160,2093,1821,105,118.24444444444444,248,1.5,0.8
exp5_stow1.5_walk0.8,outside_in,baseline,12505,160,1337,1064,0,31.516666666666666,103,1.5,0.8
exp5_stow1.5_walk0.8,steffen,baseline,12505,160,771,1352,0,16.116666666666667,64,1.5,0.8
exp5_stow1.5_walk0.8,random,baseline,12506,161,1481,1089,90,40.766666666666666,122,1.5,0.8
exp5_stow1.5_walk0.8,back_to_front,baseline,12506,161,2024,1771,98,123.08888888888889,309,1.5,0.8
exp5_stow1.5_walk0.8,outside_in,baseline,12506,161,1268,1203,0,36.94444444444444,118,1.5,0.8
exp5_stow1.5_walk0.8,steffen,baseline,12506,161,761,1321,0,14.844444444444445,72,1.5,0.8
exp5_stow1.5_walk0.8,random,baseline,12507,162,1480,1089,95,40.18888888888889,143,1.5,0.8
exp5_stow1.5_walk0.8,back_to_front,baseline,12507,162,1964,1807,93,108.35555555555555,270,1.5,0.8
exp5_stow1.5_walk0.8,outside_in,baseline,12507,162,1428,963,0,34.48888888888889,108,1.5,0.8
exp5_stow1.5_walk0.8,steffen,baseline,12507,162,769,1303,0,15.222222222222221,61,1.5,0.8
exp5_stow1.5_walk0.8,random,baseline,12508,163,1400,1108,80,40.21666666666667,120,1.5,0.8
exp5_stow1.5_walk0.8,back_to_front,baseline,12508,163,2023,1912,86,126.7,317,1.5,0.8
exp5_stow1.5_walk0.8,outside_in,baseline,12508,163,1262,1112,0,31.977777777777778,121,1.5,0.8
exp5_stow1.5_walk0.8,steffen,baseline,12508,163,720,1506,0,15.411111111111111,66,1.5,0.8
exp5_stow1.5_walk0.8,random,baseline,12509,164,1497,1100,81,45.1,127,1.5,0.8
exp5_stow1.5_walk0.8,back_to_front,baseline,12509,164,1934,1774,90,116.79444444444445,289,1.5,0.8
exp5_stow1.5_walk0.8,outside_in,baseline,12509,164,1238,1195,0,41.105555555555554,115,1.5,0.8
exp5_stow1.5_walk0.8,steffen,baseline,12509,164,762,1143,0,13.983333333333333,56,1.5,0.8
exp5_stow1.5_walk0.8,random,baseline,12510,165,1521,1214,97,42.44444444444444,156,1.5,0.8
exp5_stow1.5_walk0.8,back_to_front,baseline,12510,165,2207,1865,86,127.12222222222222,314,1.5,0.8
exp5_stow1.5_walk0.8,outside_in,baseline,12510,165,1347,1055,0,39.56666666666667,123,1.5,0.8
exp5_stow1.5_walk0.8,steffen,baseline,12510,165,810,1419,0,16.477777777777778,62,1.5,0.8
exp5_stow1.5_walk0.8,random,baseline,12511,166,1604,1066,97,49.733333333333334,146,1.5,0.8
exp5_stow1.5_walk0.8,back_to_front,baseline,12511,166,1926,1743,85,104.19444444444444,249,1.5,0.8
exp5_stow1.5_walk0.8,outside_in,baseline,12511,166,1366,1259,0,42.25,144,1.5,0.8
exp5_stow1.5_walk0.8,steffen,baseline,12511,166,771,1199,0,15.03888888888889,54,1.5,0.8
exp5_stow1.5_walk0.8,random,baseline,12512,167,1469,1026,102,38.68888888888889,127,1.5,0.8
exp5_stow1.5_walk0.8,back_to_front,baseline,12512,167,2059,1713,93,114.17222222222222,269,1.5,0.8
exp5_stow1.5_walk0.8,outside_in,baseline,12512,167,1402,921,0,34.955555555555556,109,1.5,0.8
exp5_stow1.5_walk0.8,steffen,baseline,12512,167,784,1142,0,14.011111111111111,56,1.5,0.8
exp5_stow1.5_walk0.8,random,baseline,12513,168,1465,994,89,34.8,124,1.5,0.8
exp5_stow1.5_walk0.8,back_to_front,baseline,12513,168,1886,1692,84,108.83888888888889,300,1.5,0.8
exp5_stow1.5_walk0.8,outside_in,baseline,12513,168,1221,1105,0,37.06666666666667,112,1.5,0.8
exp5_stow1.5_walk0.8,steffen,baseline,12513,168,772,1296,0,15.677777777777777,72,1.5,0.8
exp5_stow1.5_walk0.8,random,baseline,12514,169,1586,1076,84,46.30555555555556,166,1.5,0.8
exp5_stow1.5_walk0.8,back_to_front,baseline,12514,169,1982,1718,98,113.04444444444445,344,1.5,0.8
exp5_stow1.5_walk0.8,outside_in,baseline,12514,169,1304,1169,0,39.52777777777778,124,1.5,0.8
exp5_stow1.5_walk0.8,steffen,baseline,12514,169,796,1303,0,15.805555555555555,68,1.5,0.8
exp5_stow1.5_walk0.8,random,baseline,12515,170,1321,1070,93,42.81666666666667,144,1.5,0.8
exp5_stow1.5_walk0.8,back_to_front,baseline,12515,170,1944,1874,83,120.05,321,1.5,0.8
exp5_stow1.5_walk0.8,outside_in,baseline,12515,170,1196,1142,0,37.022222222222226,106,1.5,0.8
exp5_stow1.5_walk0.8,steffen,baseline,12515,170,719,1152,0,14.011111111111111,66,1.5,0.8
exp5_stow1.5_walk0.8,random,baseline,12516,171,1359,1021,77,36.97222222222222,109,1.5,0.8
exp5_stow1.5_walk0.8,back_to_front,baseline,12516,171,1942,1671,92,115.4888888888889,295,1.5,0.8
exp5_stow1.5_walk0.8,outside_in,baseline,12516,171,1124,1017,0,28.55,98,1.5,0.8
exp5_stow1.5_walk0.8,steffen,baseline,12516,171,747,1117,0,13.25,61,1.5,0.8
exp5_stow1.5_walk0.8,random,baseline,12517,172,1530,1014,98,42.144444444444446,147,1.5,0.8
exp5_stow1.5_walk0.8,back_to_front,baseline,12517,172,1946,1801,72,109.35,272,1.5,0.8
exp5_stow1.5_walk0.8,outside_in,baseline,12517,172,1266,1020,0,30.461111111111112,106,1.5,0.8
exp5_stow1.5_walk0.8,steffen,baseline,12517,172,756,1205,0,13.677777777777777,55,1.5,0.8
exp5_stow1.5_walk0.8,random,baseline,12518,173,1573,1099,85,48.21666666666667,171,1.5,0.8
exp5_stow1.5_walk0.8,back_to_front,baseline,12518,173,1931,1833,72,110.6,249,1.5,0.8
exp5_stow1.5_walk0.8,outside_in,baseline,12518,173,1321,1096,0,41.888888888888886,109,1.5,0.8
exp5_stow1.5_walk0.8,steffen,baseline,12518,173,748,1217,0,15.1,57,1.5,0.8
exp5_stow1.5_walk0.8,random,baseline,12519,174,1469,1033,84,39.727777777777774,121,1.5,0.8
exp5_stow1.5_walk0.8,back_to_front,baseline,12519,174,2073,1843,107,126.71111111111111,308,1.5,0.8
exp5_stow1.5_walk0.8,outside_in,baseline,12519,174,1263,984,0,37.86666666666667,112,1.5,0.8
exp5_stow1.5_walk0.8,steffen,baseline,12519,174,758,1277,0,15.083333333333334,68,1.5,0.8
exp5_stow1.5_walk0.8,random,baseline,12520,175,1351,1058,78,40.3,115,1.5,0.8
exp5_stow1.5_walk0.8,back_to_front,baseline,12520,175,2006,1691,90,116.56111111111112,321,1.5,0.8
exp5_stow1.5_walk0.8,outside_in,baseline,12520,175,1196,1226,0,38.01111111111111,139,1.5,0.8
exp5_stow1.5_walk0.8,steffen,baseline,12520,175,752,1203,0,13.605555555555556,59,1.5,0.8
exp5_stow1.5_walk0.8,random,baseline,12521,176,1564,1071,89,43.61666666666667,144,1.5,0.8
exp5_stow1.5_walk0.8,back_to_front,baseline,12521,176,2154,1684,99,123.33333333333333,336,1.5,0.8
exp5_stow1.5_walk0.8,outside_in,baseline,12521,176,1474,962,0,34.71666666666667,110,1.5,0.8
exp5_stow1.5_walk0.8,steffen,baseline,12521,176,810,1035,0,14.877777777777778,62,1.5,0.8
exp5_stow1.5_walk0.8,random,baseline,12522,177,1473,1222,93,42.65,136,1.5,0.8
exp5_stow1.5_walk0.8,back_to_front,baseline,12522,177,1777,1721,80,95.15,196,1.5,0.8
exp5_stow1.5_walk0.8,outside_in,baseline,12522,177,1288,996,0,34.483333333333334,121,1.5,0.8
exp5_stow1.5_walk0.8,steffen,baseline,12522,177,735,1284,0,14.327777777777778,57,1.5,0.8
exp5_stow1.5_walk0.8,random,baseline,12523,178,1578,990,92,46.016666666666666,128,1.5,0.8
exp5_stow1.5_walk0.8,back_to_front,baseline,12523,178,1905,1672,91,105.91666666666667,247,1.5,0.8
exp5_stow1.5_walk0.8,outside_in,baseline,12523,178,1313,1055,0,39.855555555555554,122,1.5,0.8
exp5_stow1.5_walk0.8,steffen,baseline,12523,178,764,1166,0,14.055555555555555,63,1.5,0.8
exp5_stow1.5_walk0.8,random,baseline,12524,179,1483,1068,83,44.75555555555555,150,1.5,0.8
exp5_stow1.5_walk0.8,back_to_front,baseline,12524,179,2102,1623,85,113.58333333333333,277,1.5,0.8
exp5_stow1.5_walk0.8,outside_in,baseline,12524,179,1210,1150,0,35.84444444444444,117,1.5,0.8
exp5_stow1.5_walk0.8,steffen,baseline,12524,179,769,1357,0,16.094444444444445,59,1.5,0.8
exp5_stow1.5_walk0.8,random,baseline,12525,180,1514,1053,100,43.45,137,1.5,0.8
exp5_stow1.5_walk0.8,back_to_front,baseline,12525,180,1897,1801,80,113.06111111111112,314,1.5,0.8
exp5_stow1.5_walk0.8,outside_in,baseline,12525,180,1242,1097,0,31.77777777777778,122,1.5,0.8
exp5_stow1.5_walk0.8,steffen,baseline,12525,180,786,1245,0,13.694444444444445,53,1.5,0.8
exp5_stow1.5_walk0.8,random,baseline,12526,181,1397,1079,88,41.355555555555554,109,1.5,0.8
exp5_stow1.5_walk0.8,back_to_front,baseline,12526,181,1956,1809,87,111.43888888888888,323,1.5,0.8
exp5_stow1.5_walk0.8,outside_in,baseline,12526,181,1260,1039,0,31.544444444444444,91,1.5,0.8
exp5_stow1.5_walk0.8,steffen,baseline,12526,181,772,1399,0,16.06111111111111,64,1.5,0.8
exp5_stow1.5_walk0.8,random,baseline,12527,182,1453,1047,104,40.18888888888889,150,1.5,0.8
exp5_stow1.5_walk0.8,back_to_front,baseline,12527,182,1952,1630,84,121.86666666666666,312,1.5,0.8
exp5_stow1.5_walk0.8,outside_in,baseline,12527,182,1206,1167,0,40.61666666666667,122,1.5,0.8
exp5_stow1.5_walk0.8,steffen,baseline,12527,182,731,1251,0,14.444444444444445,53,1.5,0.8
exp5_stow1.5_walk0.8,random,baseline,12528,183,1504,959,89,45.41111111111111,113,1.5,0.8
exp5_stow1.5_walk0.8,back_to_front,baseline,12528,183,2095,1818,95,128.12777777777777,355,1.5,0.8
exp5_stow1.5_walk0.8,outside_in,baseline,12528,183,1414,1038,0,38.93888888888889,145,1.5,0.8
exp5_stow1.5_walk0.8,steffen,baseline,12528,183,749,1401,0,16.483333333333334,87,1.5,0.8
exp5_stow1.5_walk0.8,random,baseline,12529,184,1478,1134,86,46.62777777777778,146,1.5,0.8
exp5_stow1.5_walk0.8,back_to_front,baseline,12529,184,2114,1745,106,121.8,276,1.5,0.8
exp5_stow1.5_walk0.8,outside_in,baseline,12529,184,1365,1053,0,35.18333333333333,143,1.5,0.8
exp5_stow1.5_walk0.8,steffen,baseline,12529,184,770,1278,0,15.161111111111111,52,1.5,0.8
exp5_stow1.5_walk0.8,random,baseline,12530,185,1411,1091,92,40.9,155,1.5,0.8
exp5_stow1.5_walk0.8,back_to_front,baseline,12530,185,1898,1759,74,104.55,256,1.5,0.8
exp5_stow1.5_walk0.8,outside_in,baseline,12530,185,1301,1035,0,33.63333333333333,97,1.5,0.8
exp5_stow1.5_walk0.8,steffen,baseline,12530,185,801,1327,0,15.483333333333333,72,1.5,0.8
exp5_stow1.5_walk0.8,random,baseline,12531,186,1469,924,89,34.55555555555556,108,1.5,0.8
exp5_stow1.5_walk0.8,back_to_front,baseline,12531,186,2089,1809,92,116.55,351,1.5,0.8
exp5_stow1.5_walk0.8,outside_in,baseline,12531,186,1310,1067,0,39.24444444444445,109,1.5,0.8
exp5_stow1.5_walk0.8,steffen,baseline,12531,186,767,1319,0,15.36111111111111,86,1.5,0.8
exp5_stow1.5_walk0.8,random,baseline,12532,187,1586,1088,104,45.55555555555556,139,1.5,0.8
exp5_stow1.5_walk0.8,back_to_front,baseline,12532,187,1943,1658,87,106.32777777777778,284,1.5,0.8
exp5_stow1.5_walk0.8,outside_in,baseline,12532,187,1210,1020,0,28.805555555555557,85,1.5,0.8
exp5_stow1.5_walk0.8,steffen,baseline,12532,187,758,1270,0,15.022222222222222,59,1.5,0.8
exp5_stow1.5_walk0.8,random,baseline,12533,188,1582,1120,89,50.91111111111111,145,1.5,0.8
exp5_stow1.5_walk0.8,back_to_front,baseline,12533,188,2158,1748,96,126.46666666666667,290,1.5,0.8
exp5_stow1.5_walk0.8,outside_in,baseline,12533,188,1334,1063,0,37.46666666666667,111,1.5,0.8
exp5_stow1.5_walk0.8,steffen,baseline,12533,188,839,1405,0,16.43888888888889,78,1.5,0.8
exp5_stow1.5_walk0.8,random,baseline,12534,189,1502,1115,87,41.18888888888889,120,1.5,0.8
exp5_stow1.5_walk0.8,back_to_front,baseline,12534,189,1913,1734,88,111.7611111111111,279,1.5,0.8
exp5_stow1.5_walk0.8,outside_in,baseline,12534,189,1264,1027,0,35.16111111111111,102,1.5,0.8
exp5_stow1.5_walk0.8,steffen,baseline,12534,189,737,1330,0,15.772222222222222,61,1.5,0.8
exp5_stow1.5_walk0.8,random,baseline,12535,190,1442,997,89,34.522222222222226,96,1.5,0.8
exp5_stow1.5_walk0.8,back_to_front,baseline,12535,190,2061,1864,94,115.30555555555556,308,1.5,0.8
exp5_stow1.5_walk0.8,outside_in,baseline,12535,190,1185,1005,0,28.322222222222223,88,1.5,0.8
exp5_stow1.5_walk0.8,steffen,baseline,12535,190,753,1200,0,14.1,53,1.5,0.8
exp5_stow1.5_walk0.8,random,baseline,12536,191,1549,1101,91,43.53333333333333,169,1.5,0.8
exp5_stow1.5_walk0.8,back_to_front,baseline,12536,191,2125,1708,84,117.62777777777778,293,1.5,0.8
exp5_stow1.5_walk0.8,outside_in,baseline,12536,191,1361,973,0,30.511111111111113,100,1.5,0.8
exp5_stow1.5_walk0.8,steffen,baseline,12536,191,783,1227,0,14.838888888888889,57,1.5,0.8
exp5_stow1.5_walk0.8,random,baseline,12537,192,1358,1008,89,38.81111111111111,129,1.5,0.8
exp5_stow1.5_walk0.8,back_to_front,baseline,12537,192,2007,1791,88,118.87222222222222,323,1.5,0.8
exp5_stow1.5_walk0.8,outside_in,baseline,12537,192,1263,1014,0,31.494444444444444,97,1.5,0.8
exp5_stow1.5_walk0.8,steffen,baseline,12537,192,748,1254,0,14.683333333333334,58,1.5,0.8
exp5_stow1.5_walk0.8,random,baseline,12538,193,1405,1121,85,45.111111111111114,128,1.5,0.8
exp5_stow1.5_walk0.8,back_to_front,baseline,12538,193,1693,1672,84,90.85,229,1.5,0.8
exp5_stow1.5_walk0.8,outside_in,baseline,12538,193,1360,1186,0,46.40555555555556,137,1.5,0.8
exp5_stow1.5_walk0.8,steffen,baseline,12538,193,724,1264,0,15.95,74,1.5,0.8
exp5_stow1.5_walk0.8,random,baseline,12539,194,1565,1115,90,46.827777777777776,146,1.5,0.8
exp5_stow1.5_walk0.8,back_to_front,baseline,12539,194,1995,1878,90,118.25555555555556,304,1.5,0.8
exp5_stow1.5_walk0.8,outside_in,baseline,12539,194,1363,1109,0,39.42777777777778,103,1.5,0.8
exp5_stow1.5_walk0.8,steffen,baseline,12539,194,781,1491,0,17.966666666666665,60,1.5,0.8
exp5_stow1.5_walk0.8,random,baseline,12540,195,1361,1218,88,48.705555555555556,160,1.5,0.8
exp5_stow1.5_walk0.8,back_to_front,baseline,12540,195,1953,1852,85,117.97777777777777,277,1.5,0.8
exp5_stow1.5_walk0.8,outside_in,baseline,12540,195,1312,1123,0,43.388888888888886,112,1.5,0.8
exp5_stow1.5_walk0.8,steffen,baseline,12540,195,743,1568,0,18.67222222222222,75,1.5,0.8
exp5_stow1.5_walk0.8,random,baseline,12541,196,1554,1165,89,49.36666666666667,146,1.5,0.8
exp5_stow1.5_walk0.8,back_to_front,baseline,12541,196,1922,1742,85,101.69444444444444,237,1.5,0.8
exp5_stow1.5_walk0.8,outside_in,baseline,12541,196,1313,1047,0,38.55,94,1.5,0.8
exp5_stow1.5_walk0.8,steffen,baseline,12541,196,754,1366,0,15.96111111111111,82,1.5,0.8
exp5_stow1.5_walk0.8,random,baseline,12542,197,1453,1223,78,51.98888888888889,192,1.5,0.8
exp5_stow1.5_walk0.8,back_to_front,baseline,12542,197,2147,1857,93,131.81666666666666,302,1.5,0.8
exp5_stow1.5_walk0.8,outside_in,baseline,12542,197,1280,1127,0,42.022222222222226,123,1.5,0.8
exp5_stow1.5_walk0.8,steffen,baseline,12542,197,761,1536,0,18.244444444444444,74,1.5,0.8
exp5_stow1.5_walk0.8,random,baseline,12543,198,1571,1078,77,42.12777777777778,136,1.5,0.8
exp5_stow1.5_walk0.8,back_to_front,baseline,12543,198,2049,1894,91,125.52222222222223,320,1.5,0.8
exp5_stow1.5_walk0.8,outside_in,baseline,12543,198,1301,1143,0,38.56111111111111,99,1.5,0.8
exp5_stow1.5_walk0.8,steffen,baseline,12543,198,765,1502,0,17.127777777777776,61,1.5,0.8
exp5_stow1.5_walk0.8,random,baseline,12544,199,1499,1094,105,49.09444444444444,163,1.5,0.8
exp5_stow1.5_walk0.8,back_to_front,baseline,12544,199,2054,1753,84,127.30555555555556,327,1.5,0.8
exp5_stow1.5_walk0.8,outside_in,baseline,12544,199,1275,934,0,33.81111111111111,110,1.5,0.8
exp5_stow1.5_walk0.8,steffen,baseline,12544,199,753,1270,0,14.994444444444444,54,1.5,0.8
exp5_stow1.5_walk1.0,random,baseline,12345,0,1308,770,84,32.66111111111111,127,1.5,1.0
exp5_stow1.5_walk1.0,back_to_front,baseline,12345,0,1913,1863,94,122.46666666666667,312,1.5,1.0
exp5_stow1.5_walk1.0,outside_in,baseline,12345,0,1231,804,0,34.922222222222224,98,1.5,1.0
exp5_stow1.5_walk1.0,steffen,baseline,12345,0,720,893,0,10.977777777777778,60,1.5,1.0
exp5_stow1.5_walk1.0,random,baseline,12346,1,1406,1045,90,43.016666666666666,169,1.5,1.0
exp5_stow1.5_walk1.0,back_to_front,baseline,12346,1,1938,1790,92,123.16111111111111,303,1.5,1.0
exp5_stow1.5_walk1.0,outside_in,baseline,12346,1,1198,806,0,33.91111111111111,107,1.5,1.0
exp5_stow1.5_walk1.0,steffen,baseline,12346,1,697,943,0,13.327777777777778,63,1.5,1.0
exp5_stow1.5_walk1.0,random,baseline,12347,2,1595,612,91,40.05555555555556,123,1.5,1.0
exp5_stow1.5_walk1.0,back_to_front,baseline,12347,2,1991,1594,87,107.43888888888888,259,1.5,1.0
exp5_stow1.5_walk1.0,outside_in,baseline,12347,2,1407,700,0,35.611111111111114,104,1.5,1.0
exp5_stow1.5_walk1.0,steffen,baseline,12347,2,798,850,0,12.927777777777777,51,1.5,1.0
exp5_stow1.5_walk1.0,random,baseline,12348,3,1493,765,100,43.49444444444445,186,1.5,1.0
exp5_stow1.5_walk1.0,back_to_front,baseline,12348,3,1977,1575,115,110.72777777777777,299,1.5,1.0
exp5_stow1.5_walk1.0,outside_in,baseline,12348,3,1222,860,0,37.86666666666667,110,1.5,1.0
exp5_stow1.5_walk1.0,steffen,baseline,12348,3,780,769,0,13.272222222222222,67,1.5,1.0
exp5_stow1.5_walk1.0,random,baseline,12349,4,1627,650,77,43.18333333333333,169,1.5,1.0
exp5_stow1.5_walk1.0,back_to_front,baseline,12349,4,2066,1480,94,116.6,318,1.5,1.0
exp5_stow1.5_walk1.0,outside_in,baseline,12349,4,1348,685,0,34.99444444444445,113,1.5,1.0
exp5_stow1.5_walk1.0,steffen,baseline,12349,4,841,1530,0,16.72222222222222,52,1.5,1.0
exp5_stow1.5_walk1.0,random,baseline,12350,5,1405,819,87,42.172222222222224,147,1.5,1.0
exp5_stow1.5_walk1.0,back_to_front,baseline,12350,5,2263,1833,83,136.60555555555555,363,1.5,1.0
exp5_stow1.5_walk1.0,outside_in,baseline,12350,5,1277,817,0,36.84444444444444,99,1.5,1.0
exp5_stow1.5_walk1.0,steffen,baseline,12350,5,778,1774,0,18.216666666666665,55,1.5,1.0
exp5_stow1.5_walk1.0,random,baseline,12351,6,1460,830,96,41.72222222222222,124,1.5,1.0
exp5_stow1.5_walk1.0,back_to_front,baseline,12351,6,1992,1875,79,121.57222222222222,305,1.5,1.0
exp5_stow1.5_walk1.0,outside_in,baseline,12351,6,1336,723,0,34.044444444444444,98,1.5,1.0
exp5_stow1.5_walk1.0,steffen,baseline,12351,6,736,1416,0,15.355555555555556,55,1.5,1.0
exp5_stow1.5_walk1.0,random,baseline,12352,7,1425,635,85,39.416666666666664,118,1.5,1.0
exp5_stow1.5_walk1.0,back_to_front,baseline,12352,7,1986,1488,83,119.34444444444445,315,1.5,1.0
exp5_stow1.5_walk1.0,outside_in,baseline,12352,7,1292,557,0,35.74444444444445,105,1.5,1.0
exp5_stow1.5_walk1.0,steffen,baseline,12352,7,743,888,0,12.588888888888889,50,1.5,1.0
exp5_stow1.5_walk1.0,random,baseline,12353,8,1439,813,96,42.77777777777778,134,1.5,1.0
exp5_stow1.5_walk1.0,back_to_front,baseline,12353,8,1896,1732,86,110.42222222222222,252,1.5,1.0
exp5_stow1.5_walk1.0,outside_in,baseline,12353,8,1192,976,0,39.31111111111111,116,1.5,1.0
exp5_stow1.5_walk1.0,steffen,baseline,12353,8,730,1349,0,15.166666666666666,57,1.5,1.0
exp5_stow1.5_walk1.0,random,baseline,12354,9,1393,949,86,45.672222222222224,112,1.5,1.0
exp5_stow1.5_walk1.0,back_to_front,baseline,12354,9,1978,1711,87,119.89444444444445,285,1.5,1.0
exp5_stow1.5_walk1.0,outside_in,baseline,12354,9,1183,924,0,43.11666666666667,119,1.5,1.0
exp5_stow1.5_walk1.0,steffen,baseline,12354,9,726,907,0,13.094444444444445,57,1.5,1.0
exp5_stow1.5_walk1.0,random,baseline,12355,10,1409,717,88,38.71111111111111,124,1.5,1.0
exp5_stow1.5_walk1.0,back_to_front,baseline,12355,10,1752,1543,81,102.50555555555556,287,1.5,1.0
exp5_stow1.5_walk1.0,outside_in,baseline,12355,10,1238,690,0,36.955555555555556,113,1.5,1.0
exp5_stow1.5_walk1.0,steffen,baseline,12355,10,720,1157,0,14.327777777777778,54,1.5,1.0
exp5_stow1.5_walk1.0,random,baseline,12356,11,1441,824,91,44.46666666666667,121,1.5,1.0
exp5_stow1.5_walk1.0,back_to_front,baseline,12356,11,1784,1725,86,98.46111111111111,223,1.5,1.0
exp5_stow1.5_walk1.0,outside_in,baseline,12356,11,1242,580,0,34.88333333333333,100,1.5,1.0
exp5_stow1.5_walk1.0,steffen,baseline,12356,11,751,1193,0,14.583333333333334,54,1.5,1.0
exp5_stow1.5_walk1.0,random,baseline,12357,12,1386,891,75,38.80555555555556,128,1.5,1.0
exp5_stow1.5_walk1.0,back_to_front,baseline,12357,12,2055,1935,77,128.46666666666667,343,1.5,1.0
exp5_stow1.5_walk1.0,outside_in,baseline,12357,12,1278,904,0,38.17777777777778,153,1.5,1.0
exp5_stow1.5_walk1.0,steffen,baseline,12357,12,761,1271,0,15.13888888888889,59,1.5,1.0
exp5_stow1.5_walk1.0,random,baseline,12358,13,1359,778,82,43.45,125,1.5,1.0
exp5_stow1.5_walk1.0,back_to_front,baseline,12358,13,1874,1885,89,111.58333333333333,286,1.5,1.0
exp5_stow1.5_walk1.0,outside_in,baseline,12358,13,1160,762,0,31.427777777777777,86,1.5,1.0
exp5_stow1.5_walk1.0,steffen,baseline,12358,13,714,1194,0,14.03888888888889,52,1.5,1.0
exp5_stow1.5_walk1.0,random,baseline,12359,14,1408,792,94,46.416666666666664,176,1.5,1.0
exp5_stow1.5_walk1.0,back_to_front,baseline,12359,14,1933,1696,83,112.9,283,1.5,1.0
exp5_stow1.5_walk1.0,outside_in,baseline,12359,14,1155,657,0,30.56111111111111,97,1.5,1.0
exp5_stow1.5_walk1.0,steffen,baseline,12359,14,782,1322,0,16.205555555555556,75,1.5,1.0
exp5_stow1.5_walk1.0,random,baseline,12360,15,1406,758,87,43.87222222222222,153,1.5,1.0
exp5_stow1.5_walk1.0,back_to_front,baseline,12360,15,1878,1745,102,114.71111111111111,327,1.5,1.0
exp5_stow1.5_walk1.0,outside_in,baseline,12360,15,1170,772,0,32.327777777777776,97,1.5,1.0
exp5_stow1.5_walk1.0,steffen,baseline,12360,15,705,1405,0,15.911111111111111,59,1.5,1.0
exp5_stow1.5_walk1.0,random,baseline,12361,16,1583,971,82,52.233333333333334,145,1.5,1.0
exp5_stow1.5_walk1.0,back_to_front,baseline,12361,16,1915,1776,95,114.7,261,1.5,1.0
exp5_stow1.5_walk1.0,outside_in,baseline,12361,16,1268,906,0,38.13333333333333,120,1.5,1.0
exp5_stow1.5_walk1.0,steffen,baseline,12361,16,758,1278,0,15.494444444444444,58,1.5,1.0
exp5_stow1.5_walk1.0,random,baseline,12362,17,1481,861,80,47.766666666666666,126,1.5,1.0
exp5_stow1.5_walk1.0,back_to_front,baseline,12362,17,1970,1796,102,125.32222222222222,341,1.5,1.0
exp5_stow1.5_walk1.0,outside_in,baseline,12362,17,1241,913,0,36.78888888888889,112,1.5,1.0
exp5_stow1.5_walk1.0,steffen,baseline,12362,17,724,934,0,13.433333333333334,56,1.5,1.0
exp5_stow1.5_walk1.0,random,baseline,12363,18,1351,710,83,37.3,105,1.5,1.0
exp5_stow1.5_walk1.0,back_to_front,baseline,12363,18,1860,1853,98,115.83888888888889,331,1.5,1.0
exp5_stow1.5_walk1.0,outside_in,baseline,12363,18,1230,652,0,33.73888888888889,119,1.5,1.0
exp5_stow1.5_walk1.0,steffen,baseline,12363,18,738,998,0,13.083333333333334,54,1.5,1.0
exp5_stow1.5_walk1.0,random,baseline,12364,19,1363,1110,89,50.46111111111111,168,1.5,1.0
exp5_stow1.5_walk1.0,back_to_front,baseline,12364,19,1945,1787,89,114.91666666666667,268,1.5,1.0
exp5_stow1.5_walk1.0,outside_in,baseline,12364,19,1275,868,0,34.65555555555556,119,1.5,1.0
exp5_stow1.5_walk1.0,steffen,baseline,12364,19,788,1365,0,14.833333333333334,69,1.5,1.0
exp5_stow1.5_walk1.0,random,baseline,12365,20,1355,1019,102,46.46666666666667,125,1.5,1.0
exp5_stow1.5_walk1.0,back_to_front,baseline,12365,20,1977,1742,82,117.91666666666667,269,1.5,1.0
exp5_stow1.5_walk1.0,outside_in,baseline,12365,20,1355,804,0,44.31666666666667,167,1.5,1.0
exp5_stow1.5_walk1.0,steffen,baseline,12365,20,735,1169,0,15.4,58,1.5,1.0
exp5_stow1.5_walk1.0,random,baseline,12366,21,1365,851,78,41.91111111111111,120,1.5,1.0
exp5_stow1.5_walk1.0,back_to_front,baseline,12366,21,1999,1692,84,120.03888888888889,284,1.5,1.0
exp5_stow1.5_walk1.0,outside_in,baseline,12366,21,1218,802,0,36.9,121,1.5,1.0
exp5_stow1.5_walk1.0,steffen,baseline,12366,21,766,1076,0,14.2,59,1.5,1.0
exp5_stow1.5_walk1.0,random,baseline,12367,22,1532,701,88,41.08888888888889,104,1.5,1.0
exp5_stow1.5_walk1.0,back_to_front,baseline,12367,22,1909,1447,94,106.57222222222222,307,1.5,1.0
exp5_stow1.5_walk1.0,outside_in,baseline,12367,22,1360,649,0,37.138888888888886,108,1.5,1.0
exp5_stow1.5_walk1.0,steffen,baseline,12367,22,753,574,0,11.172222222222222,58,1.5,1.0
exp5_stow1.5_walk1.0,random,baseline,12368,23,1553,1029,93,52.15555555555556,143,1.5,1.0
exp5_stow1.5_walk1.0,back_to_front,baseline,12368,23,1952,1667,76,123.22222222222223,343,1.5,1.0
exp5_stow1.5_walk1.0,outside_in,baseline,12368,23,1153,778,0,29.883333333333333,86,1.5,1.0
exp5_stow1.5_walk1.0,steffen,baseline,12368,23,729,1386,0,17.6,82,1.5,1.0
exp5_stow1.5_walk1.0,random,baseline,12369,24,1431,818,100,45.766666666666666,170,1.5,1.0
exp5_stow1.5_walk1.0,back_to_front,baseline,12369,24,2059,1687,89,132.0,321,1.5,1.0
exp5_stow1.5_walk1.0,outside_in,baseline,12369,24,1309,689,0,38.62222222222222,138,1.5,1.0
exp5_stow1.5_walk1.0,steffen,baseline,12369,24,791,781,0,13.8,78,1.5,1.0
exp5_stow1.5_walk1.0,random,baseline,12370,25,1455,940,81,39.92777777777778,167,1.5,1.0
exp5_stow1.5_walk1.0,back_to_front,baseline,12370,25,1964,1784,86,104.44444444444444,240,1.5,1.0
exp5_stow1.5_walk1.0,outside_in,baseline,12370,25,1287,872,0,35.37222222222222,97,1.5,1.0
exp5_stow1.5_walk1.0,steffen,baseline,12370,25,793,1266,0,16.15,73,1.5,1.0
exp5_stow1.5_walk1.0,random,baseline,12371,26,1403,548,89,37.833333333333336,127,1.5,1.0
exp5_stow1.5_walk1.0,back_to_front,baseline,12371,26,1817,1218,84,97.97222222222223,252,1.5,1.0
exp5_stow1.5_walk1.0,outside_in,baseline,12371,26,1166,524,0,29.8,138,1.5,1.0
exp5_stow1.5_walk1.0,steffen,baseline,12371,26,786,345,0,8.938888888888888,48,1.5,1.0
exp5_stow1.5_walk1.0,random,baseline,12372,27,1574,735,85,46.21666666666667,146,1.5,1.0
exp5_stow1.5_walk1.0,back_to_front,baseline,12372,27,2084,1960,97,130.98888888888888,303,1.5,1.0
exp5_stow1.5_walk1.0,outside_in,baseline,12372,27,1281,830,0,41.483333333333334,140,1.5,1.0
exp5_stow1.5_walk1.0,steffen,baseline,12372,27,739,1000,0,13.516666666666667,54,1.5,1.0
exp5_stow1.5_walk1.0,random,baseline,12373,28,1386,868,91,46.22222222222222,159,1.5,1.0
exp5_stow1.5_walk1.0,back_to_front,baseline,12373,28,1825,1883,82,101.33888888888889,259,1.5,1.0
exp5_stow1.5_walk1.0,outside_in,baseline,12373,28,1198,761,0,33.06111111111111,97,1.5,1.0
exp5_stow1.5_walk1.0,steffen,baseline,12373,28,763,1369,0,15.466666666666667,45,1.5,1.0
exp5_stow1.5_walk1.0,random,baseline,12374,29,1363,773,81,44.583333333333336,144,1.5,1.0
exp5_stow1.5_walk1.0,back_to_front,baseline,12374,29,1916,1818,88,110.66666666666667,271,1.5,1.0
exp5_stow1.5_walk1.0,outside_in,baseline,12374,29,1175,714,0,30.872222222222224,90,1.5,1.0
exp5_stow1.5_walk1.0,steffen,baseline,12374,29,743,979,0,12.477777777777778,44,1.5,1.0
exp5_stow1.5_walk1.0,random,baseline,12375,30,1419,881,101,41.388888888888886,120,1.5,1.0
exp5_stow1.5_walk1.0,back_to_front,baseline,12375,30,1888,1799,98,108.90555555555555,260,1.5,1.0
exp5_stow1.5_walk1.0,outside_in,baseline,12375,30,1246,820,0,34.75555555555555,101,1.5,1.0
exp5_stow1.5_walk1.0,steffen,baseline,12375,30,756,1147,0,15.083333333333334,53,1.5,1.0
exp5_stow1.5_walk1.0,random,baseline,12376,31,1547,980,89,50.24444444444445,142,1.5,1.0
exp5_stow1.5_walk1.0,back_to_front,baseline,12376,31,1973,1867,86,115.40555555555555,264,1.5,1.0
exp5_stow1.5_walk1.0,outside_in,baseline,12376,31,1196,953,0,37.3,105,1.5,1.0
exp5_stow1.5_walk1.0,steffen,baseline,12376,31,797,1748,0,19.461111111111112,73,1.5,1.0
exp5_stow1.5_walk1.0,random,baseline,12377,32,1449,674,79,44.62777777777778,146,1.5,1.0
exp5_stow1.5_walk1.0,back_to_front,baseline,12377,32,2171,1620,88,132.0388888888889,329,1.5,1.0
exp5_stow1.5_walk1.0,outside_in,baseline,12377,32,1194,579,0,33.077777777777776,105,1.5,1.0
exp5_stow1.5_walk1.0,steffen,baseline,12377,32,763,738,0,13.088888888888889,59,1.5,1.0
exp5_stow1.5_walk1.0,random,baseline,12378,33,1364,844,95,43.51111111111111,125,1.5,1.0
exp5_stow1.5_walk1.0,back_to_front,baseline,12378,33,1976,1970,97,124.49444444444444,284,1.5,1.0
exp5_stow1.5_walk1.0,outside_in,baseline,12378,33,1096,992,0,39.94444444444444,126,1.5,1.0
exp5_stow1.5_walk1.0,steffen,baseline,12378,33,744,1148,0,15.05,68,1.5,1.0
exp5_stow1.5_walk1.0,random,baseline,12379,34,1361,864,82,40.422222222222224,152,1.5,1.0
exp5_stow1.5_walk1.0,back_to_front,baseline,12379,34,1899,1492,89,116.31666666666666,283,1.5,1.0
exp5_stow1.5_walk1.0,outside_in,baseline,12379,34,1235,637,0,32.36666666666667,110,1.5,1.0
exp5_stow1.5_walk1.0,steffen,baseline,12379,34,769,994,0,13.411111111111111,50,1.5,1.0
exp5_stow1.5_walk1.0,random,baseline,12380,35,1292,935,79,37.06111111111111,122,1.5,1.0
exp5_stow1.5_walk1.0,back_to_front,baseline,12380,35,1853,1873,88,101.62777777777778,222,1.5,1.0
exp5_stow1.5_walk1.0,outside_in,baseline,12380,35,1213,962,0,38.577777777777776,120,1.5,1.0
exp5_stow1.5_walk1.0,steffen,baseline,12380,35,771,1607,0,16.705555555555556,58,1.5,1.0
exp5_stow1.5_walk1.0,random,baseline,12381,36,1408,808,83,49.94444444444444,147,1.5,1.0
exp5_stow1.5_walk1.0,back_to_front,baseline,12381,36,2015,2018,87,121.97777777777777,270,1.5,1.0
exp5_stow1.5_walk1.0,outside_in,baseline,12381,36,1293,744,0,35.40555555555556,98,1.5,1.0
exp5_stow1.5_walk1.0,steffen,baseline,12381,36,751,1456,0,16.288888888888888,58,1.5,1.0
exp5_stow1.5_walk1.0,random,baseline,12382,37,1520,861,96,51.84444444444444,144,1.5,1.0
exp5_stow1.5_walk1.0,back_to_front,baseline,12382,37,2109,1798,100,130.7277777777778,343,1.5,1.0
exp5_stow1.5_walk1.0,outside_in,baseline,12382,37,1291,644,0,31.0,83,1.5,1.0
exp5_stow1.5_walk1.0,steffen,baseline,12382,37,800,1287,0,16.233333333333334,81,1.5,1.0
exp5_stow1.5_walk1.0,random,baseline,12383,38,1327,905,89,44.81111111111111,128,1.5,1.0
exp5_stow1.5_walk1.0,back_to_front,baseline,12383,38,2014,1782,96,116.0111111111111,249,1.5,1.0
exp5_stow1.5_walk1.0,outside_in,baseline,12383,38,1214,806,0,34.44444444444444,97,1.5,1.0
exp5_stow1.5_walk1.0,steffen,baseline,12383,38,747,1685,0,17.1,52,1.5,1.0
exp5_stow1.5_walk1.0,random,baseline,12384,39,1408,827,102,39.605555555555554,112,1.5,1.0
exp5_stow1.5_walk1.0,back_to_front,baseline,12384,39,1953,1755,93,109.24444444444444,274,1.5,1.0
exp5_stow1.5_walk1.0,outside_in,baseline,12384,39,1210,797,0,32.37777777777778,94,1.5,1.0
exp5_stow1.5_walk1.0,steffen,baseline,12384,39,772,1010,0,13.61111111111111,59,1.5,1.0
exp5_stow1.5_walk1.0,random,baseline,12385,40,1409,777,90,38.53333333333333,108,1.5,1.0
exp5_stow1.5_walk1.0,back_to_front,baseline,12385,40,1847,1734,93,111.85555555555555,343,1.5,1.0
exp5_stow1.5_walk1.0,outside_in,baseline,12385,40,1238,840,0,39.544444444444444,113,1.5,1.0
exp5_stow1.5_walk1.0,steffen,baseline,12385,40,769,1370,0,16.594444444444445,53,1.5,1.0
exp5_stow1.5_walk1.0,random,baseline,12386,41,1387,717,95,39.30555555555556,135,1.5,1.0
exp5_stow1.5_walk1.0,back_to_front,baseline,12386,41,1826,1634,74,105.47222222222223,279,1.5,1.0
exp5_stow1.5_walk1.0,outside_in,baseline,12386,41,1140,548,0,29.711111111111112,127,1.5,1.0
exp5_stow1.5_walk1.0,steffen,baseline,12386,41,788,801,0,11.783333333333333,54,1.5,1.0
exp5_stow1.5_walk1.0,random,baseline,12387,42,1402,799,90,36.47222222222222,117,1.5,1.0
exp5_stow1.5_walk1.0,back_to_front,baseline,12387,42,1973,1714,96,115.56666666666666,262,1.5,1.0
exp5_stow1.5_walk1.0,outside_in,baseline,12387,42,1141,809,0,31.344444444444445,99,1.5,1.0
exp5_stow1.5_walk1.0,steffen,baseline,12387,42,754,1157,0,14.577777777777778,64,1.5,1.0
exp5_stow1.5_walk1.0,random,baseline,12388,43,1415,781,90,36.78888888888889,126,1.5,1.0
exp5_stow1.5_walk1.0,back_to_front,baseline,12388,43,1947,1768,99,104.03333333333333,233,1.5,1.0
exp5_stow1.5_walk1.0,outside_in,baseline,12388,43,1339,772,0,37.416666666666664,112,1.5,1.0
exp5_stow1.5_walk1.0,steffen,baseline,12388,43,775,1254,0,14.127777777777778,60,1.5,1.0
exp5_stow1.5_walk1.0,random,baseline,12389,44,1384,825,97,39.98888888888889,142,1.5,1.0
exp5_stow1.5_walk1.0,back_to_front,baseline,12389,44,1826,1550,80,103.81111111111112,259,1.5,1.0
exp5_stow1.5_walk1.0,outside_in,baseline,12389,44,1251,734,0,33.63333333333333,102,1.5,1.0
exp5_stow1.5_walk1.0,steffen,baseline,12389,44,772,1241,0,14.666666666666666,54,1.5,1.0
exp5_stow1.5_walk1.0,random,baseline,12390,45,1457,757,92,37.916666666666664,123,1.5,1.0
exp5_stow1.5_walk1.0,back_to_front,baseline,12390,45,1914,1979,96,111.55555555555556,289,1.5,1.0
exp5_stow1.5_walk1.0,outside_in,baseline,12390,45,1253,796,0,33.30555555555556,96,1.5,1.0
exp5_stow1.5_walk1.0,steffen,baseline,12390,45,803,1175,0,14.15,66,1.5,1.0
exp5_stow1.5_walk1.0,random,baseline,12391,46,1554,839,91,45.62777777777778,117,1.5,1.0
exp5_stow1.5_walk1.0,back_to_front,baseline,12391,46,2104,1722,92,115.12222222222222,254,1.5,1.0
exp5_stow1.5_walk1.0,outside_in,baseline,12391,46,1360,774,0,37.544444444444444,96,1.5,1.0
exp5_stow1.5_walk1.0,steffen,baseline,12391,46,799,1430,0,17.144444444444446,60,1.5,1.0
exp5_stow1.5_walk1.0,random,baseline,12392,47,1553,1074,90,49.705555555555556,144,1.5,1.0
exp5_stow1.5_walk1.0,back_to_front,baseline,12392,47,2012,1933,85,117.22777777777777,284,1.5,1.0
exp5_stow1.5_walk1.0,outside_in,baseline,12392,47,1293,933,0,37.5,122,1.5,1.0
exp5_stow1.5_walk1.0,steffen,baseline,12392,47,771,1907,0,18.305555555555557,51,1.5,1.0
exp5_stow1.5_walk1.0,random,baseline,12393,48,1506,905,101,42.12777777777778,101,1.5,1.0
exp5_stow1.5_walk1.0,back_to_front,baseline,12393,48,2046,1716,105,116.9,294,1.5,1.0
exp5_stow1.5_walk1.0,outside_in,baseline,12393,48,1345,711,0,31.216666666666665,93,1.5,1.0
exp5_stow1.5_walk1.0,steffen,baseline,12393,48,778,1686,0,17.383333333333333,52,1.5,1.0
exp5_stow1.5_walk1.0,random,baseline,12394,49,1387,972,85,47.016666666666666,137,1.5,1.0
exp5_stow1.5_walk1.0,back_to_front,baseline,12394,49,2046,1556,79,109.58333333333333,282,1.5,1.0
exp5_stow1.5_walk1.0,outside_in,baseline,12394,49,1236,888,0,37.68333333333333,130,1.5,1.0
exp5_stow1.5_walk1.0,steffen,baseline,12394,49,783,1014,0,12.972222222222221,46,1.5,1.0
exp5_stow1.5_walk1.0,random,baseline,12395,50,1255,763,90,40.81111111111111,164,1.5,1.0
exp5_stow1.5_walk1.0,back_to_front,baseline,12395,50,1815,1591,93,110.0,327,1.5,1.0
exp5_stow1.5_walk1.0,outside_in,baseline,12395,50,1137,682,0,29.805555555555557,99,1.5,1.0
exp5_stow1.5_walk1.0,steffen,baseline,12395,50,740,870,0,12.966666666666667,50,1.5,1.0
exp5_stow1.5_walk1.0,random,baseline,12396,51,1507,765,97,49.516666666666666,151,1.5,1.0
exp5_stow1.5_walk1.0,back_to_front,baseline,12396,51,1962,1887,90,117.0,310,1.5,1.0
exp5_stow1.5_walk1.0,outside_in,baseline,12396,51,1233,713,0,30.011111111111113,94,1.5,1.0
exp5_stow1.5_walk1.0,steffen,baseline,12396,51,786,1236,0,15.144444444444444,84,1.5,1.0
exp5_stow1.5_walk1.0,random,baseline,12397,52,1298,792,90,40.35,140,1.5,1.0
exp5_stow1.5_walk1.0,back_to_front,baseline,12397,52,1802,1816,91,109.4888888888889,273,1.5,1.0
exp5_stow1.5_walk1.0,outside_in,baseline,12397,52,1177,611,0,28.977777777777778,112,1.5,1.0
exp5_stow1.5_walk1.0,steffen,baseline,12397,52,759,946,0,12.133333333333333,55,1.5,1.0
exp5_stow1.5_walk1.0,random,baseline,12398,53,1338,670,79,37.06111111111111,149,1.5,1.0
exp5_stow1.5_walk1.0,back_to_front,baseline,12398,53,1892,1734,97,109.75555555555556,309,1.5,1.0
exp5_stow1.5_walk1.0,outside_in,baseline,12398,53,1209,763,0,31.455555555555556,94,1.5,1.0
exp5_stow1.5_walk1.0,steffen,baseline,12398,53,775,1153,0,13.13888888888889,58,1.5,1.0
exp5_stow1.5_walk1.0,random,baseline,12399,54,1526,668,98,45.25555555555555,135,1.5,1.0
exp5_stow1.5_walk1.0,back_to_front,baseline,12399,54,2066,1569,90,125.53888888888889,330,1.5,1.0
exp5_stow1.5_walk1.0,outside_in,baseline,12399,54,1281,728,0,36.36666666666667,115,1.5,1.0
exp5_stow1.5_walk1.0,steffen,baseline,12399,54,772,682,0,12.272222222222222,61,1.5,1.0
exp5_stow1.5_walk1.0,random,baseline,12400,55,1486,807,88,48.422222222222224,129,1.5,1.0
exp5_stow1.5_walk1.0,back_to_front,baseline,12400,55,1806,1662,89,111.12777777777778,323,1.5,1.0
exp5_stow1.5_walk1.0,outside_in,baseline,12400,55,1165,863,0,34.17777777777778,119,1.5,1.0
exp5_stow1.5_walk1.0,steffen,baseline,12400,55,715,1082,0,13.511111111111111,53,1.5,1.0
exp5_stow1.5_walk1.0,random,baseline,12401,56,1420,941,85,48.022222222222226,129,1.5,1.0
exp5_stow1.5_walk1.0,back_to_front,baseline,12401,56,1935,1679,93,119.71666666666667,318,1.5,1.0
exp5_stow1.5_walk1.0,outside_in,baseline,12401,56,1153,873,0,36.03888888888889,102,1.5,1.0
exp5_stow1.5_walk1.0,steffen,baseline,12401,56,745,968,0,14.072222222222223,53,1.5,1.0
exp5_stow1.5_walk1.0,random,baseline,12402,57,1466,728,104,49.56666666666667,168,1.5,1.0
exp5_stow1.5_walk1.0,back_to_front,baseline,12402,57,1885,1571,90,102.62777777777778,245,1.5,1.0
exp5_stow1.5_walk1.0,outside_in,baseline,12402,57,1253,676,0,35.611111111111114,110,1.5,1.0
exp5_stow1.5_walk1.0,steffen,baseline,12402,57,779,903,0,13.394444444444444,58,1.5,1.0
exp5_stow1.5_walk1.0,random,baseline,12403,58,1547,753,84,48.53888888888889,142,1.5,1.0
exp5_stow1.5_walk1.0,back_to_front,baseline,12403,58,1945,1828,85,106.71111111111111,247,1.5,1.0
exp5_stow1.5_walk1.0,outside_in,baseline,12403,58,1239,719,0,34.022222222222226,113,1.5,1.0
exp5_stow1.5_walk1.0,steffen,baseline,12403,58,788,956,0,13.505555555555556,62,1.5,1.0
exp5_stow1.5_walk1.0,random,baseline,12404,59,1463,752,85,41.23888888888889,117,1.5,1.0
exp5_stow1.5_walk1.0,back_to_front,baseline,12404,59,2075,1821,84,116.50555555555556,279,1.5,1.0
exp5_stow1.5_walk1.0,outside_in,baseline,12404,59,1340,589,0,31.67222222222222,112,1.5,1.0
exp5_stow1.5_walk1.0,steffen,baseline,12404,59,822,829,0,12.827777777777778,55,1.5,1.0
exp5_stow1.5_walk1.0,random,baseline,12405,60,1522,820,98,48.455555555555556,186,1.5,1.0
exp5_stow1.5_walk1.0,back_to_front,baseline,12405,60,2020,1839,98,115.55555555555556,270,1.5,1.0
exp5_stow1.5_walk1.0,outside_in,baseline,12405,60,1257,847,0,36.22222222222222,116,1.5,1.0
exp5_stow1.5_walk1.0,steffen,baseline,12405,60,789,1445,0,16.616666666666667,76,1.5,1.0
exp5_stow1.5_walk1.0,random,baseline,12406,61,1383,912,96,43.544444444444444,132,1.5,1.0
exp5_stow1.5_walk1.0,back_to_front,baseline,12406,61,2163,2006,87,135.5222222222222,326,1.5,1.0
exp5_stow1.5_walk1.0,outside_in,baseline,12406,61,1261,772,0,35.861111111111114,141,1.5,1.0
exp5_stow1.5_walk1.0,steffen,baseline,12406,61,759,1728,0,17.666666666666668,61,1.5,1.0
exp5_stow1.5_walk1.0,random,baseline,12407,62,1348,688,88,39.144444444444446,133,1.5,1.0
exp5_stow1.5_walk1.0,back_to_front,baseline,12407,62,1970,1436,93,113.53888888888889,301,1.5,1.0
exp5_stow1.5_walk1.0,outside_in,baseline,12407,62,1168,674,0,29.8,120,1.5,1.0
exp5_stow1.5_walk1.0,steffen,baseline,12407,62,766,740,0,12.183333333333334,50,1.5,1.0
exp5_stow1.5_walk1.0,random,baseline,12408,63,1458,803,93,44.28333333333333,117,1.5,1.0
exp5_stow1.5_walk1.0,back_to_front,baseline,12408,63,2091,1911,96,124.08333333333333,307,1.5,1.0
exp5_stow1.5_walk1.0,outside_in,baseline,12408,63,1373,982,0,39.81111111111111,107,1.5,1.0
exp5_stow1.5_walk1.0,steffen,baseline,12408,63,799,1570,0,17.844444444444445,71,1.5,1.0
exp5_stow1.5_walk1.0,random,baseline,12409,64,1546,800,95,41.3,136,1.5,1.0
exp5_stow1.5_walk1.0,back_to_front,baseline,12409,64,1989,2039,97,132.05,342,1.5,1.0
exp5_stow1.5_walk1.0,outside_in,baseline,12409,64,1269,814,0,32.644444444444446,102,1.5,1.0
exp5_stow1.5_walk1.0,steffen,baseline,12409,64,742,1335,0,14.783333333333333,70,1.5,1.0
exp5_stow1.5_walk1.0,random,baseline,12410,65,1418,890,91,40.42777777777778,114,1.5,1.0
exp5_stow1.5_walk1.0,back_to_front,baseline,12410,65,1945,1618,97,121.2,295,1.5,1.0
exp5_stow1.5_walk1.0,outside_in,baseline,12410,65,1211,752,0,35.37222222222222,113,1.5,1.0
exp5_stow1.5_walk1.0,steffen,baseline,12410,65,772,985,0,12.933333333333334,49,1.5,1.0
exp5_stow1.5_walk1.0,random,baseline,12411,66,1511,863,96,49.34444444444444,170,1.5,1.0
exp5_stow1.5_walk1.0,back_to_front,baseline,12411,66,2108,1766,96,125.80555555555556,343,1.5,1.0
exp5_stow1.5_walk1.0,outside_in,baseline,12411,66,1246,715,0,37.36666666666667,127,1.5,1.0
exp5_stow1.5_walk1.0,steffen,baseline,12411,66,783,1493,0,17.18888888888889,74,1.5,1.0
exp5_stow1.5_walk1.0,random,baseline,12412,67,1461,829,78,52.205555555555556,173,1.5,1.0
exp5_stow1.5_walk1.0,back_to_front,baseline,12412,67,2086,1808,98,121.77222222222223,288,1.5,1.0
exp5_stow1.5_walk1.0,outside_in,baseline,12412,67,1271,692,0,33.84444444444444,112,1.5,1.0
exp5_stow1.5_walk1.0,steffen,baseline,12412,67,776,1429,0,15.355555555555556,54,1.5,1.0
exp5_stow1.5_walk1.0,random,baseline,12413,68,1437,720,107,43.105555555555554,149,1.5,1.0
exp5_stow1.5_walk1.0,back_to_front,baseline,12413,68,2058,1678,83,124.06111111111112,320,1.5,1.0
exp5_stow1.5_walk1.0,outside_in,baseline,12413,68,1148,860,0,35.455555555555556,104,1.5,1.0
exp5_stow1.5_walk1.0,steffen,baseline,12413,68,773,1540,0,17.855555555555554,68,1.5,1.0
exp5_stow1.5_walk1.0,random,baseline,12414,69,1555,840,86,50.333333333333336,134,1.5,1.0
exp5_stow1.5_walk1.0,back_to_front,baseline,12414,69,2000,1996,85,117.23333333333333,288,1.5,1.0
exp5_stow1.5_walk1.0,outside_in,baseline,12414,69,1296,826,0,33.32222222222222,146,1.5,1.0
exp5_stow1.5_walk1.0,steffen,baseline,12414,69,776,1146,0,15.116666666666667,73,1.5,1.0
exp5_stow1.5_walk1.0,random,baseline,12415,70,1366,777,90,37.73888888888889,108,1.5,1.0
exp5_stow1.5_walk1.0,back_to_front,baseline,12415,70,1955,1842,88,119.70555555555555,283,1.5,1.0
exp5_stow1.5_walk1.0,outside_in,baseline,12415,70,1319,810,0,39.02777777777778,130,1.5,1.0
exp5_stow1.5_walk1.0,steffen,baseline,12415,70,799,1165,0,14.733333333333333,62,1.5,1.0
exp5_stow1.5_walk1.0,random,baseline,12416,71,1411,750,81,37.12222222222222,151,1.5,1.0
exp5_stow1.5_walk1.0,back_to_front,baseline,12416,71,1985,1788,92,118.25555555555556,250,1.5,1.0
exp5_stow1.5_walk1.0,outside_in,baseline,12416,71,1266,636,0,33.38333333333333,92,1.5,1.0
exp5_stow1.5_walk1.0,steffen,baseline,12416,71,803,1424,0,16.47222222222222,75,1.5,1.0
exp5_stow1.5_walk1.0,random,baseline,12417,72,1459,780,85,41.98888888888889,114,1.5,1.0
exp5_stow1.5_walk1.0,back_to_front,baseline,12417,72,1946,1773,93,111.35555555555555,290,1.5,1.0
exp5_stow1.5_walk1.0,outside_in,baseline,12417,72,1363,899,0,35.227777777777774,111,1.5,1.0
exp5_stow1.5_walk1.0,steffen,baseline,12417,72,764,1401,0,16.427777777777777,55,1.5,1.0
exp5_stow1.5_walk1.0,random,baseline,12418,73,1474,970,89,51.2,214,1.5,1.0
exp5_stow1.5_walk1.0,back_to_front,baseline,12418,73,1923,1891,93,122.57777777777778,303,1.5,1.0
exp5_stow1.5_walk1.0,outside_in,baseline,12418,73,1190,1055,0,40.455555555555556,139,1.5,1.0
exp5_stow1.5_walk1.0,steffen,baseline,12418,73,723,1601,0,16.7,66,1.5,1.0
exp5_stow1.5_walk1.0,random,baseline,12419,74,1464,816,92,49.705555555555556,152,1.5,1.0
exp5_stow1.5_walk1.0,back_to_front,baseline,12419,74,1899,1865,80,104.21111111111111,271,1.5,1.0
exp5_stow1.5_walk1.0,outside_in,baseline,12419,74,1285,688,0,32.077777777777776,108,1.5,1.0
exp5_stow1.5_walk1.0,steffen,baseline,12419,74,776,1118,0,14.194444444444445,68,1.5,1.0
exp5_stow1.5_walk1.0,random,baseline,12420,75,1394,744,93,39.22222222222222,114,1.5,1.0
exp5_stow1.5_walk1.0,back_to_front,baseline,12420,75,2063,1739,89,120.67777777777778,336,1.5,1.0
exp5_stow1.5_walk1.0,outside_in,baseline,12420,75,1202,721,0,34.03333333333333,114,1.5,1.0
exp5_stow1.5_walk1.0,steffen,baseline,12420,75,783,1086,0,14.05,56,1.5,1.0
exp5_stow1.5_walk1.0,random,baseline,12421,76,1459,821,98,48.88333333333333,172,1.5,1.0
exp5_stow1.5_walk1.0,back_to_front,baseline,12421,76,1875,1657,86,119.79444444444445,272,1.5,1.0
exp5_stow1.5_walk1.0,outside_in,baseline,12421,76,1226,865,0,36.42777777777778,99,1.5,1.0
exp5_stow1.5_walk1.0,steffen,baseline,12421,76,766,1489,0,17.41111111111111,53,1.5,1.0
exp5_stow1.5_walk1.0,random,baseline,12422,77,1487,857,87,50.19444444444444,144,1.5,1.0
exp5_stow1.5_walk1.0,back_to_front,baseline,12422,77,2031,1989,79,125.83333333333333,292,1.5,1.0
exp5_stow1.5_walk1.0,outside_in,baseline,12422,77,1194,721,0,33.43333333333333,103,1.5,1.0
exp5_stow1.5_walk1.0,steffen,baseline,12422,77,779,1539,0,17.572222222222223,65,1.5,1.0
exp5_stow1.5_walk1.0,random,baseline,12423,78,1434,906,99,49.48888888888889,208,1.5,1.0
exp5_stow1.5_walk1.0,back_to_front,baseline,12423,78,2163,1894,89,136.40555555555557,373,1.5,1.0
exp5_stow1.5_walk1.0,outside_in,baseline,12423,78,1266,748,0,36.55,103,1.5,1.0
exp5_stow1.5_walk1.0,steffen,baseline,12423,78,770,1163,0,15.438888888888888,63,1.5,1.0
exp5_stow1.5_walk1.0,random,baseline,12424,79,1392,760,87,35.84444444444444,116,1.5,1.0
exp5_stow1.5_walk1.0,back_to_front,baseline,12424,79,1906,1726,91,105.07777777777778,272,1.5,1.0
exp5_stow1.5_walk1.0,outside_in,baseline,12424,79,1183,724,0,28.97222222222222,86,1.5,1.0
exp5_stow1.5_walk1.0,steffen,baseline,12424,79,784,985,0,12.972222222222221,53,1.5,1.0
exp5_stow1.5_walk1.0,random,baseline,12425,80,1389,731,97,39.86666666666667,125,1.5,1.0
exp5_stow1.5_walk1.0,back_to_front,baseline,12425,80,1916,1768,95,125.38333333333334,369,1.5,1.0
exp5_stow1.5_walk1.0,outside_in,baseline,12425,80,1296,692,0,34.38333333333333,123,1.5,1.0
exp5_stow1.5_walk1.0,steffen,baseline,12425,80,761,883,0,12.905555555555555,46,1.5,1.0
exp5_stow1.5_walk1.0,random,baseline,12426,81,1480,903,97,49.65555555555556,209,1.5,1.0
exp5_stow1.5_walk1.0,back_to_front,baseline,12426,81,1874,1827,77,105.76666666666667,231,1.5,1.0
exp5_stow1.5_walk1.0,outside_in,baseline,12426,81,1185,854,0,36.59444444444444,118,1.5,1.0
exp5_stow1.5_walk1.0,steffen,baseline,12426,81,722,1227,0,13.916666666666666,53,1.5,1.0
exp5_stow1.5_walk1.0,random,baseline,12427,82,1433,740,81,40.894444444444446,116,1.5,1.0
exp5_stow1.5_walk1.0,back_to_front,baseline,12427,82,2069,1944,91,138.16666666666666,321,1.5,1.0
exp5_stow1.5_walk1.0,outside_in,baseline,12427,82,1226,742,0,38.43888888888889,140,1.5,1.0
exp5_stow1.5_walk1.0,steffen,baseline,12427,82,732,1065,0,14.255555555555556,67,1.5,1.0
exp5_stow1.5_walk1.0,random,baseline,12428,83,1427,804,80,47.12222222222222,145,1.5,1.0
exp5_stow1.5_walk1.0,back_to_front,baseline,12428,83,1980,1729,93,119.27222222222223,268,1.5,1.0
exp5_stow1.5_walk1.0,outside_in,baseline,12428,83,1306,600,0,34.92777777777778,108,1.5,1.0
exp5_stow1.5_walk1.0,steffen,baseline,12428,83,777,1226,0,15.11111111111111,56,1.5,1.0
exp5_stow1.5_walk1.0,random,baseline,12429,84,1580,785,87,49.861111111111114,175,1.5,1.0
exp5_stow1.5_walk1.0,back_to_front,baseline,12429,84,2179,1718,96,125.43888888888888,267,1.5,1.0
exp5_stow1.5_walk1.0,outside_in,baseline,12429,84,1338,743,0,35.955555555555556,103,1.5,1.0
exp5_stow1.5_walk1.0,steffen,baseline,12429,84,814,1151,0,15.044444444444444,80,1.5,1.0
exp5_stow1.5_walk1.0,random,baseline,12430,85,1480,780,103,45.44444444444444,170,1.5,1.0
exp5_stow1.5_walk1.0,back_to_front,baseline,12430,85,2035,1501,87,118.66666666666667,251,1.5,1.0
exp5_stow1.5_walk1.0,outside_in,baseline,12430,85,1295,813,0,39.15555555555556,109,1.5,1.0
exp5_stow1.5_walk1.0,steffen,baseline,12430,85,765,1379,0,15.13888888888889,47,1.5,1.0
exp5_stow1.5_walk1.0,random,baseline,12431,86,1625,741,97,48.12222222222222,182,1.5,1.0
exp5_stow1.5_walk1.0,back_to_front,baseline,12431,86,1877,1734,84,114.05555555555556,278,1.5,1.0
exp5_stow1.5_walk1.0,outside_in,baseline,12431,86,1274,712,0,33.85,107,1.5,1.0
exp5_stow1.5_walk1.0,steffen,baseline,12431,86,743,1140,0,14.96111111111111,55,1.5,1.0
exp5_stow1.5_walk1.0,random,baseline,12432,87,1345,851,95,35.19444444444444,110,1.5,1.0
exp5_stow1.5_walk1.0,back_to_front,baseline,12432,87,1978,1850,92,123.89444444444445,289,1.5,1.0
exp5_stow1.5_walk1.0,outside_in,baseline,12432,87,1223,763,0,30.705555555555556,114,1.5,1.0
exp5_stow1.5_walk1.0,steffen,baseline,12432,87,759,1721,0,16.755555555555556,54,1.5,1.0
exp5_stow1.5_walk1.0,random,baseline,12433,88,1470,696,90,44.111111111111114,138,1.5,1.0
exp5_stow1.5_walk1.0,back_to_front,baseline,12433,88,1934,1626,83,113.25,323,1.5,1.0
exp5_stow1.5_walk1.0,outside_in,baseline,12433,88,1193,589,0,32.227777777777774,110,1.5,1.0
exp5_stow1.5_walk1.0,steffen,baseline,12433,88,756,1351,0,15.722222222222221,58,1.5,1.0
exp5_stow1.5_walk1.0,random,baseline,12434,89,1375,755,92,40.31666666666667,155,1.5,1.0
exp5_stow1.5_walk1.0,back_to_front,baseline,12434,89,1791,1848,84,110.2388888888889,294,1.5,1.0
exp5_stow1.5_walk1.0,outside_in,baseline,12434,89,1208,790,0,35.266666666666666,102,1.5,1.0
exp5_stow1.5_walk1.0,steffen,baseline,12434,89,739,1041,0,13.116666666666667,54,1.5,1.0
exp5_stow1.5_walk1.0,random,baseline,12435,90,1439,878,100,47.99444444444445,158,1.5,1.0
exp5_stow1.5_walk1.0,back_to_front,baseline,12435,90,2041,1671,87,122.08888888888889,283,1.5,1.0
exp5_stow1.5_walk1.0,outside_in,baseline,12435,90,1305,916,0,43.69444444444444,137,1.5,1.0
exp5_stow1.5_walk1.0,steffen,baseline,12435,90,771,1217,0,15.772222222222222,59,1.5,1.0
exp5_stow1.5_walk1.0,random,baseline,12436,91,1316,780,101,44.11666666666667,193,1.5,1.0
exp5_stow1.5_walk1.0,back_to_front,baseline,12436,91,2058,1550,85,133.80555555555554,366,1.5,1.0
exp5_stow1.5_walk1.0,outside_in,baseline,12436,91,1152,712,0,32.71666666666667,103,1.5,1.0
exp5_stow1.5_walk1.0,steffen,baseline,12436,91,727,901,0,12.494444444444444,47,1.5,1.0
exp5_stow1.5_walk1.0,random,baseline,12437,92,1436,686,93,49.266666666666666,128,1.5,1.0
exp5_stow1.5_walk1.0,back_to_front,baseline,12437,92,1961,1388,93,118.06666666666666,295,1.5,1.0
exp5_stow1.5_walk1.0,outside_in,baseline,12437,92,1216,677,0,41.75555555555555,163,1.5,1.0
exp5_stow1.5_walk1.0,steffen,baseline,12437,92,763,596,0,12.294444444444444,64,1.5,1.0
exp5_stow1.5_walk1.0,random,baseline,12438,93,1298,687,94,42.24444444444445,169,1.5,1.0
exp5_stow1.5_walk1.0,back_to_front,baseline,12438,93,2064,1687,87,122.68333333333334,309,1.5,1.0
exp5_stow1.5_walk1.0,outside_in,baseline,12438,93,1235,787,0,34.92777777777778,99,1.5,1.0
exp5_stow1.5_walk1.0,steffen,baseline,12438,93,774,1089,0,14.633333333333333,54,1.5,1.0
exp5_stow1.5_walk1.0,random,baseline,12439,94,1369,843,92,40.388888888888886,128,1.5,1.0
exp5_stow1.5_walk1.0,back_to_front,baseline,12439,94,1872,1777,89,116.83333333333333,310,1.5,1.0
exp5_stow1.5_walk1.0,outside_in,baseline,12439,94,1233,879,0,39.422222222222224,139,1.5,1.0
exp5_stow1.5_walk1.0,steffen,baseline,12439,94,734,1612,0,16.511111111111113,65,1.5,1.0
exp5_stow1.5_walk1.0,random,baseline,12440,95,1498,891,89,48.91111111111111,220,1.5,1.0
exp5_stow1.5_walk1.0,back_to_front,baseline,12440,95,1914,1954,93,122.1,336,1.5,1.0
exp5_stow1.5_walk1.0,outside_in,baseline,12440,95,1280,812,0,42.477777777777774,114,1.5,1.0
exp5_stow1.5_walk1.0,steffen,baseline,12440,95,734,1661,0,19.044444444444444,63,1.5,1.0
exp5_stow1.5_walk1.0,random,baseline,12441,96,1557,754,90,45.23888888888889,163,1.5,1.0
exp5_stow1.5_walk1.0,back_to_front,baseline,12441,96,1802,1578,88,100.97222222222223,234,1.5,1.0
exp5_stow1.5_walk1.0,outside_in,baseline,12441,96,1243,667,0,33.99444444444445,109,1.5,1.0
exp5_stow1.5_walk1.0,steffen,baseline,12441,96,753,865,0,12.994444444444444,54,1.5,1.0
exp5_stow1.5_walk1.0,random,baseline,12442,97,1451,737,93,44.266666666666666,119,1.5,1.0
exp5_stow1.5_walk1.0,back_to_front,baseline,12442,97,2067,2004,93,125.64444444444445,290,1.5,1.0
exp5_stow1.5_walk1.0,outside_in,baseline,12442,97,1315,791,0,45.17777777777778,146,1.5,1.0
exp5_stow1.5_walk1.0,steffen,baseline,12442,97,789,1720,0,19.538888888888888,67,1.5,1.0
exp5_stow1.5_walk1.0,random,baseline,12443,98,1477,684,85,49.2,153,1.5,1.0
exp5_stow1.5_walk1.0,back_to_front,baseline,12443,98,2009,1405,87,119.56666666666666,269,1.5,1.0
exp5_stow1.5_walk1.0,outside_in,baseline,12443,98,1264,641,0,41.41111111111111,107,1.5,1.0
exp5_stow1.5_walk1.0,steffen,baseline,12443,98,747,704,0,12.966666666666667,57,1.5,1.0
exp5_stow1.5_walk1.0,random,baseline,12444,99,1351,782,84,42.772222222222226,147,1.5,1.0
exp5_stow1.5_walk1.0,back_to_front,baseline,12444,99,1857,1568,93,112.14444444444445,301,1.5,1.0
exp5_stow1.5_walk1.0,outside_in,baseline,12444,99,1261,784,0,34.26111111111111,95,1.5,1.0
exp5_stow1.5_walk1.0,steffen,baseline,12444,99,762,962,0,12.166666666666666,55,1.5,1.0
exp5_stow1.5_walk1.0,random,baseline,12445,100,1339,764,91,44.28888888888889,122,1.5,1.0
exp5_stow1.5_walk1.0,back_to_front,baseline,12445,100,1920,1843,85,119.85555555555555,295,1.5,1.0
exp5_stow1.5_walk1.0,outside_in,baseline,12445,100,1175,809,0,30.988888888888887,95,1.5,1.0
exp5_stow1.5_walk1.0,steffen,baseline,12445,100,731,1326,0,14.4,63,1.5,1.0
exp5_stow1.5_walk1.0,random,baseline,12446,101,1329,780,97,41.49444444444445,190,1.5,1.0
exp5_stow1.5_walk1.0,back_to_front,baseline,12446,101,1901,1838,99,122.0,316,1.5,1.0
exp5_stow1.5_walk1.0,outside_in,baseline,12446,101,1255,785,0,35.62222222222222,107,1.5,1.0
exp5_stow1.5_walk1.0,steffen,baseline,12446,101,784,1171,0,15.794444444444444,62,1.5,1.0
exp5_stow1.5_walk1.0,random,baseline,12447,102,1497,608,99,38.727777777777774,132,1.5,1.0
exp5_stow1.5_walk1.0,back_to_front,baseline,12447,102,1992,1674,87,118.6,375,1.5,1.0
exp5_stow1.5_walk1.0,outside_in,baseline,12447,102,1351,677,0,32.172222222222224,111,1.5,1.0
exp5_stow1.5_walk1.0,steffen,baseline,12447,102,827,1105,0,13.894444444444444,59,1.5,1.0
exp5_stow1.5_walk1.0,random,baseline,12448,103,1419,623,88,46.644444444444446,135,1.5,1.0
exp5_stow1.5_walk1.0,back_to_front,baseline,12448,103,1865,1297,75,112.89444444444445,280,1.5,1.0
exp5_stow1.5_walk1.0,outside_in,baseline,12448,103,1284,557,0,37.02777777777778,121,1.5,1.0
exp5_stow1.5_walk1.0,steffen,baseline,12448,103,738,277,0,9.188888888888888,42,1.5,1.0
exp5_stow1.5_walk1.0,random,baseline,12449,104,1430,689,96,41.15555555555556,143,1.5,1.0
exp5_stow1.5_walk1.0,back_to_front,baseline,12449,104,1746,1822,83,94.21111111111111,217,1.5,1.0
exp5_stow1.5_walk1.0,outside_in,baseline,12449,104,1262,842,0,35.58888888888889,113,1.5,1.0
exp5_stow1.5_walk1.0,steffen,baseline,12449,104,768,1222,0,15.188888888888888,55,1.5,1.0
exp5_stow1.5_walk1.0,random,baseline,12450,105,1443,665,100,40.388888888888886,134,1.5,1.0
exp5_stow1.5_walk1.0,back_to_front,baseline,12450,105,1859,1751,86,101.12777777777778,250,1.5,1.0
exp5_stow1.5_walk1.0,outside_in,baseline,12450,105,1190,568,0,30.533333333333335,94,1.5,1.0
exp5_stow1.5_walk1.0,steffen,baseline,12450,105,735,814,0,11.233333333333333,55,1.5,1.0
exp5_stow1.5_walk1.0,random,baseline,12451,106,1476,787,103,48.55,151,1.5,1.0
exp5_stow1.5_walk1.0,back_to_front,baseline,12451,106,2196,1703,83,131.17222222222222,284,1.5,1.0
exp5_stow1.5_walk1.0,outside_in,baseline,12451,106,1384,817,0,40.355555555555554,121,1.5,1.0
exp5_stow1.5_walk1.0,steffen,baseline,12451,106,780,915,0,13.0,65,1.5,1.0
exp5_stow1.5_walk1.0,random,baseline,12452,107,1342,801,69,42.47222222222222,120,1.5,1.0
exp5_stow1.5_walk1.0,back_to_front,baseline,12452,107,2053,1613,93,124.03888888888889,297,1.5,1.0
exp5_stow1.5_walk1.0,outside_in,baseline,12452,107,1275,755,0,34.97222222222222,113,1.5,1.0
exp5_stow1.5_walk1.0,steffen,baseline,12452,107,784,1071,0,13.85,58,1.5,1.0
exp5_stow1.5_walk1.0,random,baseline,12453,108,1488,735,95,39.55,135,1.5,1.0
exp5_stow1.5_walk1.0,back_to_front,baseline,12453,108,1995,1717,90,118.05,292,1.5,1.0
exp5_stow1.5_walk1.0,outside_in,baseline,12453,108,1218,714,0,32.45,100,1.5,1.0
exp5_stow1.5_walk1.0,steffen,baseline,12453,108,779,1470,0,15.677777777777777,52,1.5,1.0
exp5_stow1.5_walk1.0,random,baseline,12454,109,1535,925,81,44.93888888888889,133,1.5,1.0
exp5_stow1.5_walk1.0,back_to_front,baseline,12454,109,2311,1753,87,139.35,307,1.5,1.0
exp5_stow1.5_walk1.0,outside_in,baseline,12454,109,1361,802,0,35.016666666666666,115,1.5,1.0
exp5_stow1.5_walk1.0,steffen,baseline,12454,109,787,1225,0,16.05,57,1.5,1.0
exp5_stow1.5_walk1.0,random,baseline,12455,110,1524,793,107,45.34444444444444,145,1.5,1.0
exp5_stow1.5_walk1.0,back_to_front,baseline,12455,110,2058,1908,91,127.43888888888888,355,1.5,1.0
exp5_stow1.5_walk1.0,outside_in,baseline,12455,110,1214,729,0,35.794444444444444,101,1.5,1.0
exp5_stow1.5_walk1.0,steffen,baseline,12455,110,767,1508,0,16.5,63,1.5,1.0
exp5_stow1.5_walk1.0,random,baseline,12456,111,1419,966,99,39.294444444444444,123,1.5,1.0
exp5_stow1.5_walk1.0,back_to_front,baseline,12456,111,1986,1977,88,120.08888888888889,317,1.5,1.0
exp5_stow1.5_walk1.0,outside_in,baseline,12456,111,1225,871,0,34.672222222222224,119,1.5,1.0
exp5_stow1.5_walk1.0,steffen,baseline,12456,111,786,1532,0,16.41111111111111,65,1.5,1.0
exp5_stow1.5_walk1.0,random,baseline,12457,112,1446,708,98,42.33888888888889,112,1.5,1.0
exp5_stow1.5_walk1.0,back_to_front,baseline,12457,112,1922,1520,92,113.51666666666667,330,1.5,1.0
exp5_stow1.5_walk1.0,outside_in,baseline,12457,112,1286,640,0,34.26111111111111,95,1.5,1.0
exp5_stow1.5_walk1.0,steffen,baseline,12457,112,770,651,0,11.78888888888889,43,1.5,1.0
exp5_stow1.5_walk1.0,random,baseline,12458,113,1434,799,90,48.21111111111111,152,1.5,1.0
exp5_stow1.5_walk1.0,back_to_front,baseline,12458,113,1841,1805,81,102.75555555555556,229,1.5,1.0
exp5_stow1.5_walk1.0,outside_in,baseline,12458,113,1184,793,0,33.61666666666667,98,1.5,1.0
exp5_stow1.5_walk1.0,steffen,baseline,12458,113,796,1008,0,12.661111111111111,52,1.5,1.0
exp5_stow1.5_walk1.0,random,baseline,12459,114,1402,642,83,48.983333333333334,168,1.5,1.0
exp5_stow1.5_walk1.0,back_to_front,baseline,12459,114,1918,1359,94,111.24444444444444,261,1.5,1.0
exp5_stow1.5_walk1.0,outside_in,baseline,12459,114,1276,695,0,38.16111111111111,140,1.5,1.0
exp5_stow1.5_walk1.0,steffen,baseline,12459,114,748,674,0,11.666666666666666,46,1.5,1.0
exp5_stow1.5_walk1.0,random,baseline,12460,115,1558,843,88,44.52777777777778,109,1.5,1.0
exp5_stow1.5_walk1.0,back_to_front,baseline,12460,115,2030,1816,92,132.95555555555555,362,1.5,1.0
exp5_stow1.5_walk1.0,outside_in,baseline,12460,115,1210,796,0,33.25,91,1.5,1.0
exp5_stow1.5_walk1.0,steffen,baseline,12460,115,758,1196,0,15.283333333333333,56,1.5,1.0
exp5_stow1.5_walk1.0,random,baseline,12461,116,1249,634,70,34.72222222222222,104,1.5,1.0
exp5_stow1.5_walk1.0,back_to_front,baseline,12461,116,1798,1821,71,104.66666666666667,233,1.5,1.0
exp5_stow1.5_walk1.0,outside_in,baseline,12461,116,1174,640,0,29.033333333333335,97,1.5,1.0
exp5_stow1.5_walk1.0,steffen,baseline,12461,116,725,1188,0,14.694444444444445,54,1.5,1.0
exp5_stow1.5_walk1.0,random,baseline,12462,117,1412,829,89,43.733333333333334,154,1.5,1.0
exp5_stow1.5_walk1.0,back_to_front,baseline,12462,117,1983,1894,105,118.3,286,1.5,1.0
exp5_stow1.5_walk1.0,outside_in,baseline,12462,117,1239,822,0,34.19444444444444,108,1.5,1.0
exp5_stow1.5_walk1.0,steffen,baseline,12462,117,735,1403,0,14.983333333333333,50,1.5,1.0
exp5_stow1.5_walk1.0,random,baseline,12463,118,1374,925,85,41.705555555555556,124,1.5,1.0
exp5_stow1.5_walk1.0,back_to_front,baseline,12463,118,1930,1918,94,117.37222222222222,304,1.5,1.0
exp5_stow1.5_walk1.0,outside_in,baseline,12463,118,1209,758,0,32.24444444444445,97,1.5,1.0
exp5_stow1.5_walk1.0,steffen,baseline,12463,118,761,1008,0,14.488888888888889,47,1.5,1.0
exp5_stow1.5_walk1.0,random,baseline,12464,119,1411,965,89,47.0,178,1.5,1.0
exp5_stow1.5_walk1.0,back_to_front,baseline,12464,119,2151,1756,101,124.02777777777777,288,1.5,1.0
exp5_stow1.5_walk1.0,outside_in,baseline,12464,119,1147,676,0,31.36111111111111,106,1.5,1.0
exp5_stow1.5_walk1.0,steffen,baseline,12464,119,772,999,0,13.322222222222223,49,1.5,1.0
exp5_stow1.5_walk1.0,random,baseline,12465,120,1373,677,94,42.266666666666666,139,1.5,1.0
exp5_stow1.5_walk1.0,back_to_front,baseline,12465,120,1825,1595,87,101.21666666666667,316,1.5,1.0
exp5_stow1.5_walk1.0,outside_in,baseline,12465,120,1271,571,0,27.81111111111111,92,1.5,1.0
exp5_stow1.5_walk1.0,steffen,baseline,12465,120,766,976,0,13.222222222222221,60,1.5,1.0
exp5_stow1.5_walk1.0,random,baseline,12466,121,1342,780,70,40.09444444444444,143,1.5,1.0
exp5_stow1.5_walk1.0,back_to_front,baseline,12466,121,1814,1872,96,111.75555555555556,277,1.5,1.0
exp5_stow1.5_walk1.0,outside_in,baseline,12466,121,1248,750,0,35.96111111111111,124,1.5,1.0
exp5_stow1.5_walk1.0,steffen,baseline,12466,121,728,1070,0,13.633333333333333,64,1.5,1.0
exp5_stow1.5_walk1.0,random,baseline,12467,122,1471,896,98,48.12222222222222,149,1.5,1.0
exp5_stow1.5_walk1.0,back_to_front,baseline,12467,122,2000,1867,85,119.07222222222222,304,1.5,1.0
exp5_stow1.5_walk1.0,outside_in,baseline,12467,122,1192,769,0,33.36666666666667,89,1.5,1.0
exp5_stow1.5_walk1.0,steffen,baseline,12467,122,757,1163,0,14.71111111111111,75,1.5,1.0
exp5_stow1.5_walk1.0,random,baseline,12468,123,1450,798,98,38.266666666666666,125,1.5,1.0
exp5_stow1.5_walk1.0,back_to_front,baseline,12468,123,1867,1872,86,108.92777777777778,336,1.5,1.0
exp5_stow1.5_walk1.0,outside_in,baseline,12468,123,1231,862,0,30.67222222222222,90,1.5,1.0
exp5_stow1.5_walk1.0,steffen,baseline,12468,123,770,1046,0,14.255555555555556,60,1.5,1.0
exp5_stow1.5_walk1.0,random,baseline,12469,124,1492,729,98,44.59444444444444,156,1.5,1.0
exp5_stow1.5_walk1.0,back_to_front,baseline,12469,124,1987,1914,83,129.51666666666668,321,1.5,1.0
exp5_stow1.5_walk1.0,outside_in,baseline,12469,124,1267,624,0,35.99444444444445,117,1.5,1.0
exp5_stow1.5_walk1.0,steffen,baseline,12469,124,758,1061,0,13.6,57,1.5,1.0
exp5_stow1.5_walk1.0,random,baseline,12470,125,1289,1034,86,43.06666666666667,155,1.5,1.0
exp5_stow1.5_walk1.0,back_to_front,baseline,12470,125,1883,1867,78,107.88333333333334,299,1.5,1.0
exp5_stow1.5_walk1.0,outside_in,baseline,12470,125,1136,881,0,30.116666666666667,102,1.5,1.0
exp5_stow1.5_walk1.0,steffen,baseline,12470,125,754,1434,0,15.994444444444444,55,1.5,1.0
exp5_stow1.5_walk1.0,random,baseline,12471,126,1630,856,87,49.73888888888889,148,1.5,1.0
exp5_stow1.5_walk1.0,back_to_front,baseline,12471,126,1911,1934,98,109.66111111111111,271,1.5,1.0
exp5_stow1.5_walk1.0,outside_in,baseline,12471,126,1294,819,0,34.55,98,1.5,1.0
exp5_stow1.5_walk1.0,steffen,baseline,12471,126,807,1738,0,19.06111111111111,56,1.5,1.0
exp5_stow1.5_walk1.0,random,baseline,12472,127,1447,745,87,40.40555555555556,126,1.5,1.0
exp5_stow1.5_walk1.0,back_to_front,baseline,12472,127,1981,1568,100,115.05555555555556,320,1.5,1.0
exp5_stow1.5_walk1.0,outside_in,baseline,12472,127,1310,745,0,34.727777777777774,88,1.5,1.0
exp5_stow1.5_walk1.0,steffen,baseline,12472,127,798,1426,0,16.405555555555555,70,1.5,1.0
exp5_stow1.5_walk1.0,random,baseline,12473,128,1447,731,89,51.53888888888889,153,1.5,1.0
exp5_stow1.5_walk1.0,back_to_front,baseline,12473,128,2075,1888,89,126.58888888888889,321,1.5,1.0
exp5_stow1.5_walk1.0,outside_in,baseline,12473,128,1303,577,0,33.07222222222222,98,1.5,1.0
exp5_stow1.5_walk1.0,steffen,baseline,12473,128,752,1206,0,14.927777777777777,65,1.5,1.0
exp5_stow1.5_walk1.0,random,baseline,12474,129,1272,734,82,39.80555555555556,134,1.5,1.0
exp5_stow1.5_walk1.0,back_to_front,baseline,12474,129,1787,1496,89,106.75555555555556,250,1.5,1.0
exp5_stow1.5_walk1.0,outside_in,baseline,12474,129,1178,816,0,37.44444444444444,116,1.5,1.0
exp5_stow1.5_walk1.0,steffen,baseline,12474,129,711,1191,0,15.433333333333334,63,1.5,1.0
exp5_stow1.5_walk1.0,random,baseline,12475,130,1504,841,98,47.50555555555555,155,1.5,1.0
exp5_stow1.5_walk1.0,back_to_front,baseline,12475,130,1952,1792,94,118.39444444444445,263,1.5,1.0
exp5_stow1.5_walk1.0,outside_in,baseline,12475,130,1255,863,0,39.30555555555556,135,1.5,1.0
exp5_stow1.5_walk1.0,steffen,baseline,12475,130,761,1343,0,16.47222222222222,61,1.5,1.0
exp5_stow1.5_walk1.0,random,baseline,12476,131,1573,868,84,49.09444444444444,200,1.5,1.0
exp5_stow1.5_walk1.0,back_to_front,baseline,12476,131,2026,1774,102,116.2611111111111,297,1.5,1.0
exp5_stow1.5_walk1.0,outside_in,baseline,12476,131,1367,895,0,40.2,113,1.5,1.0
exp5_stow1.5_walk1.0,steffen,baseline,12476,131,764,1246,0,14.838888888888889,52,1.5,1.0
exp5_stow1.5_walk1.0,random,baseline,12477,132,1466,656,96,45.96111111111111,119,1.5,1.0
exp5_stow1.5_walk1.0,back_to_front,baseline,12477,132,1857,1417,92,111.78888888888889,276,1.5,1.0
exp5_stow1.5_walk1.0,outside_in,baseline,12477,132,1283,669,0,41.97222222222222,145,1.5,1.0
exp5_stow1.5_walk1.0,steffen,baseline,12477,132,750,643,0,11.077777777777778,46,1.5,1.0
exp5_stow1.5_walk1.0,random,baseline,12478,133,1320,762,88,38.07222222222222,127,1.5,1.0
exp5_stow1.5_walk1.0,back_to_front,baseline,12478,133,1856,1825,87,117.56666666666666,316,1.5,1.0
exp5_stow1.5_walk1.0,outside_in,baseline,12478,133,1199,684,0,34.044444444444444,111,1.5,1.0
exp5_stow1.5_walk1.0,steffen,baseline,12478,133,763,1481,0,16.005555555555556,55,1.5,1.0
exp5_stow1.5_walk1.0,random,baseline,12479,134,1431,829,86,38.99444444444445,122,1.5,1.0
exp5_stow1.5_walk1.0,back_to_front,baseline,12479,134,1836,1744,91,101.43333333333334,264,1.5,1.0
exp5_stow1.5_walk1.0,outside_in,baseline,12479,134,1289,675,0,34.78888888888889,93,1.5,1.0
exp5_stow1.5_walk1.0,steffen,baseline,12479,134,796,1691,0,18.616666666666667,76,1.5,1.0
exp5_stow1.5_walk1.0,random,baseline,12480,135,1433,820,82,46.50555555555555,167,1.5,1.0
exp5_stow1.5_walk1.0,back_to_front,baseline,12480,135,1924,1895,94,118.95555555555555,289,1.5,1.0
exp5_stow1.5_walk1.0,outside_in,baseline,12480,135,1187,766,0,32.15,126,1.5,1.0
exp5_stow1.5_walk1.0,steffen,baseline,12480,135,735,1101,0,13.066666666666666,57,1.5,1.0
exp5_stow1.5_walk1.0,random,baseline,12481,136,1521,796,87,54.07222222222222,166,1.5,1.0
exp5_stow1.5_walk1.0,back_to_front,baseline,12481,136,2137,1544,86,125.82777777777778,320,1.5,1.0
exp5_stow1.5_walk1.0,outside_in,baseline,12481,136,1301,698,0,35.75555555555555,104,1.5,1.0
exp5_stow1.5_walk1.0,steffen,baseline,12481,136,789,784,0,12.627777777777778,53,1.5,1.0
exp5_stow1.5_walk1.0,random,baseline,12482,137,1389,634,95,35.55555555555556,110,1.5,1.0
exp5_stow1.5_walk1.0,back_to_front,baseline,12482,137,2024,1792,94,123.12222222222222,377,1.5,1.0
exp5_stow1.5_walk1.0,outside_in,baseline,12482,137,1234,761,0,33.11666666666667,132,1.5,1.0
exp5_stow1.5_walk1.0,steffen,baseline,12482,137,753,1402,0,15.761111111111111,61,1.5,1.0
exp5_stow1.5_walk1.0,random,baseline,12483,138,1490,821,103,48.56111111111111,152,1.5,1.0
exp5_stow1.5_walk1.0,back_to_front,baseline,12483,138,1860,1469,87,102.87222222222222,278,1.5,1.0
exp5_stow1.5_walk1.0,outside_in,baseline,12483,138,1293,628,0,32.766666666666666,97,1.5,1.0
exp5_stow1.5_walk1.0,steffen,baseline,12483,138,731,1212,0,14.883333333333333,50,1.5,1.0
exp5_stow1.5_walk1.0,random,baseline,12484,139,1387,606,88,34.37777777777778,102,1.5,1.0
exp5_stow1.5_walk1.0,back_to_front,baseline,12484,139,1821,1449,99,103.9888888888889,296,1.5,1.0
exp5_stow1.5_walk1.0,outside_in,baseline,12484,139,1315,598,0,34.583333333333336,107,1.5,1.0
exp5_stow1.5_walk1.0,steffen,baseline,12484,139,740,959,0,13.96111111111111,71,1.5,1.0
exp5_stow1.5_walk1.0,random,baseline,12485,140,1350,711,85,42.92777777777778,127,1.5,1.0
exp5_stow1.5_walk1.0,back_to_front,baseline,12485,140,1805,1873,89,111.36111111111111,314,1.5,1.0
exp5_stow1.5_walk1.0,outside_in,baseline,12485,140,1210,644,0,33.94444444444444,112,1.5,1.0
exp5_stow1.5_walk1.0,steffen,baseline,12485,140,729,814,0,12.71111111111111,63,1.5,1.0
exp5_stow1.5_walk1.0,random,baseline,12486,141,1413,879,98,44.66111111111111,130,1.5,1.0
exp5_stow1.5_walk1.0,back_to_front,baseline,12486,141,1995,1755,91,112.34444444444445,293,1.5,1.0
exp5_stow1.5_walk1.0,outside_in,baseline,12486,141,1284,966,0,40.02777777777778,110,1.5,1.0
exp5_stow1.5_walk1.0,steffen,baseline,12486,141,744,1341,0,16.18888888888889,51,1.5,1.0
exp5_stow1.5_walk1.0,random,baseline,12487,142,1446,753,80,37.82222222222222,139,1.5,1.0
exp5_stow1.5_walk1.0,back_to_front,baseline,12487,142,1836,1781,95,98.86111111111111,230,1.5,1.0
exp5_stow1.5_walk1.0,outside_in,baseline,12487,142,1221,746,0,29.166666666666668,99,1.5,1.0
exp5_stow1.5_walk1.0,steffen,baseline,12487,142,782,1260,0,14.3,50,1.5,1.0
exp5_stow1.5_walk1.0,random,baseline,12488,143,1389,798,84,44.294444444444444,159,1.5,1.0
exp5_stow1.5_walk1.0,back_to_front,baseline,12488,143,2067,1781,95,126.01666666666667,311,1.5,1.0
exp5_stow1.5_walk1.0,outside_in,baseline,12488,143,1291,826,0,39.37222222222222,114,1.5,1.0
exp5_stow1.5_walk1.0,steffen,baseline,12488,143,750,1182,0,14.65,66,1.5,1.0
exp5_stow1.5_walk1.0,random,baseline,12489,144,1396,1003,82,48.105555555555554,155,1.5,1.0
exp5_stow1.5_walk1.0,back_to_front,baseline,12489,144,1986,1797,86,125.35,338,1.5,1.0
exp5_stow1.5_walk1.0,outside_in,baseline,12489,144,1119,676,0,30.405555555555555,86,1.5,1.0
exp5_stow1.5_walk1.0,steffen,baseline,12489,144,768,1782,0,17.91111111111111,61,1.5,1.0
exp5_stow1.5_walk1.0,random,baseline,12490,145,1321,750,84,44.42777777777778,117,1.5,1.0
exp5_stow1.5_walk1.0,back_to_front,baseline,12490,145,1995,1343,91,121.39444444444445,258,1.5,1.0
exp5_stow1.5_walk1.0,outside_in,baseline,12490,145,1226,754,0,40.827777777777776,114,1.5,1.0
exp5_stow1.5_walk1.0,steffen,baseline,12490,145,733,644,0,11.472222222222221,52,1.5,1.0
exp5_stow1.5_walk1.0,random,baseline,12491,146,1554,716,88,43.983333333333334,145,1.5,1.0
exp5_stow1.5_walk1.0,back_to_front,baseline,12491,146,1881,1491,92,103.14444444444445,241,1.5,1.0
exp5_stow1.5_walk1.0,outside_in,baseline,12491,146,1217,715,0,29.605555555555554,80,1.5,1.0
exp5_stow1.5_walk1.0,steffen,baseline,12491,146,787,869,0,13.794444444444444,49,1.5,1.0
exp5_stow1.5_walk1.0,random,baseline,12492,147,1383,1074,94,46.74444444444445,128,1.5,1.0
exp5_stow1.5_walk1.0,back_to_front,baseline,12492,147,1830,1856,89,108.56111111111112,277,1.5,1.0
exp5_stow1.5_walk1.0,outside_in,baseline,12492,147,1202,839,0,35.95,129,1.5,1.0
exp5_stow1.5_walk1.0,steffen,baseline,12492,147,766,1520,0,17.366666666666667,66,1.5,1.0
exp5_stow1.5_walk1.0,random,baseline,12493,148,1425,707,97,46.84444444444444,137,1.5,1.0
exp5_stow1.5_walk1.0,back_to_front,baseline,12493,148,1871,1432,93,103.41111111111111,292,1.5,1.0
exp5_stow1.5_walk1.0,outside_in,baseline,12493,148,1219,800,0,36.30555555555556,100,1.5,1.0
exp5_stow1.5_walk1.0,steffen,baseline,12493,148,748,1036,0,12.911111111111111,55,1.5,1.0
exp5_stow1.5_walk1.0,random,baseline,12494,149,1387,910,98,40.83888888888889,140,1.5,1.0
exp5_stow1.5_walk1.0,back_to_front,baseline,12494,149,1869,1841,83,116.05555555555556,343,1.5,1.0
exp5_stow1.5_walk1.0,outside_in,baseline,12494,149,1183,970,0,34.02777777777778,103,1.5,1.0
exp5_stow1.5_walk1.0,steffen,baseline,12494,149,762,1463,0,15.833333333333334,50,1.5,1.0
exp5_stow1.5_walk1.0,random,baseline,12495,150,1427,761,105,42.605555555555554,112,1.5,1.0
exp5_stow1.5_walk1.0,back_to_front,baseline,12495,150,2005,1828,88,118.17777777777778,293,1.5,1.0
exp5_stow1.5_walk1.0,outside_in,baseline,12495,150,1295,879,0,40.477777777777774,121,1.5,1.0
exp5_stow1.5_walk1.0,steffen,baseline,12495,150,717,1629,0,16.4,56,1.5,1.0
exp5_stow1.5_walk1.0,random,baseline,12496,151,1421,868,96,44.21111111111111,128,1.5,1.0
exp5_stow1.5_walk1.0,back_to_front,baseline,12496,151,1843,1854,90,113.5,278,1.5,1.0
exp5_stow1.5_walk1.0,outside_in,baseline,12496,151,1174,928,0,34.57222222222222,100,1.5,1.0
exp5_stow1.5_walk1.0,steffen,baseline,12496,151,734,1511,0,16.366666666666667,56,1.5,1.0
exp5_stow1.5_walk1.0,random,baseline,12497,152,1402,713,89,35.794444444444444,112,1.5,1.0
exp5_stow1.5_walk1.0,back_to_front,baseline,12497,152,1890,1531,93,101.48333333333333,264,1.5,1.0
exp5_stow1.5_walk1.0,outside_in,baseline,12497,152,1263,596,0,30.288888888888888,85,1.5,1.0
exp5_stow1.5_walk1.0,steffen,baseline,12497,152,775,757,0,12.372222222222222,48,1.5,1.0
exp5_stow1.5_walk1.0,random,baseline,12498,153,1375,753,96,39.65,141,1.5,1.0
exp5_stow1.5_walk1.0,back_to_front,baseline,12498,153,1788,1838,88,107.44444444444444,330,1.5,1.0
exp5_stow1.5_walk1.0,outside_in,baseline,12498,153,1203,769,0,39.17777777777778,162,1.5,1.0
exp5_stow1.5_walk1.0,steffen,baseline,12498,153,705,1221,0,15.394444444444444,59,1.5,1.0
exp5_stow1.5_walk1.0,random,baseline,12499,154,1453,687,91,40.61666666666667,136,1.5,1.0
exp5_stow1.5_walk1.0,back_to_front,baseline,12499,154,1918,1587,86,109.84444444444445,256,1.5,1.0
exp5_stow1.5_walk1.0,outside_in,baseline,12499,154,1247,633,0,34.333333333333336,110,1.5,1.0
exp5_stow1.5_walk1.0,steffen,baseline,12499,154,778,1049,0,15.088888888888889,78,1.5,1.0
exp5_stow1.5_walk1.0,random,baseline,12500,155,1409,774,91,42.644444444444446,120,1.5,1.0
exp5_stow1.5_walk1.0,back_to_front,baseline,12500,155,1887,1750,87,110.2388888888889,275,1.5,1.0
exp5_stow1.5_walk1.0,outside_in,baseline,12500,155,1169,790,0,33.34444444444444,101,1.5,1.0
exp5_stow1.5_walk1.0,steffen,baseline,12500,155,767,1030,0,14.688888888888888,74,1.5,1.0
exp5_stow1.5_walk1.0,random,baseline,12501,156,1433,1036,82,41.227777777777774,148,1.5,1.0
exp5_stow1.5_walk1.0,back_to_front,baseline,12501,156,2239,1924,89,150.3,346,1.5,1.0
exp5_stow1.5_walk1.0,outside_in,baseline,12501,156,1267,1019,0,47.05555555555556,133,1.5,1.0
exp5_stow1.5_walk1.0,steffen,baseline,12501,156,738,2017,0,20.427777777777777,66,1.5,1.0
exp5_stow1.5_walk1.0,random,baseline,12502,157,1392,730,101,38.205555555555556,153,1.5,1.0
exp5_stow1.5_walk1.0,back_to_front,baseline,12502,157,1911,1780,87,113.35,345,1.5,1.0
exp5_stow1.5_walk1.0,outside_in,baseline,12502,157,1189,897,0,34.46111111111111,109,1.5,1.0
exp5_stow1.5_walk1.0,steffen,baseline,12502,157,731,1113,0,13.661111111111111,47,1.5,1.0
exp5_stow1.5_walk1.0,random,baseline,12503,158,1450,693,98,40.55555555555556,126,1.5,1.0
exp5_stow1.5_walk1.0,back_to_front,baseline,12503,158,1943,1876,84,112.94444444444444,272,1.5,1.0
exp5_stow1.5_walk1.0,outside_in,baseline,12503,158,1289,610,0,34.894444444444446,123,1.5,1.0
exp5_stow1.5_walk1.0,steffen,baseline,12503,158,800,1416,0,15.955555555555556,55,1.5,1.0
exp5_stow1.5_walk1.0,random,baseline,12504,159,1457,710,72,41.71111111111111,153,1.5,1.0
exp5_stow1.5_walk1.0,back_to_front,baseline,12504,159,2108,1917,113,136.53333333333333,392,1.5,1.0
exp5_stow1.5_walk1.0,outside_in,baseline,12504,159,1252,595,0,35.477777777777774,123,1.5,1.0
exp5_stow1.5_walk1.0,steffen,baseline,12504,159,751,1203,0,15.366666666666667,90,1.5,1.0
exp5_stow1.5_walk1.0,random,baseline,12505,160,1444,890,89,42.05555555555556,134,1.5,1.0
exp5_stow1.5_walk1.0,back_to_front,baseline,12505,160,2064,2017,105,120.84444444444445,244,1.5,1.0
exp5_stow1.5_walk1.0,outside_in,baseline,12505,160,1250,667,0,29.255555555555556,88,1.5,1.0
exp5_stow1.5_walk1.0,steffen,baseline,12505,160,765,1127,0,14.416666666666666,64,1.5,1.0
exp5_stow1.5_walk1.0,random,baseline,12506,161,1429,829,90,40.13333333333333,140,1.5,1.0
exp5_stow1.5_walk1.0,back_to_front,baseline,12506,161,1971,1570,98,121.89444444444445,302,1.5,1.0
exp5_stow1.5_walk1.0,outside_in,baseline,12506,161,1207,810,0,35.47222222222222,126,1.5,1.0
exp5_stow1.5_walk1.0,steffen,baseline,12506,161,760,1161,0,14.0,72,1.5,1.0
exp5_stow1.5_walk1.0,random,baseline,12507,162,1406,735,95,38.44444444444444,136,1.5,1.0
exp5_stow1.5_walk1.0,back_to_front,baseline,12507,162,1903,1829,93,107.19444444444444,251,1.5,1.0
exp5_stow1.5_walk1.0,outside_in,baseline,12507,162,1353,752,0,33.577777777777776,98,1.5,1.0
exp5_stow1.5_walk1.0,steffen,baseline,12507,162,768,972,0,13.833333333333334,53,1.5,1.0
exp5_stow1.5_walk1.0,random,baseline,12508,163,1322,707,80,38.01111111111111,138,1.5,1.0
exp5_stow1.5_walk1.0,back_to_front,baseline,12508,163,1997,2009,86,129.19444444444446,311,1.5,1.0
exp5_stow1.5_walk1.0,outside_in,baseline,12508,163,1204,693,0,30.9,111,1.5,1.0
exp5_stow1.5_walk1.0,steffen,baseline,12508,163,719,1547,0,16.033333333333335,49,1.5,1.0
exp5_stow1.5_walk1.0,random,baseline,12509,164,1419,908,81,43.90555555555556,151,1.5,1.0
exp5_stow1.5_walk1.0,back_to_front,baseline,12509,164,1867,1896,90,114.95555555555555,280,1.5,1.0
exp5_stow1.5_walk1.0,outside_in,baseline,12509,164,1154,843,0,39.77777777777778,118,1.5,1.0
exp5_stow1.5_walk1.0,steffen,baseline,12509,164,750,1159,0,14.255555555555556,58,1.5,1.0
exp5_stow1.5_walk1.0,random,baseline,12510,165,1413,680,97,38.00555555555555,151,1.5,1.0
exp5_stow1.5_walk1.0,back_to_front,baseline,12510,165,2148,1620,86,125.38888888888889,314,1.5,1.0
exp5_stow1.5_walk1.0,outside_in,baseline,12510,165,1266,765,0,37.333333333333336,133,1.5,1.0
exp5_stow1.5_walk1.0,steffen,baseline,12510,165,808,937,0,14.027777777777779,50,1.5,1.0
exp5_stow1.5_walk1.0,random,baseline,12511,166,1532,899,97,48.611111111111114,135,1.5,1.0
exp5_stow1.5_walk1.0,back_to_front,baseline,12511,166,1864,1685,85,101.05,226,1.5,1.0
exp5_stow1.5_walk1.0,outside_in,baseline,12511,166,1300,929,0,41.0,130,1.5,1.0
exp5_stow1.5_walk1.0,steffen,baseline,12511,166,768,999,0,13.761111111111111,51,1.5,1.0
exp5_stow1.5_walk1.0,random,baseline,12512,167,1412,999,102,38.772222222222226,127,1.5,1.0
exp5_stow1.5_walk1.0,back_to_front,baseline,12512,167,2016,1845,93,115.06666666666666,262,1.5,1.0
exp5_stow1.5_walk1.0,outside_in,baseline,12512,167,1348,866,0,33.888888888888886,123,1.5,1.0
exp5_stow1.5_walk1.0,steffen,baseline,12512,167,779,1351,0,15.122222222222222,52,1.5,1.0
exp5_stow1.5_walk1.0,random,baseline,12513,168,1398,622,89,32.37222222222222,131,1.5,1.0
exp5_stow1.5_walk1.0,back_to_front,baseline,12513,168,1852,1782,84,111.16666666666667,294,1.5,1.0
exp5_stow1.5_walk1.0,outside_in,baseline,12513,168,1145,787,0,34.888888888888886,104,1.5,1.0
exp5_stow1.5_walk1.0,steffen,baseline,12513,168,772,1796,0,18.322222222222223,72,1.5,1.0
exp5_stow1.5_walk1.0,random,baseline,12514,169,1549,819,84,45.91111111111111,158,1.5,1.0
exp5_stow1.5_walk1.0,back_to_front,baseline,12514,169,1929,1868,98,111.28888888888889,333,1.5,1.0
exp5_stow1.5_walk1.0,outside_in,baseline,12514,169,1250,809,0,37.75,143,1.5,1.0
exp5_stow1.5_walk1.0,steffen,baseline,12514,169,794,1181,0,14.916666666666666,68,1.5,1.0
exp5_stow1.5_walk1.0,random,baseline,12515,170,1256,785,93,42.166666666666664,150,1.5,1.0
exp5_stow1.5_walk1.0,back_to_front,baseline,12515,170,1912,1685,83,121.86666666666666,315,1.5,1.0
exp5_stow1.5_walk1.0,outside_in,baseline,12515,170,1123,783,0,34.227777777777774,112,1.5,1.0
exp5_stow1.5_walk1.0,steffen,baseline,12515,170,710,1100,0,13.411111111111111,66,1.5,1.0
exp5_stow1.5_walk1.0,random,baseline,12516,171,1295,632,77,35.65555555555556,119,1.5,1.0
exp5_stow1.5_walk1.0,back_to_front,baseline,12516,171,1900,1893,92,118.87222222222222,318,1.5,1.0
exp5_stow1.5_walk1.0,outside_in,baseline,12516,171,1048,646,0,27.711111111111112,99,1.5,1.0
exp5_stow1.5_walk1.0,steffen,baseline,12516,171,744,878,0,11.7,61,1.5,1.0
exp5_stow1.5_walk1.0,random,baseline,12517,172,1455,692,98,40.11666666666667,128,1.5,1.0
exp5_stow1.5_walk1.0,back_to_front,baseline,12517,172,1919,1600,72,112.11111111111111,269,1.5,1.0
exp5_stow1.5_walk1.0,outside_in,baseline,12517,172,1201,603,0,28.211111111111112,100,1.5,1.0
exp5_stow1.5_walk1.0,steffen,baseline,12517,172,752,1141,0,13.338888888888889,55,1.5,1.0
exp5_stow1.5_walk1.0,random,baseline,12518,173,1499,738,85,46.888888888888886,160,1.5,1.0
exp5_stow1.5_walk1.0,back_to_front,baseline,12518,173,1898,1823,72,112.92222222222222,246,1.5,1.0
exp5_stow1.5_walk1.0,outside_in,baseline,12518,173,1257,769,0,39.91111111111111,113,1.5,1.0
exp5_stow1.5_walk1.0,steffen,baseline,12518,173,745,1234,0,15.2,52,1.5,1.0
exp5_stow1.5_walk1.0,random,baseline,12519,174,1411,706,84,37.733333333333334,117,1.5,1.0
exp5_stow1.5_walk1.0,back_to_front,baseline,12519,174,2018,1630,107,125.0111111111111,300,1.5,1.0
exp5_stow1.5_walk1.0,outside_in,baseline,12519,174,1212,849,0,38.13333333333333,116,1.5,1.0
exp5_stow1.5_walk1.0,steffen,baseline,12519,174,752,925,0,12.766666666666667,64,1.5,1.0
exp5_stow1.5_walk1.0,random,baseline,12520,175,1275,817,78,39.59444444444444,114,1.5,1.0
exp5_stow1.5_walk1.0,back_to_front,baseline,12520,175,1970,1797,90,118.89444444444445,337,1.5,1.0
exp5_stow1.5_walk1.0,outside_in,baseline,12520,175,1137,759,0,36.03888888888889,128,1.5,1.0
exp5_stow1.5_walk1.0,steffen,baseline,12520,175,747,1224,0,13.922222222222222,54,1.5,1.0
exp5_stow1.5_walk1.0,random,baseline,12521,176,1537,1008,89,43.40555555555556,144,1.5,1.0
exp5_stow1.5_walk1.0,back_to_front,baseline,12521,176,2129,1937,99,125.77222222222223,332,1.5,1.0
exp5_stow1.5_walk1.0,outside_in,baseline,12521,176,1410,970,0,34.416666666666664,109,1.5,1.0
exp5_stow1.5_walk1.0,steffen,baseline,12521,176,809,1504,0,17.67222222222222,62,1.5,1.0
exp5_stow1.5_walk1.0,random,baseline,12522,177,1421,839,93,42.25555555555555,134,1.5,1.0
exp5_stow1.5_walk1.0,back_to_front,baseline,12522,177,1743,1690,80,96.62777777777778,191,1.5,1.0
exp5_stow1.5_walk1.0,outside_in,baseline,12522,177,1259,734,0,34.6,117,1.5,1.0
exp5_stow1.5_walk1.0,steffen,baseline,12522,177,733,1220,0,13.816666666666666,45,1.5,1.0
exp5_stow1.5_walk1.0,random,baseline,12523,178,1530,925,92,46.477777777777774,141,1.5,1.0
exp5_stow1.5_walk1.0,back_to_front,baseline,12523,178,1876,1968,91,108.7611111111111,267,1.5,1.0
exp5_stow1.5_walk1.0,outside_in,baseline,12523,178,1252,1014,0,40.69444444444444,129,1.5,1.0
exp5_stow1.5_walk1.0,steffen,baseline,12523,178,764,1264,0,14.866666666666667,63,1.5,1.0
exp5_stow1.5_walk1.0,random,baseline,12524,179,1418,863,83,43.583333333333336,140,1.5,1.0
exp5_stow1.5_walk1.0,back_to_front,baseline,12524,179,2072,1728,85,116.58333333333333,271,1.5,1.0
exp5_stow1.5_walk1.0,outside_in,baseline,12524,179,1152,811,0,34.4,112,1.5,1.0
exp5_stow1.5_walk1.0,steffen,baseline,12524,179,767,1363,0,16.033333333333335,53,1.5,1.0
exp5_stow1.5_walk1.0,random,baseline,12525,180,1439,621,100,41.516666666666666,119,1.5,1.0
exp5_stow1.5_walk1.0,back_to_front,baseline,12525,180,1849,1689,80,113.86111111111111,310,1.5,1.0
exp5_stow1.5_walk1.0,outside_in,baseline,12525,180,1166,644,0,29.744444444444444,111,1.5,1.0
exp5_stow1.5_walk1.0,steffen,baseline,12525,180,783,818,0,11.694444444444445,50,1.5,1.0
exp5_stow1.5_walk1.0,random,baseline,12526,181,1321,786,88,39.727777777777774,106,1.5,1.0
exp5_stow1.5_walk1.0,back_to_front,baseline,12526,181,1936,1985,87,114.5111111111111,317,1.5,1.0
exp5_stow1.5_walk1.0,outside_in,baseline,12526,181,1205,757,0,31.266666666666666,98,1.5,1.0
exp5_stow1.5_walk1.0,steffen,baseline,12526,181,768,1509,0,16.555555555555557,64,1.5,1.0
exp5_stow1.5_walk1.0,random,baseline,12527,182,1384,667,104,38.78333333333333,143,1.5,1.0
exp5_stow1.5_walk1.0,back_to_front,baseline,12527,182,1914,1853,84,124.50555555555556,326,1.5,1.0
exp5_stow1.5_walk1.0,outside_in,baseline,12527,182,1137,880,0,38.27777777777778,107,1.5,1.0
exp5_stow1.5_walk1.0,steffen,baseline,12527,182,727,1249,0,14.233333333333333,52,1.5,1.0
exp5_stow1.5_walk1.0,random,baseline,12528,183,1461,708,89,44.66111111111111,106,1.5,1.0
exp5_stow1.5_walk1.0,back_to_front,baseline,12528,183,2067,2003,95,130.9388888888889,356,1.5,1.0
exp5_stow1.5_walk1.0,outside_in,baseline,12528,183,1340,701,0,36.233333333333334,145,1.5,1.0
exp5_stow1.5_walk1.0,steffen,baseline,12528,183,747,1626,0,17.83888888888889,87,1.5,1.0
exp5_stow1.5_walk1.0,random,baseline,12529,184,1410,868,86,46.727777777777774,134,1.5,1.0
exp5_stow1.5_walk1.0,back_to_front,baseline,12529,184,2050,1761,106,119.83333333333333,279,1.5,1.0
exp5_stow1.5_walk1.0,outside_in,baseline,12529,184,1300,711,0,33.99444444444445,122,1.5,1.0
exp5_stow1.5_walk1.0,steffen,baseline,12529,184,769,1007,0,14.05,52,1.5,1.0
exp5_stow1.5_walk1.0,random,baseline,12530,185,1364,817,92,40.61666666666667,137,1.5,1.0
exp5_stow1.5_walk1.0,back_to_front,baseline,12530,185,1863,1862,74,107.48333333333333,251,1.5,1.0
exp5_stow1.5_walk1.0,outside_in,baseline,12530,185,1233,714,0,31.272222222222222,117,1.5,1.0
exp5_stow1.5_walk1.0,steffen,baseline,12530,185,795,1126,0,14.194444444444445,53,1.5,1.0
exp5_stow1.5_walk1.0,random,baseline,12531,186,1439,677,89,32.58888888888889,112,1.5,1.0
exp5_stow1.5_walk1.0,back_to_front,baseline,12531,186,2032,1785,92,114.78888888888889,344,1.5,1.0
exp5_stow1.5_walk1.0,outside_in,baseline,12531,186,1263,874,0,39.266666666666666,99,1.5,1.0
exp5_stow1.5_walk1.0,steffen,baseline,12531,186,764,1471,0,16.18888888888889,61,1.5,1.0
exp5_stow1.5_walk1.0,random,baseline,12532,187,1527,865,104,45.6,161,1.5,1.0
exp5_stow1.5_walk1.0,back_to_front,baseline,12532,187,1883,1528,87,105.11666666666666,274,1.5,1.0
exp5_stow1.5_walk1.0,outside_in,baseline,12532,187,1165,819,0,27.444444444444443,78,1.5,1.0
exp5_stow1.5_walk1.0,steffen,baseline,12532,187,757,1155,0,14.705555555555556,48,1.5,1.0
exp5_stow1.5_walk1.0,random,baseline,12533,188,1506,742,89,49.24444444444445,159,1.5,1.0
exp5_stow1.5_walk1.0,back_to_front,baseline,12533,188,2103,1597,96,125.25555555555556,283,1.5,1.0
exp5_stow1.5_walk1.0,outside_in,baseline,12533,188,1235,717,0,35.772222222222226,107,1.5,1.0
exp5_stow1.5_walk1.0,steffen,baseline,12533,188,833,887,0,13.38888888888889,53,1.5,1.0
exp5_stow1.5_walk1.0,random,baseline,12534,189,1453,888,87,41.81111111111111,117,1.5,1.0
exp5_stow1.5_walk1.0,back_to_front,baseline,12534,189,1880,1794,88,113.55,281,1.5,1.0
exp5_stow1.5_walk1.0,outside_in,baseline,12534,189,1224,973,0,36.19444444444444,115,1.5,1.0
exp5_stow1.5_walk1.0,steffen,baseline,12534,189,737,2011,0,19.944444444444443,66,1.5,1.0
exp5_stow1.5_walk1.0,random,baseline,12535,190,1370,711,89,33.111111111111114,83,1.5,1.0
exp5_stow1.5_walk1.0,back_to_front,baseline,12535,190,2024,1859,94,115.5,304,1.5,1.0
exp5_stow1.5_walk1.0,outside_in,baseline,12535,190,1113,667,0,26.483333333333334,83,1.5,1.0
exp5_stow1.5_walk1.0,steffen,baseline,12535,190,751,924,0,12.533333333333333,53,1.5,1.0
exp5_stow1.5_walk1.0,random,baseline,12536,191,1465,833,91,41.855555555555554,159,1.5,1.0
exp5_stow1.5_walk1.0,back_to_front,baseline,12536,191,2097,1842,84,120.57222222222222,293,1.5,1.0
exp5_stow1.5_walk1.0,outside_in,baseline,12536,191,1299,700,0,28.77777777777778,100,1.5,1.0
exp5_stow1.5_walk1.0,steffen,baseline,12536,191,781,1594,0,16.844444444444445,56,1.5,1.0
exp5_stow1.5_walk1.0,random,baseline,12537,192,1302,883,89,38.53888888888889,119,1.5,1.0
exp5_stow1.5_walk1.0,back_to_front,baseline,12537,192,1967,1888,88,119.29444444444445,337,1.5,1.0
exp5_stow1.5_walk1.0,outside_in,baseline,12537,192,1206,797,0,29.622222222222224,82,1.5,1.0
exp5_stow1.5_walk1.0,steffen,baseline,12537,192,747,1100,0,13.922222222222222,50,1.5,1.0
exp5_stow1.5_walk1.0,random,baseline,12538,193,1372,796,85,45.17777777777778,124,1.5,1.0
exp5_stow1.5_walk1.0,back_to_front,baseline,12538,193,1668,1865,84,93.28333333333333,219,1.5,1.0
exp5_stow1.5_walk1.0,outside_in,baseline,12538,193,1299,897,0,44.666666666666664,123,1.5,1.0
exp5_stow1.5_walk1.0,steffen,baseline,12538,193,718,1138,0,15.622222222222222,53,1.5,1.0
exp5_stow1.5_walk1.0,random,baseline,12539,194,1512,808,90,46.87222222222222,140,1.5,1.0
exp5_stow1.5_walk1.0,back_to_front,baseline,12539,194,1939,1752,90,116.47222222222223,298,1.5,1.0
exp5_stow1.5_walk1.0,outside_in,baseline,12539,194,1299,732,0,38.71111111111111,98,1.5,1.0
exp5_stow1.5_walk1.0,steffen,baseline,12539,194,779,1193,0,15.944444444444445,57,1.5,1.0
exp5_stow1.5_walk1.0,random,baseline,12540,195,1309,862,88,47.19444444444444,159,1.5,1.0
exp5_stow1.5_walk1.0,back_to_front,baseline,12540,195,1917,1725,85,119.35,273,1.5,1.0
exp5_stow1.5_walk1.0,outside_in,baseline,12540,195,1263,785,0,43.144444444444446,106,1.5,1.0
exp5_stow1.5_walk1.0,steffen,baseline,12540,195,734,1428,0,19.02777777777778,69,1.5,1.0
exp5_stow1.5_walk1.0,random,baseline,12541,196,1484,781,89,47.92777777777778,137,1.5,1.0
exp5_stow1.5_walk1.0,back_to_front,baseline,12541,196,1887,1878,85,103.88333333333334,231,1.5,1.0
exp5_stow1.5_walk1.0,outside_in,baseline,12541,196,1226,766,0,36.74444444444445,111,1.5,1.0
exp5_stow1.5_walk1.0,steffen,baseline,12541,196,753,984,0,14.13888888888889,61,1.5,1.0
exp5_stow1.5_walk1.0,random,baseline,12542,197,1400,949,78,51.916666666666664,181,1.5,1.0
exp5_stow1.5_walk1.0,back_to_front,baseline,12542,197,2099,1831,93,130.96666666666667,298,1.5,1.0
exp5_stow1.5_walk1.0,outside_in,baseline,12542,197,1207,797,0,40.394444444444446,117,1.5,1.0
exp5_stow1.5_walk1.0,steffen,baseline,12542,197,754,1402,0,17.32777777777778,74,1.5,1.0
exp5_stow1.5_walk1.0,random,baseline,12543,198,1527,725,77,42.57222222222222,135,1.5,1.0
exp5_stow1.5_walk1.0,back_to_front,baseline,12543,198,2007,1722,91,125.07222222222222,311,1.5,1.0
exp5_stow1.5_walk1.0,outside_in,baseline,12543,198,1255,734,0,37.42777777777778,108,1.5,1.0
exp5_stow1.5_walk1.0,steffen,baseline,12543,198,764,947,0,14.072222222222223,56,1.5,1.0
exp5_stow1.5_walk1.0,random,baseline,12544,199,1420,919,105,49.83888888888889,180,1.5,1.0
exp5_stow1.5_walk1.0,back_to_front,baseline,12544,199,1996,1871,84,127.06666666666666,325,1.5,1.0
exp5_stow1.5_walk1.0,outside_in,baseline,12544,199,1217,729,0,33.83888888888889,106,1.5,1.0
exp5_stow1.5_walk1.0,steffen,baseline,12544,199,751,1303,0,14.511111111111111,58,1.5,1.0
exp5_stow2.0_walk0.6,random,baseline,12345,0,1610,593,84,39.916666666666664,138,2.0,0.6
exp5_stow2.0_walk0.6,back_to_front,baseline,12345,0,2386,1356,94,151.0222222222222,375,2.0,0.6
exp5_stow2.0_walk0.6,outside_in,baseline,12345,0,1593,652,0,45.37777777777778,138,2.0,0.6
exp5_stow2.0_walk0.6,steffen,baseline,12345,0,789,468,0,10.938888888888888,48,2.0,0.6
exp5_stow2.0_walk0.6,random,baseline,12346,1,1724,620,90,50.477777777777774,185,2.0,0.6
exp5_stow2.0_walk0.6,back_to_front,baseline,12346,1,2426,1228,92,152.71666666666667,397,2.0,0.6
exp5_stow2.0_walk0.6,outside_in,baseline,12346,1,1534,612,0,42.272222222222226,129,2.0,0.6
exp5_stow2.0_walk0.6,steffen,baseline,12346,1,777,349,0,12.116666666666667,59,2.0,0.6
exp5_stow2.0_walk0.6,random,baseline,12347,2,1985,688,91,51.577777777777776,158,2.0,0.6
exp5_stow2.0_walk0.6,back_to_front,baseline,12347,2,2484,1273,87,135.5388888888889,337,2.0,0.6
exp5_stow2.0_walk0.6,outside_in,baseline,12347,2,1766,656,0,44.61666666666667,134,2.0,0.6
exp5_stow2.0_walk0.6,steffen,baseline,12347,2,877,491,0,13.811111111111112,58,2.0,0.6
exp5_stow2.0_walk0.6,random,baseline,12348,3,1859,666,100,53.894444444444446,222,2.0,0.6
exp5_stow2.0_walk0.6,back_to_front,baseline,12348,3,2458,1173,115,137.0611111111111,374,2.0,0.6
exp5_stow2.0_walk0.6,outside_in,baseline,12348,3,1564,649,0,49.13333333333333,143,2.0,0.6
exp5_stow2.0_walk0.6,steffen,baseline,12348,3,875,442,0,14.233333333333333,79,2.0,0.6
exp5_stow2.0_walk0.6,random,baseline,12349,4,1991,634,77,54.35,205,2.0,0.6
exp5_stow2.0_walk0.6,back_to_front,baseline,12349,4,2581,1194,94,145.87777777777777,389,2.0,0.6
exp5_stow2.0_walk0.6,outside_in,baseline,12349,4,1696,660,0,46.82222222222222,142,2.0,0.6
exp5_stow2.0_walk0.6,steffen,baseline,12349,4,927,383,0,13.13888888888889,52,2.0,0.6
exp5_stow2.0_walk0.6,random,baseline,12350,5,1752,645,87,50.63333333333333,180,2.0,0.6
exp5_stow2.0_walk0.6,back_to_front,baseline,12350,5,2835,1322,83,170.55555555555554,454,2.0,0.6
exp5_stow2.0_walk0.6,outside_in,baseline,12350,5,1626,672,0,45.81111111111111,147,2.0,0.6
exp5_stow2.0_walk0.6,steffen,baseline,12350,5,864,480,0,13.188888888888888,65,2.0,0.6
exp5_stow2.0_walk0.6,random,baseline,12351,6,1793,590,96,50.11666666666667,167,2.0,0.6
exp5_stow2.0_walk0.6,back_to_front,baseline,12351,6,2466,1271,79,147.05555555555554,361,2.0,0.6
exp5_stow2.0_walk0.6,outside_in,baseline,12351,6,1736,549,0,43.705555555555556,122,2.0,0.6
exp5_stow2.0_walk0.6,steffen,baseline,12351,6,823,377,0,12.366666666666667,65,2.0,0.6
exp5_stow2.0_walk0.6,random,baseline,12352,7,1777,602,85,49.022222222222226,147,2.0,0.6
exp5_stow2.0_walk0.6,back_to_front,baseline,12352,7,2481,1183,83,148.3,390,2.0,0.6
exp5_stow2.0_walk0.6,outside_in,baseline,12352,7,1660,620,0,47.672222222222224,134,2.0,0.6
exp5_stow2.0_walk0.6,steffen,baseline,12352,7,832,329,0,11.827777777777778,71,2.0,0.6
exp5_stow2.0_walk0.6,random,baseline,12353,8,1786,689,96,52.96111111111111,153,2.0,0.6
exp5_stow2.0_walk0.6,back_to_front,baseline,12353,8,2375,1267,86,137.58333333333334,344,2.0,0.6
exp5_stow2.0_walk0.6,outside_in,baseline,12353,8,1519,735,0,50.11666666666667,155,2.0,0.6
exp5_stow2.0_walk0.6,steffen,baseline,12353,8,813,477,0,12.722222222222221,56,2.0,0.6
exp5_stow2.0_walk0.6,random,baseline,12354,9,1707,723,86,60.11666666666667,157,2.0,0.6
exp5_stow2.0_walk0.6,back_to_front,baseline,12354,9,2490,1304,87,150.3388888888889,375,2.0,0.6
exp5_stow2.0_walk0.6,outside_in,baseline,12354,9,1513,726,0,54.388888888888886,156,2.0,0.6
exp5_stow2.0_walk0.6,steffen,baseline,12354,9,816,432,0,13.355555555555556,62,2.0,0.6
exp5_stow2.0_walk0.6,random,baseline,12355,10,1767,613,88,48.355555555555554,163,2.0,0.6
exp5_stow2.0_walk0.6,back_to_front,baseline,12355,10,2222,1265,81,129.0611111111111,352,2.0,0.6
exp5_stow2.0_walk0.6,outside_in,baseline,12355,10,1629,679,0,49.43333333333333,152,2.0,0.6
exp5_stow2.0_walk0.6,steffen,baseline,12355,10,807,389,0,12.394444444444444,53,2.0,0.6
exp5_stow2.0_walk0.6,random,baseline,12356,11,1808,678,91,55.96111111111111,148,2.0,0.6
exp5_stow2.0_walk0.6,back_to_front,baseline,12356,11,2240,1266,86,122.73333333333333,265,2.0,0.6
exp5_stow2.0_walk0.6,outside_in,baseline,12356,11,1615,614,0,46.65,142,2.0,0.6
exp5_stow2.0_walk0.6,steffen,baseline,12356,11,831,386,0,12.733333333333333,58,2.0,0.6
exp5_stow2.0_walk0.6,random,baseline,12357,12,1751,639,75,50.15,162,2.0,0.6
exp5_stow2.0_walk0.6,back_to_front,baseline,12357,12,2569,1381,77,157.01666666666668,412,2.0,0.6
exp5_stow2.0_walk0.6,outside_in,baseline,12357,12,1616,669,0,46.96111111111111,187,2.0,0.6
exp5_stow2.0_walk0.6,steffen,baseline,12357,12,844,388,0,12.761111111111111,51,2.0,0.6
exp5_stow2.0_walk0.6,random,baseline,12358,13,1702,732,82,54.62222222222222,149,2.0,0.6
exp5_stow2.0_walk0.6,back_to_front,baseline,12358,13,2291,1233,89,133.73333333333332,339,2.0,0.6
exp5_stow2.0_walk0.6,outside_in,baseline,12358,13,1505,661,0,41.705555555555556,105,2.0,0.6
exp5_stow2.0_walk0.6,steffen,baseline,12358,13,804,428,0,11.988888888888889,65,2.0,0.6
exp5_stow2.0_walk0.6,random,baseline,12359,14,1753,710,94,57.65555555555556,196,2.0,0.6
exp5_stow2.0_walk0.6,back_to_front,baseline,12359,14,2424,1333,83,141.17222222222222,345,2.0,0.6
exp5_stow2.0_walk0.6,outside_in,baseline,12359,14,1502,630,0,42.638888888888886,122,2.0,0.6
exp5_stow2.0_walk0.6,steffen,baseline,12359,14,878,460,0,14.472222222222221,95,2.0,0.6
exp5_stow2.0_walk0.6,random,baseline,12360,15,1744,687,87,56.37222222222222,195,2.0,0.6
exp5_stow2.0_walk0.6,back_to_front,baseline,12360,15,2341,1293,102,143.14444444444445,386,2.0,0.6
exp5_stow2.0_walk0.6,outside_in,baseline,12360,15,1499,667,0,42.727777777777774,118,2.0,0.6
exp5_stow2.0_walk0.6,steffen,baseline,12360,15,774,461,0,13.122222222222222,79,2.0,0.6
exp5_stow2.0_walk0.6,random,baseline,12361,16,1971,715,82,65.1,184,2.0,0.6
exp5_stow2.0_walk0.6,back_to_front,baseline,12361,16,2379,1345,95,142.5611111111111,335,2.0,0.6
exp5_stow2.0_walk0.6,outside_in,baseline,12361,16,1592,649,0,48.31666666666667,168,2.0,0.6
exp5_stow2.0_walk0.6,steffen,baseline,12361,16,836,370,0,12.422222222222222,61,2.0,0.6
exp5_stow2.0_walk0.6,random,baseline,12362,17,1821,771,80,58.922222222222224,154,2.0,0.6
exp5_stow2.0_walk0.6,back_to_front,baseline,12362,17,2466,1350,102,155.69444444444446,422,2.0,0.6
exp5_stow2.0_walk0.6,outside_in,baseline,12362,17,1606,739,0,47.705555555555556,144,2.0,0.6
exp5_stow2.0_walk0.6,steffen,baseline,12362,17,800,482,0,13.38888888888889,64,2.0,0.6
exp5_stow2.0_walk0.6,random,baseline,12363,18,1698,660,83,48.37777777777778,132,2.0,0.6
exp5_stow2.0_walk0.6,back_to_front,baseline,12363,18,2304,1220,98,138.9388888888889,399,2.0,0.6
exp5_stow2.0_walk0.6,outside_in,baseline,12363,18,1607,618,0,45.08888888888889,150,2.0,0.6
exp5_stow2.0_walk0.6,steffen,baseline,12363,18,838,372,0,12.4,77,2.0,0.6
exp5_stow2.0_walk0.6,random,baseline,12364,19,1690,800,89,63.5,226,2.0,0.6
exp5_stow2.0_walk0.6,back_to_front,baseline,12364,19,2414,1323,89,142.55,352,2.0,0.6
exp5_stow2.0_walk0.6,outside_in,baseline,12364,19,1631,602,0,45.522222222222226,153,2.0,0.6
exp5_stow2.0_walk0.6,steffen,baseline,12364,19,887,362,0,11.416666666666666,55,2.0,0.6
exp5_stow2.0_walk0.6,random,baseline,12365,20,1694,650,102,53.96666666666667,145,2.0,0.6
exp5_stow2.0_walk0.6,back_to_front,baseline,12365,20,2488,1339,82,146.77777777777777,324,2.0,0.6
exp5_stow2.0_walk0.6,outside_in,baseline,12365,20,1721,653,0,55.85,204,2.0,0.6
exp5_stow2.0_walk0.6,steffen,baseline,12365,20,832,382,0,14.194444444444445,67,2.0,0.6
exp5_stow2.0_walk0.6,random,baseline,12366,21,1715,633,78,52.67777777777778,160,2.0,0.6
exp5_stow2.0_walk0.6,back_to_front,baseline,12366,21,2500,1216,84,150.46666666666667,366,2.0,0.6
exp5_stow2.0_walk0.6,outside_in,baseline,12366,21,1573,619,0,47.96666666666667,178,2.0,0.6
exp5_stow2.0_walk0.6,steffen,baseline,12366,21,859,324,0,12.694444444444445,79,2.0,0.6
exp5_stow2.0_walk0.6,random,baseline,12367,22,1926,700,88,52.40555555555556,132,2.0,0.6
exp5_stow2.0_walk0.6,back_to_front,baseline,12367,22,2400,1277,94,133.7888888888889,372,2.0,0.6
exp5_stow2.0_walk0.6,outside_in,baseline,12367,22,1771,657,0,48.21111111111111,134,2.0,0.6
exp5_stow2.0_walk0.6,steffen,baseline,12367,22,842,447,0,13.605555555555556,67,2.0,0.6
exp5_stow2.0_walk0.6,random,baseline,12368,23,1909,747,93,63.022222222222226,173,2.0,0.6
exp5_stow2.0_walk0.6,back_to_front,baseline,12368,23,2444,1289,76,155.13888888888889,438,2.0,0.6
exp5_stow2.0_walk0.6,outside_in,baseline,12368,23,1457,648,0,39.455555555555556,109,2.0,0.6
exp5_stow2.0_walk0.6,steffen,baseline,12368,23,825,519,0,15.466666666666667,73,2.0,0.6
exp5_stow2.0_walk0.6,random,baseline,12369,24,1766,752,100,55.92777777777778,197,2.0,0.6
exp5_stow2.0_walk0.6,back_to_front,baseline,12369,24,2563,1437,89,163.68333333333334,382,2.0,0.6
exp5_stow2.0_walk0.6,outside_in,baseline,12369,24,1678,681,0,50.36666666666667,171,2.0,0.6
exp5_stow2.0_walk0.6,steffen,baseline,12369,24,887,500,0,15.127777777777778,92,2.0,0.6
exp5_stow2.0_walk0.6,random,baseline,12370,25,1812,665,81,48.644444444444446,194,2.0,0.6
exp5_stow2.0_walk0.6,back_to_front,baseline,12370,25,2446,1228,86,128.64444444444445,305,2.0,0.6
exp5_stow2.0_walk0.6,outside_in,baseline,12370,25,1634,656,0,48.705555555555556,143,2.0,0.6
exp5_stow2.0_walk0.6,steffen,baseline,12370,25,894,484,0,14.605555555555556,85,2.0,0.6
exp5_stow2.0_walk0.6,random,baseline,12371,26,1727,714,89,49.94444444444444,165,2.0,0.6
exp5_stow2.0_walk0.6,back_to_front,baseline,12371,26,2273,1190,84,122.27222222222223,293,2.0,0.6
exp5_stow2.0_walk0.6,outside_in,baseline,12371,26,1517,630,0,41.22222222222222,168,2.0,0.6
exp5_stow2.0_walk0.6,steffen,baseline,12371,26,880,427,0,11.822222222222223,57,2.0,0.6
exp5_stow2.0_walk0.6,random,baseline,12372,27,1955,663,85,58.56666666666667,176,2.0,0.6
exp5_stow2.0_walk0.6,back_to_front,baseline,12372,27,2558,1350,97,155.95,366,2.0,0.6
exp5_stow2.0_walk0.6,outside_in,baseline,12372,27,1661,733,0,53.977777777777774,181,2.0,0.6
exp5_stow2.0_walk0.6,steffen,baseline,12372,27,843,474,0,13.283333333333333,56,2.0,0.6
exp5_stow2.0_walk0.6,random,baseline,12373,28,1748,636,91,57.73888888888889,196,2.0,0.6
exp5_stow2.0_walk0.6,back_to_front,baseline,12373,28,2274,1180,82,124.62777777777778,330,2.0,0.6
exp5_stow2.0_walk0.6,outside_in,baseline,12373,28,1549,594,0,42.40555555555556,128,2.0,0.6
exp5_stow2.0_walk0.6,steffen,baseline,12373,28,844,363,0,11.96111111111111,57,2.0,0.6
exp5_stow2.0_walk0.6,random,baseline,12374,29,1734,699,81,58.74444444444445,196,2.0,0.6
exp5_stow2.0_walk0.6,back_to_front,baseline,12374,29,2388,1342,88,136.97222222222223,338,2.0,0.6
exp5_stow2.0_walk0.6,outside_in,baseline,12374,29,1493,645,0,41.44444444444444,118,2.0,0.6
exp5_stow2.0_walk0.6,steffen,baseline,12374,29,833,455,0,12.022222222222222,54,2.0,0.6
exp5_stow2.0_walk0.6,random,baseline,12375,30,1761,735,101,51.40555555555556,139,2.0,0.6
exp5_stow2.0_walk0.6,back_to_front,baseline,12375,30,2343,1327,98,135.30555555555554,333,2.0,0.6
exp5_stow2.0_walk0.6,outside_in,baseline,12375,30,1595,653,0,44.34444444444444,144,2.0,0.6
exp5_stow2.0_walk0.6,steffen,baseline,12375,30,857,502,0,13.722222222222221,58,2.0,0.6
exp5_stow2.0_walk0.6,random,baseline,12376,31,1904,687,89,58.97222222222222,158,2.0,0.6
exp5_stow2.0_walk0.6,back_to_front,baseline,12376,31,2434,1212,86,139.58333333333334,326,2.0,0.6
exp5_stow2.0_walk0.6,outside_in,baseline,12376,31,1519,647,0,47.25,136,2.0,0.6
exp5_stow2.0_walk0.6,steffen,baseline,12376,31,889,476,0,14.683333333333334,81,2.0,0.6
exp5_stow2.0_walk0.6,random,baseline,12377,32,1830,677,79,56.25555555555555,179,2.0,0.6
exp5_stow2.0_walk0.6,back_to_front,baseline,12377,32,2733,1368,88,164.89444444444445,394,2.0,0.6
exp5_stow2.0_walk0.6,outside_in,baseline,12377,32,1545,616,0,42.144444444444446,149,2.0,0.6
exp5_stow2.0_walk0.6,steffen,baseline,12377,32,854,465,0,14.6,74,2.0,0.6
exp5_stow2.0_walk0.6,random,baseline,12378,33,1694,728,95,55.78888888888889,151,2.0,0.6
exp5_stow2.0_walk0.6,back_to_front,baseline,12378,33,2420,1313,97,149.95555555555555,330,2.0,0.6
exp5_stow2.0_walk0.6,outside_in,baseline,12378,33,1411,733,0,50.41111111111111,148,2.0,0.6
exp5_stow2.0_walk0.6,steffen,baseline,12378,33,826,438,0,13.688888888888888,80,2.0,0.6
exp5_stow2.0_walk0.6,random,baseline,12379,34,1692,717,82,51.65,179,2.0,0.6
exp5_stow2.0_walk0.6,back_to_front,baseline,12379,34,2390,1315,89,145.60555555555555,362,2.0,0.6
exp5_stow2.0_walk0.6,outside_in,baseline,12379,34,1599,564,0,43.36666666666667,141,2.0,0.6
exp5_stow2.0_walk0.6,steffen,baseline,12379,34,851,336,0,12.233333333333333,70,2.0,0.6
exp5_stow2.0_walk0.6,random,baseline,12380,35,1631,692,79,46.855555555555554,163,2.0,0.6
exp5_stow2.0_walk0.6,back_to_front,baseline,12380,35,2313,1311,88,127.60555555555555,284,2.0,0.6
exp5_stow2.0_walk0.6,outside_in,baseline,12380,35,1522,708,0,48.08888888888889,131,2.0,0.6
exp5_stow2.0_walk0.6,steffen,baseline,12380,35,846,466,0,12.616666666666667,50,2.0,0.6
exp5_stow2.0_walk0.6,random,baseline,12381,36,1740,849,83,62.227777777777774,181,2.0,0.6
exp5_stow2.0_walk0.6,back_to_front,baseline,12381,36,2492,1318,87,147.15555555555557,317,2.0,0.6
exp5_stow2.0_walk0.6,outside_in,baseline,12381,36,1655,738,0,46.90555555555556,147,2.0,0.6
exp5_stow2.0_walk0.6,steffen,baseline,12381,36,845,557,0,14.11111111111111,63,2.0,0.6
exp5_stow2.0_walk0.6,random,baseline,12382,37,1894,690,96,64.56111111111112,171,2.0,0.6
exp5_stow2.0_walk0.6,back_to_front,baseline,12382,37,2642,1272,100,162.72222222222223,429,2.0,0.6
exp5_stow2.0_walk0.6,outside_in,baseline,12382,37,1670,526,0,41.15555555555556,128,2.0,0.6
exp5_stow2.0_walk0.6,steffen,baseline,12382,37,885,276,0,13.294444444444444,85,2.0,0.6
exp5_stow2.0_walk0.6,random,baseline,12383,38,1649,625,89,55.2,160,2.0,0.6
exp5_stow2.0_walk0.6,back_to_front,baseline,12383,38,2507,1304,96,143.8,296,2.0,0.6
exp5_stow2.0_walk0.6,outside_in,baseline,12383,38,1548,620,0,43.67777777777778,125,2.0,0.6
exp5_stow2.0_walk0.6,steffen,baseline,12383,38,822,329,0,12.094444444444445,65,2.0,0.6
exp5_stow2.0_walk0.6,random,baseline,12384,39,1687,536,102,46.73888888888889,137,2.0,0.6
exp5_stow2.0_walk0.6,back_to_front,baseline,12384,39,2440,1256,93,135.53333333333333,325,2.0,0.6
exp5_stow2.0_walk0.6,outside_in,baseline,12384,39,1535,564,0,42.59444444444444,120,2.0,0.6
exp5_stow2.0_walk0.6,steffen,baseline,12384,39,858,351,0,12.75,63,2.0,0.6
exp5_stow2.0_walk0.6,random,baseline,12385,40,1765,653,90,47.672222222222224,128,2.0,0.6
exp5_stow2.0_walk0.6,back_to_front,baseline,12385,40,2290,1253,93,136.49444444444444,408,2.0,0.6
exp5_stow2.0_walk0.6,outside_in,baseline,12385,40,1584,734,0,52.42777777777778,162,2.0,0.6
exp5_stow2.0_walk0.6,steffen,baseline,12385,40,859,487,0,14.716666666666667,55,2.0,0.6
exp5_stow2.0_walk0.6,random,baseline,12386,41,1718,639,95,49.894444444444446,177,2.0,0.6
exp5_stow2.0_walk0.6,back_to_front,baseline,12386,41,2268,1284,74,130.23333333333332,330,2.0,0.6
exp5_stow2.0_walk0.6,outside_in,baseline,12386,41,1462,684,0,41.7,163,2.0,0.6
exp5_stow2.0_walk0.6,steffen,baseline,12386,41,878,467,0,12.577777777777778,68,2.0,0.6
exp5_stow2.0_walk0.6,random,baseline,12387,42,1732,575,90,45.41111111111111,132,2.0,0.6
exp5_stow2.0_walk0.6,back_to_front,baseline,12387,42,2494,1175,96,147.7888888888889,333,2.0,0.6
exp5_stow2.0_walk0.6,outside_in,baseline,12387,42,1459,594,0,41.227777777777774,124,2.0,0.6
exp5_stow2.0_walk0.6,steffen,baseline,12387,42,844,363,0,12.622222222222222,74,2.0,0.6
exp5_stow2.0_walk0.6,random,baseline,12388,43,1771,602,90,46.18333333333333,149,2.0,0.6
exp5_stow2.0_walk0.6,back_to_front,baseline,12388,43,2425,1179,99,127.84444444444445,278,2.0,0.6
exp5_stow2.0_walk0.6,outside_in,baseline,12388,43,1714,657,0,48.672222222222224,139,2.0,0.6
exp5_stow2.0_walk0.6,steffen,baseline,12388,43,851,441,0,12.088888888888889,59,2.0,0.6
exp5_stow2.0_walk0.6,random,baseline,12389,44,1730,605,97,48.37777777777778,188,2.0,0.6
exp5_stow2.0_walk0.6,back_to_front,baseline,12389,44,2285,1286,80,127.70555555555555,319,2.0,0.6
exp5_stow2.0_walk0.6,outside_in,baseline,12389,44,1601,625,0,44.87222222222222,137,2.0,0.6
exp5_stow2.0_walk0.6,steffen,baseline,12389,44,848,439,0,12.55,63,2.0,0.6
exp5_stow2.0_walk0.6,random,baseline,12390,45,1797,592,92,48.07222222222222,148,2.0,0.6
exp5_stow2.0_walk0.6,back_to_front,baseline,12390,45,2383,1325,96,137.70555555555555,353,2.0,0.6
exp5_stow2.0_walk0.6,outside_in,baseline,12390,45,1587,571,0,42.083333333333336,126,2.0,0.6
exp5_stow2.0_walk0.6,steffen,baseline,12390,45,901,303,0,11.911111111111111,83,2.0,0.6
exp5_stow2.0_walk0.6,random,baseline,12391,46,1930,628,91,55.08888888888889,139,2.0,0.6
exp5_stow2.0_walk0.6,back_to_front,baseline,12391,46,2641,1261,92,143.62222222222223,299,2.0,0.6
exp5_stow2.0_walk0.6,outside_in,baseline,12391,46,1752,624,0,48.5,118,2.0,0.6
exp5_stow2.0_walk0.6,steffen,baseline,12391,46,896,415,0,14.588888888888889,73,2.0,0.6
exp5_stow2.0_walk0.6,random,baseline,12392,47,1919,734,90,62.455555555555556,201,2.0,0.6
exp5_stow2.0_walk0.6,back_to_front,baseline,12392,47,2498,1337,85,143.00555555555556,339,2.0,0.6
exp5_stow2.0_walk0.6,outside_in,baseline,12392,47,1652,662,0,47.24444444444445,173,2.0,0.6
exp5_stow2.0_walk0.6,steffen,baseline,12392,47,849,476,0,12.577777777777778,56,2.0,0.6
exp5_stow2.0_walk0.6,random,baseline,12393,48,1877,713,101,52.394444444444446,157,2.0,0.6
exp5_stow2.0_walk0.6,back_to_front,baseline,12393,48,2536,1253,105,145.23333333333332,344,2.0,0.6
exp5_stow2.0_walk0.6,outside_in,baseline,12393,48,1714,598,0,41.111111111111114,124,2.0,0.6
exp5_stow2.0_walk0.6,steffen,baseline,12393,48,864,438,0,12.794444444444444,70,2.0,0.6
exp5_stow2.0_walk0.6,random,baseline,12394,49,1711,727,85,57.58888888888889,200,2.0,0.6
exp5_stow2.0_walk0.6,back_to_front,baseline,12394,49,2564,1269,79,138.18333333333334,342,2.0,0.6
exp5_stow2.0_walk0.6,outside_in,baseline,12394,49,1591,684,0,49.34444444444444,167,2.0,0.6
exp5_stow2.0_walk0.6,steffen,baseline,12394,49,877,452,0,12.688888888888888,59,2.0,0.6
exp5_stow2.0_walk0.6,random,baseline,12395,50,1564,749,90,50.1,198,2.0,0.6
exp5_stow2.0_walk0.6,back_to_front,baseline,12395,50,2222,1205,93,131.64444444444445,385,2.0,0.6
exp5_stow2.0_walk0.6,outside_in,baseline,12395,50,1470,663,0,40.11666666666667,124,2.0,0.6
exp5_stow2.0_walk0.6,steffen,baseline,12395,50,832,517,0,13.383333333333333,76,2.0,0.6
exp5_stow2.0_walk0.6,random,baseline,12396,51,1899,716,97,61.733333333333334,177,2.0,0.6
exp5_stow2.0_walk0.6,back_to_front,baseline,12396,51,2447,1398,90,145.44444444444446,379,2.0,0.6
exp5_stow2.0_walk0.6,outside_in,baseline,12396,51,1551,619,0,38.544444444444444,144,2.0,0.6
exp5_stow2.0_walk0.6,steffen,baseline,12396,51,871,436,0,13.238888888888889,74,2.0,0.6
exp5_stow2.0_walk0.6,random,baseline,12397,52,1644,635,90,50.22222222222222,160,2.0,0.6
exp5_stow2.0_walk0.6,back_to_front,baseline,12397,52,2252,1256,91,135.82222222222222,344,2.0,0.6
exp5_stow2.0_walk0.6,outside_in,baseline,12397,52,1509,548,0,38.544444444444444,171,2.0,0.6
exp5_stow2.0_walk0.6,steffen,baseline,12397,52,839,293,0,10.877777777777778,71,2.0,0.6
exp5_stow2.0_walk0.6,random,baseline,12398,53,1652,655,79,47.422222222222224,171,2.0,0.6
exp5_stow2.0_walk0.6,back_to_front,baseline,12398,53,2344,1280,97,133.20555555555555,362,2.0,0.6
exp5_stow2.0_walk0.6,outside_in,baseline,12398,53,1541,666,0,39.83888888888889,139,2.0,0.6
exp5_stow2.0_walk0.6,steffen,baseline,12398,53,856,415,0,11.372222222222222,61,2.0,0.6
exp5_stow2.0_walk0.6,random,baseline,12399,54,1919,614,98,57.05555555555556,170,2.0,0.6
exp5_stow2.0_walk0.6,back_to_front,baseline,12399,54,2599,1318,90,156.40555555555557,411,2.0,0.6
exp5_stow2.0_walk0.6,outside_in,baseline,12399,54,1671,587,0,47.19444444444444,137,2.0,0.6
exp5_stow2.0_walk0.6,steffen,baseline,12399,54,874,342,0,13.372222222222222,73,2.0,0.6
exp5_stow2.0_walk0.6,random,baseline,12400,55,1879,706,88,61.76111111111111,158,2.0,0.6
exp5_stow2.0_walk0.6,back_to_front,baseline,12400,55,2260,1221,89,139.2722222222222,390,2.0,0.6
exp5_stow2.0_walk0.6,outside_in,baseline,12400,55,1479,693,0,43.144444444444446,145,2.0,0.6
exp5_stow2.0_walk0.6,steffen,baseline,12400,55,802,423,0,12.355555555555556,49,2.0,0.6
exp5_stow2.0_walk0.6,random,baseline,12401,56,1763,713,85,59.21111111111111,169,2.0,0.6
exp5_stow2.0_walk0.6,back_to_front,baseline,12401,56,2432,1330,93,149.37222222222223,398,2.0,0.6
exp5_stow2.0_walk0.6,outside_in,baseline,12401,56,1468,694,0,46.75,130,2.0,0.6
exp5_stow2.0_walk0.6,steffen,baseline,12401,56,837,486,0,14.294444444444444,96,2.0,0.6
exp5_stow2.0_walk0.6,random,baseline,12402,57,1814,688,104,60.50555555555555,206,2.0,0.6
exp5_stow2.0_walk0.6,back_to_front,baseline,12402,57,2355,1311,90,127.03888888888889,302,2.0,0.6
exp5_stow2.0_walk0.6,outside_in,baseline,12402,57,1624,627,0,47.95,140,2.0,0.6
exp5_stow2.0_walk0.6,steffen,baseline,12402,57,872,460,0,13.533333333333333,76,2.0,0.6
exp5_stow2.0_walk0.6,random,baseline,12403,58,1909,661,84,60.93888888888889,176,2.0,0.6
exp5_stow2.0_walk0.6,back_to_front,baseline,12403,58,2438,1267,85,133.0611111111111,293,2.0,0.6
exp5_stow2.0_walk0.6,outside_in,baseline,12403,58,1592,645,0,44.18333333333333,133,2.0,0.6
exp5_stow2.0_walk0.6,steffen,baseline,12403,58,864,402,0,12.733333333333333,62,2.0,0.6
exp5_stow2.0_walk0.6,random,baseline,12404,59,1827,798,85,53.18888888888889,167,2.0,0.6
exp5_stow2.0_walk0.6,back_to_front,baseline,12404,59,2563,1361,84,141.17777777777778,345,2.0,0.6
exp5_stow2.0_walk0.6,outside_in,baseline,12404,59,1718,607,0,42.3,142,2.0,0.6
exp5_stow2.0_walk0.6,steffen,baseline,12404,59,932,604,0,14.666666666666666,69,2.0,0.6
exp5_stow2.0_walk0.6,random,baseline,12405,60,1857,600,98,58.53888888888889,225,2.0,0.6
exp5_stow2.0_walk0.6,back_to_front,baseline,12405,60,2518,1282,98,142.32222222222222,312,2.0,0.6
exp5_stow2.0_walk0.6,outside_in,baseline,12405,60,1595,614,0,46.611111111111114,147,2.0,0.6
exp5_stow2.0_walk0.6,steffen,baseline,12405,60,883,419,0,13.033333333333333,71,2.0,0.6
exp5_stow2.0_walk0.6,random,baseline,12406,61,1722,724,96,55.8,198,2.0,0.6
exp5_stow2.0_walk0.6,back_to_front,baseline,12406,61,2661,1363,87,163.6611111111111,418,2.0,0.6
exp5_stow2.0_walk0.6,outside_in,baseline,12406,61,1575,595,0,45.272222222222226,168,2.0,0.6
exp5_stow2.0_walk0.6,steffen,baseline,12406,61,846,376,0,12.683333333333334,62,2.0,0.6
exp5_stow2.0_walk0.6,random,baseline,12407,62,1691,657,88,48.861111111111114,166,2.0,0.6
exp5_stow2.0_walk0.6,back_to_front,baseline,12407,62,2462,1283,93,141.38333333333333,355,2.0,0.6
exp5_stow2.0_walk0.6,outside_in,baseline,12407,62,1503,622,0,39.68333333333333,150,2.0,0.6
exp5_stow2.0_walk0.6,steffen,baseline,12407,62,853,498,0,13.205555555555556,73,2.0,0.6
exp5_stow2.0_walk0.6,random,baseline,12408,63,1791,657,93,55.78888888888889,157,2.0,0.6
exp5_stow2.0_walk0.6,back_to_front,baseline,12408,63,2585,1326,96,152.26666666666668,354,2.0,0.6
exp5_stow2.0_walk0.6,outside_in,baseline,12408,63,1721,654,0,50.25555555555555,127,2.0,0.6
exp5_stow2.0_walk0.6,steffen,baseline,12408,63,882,419,0,14.166666666666666,79,2.0,0.6
exp5_stow2.0_walk0.6,random,baseline,12409,64,1929,629,95,50.50555555555555,169,2.0,0.6
exp5_stow2.0_walk0.6,back_to_front,baseline,12409,64,2442,1413,97,157.79444444444445,402,2.0,0.6
exp5_stow2.0_walk0.6,outside_in,baseline,12409,64,1613,633,0,41.638888888888886,121,2.0,0.6
exp5_stow2.0_walk0.6,steffen,baseline,12409,64,813,402,0,11.794444444444444,57,2.0,0.6
exp5_stow2.0_walk0.6,random,baseline,12410,65,1767,663,91,51.31111111111111,145,2.0,0.6
exp5_stow2.0_walk0.6,back_to_front,baseline,12410,65,2415,1287,97,148.32222222222222,346,2.0,0.6
exp5_stow2.0_walk0.6,outside_in,baseline,12410,65,1499,592,0,44.13333333333333,135,2.0,0.6
exp5_stow2.0_walk0.6,steffen,baseline,12410,65,853,346,0,11.677777777777777,77,2.0,0.6
exp5_stow2.0_walk0.6,random,baseline,12411,66,1865,650,96,59.327777777777776,199,2.0,0.6
exp5_stow2.0_walk0.6,back_to_front,baseline,12411,66,2640,1240,96,157.67222222222222,425,2.0,0.6
exp5_stow2.0_walk0.6,outside_in,baseline,12411,66,1582,620,0,48.666666666666664,173,2.0,0.6
exp5_stow2.0_walk0.6,steffen,baseline,12411,66,872,403,0,13.927777777777777,85,2.0,0.6
exp5_stow2.0_walk0.6,random,baseline,12412,67,1833,744,78,63.65555555555556,196,2.0,0.6
exp5_stow2.0_walk0.6,back_to_front,baseline,12412,67,2554,1275,98,143.5611111111111,330,2.0,0.6
exp5_stow2.0_walk0.6,outside_in,baseline,12412,67,1655,650,0,44.611111111111114,163,2.0,0.6
exp5_stow2.0_walk0.6,steffen,baseline,12412,67,862,422,0,12.177777777777777,65,2.0,0.6
exp5_stow2.0_walk0.6,random,baseline,12413,68,1805,627,107,54.47222222222222,183,2.0,0.6
exp5_stow2.0_walk0.6,back_to_front,baseline,12413,68,2596,1292,83,155.31666666666666,384,2.0,0.6
exp5_stow2.0_walk0.6,outside_in,baseline,12413,68,1461,642,0,47.63333333333333,148,2.0,0.6
exp5_stow2.0_walk0.6,steffen,baseline,12413,68,863,391,0,14.466666666666667,84,2.0,0.6
exp5_stow2.0_walk0.6,random,baseline,12414,69,1944,710,86,60.61666666666667,157,2.0,0.6
exp5_stow2.0_walk0.6,back_to_front,baseline,12414,69,2454,1273,85,141.11111111111111,348,2.0,0.6
exp5_stow2.0_walk0.6,outside_in,baseline,12414,69,1647,581,0,43.144444444444446,185,2.0,0.6
exp5_stow2.0_walk0.6,steffen,baseline,12414,69,869,444,0,14.022222222222222,91,2.0,0.6
exp5_stow2.0_walk0.6,random,baseline,12415,70,1693,630,90,46.638888888888886,164,2.0,0.6
exp5_stow2.0_walk0.6,back_to_front,baseline,12415,70,2457,1380,88,150.51111111111112,347,2.0,0.6
exp5_stow2.0_walk0.6,outside_in,baseline,12415,70,1689,636,0,50.93888888888889,158,2.0,0.6
exp5_stow2.0_walk0.6,steffen,baseline,12415,70,892,388,0,13.122222222222222,60,2.0,0.6
exp5_stow2.0_walk0.6,random,baseline,12416,71,1687,633,81,44.894444444444446,160,2.0,0.6
exp5_stow2.0_walk0.6,back_to_front,baseline,12416,71,2442,1358,92,142.34444444444443,325,2.0,0.6
exp5_stow2.0_walk0.6,outside_in,baseline,12416,71,1582,639,0,43.611111111111114,129,2.0,0.6
exp5_stow2.0_walk0.6,steffen,baseline,12416,71,895,543,0,14.277777777777779,63,2.0,0.6
exp5_stow2.0_walk0.6,random,baseline,12417,72,1816,602,85,52.15555555555556,162,2.0,0.6
exp5_stow2.0_walk0.6,back_to_front,baseline,12417,72,2432,1317,93,139.21666666666667,360,2.0,0.6
exp5_stow2.0_walk0.6,outside_in,baseline,12417,72,1748,621,0,44.82222222222222,128,2.0,0.6
exp5_stow2.0_walk0.6,steffen,baseline,12417,72,848,393,0,13.722222222222221,64,2.0,0.6
exp5_stow2.0_walk0.6,random,baseline,12418,73,1813,762,89,63.483333333333334,242,2.0,0.6
exp5_stow2.0_walk0.6,back_to_front,baseline,12418,73,2395,1371,93,151.2,360,2.0,0.6
exp5_stow2.0_walk0.6,outside_in,baseline,12418,73,1543,698,0,52.25,179,2.0,0.6
exp5_stow2.0_walk0.6,steffen,baseline,12418,73,795,443,0,12.677777777777777,63,2.0,0.6
exp5_stow2.0_walk0.6,random,baseline,12419,74,1837,819,92,61.96111111111111,187,2.0,0.6
exp5_stow2.0_walk0.6,back_to_front,baseline,12419,74,2380,1259,80,127.1,340,2.0,0.6
exp5_stow2.0_walk0.6,outside_in,baseline,12419,74,1645,693,0,42.76111111111111,125,2.0,0.6
exp5_stow2.0_walk0.6,steffen,baseline,12419,74,868,531,0,13.672222222222222,75,2.0,0.6
exp5_stow2.0_walk0.6,random,baseline,12420,75,1755,676,93,49.772222222222226,142,2.0,0.6
exp5_stow2.0_walk0.6,back_to_front,baseline,12420,75,2570,1222,89,148.60555555555555,403,2.0,0.6
exp5_stow2.0_walk0.6,outside_in,baseline,12420,75,1572,650,0,44.327777777777776,137,2.0,0.6
exp5_stow2.0_walk0.6,steffen,baseline,12420,75,869,461,0,13.3,65,2.0,0.6
exp5_stow2.0_walk0.6,random,baseline,12421,76,1825,642,98,60.083333333333336,208,2.0,0.6
exp5_stow2.0_walk0.6,back_to_front,baseline,12421,76,2367,1250,86,149.77777777777777,349,2.0,0.6
exp5_stow2.0_walk0.6,outside_in,baseline,12421,76,1587,618,0,46.894444444444446,131,2.0,0.6
exp5_stow2.0_walk0.6,steffen,baseline,12421,76,864,382,0,13.955555555555556,64,2.0,0.6
exp5_stow2.0_walk0.6,random,baseline,12422,77,1888,776,87,63.577777777777776,180,2.0,0.6
exp5_stow2.0_walk0.6,back_to_front,baseline,12422,77,2522,1368,79,152.73333333333332,376,2.0,0.6
exp5_stow2.0_walk0.6,outside_in,baseline,12422,77,1547,639,0,45.06111111111111,142,2.0,0.6
exp5_stow2.0_walk0.6,steffen,baseline,12422,77,865,455,0,14.061111111111112,56,2.0,0.6
exp5_stow2.0_walk0.6,random,baseline,12423,78,1780,683,99,59.16111111111111,243,2.0,0.6
exp5_stow2.0_walk0.6,back_to_front,baseline,12423,78,2678,1256,89,165.19444444444446,449,2.0,0.6
exp5_stow2.0_walk0.6,outside_in,baseline,12423,78,1646,687,0,47.95,147,2.0,0.6
exp5_stow2.0_walk0.6,steffen,baseline,12423,78,863,452,0,14.238888888888889,70,2.0,0.6
exp5_stow2.0_walk0.6,random,baseline,12424,79,1730,607,87,43.53888888888889,144,2.0,0.6
exp5_stow2.0_walk0.6,back_to_front,baseline,12424,79,2388,1292,91,130.76666666666668,353,2.0,0.6
exp5_stow2.0_walk0.6,outside_in,baseline,12424,79,1483,623,0,36.69444444444444,120,2.0,0.6
exp5_stow2.0_walk0.6,steffen,baseline,12424,79,868,337,0,11.78888888888889,52,2.0,0.6
exp5_stow2.0_walk0.6,random,baseline,12425,80,1732,600,97,49.52777777777778,148,2.0,0.6
exp5_stow2.0_walk0.6,back_to_front,baseline,12425,80,2364,1308,95,150.37777777777777,437,2.0,0.6
exp5_stow2.0_walk0.6,outside_in,baseline,12425,80,1670,603,0,44.05555555555556,154,2.0,0.6
exp5_stow2.0_walk0.6,steffen,baseline,12425,80,869,400,0,13.11111111111111,52,2.0,0.6
exp5_stow2.0_walk0.6,random,baseline,12426,81,1813,784,97,59.327777777777776,232,2.0,0.6
exp5_stow2.0_walk0.6,back_to_front,baseline,12426,81,2334,1285,77,132.2111111111111,282,2.0,0.6
exp5_stow2.0_walk0.6,outside_in,baseline,12426,81,1526,720,0,47.36666666666667,151,2.0,0.6
exp5_stow2.0_walk0.6,steffen,baseline,12426,81,802,427,0,11.672222222222222,63,2.0,0.6
exp5_stow2.0_walk0.6,random,baseline,12427,82,1771,647,81,50.51111111111111,134,2.0,0.6
exp5_stow2.0_walk0.6,back_to_front,baseline,12427,82,2573,1404,91,170.46666666666667,411,2.0,0.6
exp5_stow2.0_walk0.6,outside_in,baseline,12427,82,1564,676,0,49.35,169,2.0,0.6
exp5_stow2.0_walk0.6,steffen,baseline,12427,82,818,383,0,13.294444444444444,52,2.0,0.6
exp5_stow2.0_walk0.6,random,baseline,12428,83,1795,744,80,61.144444444444446,193,2.0,0.6
exp5_stow2.0_walk0.6,back_to_front,baseline,12428,83,2488,1254,93,148.74444444444444,328,2.0,0.6
exp5_stow2.0_walk0.6,outside_in,baseline,12428,83,1647,620,0,44.77777777777778,133,2.0,0.6
exp5_stow2.0_walk0.6,steffen,baseline,12428,83,862,489,0,13.527777777777779,66,2.0,0.6
exp5_stow2.0_walk0.6,random,baseline,12429,84,1967,786,87,62.69444444444444,198,2.0,0.6
exp5_stow2.0_walk0.6,back_to_front,baseline,12429,84,2687,1339,96,153.92222222222222,314,2.0,0.6
exp5_stow2.0_walk0.6,outside_in,baseline,12429,84,1690,651,0,46.57222222222222,146,2.0,0.6
exp5_stow2.0_walk0.6,steffen,baseline,12429,84,917,543,0,14.46111111111111,109,2.0,0.6
exp5_stow2.0_walk0.6,random,baseline,12430,85,1865,671,103,58.21111111111111,214,2.0,0.6
exp5_stow2.0_walk0.6,back_to_front,baseline,12430,85,2552,1326,87,148.60555555555555,327,2.0,0.6
exp5_stow2.0_walk0.6,outside_in,baseline,12430,85,1684,696,0,51.48888888888889,137,2.0,0.6
exp5_stow2.0_walk0.6,steffen,baseline,12430,85,854,377,0,11.688888888888888,56,2.0,0.6
exp5_stow2.0_walk0.6,random,baseline,12431,86,2042,678,97,59.477777777777774,211,2.0,0.6
exp5_stow2.0_walk0.6,back_to_front,baseline,12431,86,2382,1296,84,143.30555555555554,349,2.0,0.6
exp5_stow2.0_walk0.6,outside_in,baseline,12431,86,1657,650,0,45.87222222222222,126,2.0,0.6
exp5_stow2.0_walk0.6,steffen,baseline,12431,86,831,431,0,13.816666666666666,63,2.0,0.6
exp5_stow2.0_walk0.6,random,baseline,12432,87,1666,559,95,44.55555555555556,128,2.0,0.6
exp5_stow2.0_walk0.6,back_to_front,baseline,12432,87,2454,1304,92,151.01666666666668,343,2.0,0.6
exp5_stow2.0_walk0.6,outside_in,baseline,12432,87,1570,563,0,39.48888888888889,130,2.0,0.6
exp5_stow2.0_walk0.6,steffen,baseline,12432,87,852,356,0,11.716666666666667,52,2.0,0.6
exp5_stow2.0_walk0.6,random,baseline,12433,88,1837,639,90,55.12222222222222,167,2.0,0.6
exp5_stow2.0_walk0.6,back_to_front,baseline,12433,88,2446,1212,83,142.14444444444445,400,2.0,0.6
exp5_stow2.0_walk0.6,outside_in,baseline,12433,88,1559,590,0,42.46666666666667,154,2.0,0.6
exp5_stow2.0_walk0.6,steffen,baseline,12433,88,846,418,0,13.188888888888888,76,2.0,0.6
exp5_stow2.0_walk0.6,random,baseline,12434,89,1717,662,92,49.516666666666666,195,2.0,0.6
exp5_stow2.0_walk0.6,back_to_front,baseline,12434,89,2244,1401,84,137.22222222222223,374,2.0,0.6
exp5_stow2.0_walk0.6,outside_in,baseline,12434,89,1536,676,0,44.73888888888889,140,2.0,0.6
exp5_stow2.0_walk0.6,steffen,baseline,12434,89,820,495,0,12.644444444444444,55,2.0,0.6
exp5_stow2.0_walk0.6,random,baseline,12435,90,1775,771,100,59.01111111111111,190,2.0,0.6
exp5_stow2.0_walk0.6,back_to_front,baseline,12435,90,2549,1440,87,152.17222222222222,379,2.0,0.6
exp5_stow2.0_walk0.6,outside_in,baseline,12435,90,1683,752,0,57.06666666666667,166,2.0,0.6
exp5_stow2.0_walk0.6,steffen,baseline,12435,90,870,423,0,14.155555555555555,80,2.0,0.6
exp5_stow2.0_walk0.6,random,baseline,12436,91,1655,792,101,55.21666666666667,239,2.0,0.6
exp5_stow2.0_walk0.6,back_to_front,baseline,12436,91,2552,1326,85,165.11111111111111,435,2.0,0.6
exp5_stow2.0_walk0.6,outside_in,baseline,12436,91,1509,680,0,44.03888888888889,131,2.0,0.6
exp5_stow2.0_walk0.6,steffen,baseline,12436,91,796,366,0,11.722222222222221,54,2.0,0.6
exp5_stow2.0_walk0.6,random,baseline,12437,92,1798,694,93,60.605555555555554,184,2.0,0.6
exp5_stow2.0_walk0.6,back_to_front,baseline,12437,92,2459,1292,93,147.32222222222222,363,2.0,0.6
exp5_stow2.0_walk0.6,outside_in,baseline,12437,92,1543,661,0,50.727777777777774,194,2.0,0.6
exp5_stow2.0_walk0.6,steffen,baseline,12437,92,853,435,0,14.2,68,2.0,0.6
exp5_stow2.0_walk0.6,random,baseline,12438,93,1601,654,94,54.56666666666667,226,2.0,0.6
exp5_stow2.0_walk0.6,back_to_front,baseline,12438,93,2605,1316,87,154.2277777777778,381,2.0,0.6
exp5_stow2.0_walk0.6,outside_in,baseline,12438,93,1591,660,0,45.388888888888886,125,2.0,0.6
exp5_stow2.0_walk0.6,steffen,baseline,12438,93,869,428,0,13.838888888888889,65,2.0,0.6
exp5_stow2.0_walk0.6,random,baseline,12439,94,1714,700,92,50.894444444444446,145,2.0,0.6
exp5_stow2.0_walk0.6,back_to_front,baseline,12439,94,2338,1359,89,146.82222222222222,374,2.0,0.6
exp5_stow2.0_walk0.6,outside_in,baseline,12439,94,1600,765,0,51.355555555555554,163,2.0,0.6
exp5_stow2.0_walk0.6,steffen,baseline,12439,94,818,455,0,12.588888888888889,66,2.0,0.6
exp5_stow2.0_walk0.6,random,baseline,12440,95,1866,692,89,60.63333333333333,257,2.0,0.6
exp5_stow2.0_walk0.6,back_to_front,baseline,12440,95,2370,1317,93,149.0611111111111,406,2.0,0.6
exp5_stow2.0_walk0.6,outside_in,baseline,12440,95,1659,708,0,55.227777777777774,178,2.0,0.6
exp5_stow2.0_walk0.6,steffen,baseline,12440,95,832,533,0,15.855555555555556,74,2.0,0.6
exp5_stow2.0_walk0.6,random,baseline,12441,96,1914,672,90,56.96111111111111,182,2.0,0.6
exp5_stow2.0_walk0.6,back_to_front,baseline,12441,96,2258,1189,88,126.77222222222223,316,2.0,0.6
exp5_stow2.0_walk0.6,outside_in,baseline,12441,96,1608,752,0,45.34444444444444,136,2.0,0.6
exp5_stow2.0_walk0.6,steffen,baseline,12441,96,855,480,0,13.733333333333333,53,2.0,0.6
exp5_stow2.0_walk0.6,random,baseline,12442,97,1796,671,93,57.43333333333333,154,2.0,0.6
exp5_stow2.0_walk0.6,back_to_front,baseline,12442,97,2585,1446,93,156.41666666666666,340,2.0,0.6
exp5_stow2.0_walk0.6,outside_in,baseline,12442,97,1669,724,0,59.58888888888889,173,2.0,0.6
exp5_stow2.0_walk0.6,steffen,baseline,12442,97,869,466,0,14.805555555555555,59,2.0,0.6
exp5_stow2.0_walk0.6,random,baseline,12443,98,1860,761,85,61.138888888888886,186,2.0,0.6
exp5_stow2.0_walk0.6,back_to_front,baseline,12443,98,2491,1281,87,147.02777777777777,319,2.0,0.6
exp5_stow2.0_walk0.6,outside_in,baseline,12443,98,1657,741,0,55.25555555555555,142,2.0,0.6
exp5_stow2.0_walk0.6,steffen,baseline,12443,98,832,507,0,14.777777777777779,57,2.0,0.6
exp5_stow2.0_walk0.6,random,baseline,12444,99,1687,713,84,54.294444444444444,179,2.0,0.6
exp5_stow2.0_walk0.6,back_to_front,baseline,12444,99,2334,1321,93,140.22222222222223,364,2.0,0.6
exp5_stow2.0_walk0.6,outside_in,baseline,12444,99,1614,621,0,44.666666666666664,115,2.0,0.6
exp5_stow2.0_walk0.6,steffen,baseline,12444,99,833,421,0,11.533333333333333,90,2.0,0.6
exp5_stow2.0_walk0.6,random,baseline,12445,100,1696,621,91,57.233333333333334,149,2.0,0.6
exp5_stow2.0_walk0.6,back_to_front,baseline,12445,100,2408,1236,85,149.0611111111111,359,2.0,0.6
exp5_stow2.0_walk0.6,outside_in,baseline,12445,100,1519,584,0,38.794444444444444,121,2.0,0.6
exp5_stow2.0_walk0.6,steffen,baseline,12445,100,810,305,0,11.261111111111111,46,2.0,0.6
exp5_stow2.0_walk0.6,random,baseline,12446,101,1625,631,97,51.92777777777778,218,2.0,0.6
exp5_stow2.0_walk0.6,back_to_front,baseline,12446,101,2375,1256,99,151.04444444444445,393,2.0,0.6
exp5_stow2.0_walk0.6,outside_in,baseline,12446,101,1590,610,0,45.00555555555555,132,2.0,0.6
exp5_stow2.0_walk0.6,steffen,baseline,12446,101,884,371,0,13.966666666666667,97,2.0,0.6
exp5_stow2.0_walk0.6,random,baseline,12447,102,1845,572,99,48.30555555555556,169,2.0,0.6
exp5_stow2.0_walk0.6,back_to_front,baseline,12447,102,2501,1283,87,147.15555555555557,461,2.0,0.6
exp5_stow2.0_walk0.6,outside_in,baseline,12447,102,1727,527,0,39.644444444444446,122,2.0,0.6
exp5_stow2.0_walk0.6,steffen,baseline,12447,102,928,335,0,11.422222222222222,54,2.0,0.6
exp5_stow2.0_walk0.6,random,baseline,12448,103,1792,726,88,59.93888888888889,165,2.0,0.6
exp5_stow2.0_walk0.6,back_to_front,baseline,12448,103,2352,1324,75,141.40555555555557,341,2.0,0.6
exp5_stow2.0_walk0.6,outside_in,baseline,12448,103,1665,694,0,50.05555555555556,153,2.0,0.6
exp5_stow2.0_walk0.6,steffen,baseline,12448,103,818,530,0,13.172222222222222,60,2.0,0.6
exp5_stow2.0_walk0.6,random,baseline,12449,104,1785,659,96,52.05,174,2.0,0.6
exp5_stow2.0_walk0.6,back_to_front,baseline,12449,104,2189,1083,83,117.72222222222223,279,2.0,0.6
exp5_stow2.0_walk0.6,outside_in,baseline,12449,104,1592,557,0,43.955555555555556,134,2.0,0.6
exp5_stow2.0_walk0.6,steffen,baseline,12449,104,862,367,0,13.233333333333333,72,2.0,0.6
exp5_stow2.0_walk0.6,random,baseline,12450,105,1809,631,100,50.46666666666667,175,2.0,0.6
exp5_stow2.0_walk0.6,back_to_front,baseline,12450,105,2334,1222,86,125.01666666666667,296,2.0,0.6
exp5_stow2.0_walk0.6,outside_in,baseline,12450,105,1549,642,0,41.38333333333333,127,2.0,0.6
exp5_stow2.0_walk0.6,steffen,baseline,12450,105,830,422,0,11.705555555555556,55,2.0,0.6
exp5_stow2.0_walk0.6,random,baseline,12451,106,1847,679,103,60.46111111111111,178,2.0,0.6
exp5_stow2.0_walk0.6,back_to_front,baseline,12451,106,2760,1359,83,164.57222222222222,339,2.0,0.6
exp5_stow2.0_walk0.6,outside_in,baseline,12451,106,1797,657,0,52.416666666666664,175,2.0,0.6
exp5_stow2.0_walk0.6,steffen,baseline,12451,106,870,400,0,12.838888888888889,67,2.0,0.6
exp5_stow2.0_walk0.6,random,baseline,12452,107,1701,667,69,52.266666666666666,149,2.0,0.6
exp5_stow2.0_walk0.6,back_to_front,baseline,12452,107,2589,1270,93,156.62777777777777,372,2.0,0.6
exp5_stow2.0_walk0.6,outside_in,baseline,12452,107,1669,649,0,46.87777777777778,159,2.0,0.6
exp5_stow2.0_walk0.6,steffen,baseline,12452,107,865,379,0,12.444444444444445,51,2.0,0.6
exp5_stow2.0_walk0.6,random,baseline,12453,108,1897,628,95,51.25555555555555,176,2.0,0.6
exp5_stow2.0_walk0.6,back_to_front,baseline,12453,108,2496,1278,90,144.48888888888888,367,2.0,0.6
exp5_stow2.0_walk0.6,outside_in,baseline,12453,108,1587,663,0,43.09444444444444,122,2.0,0.6
exp5_stow2.0_walk0.6,steffen,baseline,12453,108,866,425,0,12.483333333333333,53,2.0,0.6
exp5_stow2.0_walk0.6,random,baseline,12454,109,1900,714,81,58.083333333333336,185,2.0,0.6
exp5_stow2.0_walk0.6,back_to_front,baseline,12454,109,2890,1332,87,173.85,381,2.0,0.6
exp5_stow2.0_walk0.6,outside_in,baseline,12454,109,1733,607,0,44.71111111111111,135,2.0,0.6
exp5_stow2.0_walk0.6,steffen,baseline,12454,109,877,447,0,14.46111111111111,65,2.0,0.6
exp5_stow2.0_walk0.6,random,baseline,12455,110,1873,754,107,57.205555555555556,182,2.0,0.6
exp5_stow2.0_walk0.6,back_to_front,baseline,12455,110,2539,1358,91,155.4777777777778,430,2.0,0.6
exp5_stow2.0_walk0.6,outside_in,baseline,12455,110,1572,715,0,45.94444444444444,140,2.0,0.6
exp5_stow2.0_walk0.6,steffen,baseline,12455,110,860,479,0,13.766666666666667,70,2.0,0.6
exp5_stow2.0_walk0.6,random,baseline,12456,111,1741,593,99,48.727777777777774,155,2.0,0.6
exp5_stow2.0_walk0.6,back_to_front,baseline,12456,111,2467,1305,88,146.36666666666667,399,2.0,0.6
exp5_stow2.0_walk0.6,outside_in,baseline,12456,111,1579,605,0,46.2,154,2.0,0.6
exp5_stow2.0_walk0.6,steffen,baseline,12456,111,880,378,0,12.63888888888889,58,2.0,0.6
exp5_stow2.0_walk0.6,random,baseline,12457,112,1823,756,98,55.35,164,2.0,0.6
exp5_stow2.0_walk0.6,back_to_front,baseline,12457,112,2411,1349,92,142.05555555555554,410,2.0,0.6
exp5_stow2.0_walk0.6,outside_in,baseline,12457,112,1661,596,0,44.12777777777778,129,2.0,0.6
exp5_stow2.0_walk0.6,steffen,baseline,12457,112,868,572,0,14.122222222222222,71,2.0,0.6
exp5_stow2.0_walk0.6,random,baseline,12458,113,1793,733,90,58.61666666666667,173,2.0,0.6
exp5_stow2.0_walk0.6,back_to_front,baseline,12458,113,2270,1214,81,124.00555555555556,300,2.0,0.6
exp5_stow2.0_walk0.6,outside_in,baseline,12458,113,1503,687,0,44.95,135,2.0,0.6
exp5_stow2.0_walk0.6,steffen,baseline,12458,113,882,449,0,12.272222222222222,55,2.0,0.6
exp5_stow2.0_walk0.6,random,baseline,12459,114,1778,717,83,63.772222222222226,187,2.0,0.6
exp5_stow2.0_walk0.6,back_to_front,baseline,12459,114,2399,1204,94,138.09444444444443,325,2.0,0.6
exp5_stow2.0_walk0.6,outside_in,baseline,12459,114,1642,703,0,48.71666666666667,164,2.0,0.6
exp5_stow2.0_walk0.6,steffen,baseline,12459,114,840,494,0,13.305555555555555,61,2.0,0.6
exp5_stow2.0_walk0.6,random,baseline,12460,115,1931,766,88,54.983333333333334,149,2.0,0.6
exp5_stow2.0_walk0.6,back_to_front,baseline,12460,115,2544,1458,92,164.9388888888889,449,2.0,0.6
exp5_stow2.0_walk0.6,outside_in,baseline,12460,115,1557,660,0,43.8,137,2.0,0.6
exp5_stow2.0_walk0.6,steffen,baseline,12460,115,846,540,0,14.516666666666667,72,2.0,0.6
exp5_stow2.0_walk0.6,random,baseline,12461,116,1566,639,70,42.23888888888889,129,2.0,0.6
exp5_stow2.0_walk0.6,back_to_front,baseline,12461,116,2280,1288,71,132.78333333333333,331,2.0,0.6
exp5_stow2.0_walk0.6,outside_in,baseline,12461,116,1513,564,0,39.12222222222222,114,2.0,0.6
exp5_stow2.0_walk0.6,steffen,baseline,12461,116,798,433,0,12.827777777777778,57,2.0,0.6
exp5_stow2.0_walk0.6,random,baseline,12462,117,1769,727,89,55.583333333333336,190,2.0,0.6
exp5_stow2.0_walk0.6,back_to_front,baseline,12462,117,2429,1346,105,143.45,339,2.0,0.6
exp5_stow2.0_walk0.6,outside_in,baseline,12462,117,1561,721,0,44.77777777777778,128,2.0,0.6
exp5_stow2.0_walk0.6,steffen,baseline,12462,117,802,560,0,12.877777777777778,53,2.0,0.6
exp5_stow2.0_walk0.6,random,baseline,12463,118,1706,558,85,50.91111111111111,137,2.0,0.6
exp5_stow2.0_walk0.6,back_to_front,baseline,12463,118,2434,1258,94,144.75,361,2.0,0.6
exp5_stow2.0_walk0.6,outside_in,baseline,12463,118,1548,548,0,41.644444444444446,127,2.0,0.6
exp5_stow2.0_walk0.6,steffen,baseline,12463,118,863,305,0,13.71111111111111,56,2.0,0.6
exp5_stow2.0_walk0.6,random,baseline,12464,119,1743,705,89,57.73888888888889,210,2.0,0.6
exp5_stow2.0_walk0.6,back_to_front,baseline,12464,119,2690,1244,101,154.8388888888889,348,2.0,0.6
exp5_stow2.0_walk0.6,outside_in,baseline,12464,119,1453,653,0,42.18888888888889,131,2.0,0.6
exp5_stow2.0_walk0.6,steffen,baseline,12464,119,857,378,0,12.561111111111112,44,2.0,0.6
exp5_stow2.0_walk0.6,random,baseline,12465,120,1708,632,94,51.26111111111111,160,2.0,0.6
exp5_stow2.0_walk0.6,back_to_front,baseline,12465,120,2306,1312,87,126.35,362,2.0,0.6
exp5_stow2.0_walk0.6,outside_in,baseline,12465,120,1637,597,0,36.25,127,2.0,0.6
exp5_stow2.0_walk0.6,steffen,baseline,12465,120,869,459,0,13.122222222222222,108,2.0,0.6
exp5_stow2.0_walk0.6,random,baseline,12466,121,1680,654,70,49.85,181,2.0,0.6
exp5_stow2.0_walk0.6,back_to_front,baseline,12466,121,2256,1269,96,137.86666666666667,327,2.0,0.6
exp5_stow2.0_walk0.6,outside_in,baseline,12466,121,1621,622,0,47.48888888888889,166,2.0,0.6
exp5_stow2.0_walk0.6,steffen,baseline,12466,121,818,417,0,13.244444444444444,90,2.0,0.6
exp5_stow2.0_walk0.6,random,baseline,12467,122,1829,673,98,58.27777777777778,181,2.0,0.6
exp5_stow2.0_walk0.6,back_to_front,baseline,12467,122,2489,1217,85,146.1888888888889,379,2.0,0.6
exp5_stow2.0_walk0.6,outside_in,baseline,12467,122,1546,619,0,44.138888888888886,141,2.0,0.6
exp5_stow2.0_walk0.6,steffen,baseline,12467,122,839,389,0,12.822222222222223,66,2.0,0.6
exp5_stow2.0_walk0.6,random,baseline,12468,123,1793,684,98,47.75,141,2.0,0.6
exp5_stow2.0_walk0.6,back_to_front,baseline,12468,123,2322,1201,86,133.36666666666667,401,2.0,0.6
exp5_stow2.0_walk0.6,outside_in,baseline,12468,123,1538,590,0,39.05,128,2.0,0.6
exp5_stow2.0_walk0.6,steffen,baseline,12468,123,866,456,0,13.71111111111111,67,2.0,0.6
exp5_stow2.0_walk0.6,random,baseline,12469,124,1869,733,98,56.49444444444445,196,2.0,0.6
exp5_stow2.0_walk0.6,back_to_front,baseline,12469,124,2466,1357,83,154.3,372,2.0,0.6
exp5_stow2.0_walk0.6,outside_in,baseline,12469,124,1641,668,0,47.18333333333333,171,2.0,0.6
exp5_stow2.0_walk0.6,steffen,baseline,12469,124,852,479,0,12.527777777777779,67,2.0,0.6
exp5_stow2.0_walk0.6,random,baseline,12470,125,1612,707,86,52.31111111111111,190,2.0,0.6
exp5_stow2.0_walk0.6,back_to_front,baseline,12470,125,2359,1248,78,135.01666666666668,373,2.0,0.6
exp5_stow2.0_walk0.6,outside_in,baseline,12470,125,1420,657,0,38.21111111111111,114,2.0,0.6
exp5_stow2.0_walk0.6,steffen,baseline,12470,125,838,436,0,13.05,60,2.0,0.6
exp5_stow2.0_walk0.6,random,baseline,12471,126,2014,620,87,60.18333333333333,181,2.0,0.6
exp5_stow2.0_walk0.6,back_to_front,baseline,12471,126,2354,1218,98,132.98888888888888,320,2.0,0.6
exp5_stow2.0_walk0.6,outside_in,baseline,12471,126,1660,560,0,44.42777777777778,142,2.0,0.6
exp5_stow2.0_walk0.6,steffen,baseline,12471,126,894,332,0,14.13888888888889,63,2.0,0.6
exp5_stow2.0_walk0.6,random,baseline,12472,127,1817,654,87,50.44444444444444,173,2.0,0.6
exp5_stow2.0_walk0.6,back_to_front,baseline,12472,127,2476,1175,100,142.75,386,2.0,0.6
exp5_stow2.0_walk0.6,outside_in,baseline,12472,127,1707,633,0,48.233333333333334,129,2.0,0.6
exp5_stow2.0_walk0.6,steffen,baseline,12472,127,883,467,0,13.561111111111112,60,2.0,0.6
exp5_stow2.0_walk0.6,random,baseline,12473,128,1802,758,89,65.2611111111111,189,2.0,0.6
exp5_stow2.0_walk0.6,back_to_front,baseline,12473,128,2574,1373,89,156.72222222222223,404,2.0,0.6
exp5_stow2.0_walk0.6,outside_in,baseline,12473,128,1662,705,0,46.13333333333333,162,2.0,0.6
exp5_stow2.0_walk0.6,steffen,baseline,12473,128,840,547,0,13.977777777777778,73,2.0,0.6
exp5_stow2.0_walk0.6,random,baseline,12474,129,1613,703,82,50.56111111111111,171,2.0,0.6
exp5_stow2.0_walk0.6,back_to_front,baseline,12474,129,2214,1264,89,130.92222222222222,299,2.0,0.6
exp5_stow2.0_walk0.6,outside_in,baseline,12474,129,1530,730,0,48.416666666666664,149,2.0,0.6
exp5_stow2.0_walk0.6,steffen,baseline,12474,129,802,505,0,14.227777777777778,78,2.0,0.6
exp5_stow2.0_walk0.6,random,baseline,12475,130,1879,661,98,59.51111111111111,205,2.0,0.6
exp5_stow2.0_walk0.6,back_to_front,baseline,12475,130,2412,1289,94,145.22222222222223,351,2.0,0.6
exp5_stow2.0_walk0.6,outside_in,baseline,12475,130,1607,639,0,50.18333333333333,147,2.0,0.6
exp5_stow2.0_walk0.6,steffen,baseline,12475,130,842,402,0,13.394444444444444,65,2.0,0.6
exp5_stow2.0_walk0.6,random,baseline,12476,131,1969,657,84,61.12222222222222,236,2.0,0.6
exp5_stow2.0_walk0.6,back_to_front,baseline,12476,131,2529,1261,102,142.73333333333332,360,2.0,0.6
exp5_stow2.0_walk0.6,outside_in,baseline,12476,131,1713,657,0,52.21111111111111,158,2.0,0.6
exp5_stow2.0_walk0.6,steffen,baseline,12476,131,850,413,0,12.71111111111111,56,2.0,0.6
exp5_stow2.0_walk0.6,random,baseline,12477,132,1838,708,96,57.361111111111114,159,2.0,0.6
exp5_stow2.0_walk0.6,back_to_front,baseline,12477,132,2305,1347,92,138.7277777777778,354,2.0,0.6
exp5_stow2.0_walk0.6,outside_in,baseline,12477,132,1676,748,0,54.95,194,2.0,0.6
exp5_stow2.0_walk0.6,steffen,baseline,12477,132,834,493,0,13.016666666666667,51,2.0,0.6
exp5_stow2.0_walk0.6,random,baseline,12478,133,1632,655,88,50.56666666666667,184,2.0,0.6
exp5_stow2.0_walk0.6,back_to_front,baseline,12478,133,2290,1309,87,142.95555555555555,386,2.0,0.6
exp5_stow2.0_walk0.6,outside_in,baseline,12478,133,1532,594,0,43.96666666666667,148,2.0,0.6
exp5_stow2.0_walk0.6,steffen,baseline,12478,133,853,378,0,12.238888888888889,67,2.0,0.6
exp5_stow2.0_walk0.6,random,baseline,12479,134,1782,638,86,49.3,178,2.0,0.6
exp5_stow2.0_walk0.6,back_to_front,baseline,12479,134,2250,1206,91,120.53333333333333,308,2.0,0.6
exp5_stow2.0_walk0.6,outside_in,baseline,12479,134,1628,589,0,43.87222222222222,111,2.0,0.6
exp5_stow2.0_walk0.6,steffen,baseline,12479,134,888,425,0,14.133333333333333,68,2.0,0.6
exp5_stow2.0_walk0.6,random,baseline,12480,135,1803,734,82,59.38333333333333,189,2.0,0.6
exp5_stow2.0_walk0.6,back_to_front,baseline,12480,135,2408,1327,94,145.65,361,2.0,0.6
exp5_stow2.0_walk0.6,outside_in,baseline,12480,135,1543,637,0,44.294444444444444,198,2.0,0.6
exp5_stow2.0_walk0.6,steffen,baseline,12480,135,798,433,0,11.727777777777778,66,2.0,0.6
exp5_stow2.0_walk0.6,random,baseline,12481,136,1895,752,87,68.04444444444445,203,2.0,0.6
exp5_stow2.0_walk0.6,back_to_front,baseline,12481,136,2680,1416,86,158.69444444444446,398,2.0,0.6
exp5_stow2.0_walk0.6,outside_in,baseline,12481,136,1662,679,0,46.46111111111111,133,2.0,0.6
exp5_stow2.0_walk0.6,steffen,baseline,12481,136,873,466,0,13.55,56,2.0,0.6
exp5_stow2.0_walk0.6,random,baseline,12482,137,1741,592,95,45.12777777777778,138,2.0,0.6
exp5_stow2.0_walk0.6,back_to_front,baseline,12482,137,2523,1399,94,152.40555555555557,441,2.0,0.6
exp5_stow2.0_walk0.6,outside_in,baseline,12482,137,1592,628,0,43.52777777777778,172,2.0,0.6
exp5_stow2.0_walk0.6,steffen,baseline,12482,137,833,499,0,13.205555555555556,71,2.0,0.6
exp5_stow2.0_walk0.6,random,baseline,12483,138,1855,711,103,60.43888888888889,192,2.0,0.6
exp5_stow2.0_walk0.6,back_to_front,baseline,12483,138,2324,1292,87,128.35555555555555,324,2.0,0.6
exp5_stow2.0_walk0.6,outside_in,baseline,12483,138,1659,558,0,43.52777777777778,123,2.0,0.6
exp5_stow2.0_walk0.6,steffen,baseline,12483,138,830,374,0,12.838888888888889,63,2.0,0.6
exp5_stow2.0_walk0.6,random,baseline,12484,139,1750,560,88,43.611111111111114,143,2.0,0.6
exp5_stow2.0_walk0.6,back_to_front,baseline,12484,139,2288,1085,99,130.49444444444444,383,2.0,0.6
exp5_stow2.0_walk0.6,outside_in,baseline,12484,139,1725,590,0,46.355555555555554,137,2.0,0.6
exp5_stow2.0_walk0.6,steffen,baseline,12484,139,837,389,0,13.588888888888889,72,2.0,0.6
exp5_stow2.0_walk0.6,random,baseline,12485,140,1702,668,85,52.84444444444444,149,2.0,0.6
exp5_stow2.0_walk0.6,back_to_front,baseline,12485,140,2252,1280,89,135.4111111111111,397,2.0,0.6
exp5_stow2.0_walk0.6,outside_in,baseline,12485,140,1580,660,0,45.65,148,2.0,0.6
exp5_stow2.0_walk0.6,steffen,baseline,12485,140,813,394,0,13.155555555555555,82,2.0,0.6
exp5_stow2.0_walk0.6,random,baseline,12486,141,1764,725,98,54.23888888888889,161,2.0,0.6
exp5_stow2.0_walk0.6,back_to_front,baseline,12486,141,2471,1303,91,139.09444444444443,362,2.0,0.6
exp5_stow2.0_walk0.6,outside_in,baseline,12486,141,1642,662,0,50.52777777777778,164,2.0,0.6
exp5_stow2.0_walk0.6,steffen,baseline,12486,141,826,425,0,13.333333333333334,49,2.0,0.6
exp5_stow2.0_walk0.6,random,baseline,12487,142,1787,609,80,47.56111111111111,192,2.0,0.6
exp5_stow2.0_walk0.6,back_to_front,baseline,12487,142,2264,1256,95,120.53333333333333,288,2.0,0.6
exp5_stow2.0_walk0.6,outside_in,baseline,12487,142,1558,656,0,39.28333333333333,127,2.0,0.6
exp5_stow2.0_walk0.6,steffen,baseline,12487,142,860,437,0,11.85,58,2.0,0.6
exp5_stow2.0_walk0.6,random,baseline,12488,143,1733,704,84,55.62222222222222,212,2.0,0.6
exp5_stow2.0_walk0.6,back_to_front,baseline,12488,143,2545,1349,95,149.28333333333333,348,2.0,0.6
exp5_stow2.0_walk0.6,outside_in,baseline,12488,143,1665,724,0,52.144444444444446,164,2.0,0.6
exp5_stow2.0_walk0.6,steffen,baseline,12488,143,833,464,0,13.127777777777778,84,2.0,0.6
exp5_stow2.0_walk0.6,random,baseline,12489,144,1745,711,82,60.3,209,2.0,0.6
exp5_stow2.0_walk0.6,back_to_front,baseline,12489,144,2479,1357,86,154.93333333333334,421,2.0,0.6
exp5_stow2.0_walk0.6,outside_in,baseline,12489,144,1418,677,0,43.083333333333336,122,2.0,0.6
exp5_stow2.0_walk0.6,steffen,baseline,12489,144,860,351,0,12.777777777777779,60,2.0,0.6
exp5_stow2.0_walk0.6,random,baseline,12490,145,1623,724,84,54.827777777777776,143,2.0,0.6
exp5_stow2.0_walk0.6,back_to_front,baseline,12490,145,2508,1306,91,151.93333333333334,314,2.0,0.6
exp5_stow2.0_walk0.6,outside_in,baseline,12490,145,1620,735,0,53.66111111111111,148,2.0,0.6
exp5_stow2.0_walk0.6,steffen,baseline,12490,145,832,438,0,12.972222222222221,61,2.0,0.6
exp5_stow2.0_walk0.6,random,baseline,12491,146,1925,605,88,53.12222222222222,166,2.0,0.6
exp5_stow2.0_walk0.6,back_to_front,baseline,12491,146,2362,1249,92,127.91666666666667,282,2.0,0.6
exp5_stow2.0_walk0.6,outside_in,baseline,12491,146,1557,603,0,37.766666666666666,97,2.0,0.6
exp5_stow2.0_walk0.6,steffen,baseline,12491,146,881,350,0,13.7,54,2.0,0.6
exp5_stow2.0_walk0.6,random,baseline,12492,147,1687,769,94,56.15555555555556,157,2.0,0.6
exp5_stow2.0_walk0.6,back_to_front,baseline,12492,147,2290,1357,89,137.35555555555555,344,2.0,0.6
exp5_stow2.0_walk0.6,outside_in,baseline,12492,147,1542,722,0,47.022222222222226,200,2.0,0.6
exp5_stow2.0_walk0.6,steffen,baseline,12492,147,849,631,0,15.133333333333333,93,2.0,0.6
exp5_stow2.0_walk0.6,random,baseline,12493,148,1731,681,97,57.68888888888889,164,2.0,0.6
exp5_stow2.0_walk0.6,back_to_front,baseline,12493,148,2330,1173,93,127.86111111111111,350,2.0,0.6
exp5_stow2.0_walk0.6,outside_in,baseline,12493,148,1558,671,0,47.2,149,2.0,0.6
exp5_stow2.0_walk0.6,steffen,baseline,12493,148,824,373,0,11.533333333333333,62,2.0,0.6
exp5_stow2.0_walk0.6,random,baseline,12494,149,1733,664,98,51.46111111111111,169,2.0,0.6
exp5_stow2.0_walk0.6,back_to_front,baseline,12494,149,2355,1339,83,146.1611111111111,412,2.0,0.6
exp5_stow2.0_walk0.6,outside_in,baseline,12494,149,1526,681,0,43.96111111111111,119,2.0,0.6
exp5_stow2.0_walk0.6,steffen,baseline,12494,149,850,427,0,12.28888888888889,55,2.0,0.6
exp5_stow2.0_walk0.6,random,baseline,12495,150,1789,630,105,52.28888888888889,141,2.0,0.6
exp5_stow2.0_walk0.6,back_to_front,baseline,12495,150,2495,1140,88,146.78333333333333,343,2.0,0.6
exp5_stow2.0_walk0.6,outside_in,baseline,12495,150,1663,651,0,51.93888888888889,147,2.0,0.6
exp5_stow2.0_walk0.6,steffen,baseline,12495,150,790,432,0,12.161111111111111,57,2.0,0.6
exp5_stow2.0_walk0.6,random,baseline,12496,151,1759,726,96,56.077777777777776,149,2.0,0.6
exp5_stow2.0_walk0.6,back_to_front,baseline,12496,151,2301,1299,90,142.06666666666666,336,2.0,0.6
exp5_stow2.0_walk0.6,outside_in,baseline,12496,151,1524,685,0,46.044444444444444,128,2.0,0.6
exp5_stow2.0_walk0.6,steffen,baseline,12496,151,816,469,0,13.422222222222222,64,2.0,0.6
exp5_stow2.0_walk0.6,random,baseline,12497,152,1746,617,89,44.144444444444446,148,2.0,0.6
exp5_stow2.0_walk0.6,back_to_front,baseline,12497,152,2390,1177,93,127.58333333333333,331,2.0,0.6
exp5_stow2.0_walk0.6,outside_in,baseline,12497,152,1621,629,0,39.85,105,2.0,0.6
exp5_stow2.0_walk0.6,steffen,baseline,12497,152,860,469,0,13.483333333333333,58,2.0,0.6
exp5_stow2.0_walk0.6,random,baseline,12498,153,1731,597,96,49.75555555555555,179,2.0,0.6
exp5_stow2.0_walk0.6,back_to_front,baseline,12498,153,2243,1226,88,134.44444444444446,390,2.0,0.6
exp5_stow2.0_walk0.6,outside_in,baseline,12498,153,1559,669,0,51.483333333333334,207,2.0,0.6
exp5_stow2.0_walk0.6,steffen,baseline,12498,153,796,419,0,14.188888888888888,65,2.0,0.6
exp5_stow2.0_walk0.6,random,baseline,12499,154,1807,705,91,50.76111111111111,172,2.0,0.6
exp5_stow2.0_walk0.6,back_to_front,baseline,12499,154,2393,1288,86,137.90555555555557,308,2.0,0.6
exp5_stow2.0_walk0.6,outside_in,baseline,12499,154,1596,653,0,44.17777777777778,125,2.0,0.6
exp5_stow2.0_walk0.6,steffen,baseline,12499,154,866,517,0,14.661111111111111,78,2.0,0.6
exp5_stow2.0_walk0.6,random,baseline,12500,155,1764,645,91,53.894444444444446,150,2.0,0.6
exp5_stow2.0_walk0.6,back_to_front,baseline,12500,155,2338,1157,87,130.9111111111111,329,2.0,0.6
exp5_stow2.0_walk0.6,outside_in,baseline,12500,155,1497,601,0,41.46111111111111,120,2.0,0.6
exp5_stow2.0_walk0.6,steffen,baseline,12500,155,867,364,0,14.05,81,2.0,0.6
exp5_stow2.0_walk0.6,random,baseline,12501,156,1804,628,82,52.08888888888889,182,2.0,0.6
exp5_stow2.0_walk0.6,back_to_front,baseline,12501,156,2800,1356,89,184.9611111111111,441,2.0,0.6
exp5_stow2.0_walk0.6,outside_in,baseline,12501,156,1624,714,0,59.18333333333333,159,2.0,0.6
exp5_stow2.0_walk0.6,steffen,baseline,12501,156,819,322,0,13.522222222222222,52,2.0,0.6
exp5_stow2.0_walk0.6,random,baseline,12502,157,1720,606,101,48.916666666666664,189,2.0,0.6
exp5_stow2.0_walk0.6,back_to_front,baseline,12502,157,2387,1214,87,139.37777777777777,403,2.0,0.6
exp5_stow2.0_walk0.6,outside_in,baseline,12502,157,1500,559,0,43.577777777777776,138,2.0,0.6
exp5_stow2.0_walk0.6,steffen,baseline,12502,157,801,313,0,11.61111111111111,51,2.0,0.6
exp5_stow2.0_walk0.6,random,baseline,12503,158,1813,657,98,50.75,157,2.0,0.6
exp5_stow2.0_walk0.6,back_to_front,baseline,12503,158,2394,1291,84,136.82777777777778,346,2.0,0.6
exp5_stow2.0_walk0.6,outside_in,baseline,12503,158,1688,624,0,48.37222222222222,167,2.0,0.6
exp5_stow2.0_walk0.6,steffen,baseline,12503,158,890,354,0,12.63888888888889,47,2.0,0.6
exp5_stow2.0_walk0.6,random,baseline,12504,159,1859,594,72,53.27777777777778,179,2.0,0.6
exp5_stow2.0_walk0.6,back_to_front,baseline,12504,159,2600,1289,113,161.87777777777777,461,2.0,0.6
exp5_stow2.0_walk0.6,outside_in,baseline,12504,159,1664,589,0,47.111111111111114,148,2.0,0.6
exp5_stow2.0_walk0.6,steffen,baseline,12504,159,841,350,0,13.483333333333333,80,2.0,0.6
exp5_stow2.0_walk0.6,random,baseline,12505,160,1778,680,89,51.5,149,2.0,0.6
exp5_stow2.0_walk0.6,back_to_front,baseline,12505,160,2531,1341,105,143.73333333333332,299,2.0,0.6
exp5_stow2.0_walk0.6,outside_in,baseline,12505,160,1599,565,0,38.05,131,2.0,0.6
exp5_stow2.0_walk0.6,steffen,baseline,12505,160,855,411,0,13.216666666666667,49,2.0,0.6
exp5_stow2.0_walk0.6,random,baseline,12506,161,1767,709,90,49.9,162,2.0,0.6
exp5_stow2.0_walk0.6,back_to_front,baseline,12506,161,2426,1297,98,147.09444444444443,385,2.0,0.6
exp5_stow2.0_walk0.6,outside_in,baseline,12506,161,1555,731,0,45.68888888888889,154,2.0,0.6
exp5_stow2.0_walk0.6,steffen,baseline,12506,161,837,449,0,12.344444444444445,60,2.0,0.6
exp5_stow2.0_walk0.6,random,baseline,12507,162,1768,615,95,48.46666666666667,160,2.0,0.6
exp5_stow2.0_walk0.6,back_to_front,baseline,12507,162,2363,1234,93,131.57777777777778,306,2.0,0.6
exp5_stow2.0_walk0.6,outside_in,baseline,12507,162,1720,578,0,42.12777777777778,115,2.0,0.6
exp5_stow2.0_walk0.6,steffen,baseline,12507,162,839,403,0,12.972222222222221,59,2.0,0.6
exp5_stow2.0_walk0.6,random,baseline,12508,163,1672,664,80,47.5,143,2.0,0.6
exp5_stow2.0_walk0.6,back_to_front,baseline,12508,163,2472,1394,86,156.40555555555557,376,2.0,0.6
exp5_stow2.0_walk0.6,outside_in,baseline,12508,163,1542,641,0,40.4,139,2.0,0.6
exp5_stow2.0_walk0.6,steffen,baseline,12508,163,804,461,0,12.161111111111111,83,2.0,0.6
exp5_stow2.0_walk0.6,random,baseline,12509,164,1766,748,81,55.93888888888889,182,2.0,0.6
exp5_stow2.0_walk0.6,back_to_front,baseline,12509,164,2328,1365,90,142.9777777777778,336,2.0,0.6
exp5_stow2.0_walk0.6,outside_in,baseline,12509,164,1495,782,0,52.96111111111111,147,2.0,0.6
exp5_stow2.0_walk0.6,steffen,baseline,12509,164,831,407,0,12.35,74,2.0,0.6
exp5_stow2.0_walk0.6,random,baseline,12510,165,1779,659,97,48.48888888888889,196,2.0,0.6
exp5_stow2.0_walk0.6,back_to_front,baseline,12510,165,2661,1288,86,154.47222222222223,390,2.0,0.6
exp5_stow2.0_walk0.6,outside_in,baseline,12510,165,1630,649,0,47.022222222222226,166,2.0,0.6
exp5_stow2.0_walk0.6,steffen,baseline,12510,165,910,497,0,14.46111111111111,60,2.0,0.6
exp5_stow2.0_walk0.6,random,baseline,12511,166,1910,644,97,58.16111111111111,177,2.0,0.6
exp5_stow2.0_walk0.6,back_to_front,baseline,12511,166,2336,1201,85,126.00555555555556,279,2.0,0.6
exp5_stow2.0_walk0.6,outside_in,baseline,12511,166,1657,687,0,51.772222222222226,188,2.0,0.6
exp5_stow2.0_walk0.6,steffen,baseline,12511,166,855,406,0,13.727777777777778,79,2.0,0.6
exp5_stow2.0_walk0.6,random,baseline,12512,167,1751,630,102,46.266666666666666,165,2.0,0.6
exp5_stow2.0_walk0.6,back_to_front,baseline,12512,167,2505,1246,93,141.2888888888889,310,2.0,0.6
exp5_stow2.0_walk0.6,outside_in,baseline,12512,167,1717,596,0,43.355555555555554,152,2.0,0.6
exp5_stow2.0_walk0.6,steffen,baseline,12512,167,877,386,0,12.327777777777778,56,2.0,0.6
exp5_stow2.0_walk0.6,random,baseline,12513,168,1753,535,89,42.40555555555556,163,2.0,0.6
exp5_stow2.0_walk0.6,back_to_front,baseline,12513,168,2298,1168,84,133.78333333333333,382,2.0,0.6
exp5_stow2.0_walk0.6,outside_in,baseline,12513,168,1471,623,0,46.083333333333336,141,2.0,0.6
exp5_stow2.0_walk0.6,steffen,baseline,12513,168,857,380,0,13.21111111111111,103,2.0,0.6
exp5_stow2.0_walk0.6,random,baseline,12514,169,1916,619,84,55.84444444444444,223,2.0,0.6
exp5_stow2.0_walk0.6,back_to_front,baseline,12514,169,2394,1075,98,136.88333333333333,404,2.0,0.6
exp5_stow2.0_walk0.6,outside_in,baseline,12514,169,1631,627,0,52.022222222222226,188,2.0,0.6
exp5_stow2.0_walk0.6,steffen,baseline,12514,169,889,253,0,12.394444444444444,111,2.0,0.6
exp5_stow2.0_walk0.6,random,baseline,12515,170,1581,687,93,51.27777777777778,180,2.0,0.6
exp5_stow2.0_walk0.6,back_to_front,baseline,12515,170,2376,1320,83,147.76111111111112,376,2.0,0.6
exp5_stow2.0_walk0.6,outside_in,baseline,12515,170,1448,706,0,45.53333333333333,142,2.0,0.6
exp5_stow2.0_walk0.6,steffen,baseline,12515,170,798,465,0,12.633333333333333,62,2.0,0.6
exp5_stow2.0_walk0.6,random,baseline,12516,171,1612,664,77,45.72222222222222,149,2.0,0.6
exp5_stow2.0_walk0.6,back_to_front,baseline,12516,171,2349,1298,92,142.1611111111111,374,2.0,0.6
exp5_stow2.0_walk0.6,outside_in,baseline,12516,171,1350,602,0,35.77777777777778,121,2.0,0.6
exp5_stow2.0_walk0.6,steffen,baseline,12516,171,823,392,0,11.422222222222222,57,2.0,0.6
exp5_stow2.0_walk0.6,random,baseline,12517,172,1805,631,98,50.26111111111111,180,2.0,0.6
exp5_stow2.0_walk0.6,back_to_front,baseline,12517,172,2373,1266,72,134.65555555555557,323,2.0,0.6
exp5_stow2.0_walk0.6,outside_in,baseline,12517,172,1545,564,0,37.50555555555555,121,2.0,0.6
exp5_stow2.0_walk0.6,steffen,baseline,12517,172,844,378,0,11.294444444444444,53,2.0,0.6
exp5_stow2.0_walk0.6,random,baseline,12518,173,1888,700,85,58.53333333333333,196,2.0,0.6
exp5_stow2.0_walk0.6,back_to_front,baseline,12518,173,2347,1260,72,135.62222222222223,310,2.0,0.6
exp5_stow2.0_walk0.6,outside_in,baseline,12518,173,1614,651,0,52.12222222222222,144,2.0,0.6
exp5_stow2.0_walk0.6,steffen,baseline,12518,173,826,466,0,13.488888888888889,65,2.0,0.6
exp5_stow2.0_walk0.6,random,baseline,12519,174,1759,653,84,48.922222222222224,153,2.0,0.6
exp5_stow2.0_walk0.6,back_to_front,baseline,12519,174,2516,1385,107,155.26666666666668,377,2.0,0.6
exp5_stow2.0_walk0.6,outside_in,baseline,12519,174,1579,728,0,50.32222222222222,133,2.0,0.6
exp5_stow2.0_walk0.6,steffen,baseline,12519,174,844,467,0,13.011111111111111,82,2.0,0.6
exp5_stow2.0_walk0.6,random,baseline,12520,175,1623,658,78,49.638888888888886,150,2.0,0.6
exp5_stow2.0_walk0.6,back_to_front,baseline,12520,175,2443,1271,90,144.73333333333332,399,2.0,0.6
exp5_stow2.0_walk0.6,outside_in,baseline,12520,175,1456,719,0,46.19444444444444,152,2.0,0.6
exp5_stow2.0_walk0.6,steffen,baseline,12520,175,835,368,0,11.283333333333333,60,2.0,0.6
exp5_stow2.0_walk0.6,random,baseline,12521,176,1875,614,89,52.63333333333333,179,2.0,0.6
exp5_stow2.0_walk0.6,back_to_front,baseline,12521,176,2631,1277,99,153.75555555555556,404,2.0,0.6
exp5_stow2.0_walk0.6,outside_in,baseline,12521,176,1770,594,0,44.016666666666666,132,2.0,0.6
exp5_stow2.0_walk0.6,steffen,baseline,12521,176,905,319,0,13.672222222222222,62,2.0,0.6
exp5_stow2.0_walk0.6,random,baseline,12522,177,1754,652,93,49.766666666666666,153,2.0,0.6
exp5_stow2.0_walk0.6,back_to_front,baseline,12522,177,2212,1223,80,122.77777777777777,255,2.0,0.6
exp5_stow2.0_walk0.6,outside_in,baseline,12522,177,1620,620,0,45.327777777777776,160,2.0,0.6
exp5_stow2.0_walk0.6,steffen,baseline,12522,177,814,431,0,11.944444444444445,67,2.0,0.6
exp5_stow2.0_walk0.6,random,baseline,12523,178,1889,639,92,55.266666666666666,162,2.0,0.6
exp5_stow2.0_walk0.6,back_to_front,baseline,12523,178,2307,1250,91,130.00555555555556,319,2.0,0.6
exp5_stow2.0_walk0.6,outside_in,baseline,12523,178,1609,632,0,50.24444444444445,147,2.0,0.6
exp5_stow2.0_walk0.6,steffen,baseline,12523,178,848,353,0,11.938888888888888,55,2.0,0.6
exp5_stow2.0_walk0.6,random,baseline,12524,179,1779,613,83,53.266666666666666,160,2.0,0.6
exp5_stow2.0_walk0.6,back_to_front,baseline,12524,179,2593,1268,85,145.35,324,2.0,0.6
exp5_stow2.0_walk0.6,outside_in,baseline,12524,179,1461,585,0,43.361111111111114,148,2.0,0.6
exp5_stow2.0_walk0.6,steffen,baseline,12524,179,853,327,0,13.1,57,2.0,0.6
exp5_stow2.0_walk0.6,random,baseline,12525,180,1801,717,100,51.18888888888889,144,2.0,0.6
exp5_stow2.0_walk0.6,back_to_front,baseline,12525,180,2270,1294,80,137.04444444444445,399,2.0,0.6
exp5_stow2.0_walk0.6,outside_in,baseline,12525,180,1495,660,0,39.06666666666667,169,2.0,0.6
exp5_stow2.0_walk0.6,steffen,baseline,12525,180,867,499,0,12.05,58,2.0,0.6
exp5_stow2.0_walk0.6,random,baseline,12526,181,1656,719,88,50.00555555555555,137,2.0,0.6
exp5_stow2.0_walk0.6,back_to_front,baseline,12526,181,2372,1366,87,136.4611111111111,366,2.0,0.6
exp5_stow2.0_walk0.6,outside_in,baseline,12526,181,1524,603,0,39.638888888888886,125,2.0,0.6
exp5_stow2.0_walk0.6,steffen,baseline,12526,181,850,487,0,13.488888888888889,74,2.0,0.6
exp5_stow2.0_walk0.6,random,baseline,12527,182,1721,634,104,48.84444444444444,151,2.0,0.6
exp5_stow2.0_walk0.6,back_to_front,baseline,12527,182,2385,1229,84,151.57777777777778,390,2.0,0.6
exp5_stow2.0_walk0.6,outside_in,baseline,12527,182,1484,696,0,51.05,142,2.0,0.6
exp5_stow2.0_walk0.6,steffen,baseline,12527,182,809,439,0,12.616666666666667,47,2.0,0.6
exp5_stow2.0_walk0.6,random,baseline,12528,183,1808,678,89,56.82222222222222,134,2.0,0.6
exp5_stow2.0_walk0.6,back_to_front,baseline,12528,183,2524,1348,95,156.43333333333334,421,2.0,0.6
exp5_stow2.0_walk0.6,outside_in,baseline,12528,183,1745,665,0,48.78888888888889,175,2.0,0.6
exp5_stow2.0_walk0.6,steffen,baseline,12528,183,833,465,0,14.227777777777778,104,2.0,0.6
exp5_stow2.0_walk0.6,random,baseline,12529,184,1776,709,86,57.916666666666664,197,2.0,0.6
exp5_stow2.0_walk0.6,back_to_front,baseline,12529,184,2554,1290,106,147.65555555555557,329,2.0,0.6
exp5_stow2.0_walk0.6,outside_in,baseline,12529,184,1655,593,0,42.12777777777778,155,2.0,0.6
exp5_stow2.0_walk0.6,steffen,baseline,12529,184,855,349,0,12.905555555555555,55,2.0,0.6
exp5_stow2.0_walk0.6,random,baseline,12530,185,1709,677,92,51.28333333333333,176,2.0,0.6
exp5_stow2.0_walk0.6,back_to_front,baseline,12530,185,2300,1237,74,126.97222222222223,309,2.0,0.6
exp5_stow2.0_walk0.6,outside_in,baseline,12530,185,1568,609,0,40.81111111111111,140,2.0,0.6
exp5_stow2.0_walk0.6,steffen,baseline,12530,185,901,401,0,12.822222222222223,59,2.0,0.6
exp5_stow2.0_walk0.6,random,baseline,12531,186,1762,535,89,40.855555555555554,130,2.0,0.6
exp5_stow2.0_walk0.6,back_to_front,baseline,12531,186,2552,1321,92,144.0611111111111,407,2.0,0.6
exp5_stow2.0_walk0.6,outside_in,baseline,12531,186,1615,674,0,51.016666666666666,127,2.0,0.6
exp5_stow2.0_walk0.6,steffen,baseline,12531,186,849,436,0,13.2,76,2.0,0.6
exp5_stow2.0_walk0.6,random,baseline,12532,187,1888,723,104,54.55555555555556,175,2.0,0.6
exp5_stow2.0_walk0.6,back_to_front,baseline,12532,187,2356,1226,87,130.7277777777778,357,2.0,0.6
exp5_stow2.0_walk0.6,outside_in,baseline,12532,187,1473,644,0,35.59444444444444,109,2.0,0.6
exp5_stow2.0_walk0.6,steffen,baseline,12532,187,838,501,0,13.311111111111112,49,2.0,0.6
exp5_stow2.0_walk0.6,random,baseline,12533,188,1898,761,89,61.266666666666666,188,2.0,0.6
exp5_stow2.0_walk0.6,back_to_front,baseline,12533,188,2636,1311,96,156.69444444444446,352,2.0,0.6
exp5_stow2.0_walk0.6,outside_in,baseline,12533,188,1605,699,0,46.666666666666664,149,2.0,0.6
exp5_stow2.0_walk0.6,steffen,baseline,12533,188,928,504,0,14.061111111111112,74,2.0,0.6
exp5_stow2.0_walk0.6,random,baseline,12534,189,1800,738,87,51.31666666666667,146,2.0,0.6
exp5_stow2.0_walk0.6,back_to_front,baseline,12534,189,2325,1334,88,137.0888888888889,343,2.0,0.6
exp5_stow2.0_walk0.6,outside_in,baseline,12534,189,1515,693,0,45.361111111111114,144,2.0,0.6
exp5_stow2.0_walk0.6,steffen,baseline,12534,189,804,456,0,13.416666666666666,71,2.0,0.6
exp5_stow2.0_walk0.6,random,baseline,12535,190,1716,632,89,41.2,121,2.0,0.6
exp5_stow2.0_walk0.6,back_to_front,baseline,12535,190,2546,1351,94,144.57777777777778,372,2.0,0.6
exp5_stow2.0_walk0.6,outside_in,baseline,12535,190,1446,620,0,35.72222222222222,138,2.0,0.6
exp5_stow2.0_walk0.6,steffen,baseline,12535,190,840,406,0,11.866666666666667,65,2.0,0.6
exp5_stow2.0_walk0.6,random,baseline,12536,191,1813,658,91,53.15555555555556,188,2.0,0.6
exp5_stow2.0_walk0.6,back_to_front,baseline,12536,191,2559,1275,84,144.01111111111112,358,2.0,0.6
exp5_stow2.0_walk0.6,outside_in,baseline,12536,191,1629,531,0,37.09444444444444,126,2.0,0.6
exp5_stow2.0_walk0.6,steffen,baseline,12536,191,859,441,0,12.494444444444444,52,2.0,0.6
exp5_stow2.0_walk0.6,random,baseline,12537,192,1627,656,89,45.48888888888889,146,2.0,0.6
exp5_stow2.0_walk0.6,back_to_front,baseline,12537,192,2455,1289,88,146.82777777777778,396,2.0,0.6
exp5_stow2.0_walk0.6,outside_in,baseline,12537,192,1536,591,0,37.6,130,2.0,0.6
exp5_stow2.0_walk0.6,steffen,baseline,12537,192,829,476,0,13.261111111111111,58,2.0,0.6
exp5_stow2.0_walk0.6,random,baseline,12538,193,1712,727,85,54.78888888888889,157,2.0,0.6
exp5_stow2.0_walk0.6,back_to_front,baseline,12538,193,2099,1254,84,117.22222222222223,272,2.0,0.6
exp5_stow2.0_walk0.6,outside_in,baseline,12538,193,1685,731,0,57.27777777777778,154,2.0,0.6
exp5_stow2.0_walk0.6,steffen,baseline,12538,193,814,496,0,15.044444444444444,60,2.0,0.6
exp5_stow2.0_walk0.6,random,baseline,12539,194,1886,664,90,56.53333333333333,167,2.0,0.6
exp5_stow2.0_walk0.6,back_to_front,baseline,12539,194,2435,1228,90,144.97222222222223,355,2.0,0.6
exp5_stow2.0_walk0.6,outside_in,baseline,12539,194,1669,628,0,49.455555555555556,132,2.0,0.6
exp5_stow2.0_walk0.6,steffen,baseline,12539,194,862,384,0,14.088888888888889,63,2.0,0.6
exp5_stow2.0_walk0.6,random,baseline,12540,195,1656,816,88,60.1,188,2.0,0.6
exp5_stow2.0_walk0.6,back_to_front,baseline,12540,195,2367,1246,85,142.29444444444445,339,2.0,0.6
exp5_stow2.0_walk0.6,outside_in,baseline,12540,195,1619,751,0,54.92777777777778,125,2.0,0.6
exp5_stow2.0_walk0.6,steffen,baseline,12540,195,833,539,0,16.433333333333334,91,2.0,0.6
exp5_stow2.0_walk0.6,random,baseline,12541,196,1885,692,89,60.91111111111111,188,2.0,0.6
exp5_stow2.0_walk0.6,back_to_front,baseline,12541,196,2343,1180,85,126.16666666666667,280,2.0,0.6
exp5_stow2.0_walk0.6,outside_in,baseline,12541,196,1601,601,0,48.21111111111111,132,2.0,0.6
exp5_stow2.0_walk0.6,steffen,baseline,12541,196,836,394,0,13.766666666666667,81,2.0,0.6
exp5_stow2.0_walk0.6,random,baseline,12542,197,1740,618,78,60.90555555555556,211,2.0,0.6
exp5_stow2.0_walk0.6,back_to_front,baseline,12542,197,2620,1301,93,159.8111111111111,349,2.0,0.6
exp5_stow2.0_walk0.6,outside_in,baseline,12542,197,1551,625,0,51.52777777777778,140,2.0,0.6
exp5_stow2.0_walk0.6,steffen,baseline,12542,197,856,353,0,15.0,81,2.0,0.6
exp5_stow2.0_walk0.6,random,baseline,12543,198,1909,653,77,52.21111111111111,156,2.0,0.6
exp5_stow2.0_walk0.6,back_to_front,baseline,12543,198,2532,1410,91,156.82222222222222,375,2.0,0.6
exp5_stow2.0_walk0.6,outside_in,baseline,12543,198,1612,753,0,49.388888888888886,132,2.0,0.6
exp5_stow2.0_walk0.6,steffen,baseline,12543,198,860,580,0,15.227777777777778,64,2.0,0.6
exp5_stow2.0_walk0.6,random,baseline,12544,199,1792,652,105,62.71111111111111,229,2.0,0.6
exp5_stow2.0_walk0.6,back_to_front,baseline,12544,199,2517,1286,84,159.40555555555557,408,2.0,0.6
exp5_stow2.0_walk0.6,outside_in,baseline,12544,199,1543,606,0,42.672222222222224,145,2.0,0.6
exp5_stow2.0_walk0.6,steffen,baseline,12544,199,826,331,0,12.044444444444444,63,2.0,0.6
exp5_stow2.0_walk0.8,random,baseline,12345,0,1588,887,84,41.83888888888889,139,2.0,0.8
exp5_stow2.0_walk0.8,back_to_front,baseline,12345,0,2376,1774,94,155.38333333333333,385,2.0,0.8
exp5_stow2.0_walk0.8,outside_in,baseline,12345,0,1574,1077,0,48.21111111111111,132,2.0,0.8
exp5_stow2.0_walk0.8,steffen,baseline,12345,0,789,1223,0,15.527777777777779,77,2.0,0.8
exp5_stow2.0_walk0.8,random,baseline,12346,1,1720,1241,90,55.266666666666666,214,2.0,0.8
exp5_stow2.0_walk0.8,back_to_front,baseline,12346,1,2410,1785,92,157.55,396,2.0,0.8
exp5_stow2.0_walk0.8,outside_in,baseline,12346,1,1489,1214,0,46.03888888888889,134,2.0,0.8
exp5_stow2.0_walk0.8,steffen,baseline,12346,1,777,1351,0,18.516666666666666,71,2.0,0.8
exp5_stow2.0_walk0.8,random,baseline,12347,2,1965,1118,91,55.0,171,2.0,0.8
exp5_stow2.0_walk0.8,back_to_front,baseline,12347,2,2461,1846,87,140.2,328,2.0,0.8
exp5_stow2.0_walk0.8,outside_in,baseline,12347,2,1741,1111,0,47.638888888888886,152,2.0,0.8
exp5_stow2.0_walk0.8,steffen,baseline,12347,2,877,1558,0,20.06111111111111,66,2.0,0.8
exp5_stow2.0_walk0.8,random,baseline,12348,3,1834,1023,100,56.09444444444444,222,2.0,0.8
exp5_stow2.0_walk0.8,back_to_front,baseline,12348,3,2440,1751,115,141.98333333333332,396,2.0,0.8
exp5_stow2.0_walk0.8,outside_in,baseline,12348,3,1545,1200,0,51.916666666666664,151,2.0,0.8
exp5_stow2.0_walk0.8,steffen,baseline,12348,3,873,1369,0,19.794444444444444,105,2.0,0.8
exp5_stow2.0_walk0.8,random,baseline,12349,4,1967,966,77,55.75,201,2.0,0.8
exp5_stow2.0_walk0.8,back_to_front,baseline,12349,4,2544,1773,94,147.9388888888889,399,2.0,0.8
exp5_stow2.0_walk0.8,outside_in,baseline,12349,4,1671,1110,0,50.111111111111114,159,2.0,0.8
exp5_stow2.0_walk0.8,steffen,baseline,12349,4,926,1358,0,18.377777777777776,65,2.0,0.8
exp5_stow2.0_walk0.8,random,baseline,12350,5,1734,1033,87,53.794444444444444,174,2.0,0.8
exp5_stow2.0_walk0.8,back_to_front,baseline,12350,5,2793,1793,83,171.46666666666667,461,2.0,0.8
exp5_stow2.0_walk0.8,outside_in,baseline,12350,5,1606,1116,0,49.19444444444444,137,2.0,0.8
exp5_stow2.0_walk0.8,steffen,baseline,12350,5,862,1358,0,18.63888888888889,64,2.0,0.8
exp5_stow2.0_walk0.8,random,baseline,12351,6,1781,995,96,52.516666666666666,159,2.0,0.8
exp5_stow2.0_walk0.8,back_to_front,baseline,12351,6,2454,1737,79,151.65,358,2.0,0.8
exp5_stow2.0_walk0.8,outside_in,baseline,12351,6,1701,945,0,45.86666666666667,147,2.0,0.8
exp5_stow2.0_walk0.8,steffen,baseline,12351,6,822,1152,0,16.95,64,2.0,0.8
exp5_stow2.0_walk0.8,random,baseline,12352,7,1753,1088,85,51.71111111111111,151,2.0,0.8
exp5_stow2.0_walk0.8,back_to_front,baseline,12352,7,2461,1722,83,152.48888888888888,405,2.0,0.8
exp5_stow2.0_walk0.8,outside_in,baseline,12352,7,1639,1026,0,49.47222222222222,131,2.0,0.8
exp5_stow2.0_walk0.8,steffen,baseline,12352,7,832,1273,0,17.622222222222224,71,2.0,0.8
exp5_stow2.0_walk0.8,random,baseline,12353,8,1744,1065,96,55.38333333333333,180,2.0,0.8
exp5_stow2.0_walk0.8,back_to_front,baseline,12353,8,2358,1824,86,142.0888888888889,352,2.0,0.8
exp5_stow2.0_walk0.8,outside_in,baseline,12353,8,1508,1130,0,53.69444444444444,160,2.0,0.8
exp5_stow2.0_walk0.8,steffen,baseline,12353,8,813,1461,0,18.627777777777776,74,2.0,0.8
exp5_stow2.0_walk0.8,random,baseline,12354,9,1689,1114,86,60.93888888888889,176,2.0,0.8
exp5_stow2.0_walk0.8,back_to_front,baseline,12354,9,2469,1724,87,154.3388888888889,375,2.0,0.8
exp5_stow2.0_walk0.8,outside_in,baseline,12354,9,1467,1091,0,54.227777777777774,144,2.0,0.8
exp5_stow2.0_walk0.8,steffen,baseline,12354,9,816,1267,0,18.433333333333334,69,2.0,0.8
exp5_stow2.0_walk0.8,random,baseline,12355,10,1725,1000,88,48.92777777777778,157,2.0,0.8
exp5_stow2.0_walk0.8,back_to_front,baseline,12355,10,2203,1711,81,133.5888888888889,364,2.0,0.8
exp5_stow2.0_walk0.8,outside_in,baseline,12355,10,1596,1166,0,50.78888888888889,168,2.0,0.8
exp5_stow2.0_walk0.8,steffen,baseline,12355,10,807,1416,0,18.355555555555554,72,2.0,0.8
exp5_stow2.0_walk0.8,random,baseline,12356,11,1784,1170,91,58.333333333333336,157,2.0,0.8
exp5_stow2.0_walk0.8,back_to_front,baseline,12356,11,2208,1807,86,125.74444444444444,282,2.0,0.8
exp5_stow2.0_walk0.8,outside_in,baseline,12356,11,1586,1058,0,49.26111111111111,138,2.0,0.8
exp5_stow2.0_walk0.8,steffen,baseline,12356,11,831,1441,0,18.961111111111112,65,2.0,0.8
exp5_stow2.0_walk0.8,random,baseline,12357,12,1730,1038,75,52.022222222222226,176,2.0,0.8
exp5_stow2.0_walk0.8,back_to_front,baseline,12357,12,2553,1771,77,160.68333333333334,408,2.0,0.8
exp5_stow2.0_walk0.8,outside_in,baseline,12357,12,1603,1036,0,49.99444444444445,208,2.0,0.8
exp5_stow2.0_walk0.8,steffen,baseline,12357,12,844,1026,0,16.61111111111111,79,2.0,0.8
exp5_stow2.0_walk0.8,random,baseline,12358,13,1667,1119,82,56.2,165,2.0,0.8
exp5_stow2.0_walk0.8,back_to_front,baseline,12358,13,2287,1694,89,138.5888888888889,363,2.0,0.8
exp5_stow2.0_walk0.8,outside_in,baseline,12358,13,1495,1175,0,45.861111111111114,114,2.0,0.8
exp5_stow2.0_walk0.8,steffen,baseline,12358,13,803,1280,0,17.06111111111111,75,2.0,0.8
exp5_stow2.0_walk0.8,random,baseline,12359,14,1726,1154,94,60.172222222222224,212,2.0,0.8
exp5_stow2.0_walk0.8,back_to_front,baseline,12359,14,2403,1893,83,146.05,355,2.0,0.8
exp5_stow2.0_walk0.8,outside_in,baseline,12359,14,1464,1218,0,46.672222222222224,129,2.0,0.8
exp5_stow2.0_walk0.8,steffen,baseline,12359,14,878,1406,0,20.11111111111111,98,2.0,0.8
exp5_stow2.0_walk0.8,random,baseline,12360,15,1703,1127,87,56.861111111111114,212,2.0,0.8
exp5_stow2.0_walk0.8,back_to_front,baseline,12360,15,2329,1855,102,147.98888888888888,411,2.0,0.8
exp5_stow2.0_walk0.8,outside_in,baseline,12360,15,1482,1084,0,45.68333333333333,142,2.0,0.8
exp5_stow2.0_walk0.8,steffen,baseline,12360,15,774,1357,0,18.394444444444446,79,2.0,0.8
exp5_stow2.0_walk0.8,random,baseline,12361,16,1932,1225,82,68.30555555555556,198,2.0,0.8
exp5_stow2.0_walk0.8,back_to_front,baseline,12361,16,2357,1823,95,146.97222222222223,339,2.0,0.8
exp5_stow2.0_walk0.8,outside_in,baseline,12361,16,1564,1086,0,50.47222222222222,165,2.0,0.8
exp5_stow2.0_walk0.8,steffen,baseline,12361,16,836,1245,0,17.616666666666667,81,2.0,0.8
exp5_stow2.0_walk0.8,random,baseline,12362,17,1799,1106,80,61.50555555555555,167,2.0,0.8
exp5_stow2.0_walk0.8,back_to_front,baseline,12362,17,2442,1849,102,159.54444444444445,434,2.0,0.8
exp5_stow2.0_walk0.8,outside_in,baseline,12362,17,1569,1138,0,49.84444444444444,154,2.0,0.8
exp5_stow2.0_walk0.8,steffen,baseline,12362,17,800,1343,0,18.416666666666668,65,2.0,0.8
exp5_stow2.0_walk0.8,random,baseline,12363,18,1688,1093,83,51.40555555555556,136,2.0,0.8
exp5_stow2.0_walk0.8,back_to_front,baseline,12363,18,2297,1622,98,142.65,416,2.0,0.8
exp5_stow2.0_walk0.8,outside_in,baseline,12363,18,1586,1028,0,47.105555555555554,146,2.0,0.8
exp5_stow2.0_walk0.8,steffen,baseline,12363,18,838,1059,0,16.455555555555556,61,2.0,0.8
exp5_stow2.0_walk0.8,random,baseline,12364,19,1678,1218,89,66.35555555555555,219,2.0,0.8
exp5_stow2.0_walk0.8,back_to_front,baseline,12364,19,2406,1729,89,147.08333333333334,351,2.0,0.8
exp5_stow2.0_walk0.8,outside_in,baseline,12364,19,1609,1048,0,47.31111111111111,155,2.0,0.8
exp5_stow2.0_walk0.8,steffen,baseline,12364,19,886,1141,0,15.722222222222221,77,2.0,0.8
exp5_stow2.0_walk0.8,random,baseline,12365,20,1658,1116,102,57.44444444444444,163,2.0,0.8
exp5_stow2.0_walk0.8,back_to_front,baseline,12365,20,2469,1859,82,151.51666666666668,343,2.0,0.8
exp5_stow2.0_walk0.8,outside_in,baseline,12365,20,1694,1016,0,57.50555555555555,197,2.0,0.8
exp5_stow2.0_walk0.8,steffen,baseline,12365,20,832,1303,0,19.833333333333332,78,2.0,0.8
exp5_stow2.0_walk0.8,random,baseline,12366,21,1691,1024,78,53.15555555555556,159,2.0,0.8
exp5_stow2.0_walk0.8,back_to_front,baseline,12366,21,2486,1711,84,154.2722222222222,363,2.0,0.8
exp5_stow2.0_walk0.8,outside_in,baseline,12366,21,1555,995,0,49.855555555555554,170,2.0,0.8
exp5_stow2.0_walk0.8,steffen,baseline,12366,21,859,1135,0,17.511111111111113,68,2.0,0.8
exp5_stow2.0_walk0.8,random,baseline,12367,22,1889,1023,88,54.43888888888889,142,2.0,0.8
exp5_stow2.0_walk0.8,back_to_front,baseline,12367,22,2375,1844,94,138.11111111111111,393,2.0,0.8
exp5_stow2.0_walk0.8,outside_in,baseline,12367,22,1735,1031,0,50.05,134,2.0,0.8
exp5_stow2.0_walk0.8,steffen,baseline,12367,22,842,1422,0,19.305555555555557,69,2.0,0.8
exp5_stow2.0_walk0.8,random,baseline,12368,23,1887,1160,93,66.15,182,2.0,0.8
exp5_stow2.0_walk0.8,back_to_front,baseline,12368,23,2401,1754,76,155.11111111111111,446,2.0,0.8
exp5_stow2.0_walk0.8,outside_in,baseline,12368,23,1431,1000,0,41.516666666666666,111,2.0,0.8
exp5_stow2.0_walk0.8,steffen,baseline,12368,23,825,1349,0,20.63888888888889,79,2.0,0.8
exp5_stow2.0_walk0.8,random,baseline,12369,24,1740,1218,100,58.74444444444445,211,2.0,0.8
exp5_stow2.0_walk0.8,back_to_front,baseline,12369,24,2552,1905,89,168.63888888888889,408,2.0,0.8
exp5_stow2.0_walk0.8,outside_in,baseline,12369,24,1641,1011,0,52.7,167,2.0,0.8
exp5_stow2.0_walk0.8,steffen,baseline,12369,24,887,1351,0,20.17222222222222,120,2.0,0.8
exp5_stow2.0_walk0.8,random,baseline,12370,25,1790,1130,81,51.25555555555555,220,2.0,0.8
exp5_stow2.0_walk0.8,back_to_front,baseline,12370,25,2429,1733,86,133.3,302,2.0,0.8
exp5_stow2.0_walk0.8,outside_in,baseline,12370,25,1577,982,0,47.577777777777776,140,2.0,0.8
exp5_stow2.0_walk0.8,steffen,baseline,12370,25,893,1193,0,19.133333333333333,114,2.0,0.8
exp5_stow2.0_walk0.8,random,baseline,12371,26,1706,1114,89,50.98888888888889,180,2.0,0.8
exp5_stow2.0_walk0.8,back_to_front,baseline,12371,26,2260,1708,84,126.61111111111111,321,2.0,0.8
exp5_stow2.0_walk0.8,outside_in,baseline,12371,26,1492,1054,0,43.35,162,2.0,0.8
exp5_stow2.0_walk0.8,steffen,baseline,12371,26,880,1241,0,16.61111111111111,65,2.0,0.8
exp5_stow2.0_walk0.8,random,baseline,12372,27,1923,1065,85,61.15555555555556,188,2.0,0.8
exp5_stow2.0_walk0.8,back_to_front,baseline,12372,27,2546,1802,97,160.7277777777778,385,2.0,0.8
exp5_stow2.0_walk0.8,outside_in,baseline,12372,27,1638,1178,0,57.12222222222222,193,2.0,0.8
exp5_stow2.0_walk0.8,steffen,baseline,12372,27,842,1387,0,18.772222222222222,84,2.0,0.8
exp5_stow2.0_walk0.8,random,baseline,12373,28,1707,1126,91,59.58888888888889,211,2.0,0.8
exp5_stow2.0_walk0.8,back_to_front,baseline,12373,28,2260,1798,82,129.77777777777777,326,2.0,0.8
exp5_stow2.0_walk0.8,outside_in,baseline,12373,28,1528,1111,0,45.96111111111111,138,2.0,0.8
exp5_stow2.0_walk0.8,steffen,baseline,12373,28,843,1310,0,17.283333333333335,66,2.0,0.8
exp5_stow2.0_walk0.8,random,baseline,12374,29,1725,1066,81,60.922222222222224,199,2.0,0.8
exp5_stow2.0_walk0.8,back_to_front,baseline,12374,29,2368,1793,88,140.3388888888889,337,2.0,0.8
exp5_stow2.0_walk0.8,outside_in,baseline,12374,29,1470,977,0,43.92777777777778,134,2.0,0.8
exp5_stow2.0_walk0.8,steffen,baseline,12374,29,832,1226,0,16.694444444444443,67,2.0,0.8
exp5_stow2.0_walk0.8,random,baseline,12375,30,1726,1096,101,54.35,147,2.0,0.8
exp5_stow2.0_walk0.8,back_to_front,baseline,12375,30,2324,1772,98,139.37222222222223,332,2.0,0.8
exp5_stow2.0_walk0.8,outside_in,baseline,12375,30,1574,1112,0,47.21666666666667,141,2.0,0.8
exp5_stow2.0_walk0.8,steffen,baseline,12375,30,857,1449,0,19.583333333333332,82,2.0,0.8
exp5_stow2.0_walk0.8,random,baseline,12376,31,1876,1095,89,61.31666666666667,179,2.0,0.8
exp5_stow2.0_walk0.8,back_to_front,baseline,12376,31,2426,1727,86,144.05,335,2.0,0.8
exp5_stow2.0_walk0.8,outside_in,baseline,12376,31,1504,1164,0,50.55555555555556,154,2.0,0.8
exp5_stow2.0_walk0.8,steffen,baseline,12376,31,887,1239,0,19.294444444444444,110,2.0,0.8
exp5_stow2.0_walk0.8,random,baseline,12377,32,1801,1100,79,58.55,170,2.0,0.8
exp5_stow2.0_walk0.8,back_to_front,baseline,12377,32,2693,1823,88,165.94444444444446,419,2.0,0.8
exp5_stow2.0_walk0.8,outside_in,baseline,12377,32,1540,1072,0,45.43888888888889,144,2.0,0.8
exp5_stow2.0_walk0.8,steffen,baseline,12377,32,854,1381,0,20.211111111111112,78,2.0,0.8
exp5_stow2.0_walk0.8,random,baseline,12378,33,1658,1136,95,57.75,165,2.0,0.8
exp5_stow2.0_walk0.8,back_to_front,baseline,12378,33,2406,1792,97,153.9,330,2.0,0.8
exp5_stow2.0_walk0.8,outside_in,baseline,12378,33,1392,1141,0,53.227777777777774,169,2.0,0.8
exp5_stow2.0_walk0.8,steffen,baseline,12378,33,825,1262,0,18.466666666666665,95,2.0,0.8
exp5_stow2.0_walk0.8,random,baseline,12379,34,1647,1108,82,51.85,201,2.0,0.8
exp5_stow2.0_walk0.8,back_to_front,baseline,12379,34,2366,1791,89,149.55555555555554,382,2.0,0.8
exp5_stow2.0_walk0.8,outside_in,baseline,12379,34,1561,1069,0,45.8,152,2.0,0.8
exp5_stow2.0_walk0.8,steffen,baseline,12379,34,850,1275,0,18.0,70,2.0,0.8
exp5_stow2.0_walk0.8,random,baseline,12380,35,1589,1066,79,49.18888888888889,164,2.0,0.8
exp5_stow2.0_walk0.8,back_to_front,baseline,12380,35,2297,1781,88,131.8,281,2.0,0.8
exp5_stow2.0_walk0.8,outside_in,baseline,12380,35,1495,1191,0,51.48888888888889,154,2.0,0.8
exp5_stow2.0_walk0.8,steffen,baseline,12380,35,846,1381,0,17.877777777777776,63,2.0,0.8
exp5_stow2.0_walk0.8,random,baseline,12381,36,1717,1220,83,65.03888888888889,189,2.0,0.8
exp5_stow2.0_walk0.8,back_to_front,baseline,12381,36,2478,1789,87,151.16666666666666,334,2.0,0.8
exp5_stow2.0_walk0.8,outside_in,baseline,12381,36,1627,1132,0,47.516666666666666,140,2.0,0.8
exp5_stow2.0_walk0.8,steffen,baseline,12381,36,845,1468,0,19.633333333333333,91,2.0,0.8
exp5_stow2.0_walk0.8,random,baseline,12382,37,1875,1062,96,67.3,182,2.0,0.8
exp5_stow2.0_walk0.8,back_to_front,baseline,12382,37,2606,1660,100,163.8,453,2.0,0.8
exp5_stow2.0_walk0.8,outside_in,baseline,12382,37,1631,1000,0,43.705555555555556,127,2.0,0.8
exp5_stow2.0_walk0.8,steffen,baseline,12382,37,884,1109,0,18.17222222222222,113,2.0,0.8
exp5_stow2.0_walk0.8,random,baseline,12383,38,1633,1184,89,58.705555555555556,171,2.0,0.8
exp5_stow2.0_walk0.8,back_to_front,baseline,12383,38,2462,1710,96,145.43333333333334,298,2.0,0.8
exp5_stow2.0_walk0.8,outside_in,baseline,12383,38,1527,1088,0,47.333333333333336,127,2.0,0.8
exp5_stow2.0_walk0.8,steffen,baseline,12383,38,822,1410,0,18.633333333333333,93,2.0,0.8
exp5_stow2.0_walk0.8,random,baseline,12384,39,1668,996,102,48.772222222222226,153,2.0,0.8
exp5_stow2.0_walk0.8,back_to_front,baseline,12384,39,2408,1702,93,137.94444444444446,336,2.0,0.8
exp5_stow2.0_walk0.8,outside_in,baseline,12384,39,1521,1083,0,45.15,130,2.0,0.8
exp5_stow2.0_walk0.8,steffen,baseline,12384,39,857,1295,0,18.461111111111112,70,2.0,0.8
exp5_stow2.0_walk0.8,random,baseline,12385,40,1745,1159,90,51.01111111111111,140,2.0,0.8
exp5_stow2.0_walk0.8,back_to_front,baseline,12385,40,2276,1753,93,141.1611111111111,431,2.0,0.8
exp5_stow2.0_walk0.8,outside_in,baseline,12385,40,1558,1100,0,54.888888888888886,168,2.0,0.8
exp5_stow2.0_walk0.8,steffen,baseline,12385,40,859,1420,0,20.011111111111113,67,2.0,0.8
exp5_stow2.0_walk0.8,random,baseline,12386,41,1683,1089,95,50.66111111111111,160,2.0,0.8
exp5_stow2.0_walk0.8,back_to_front,baseline,12386,41,2254,1820,74,135.07222222222222,355,2.0,0.8
exp5_stow2.0_walk0.8,outside_in,baseline,12386,41,1432,1021,0,42.96111111111111,187,2.0,0.8
exp5_stow2.0_walk0.8,steffen,baseline,12386,41,877,1341,0,17.57777777777778,96,2.0,0.8
exp5_stow2.0_walk0.8,random,baseline,12387,42,1726,1039,90,48.455555555555556,147,2.0,0.8
exp5_stow2.0_walk0.8,back_to_front,baseline,12387,42,2484,1599,96,151.3111111111111,335,2.0,0.8
exp5_stow2.0_walk0.8,outside_in,baseline,12387,42,1437,965,0,41.92777777777778,145,2.0,0.8
exp5_stow2.0_walk0.8,steffen,baseline,12387,42,844,1067,0,16.844444444444445,74,2.0,0.8
exp5_stow2.0_walk0.8,random,baseline,12388,43,1727,1053,90,48.28888888888889,165,2.0,0.8
exp5_stow2.0_walk0.8,back_to_front,baseline,12388,43,2412,1770,99,133.3388888888889,306,2.0,0.8
exp5_stow2.0_walk0.8,outside_in,baseline,12388,43,1690,1014,0,50.76111111111111,139,2.0,0.8
exp5_stow2.0_walk0.8,steffen,baseline,12388,43,851,1429,0,17.983333333333334,69,2.0,0.8
exp5_stow2.0_walk0.8,random,baseline,12389,44,1699,1031,97,51.84444444444444,186,2.0,0.8
exp5_stow2.0_walk0.8,back_to_front,baseline,12389,44,2263,1735,80,131.22222222222223,339,2.0,0.8
exp5_stow2.0_walk0.8,outside_in,baseline,12389,44,1592,1059,0,48.50555555555555,130,2.0,0.8
exp5_stow2.0_walk0.8,steffen,baseline,12389,44,848,1146,0,16.55,63,2.0,0.8
exp5_stow2.0_walk0.8,random,baseline,12390,45,1773,1040,92,50.96111111111111,159,2.0,0.8
exp5_stow2.0_walk0.8,back_to_front,baseline,12390,45,2357,1724,96,141.00555555555556,374,2.0,0.8
exp5_stow2.0_walk0.8,outside_in,baseline,12390,45,1572,1052,0,44.83888888888889,136,2.0,0.8
exp5_stow2.0_walk0.8,steffen,baseline,12390,45,901,1217,0,17.47222222222222,83,2.0,0.8
exp5_stow2.0_walk0.8,random,baseline,12391,46,1896,1049,91,56.81666666666667,142,2.0,0.8
exp5_stow2.0_walk0.8,back_to_front,baseline,12391,46,2619,1768,92,147.85555555555555,310,2.0,0.8
exp5_stow2.0_walk0.8,outside_in,baseline,12391,46,1718,1101,0,50.888888888888886,126,2.0,0.8
exp5_stow2.0_walk0.8,steffen,baseline,12391,46,895,1281,0,20.02777777777778,78,2.0,0.8
exp5_stow2.0_walk0.8,random,baseline,12392,47,1900,1111,90,64.06666666666666,196,2.0,0.8
exp5_stow2.0_walk0.8,back_to_front,baseline,12392,47,2476,1743,85,146.55,365,2.0,0.8
exp5_stow2.0_walk0.8,outside_in,baseline,12392,47,1620,974,0,47.96111111111111,160,2.0,0.8
exp5_stow2.0_walk0.8,steffen,baseline,12392,47,849,1047,0,15.988888888888889,60,2.0,0.8
exp5_stow2.0_walk0.8,random,baseline,12393,48,1862,1192,101,55.083333333333336,155,2.0,0.8
exp5_stow2.0_walk0.8,back_to_front,baseline,12393,48,2506,1675,105,147.37777777777777,370,2.0,0.8
exp5_stow2.0_walk0.8,outside_in,baseline,12393,48,1680,978,0,43.355555555555554,120,2.0,0.8
exp5_stow2.0_walk0.8,steffen,baseline,12393,48,864,1261,0,17.727777777777778,70,2.0,0.8
exp5_stow2.0_walk0.8,random,baseline,12394,49,1683,1106,85,59.81666666666667,192,2.0,0.8
exp5_stow2.0_walk0.8,back_to_front,baseline,12394,49,2541,1701,79,141.43333333333334,365,2.0,0.8
exp5_stow2.0_walk0.8,outside_in,baseline,12394,49,1576,1050,0,52.12222222222222,166,2.0,0.8
exp5_stow2.0_walk0.8,steffen,baseline,12394,49,877,1172,0,16.822222222222223,62,2.0,0.8
exp5_stow2.0_walk0.8,random,baseline,12395,50,1556,1194,90,53.67777777777778,194,2.0,0.8
exp5_stow2.0_walk0.8,back_to_front,baseline,12395,50,2214,1637,93,136.12777777777777,414,2.0,0.8
exp5_stow2.0_walk0.8,outside_in,baseline,12395,50,1437,1020,0,42.17777777777778,139,2.0,0.8
exp5_stow2.0_walk0.8,steffen,baseline,12395,50,831,1214,0,17.461111111111112,76,2.0,0.8
exp5_stow2.0_walk0.8,random,baseline,12396,51,1872,1080,97,63.61666666666667,182,2.0,0.8
exp5_stow2.0_walk0.8,back_to_front,baseline,12396,51,2436,1817,90,150.0,386,2.0,0.8
exp5_stow2.0_walk0.8,outside_in,baseline,12396,51,1521,1056,0,40.3,136,2.0,0.8
exp5_stow2.0_walk0.8,steffen,baseline,12396,51,871,1190,0,17.77777777777778,74,2.0,0.8
exp5_stow2.0_walk0.8,random,baseline,12397,52,1618,1201,90,53.24444444444445,164,2.0,0.8
exp5_stow2.0_walk0.8,back_to_front,baseline,12397,52,2206,1665,91,136.77777777777777,356,2.0,0.8
exp5_stow2.0_walk0.8,outside_in,baseline,12397,52,1469,1014,0,41.12777777777778,165,2.0,0.8
exp5_stow2.0_walk0.8,steffen,baseline,12397,52,838,1219,0,16.194444444444443,59,2.0,0.8
exp5_stow2.0_walk0.8,random,baseline,12398,53,1636,1075,79,48.86666666666667,192,2.0,0.8
exp5_stow2.0_walk0.8,back_to_front,baseline,12398,53,2330,1729,97,137.23888888888888,355,2.0,0.8
exp5_stow2.0_walk0.8,outside_in,baseline,12398,53,1518,1129,0,41.65,132,2.0,0.8
exp5_stow2.0_walk0.8,steffen,baseline,12398,53,856,1310,0,16.733333333333334,70,2.0,0.8
exp5_stow2.0_walk0.8,random,baseline,12399,54,1907,1079,98,61.205555555555556,170,2.0,0.8
exp5_stow2.0_walk0.8,back_to_front,baseline,12399,54,2565,1671,90,156.86111111111111,411,2.0,0.8
exp5_stow2.0_walk0.8,outside_in,baseline,12399,54,1659,1100,0,50.516666666666666,160,2.0,0.8
exp5_stow2.0_walk0.8,steffen,baseline,12399,54,873,1113,0,17.83888888888889,102,2.0,0.8
exp5_stow2.0_walk0.8,random,baseline,12400,55,1839,1124,88,62.56666666666667,157,2.0,0.8
exp5_stow2.0_walk0.8,back_to_front,baseline,12400,55,2213,1747,89,139.71666666666667,409,2.0,0.8
exp5_stow2.0_walk0.8,outside_in,baseline,12400,55,1442,1147,0,45.44444444444444,141,2.0,0.8
exp5_stow2.0_walk0.8,steffen,baseline,12400,55,801,1447,0,18.45,62,2.0,0.8
exp5_stow2.0_walk0.8,random,baseline,12401,56,1727,1174,85,62.09444444444444,168,2.0,0.8
exp5_stow2.0_walk0.8,back_to_front,baseline,12401,56,2400,1786,93,152.17777777777778,411,2.0,0.8
exp5_stow2.0_walk0.8,outside_in,baseline,12401,56,1457,1062,0,49.24444444444445,131,2.0,0.8
exp5_stow2.0_walk0.8,steffen,baseline,12401,56,834,1191,0,18.33888888888889,79,2.0,0.8
exp5_stow2.0_walk0.8,random,baseline,12402,57,1785,1036,104,61.483333333333334,184,2.0,0.8
exp5_stow2.0_walk0.8,back_to_front,baseline,12402,57,2343,1805,90,131.4,307,2.0,0.8
exp5_stow2.0_walk0.8,outside_in,baseline,12402,57,1593,1057,0,50.272222222222226,168,2.0,0.8
exp5_stow2.0_walk0.8,steffen,baseline,12402,57,871,1150,0,17.727777777777778,104,2.0,0.8
exp5_stow2.0_walk0.8,random,baseline,12403,58,1887,1106,84,63.46111111111111,172,2.0,0.8
exp5_stow2.0_walk0.8,back_to_front,baseline,12403,58,2420,1805,85,137.35555555555555,314,2.0,0.8
exp5_stow2.0_walk0.8,outside_in,baseline,12403,58,1558,880,0,45.394444444444446,133,2.0,0.8
exp5_stow2.0_walk0.8,steffen,baseline,12403,58,864,983,0,16.033333333333335,64,2.0,0.8
exp5_stow2.0_walk0.8,random,baseline,12404,59,1811,1073,85,54.833333333333336,156,2.0,0.8
exp5_stow2.0_walk0.8,back_to_front,baseline,12404,59,2549,1848,84,145.55555555555554,356,2.0,0.8
exp5_stow2.0_walk0.8,outside_in,baseline,12404,59,1680,941,0,43.577777777777776,155,2.0,0.8
exp5_stow2.0_walk0.8,steffen,baseline,12404,59,930,1193,0,18.022222222222222,71,2.0,0.8
exp5_stow2.0_walk0.8,random,baseline,12405,60,1848,1065,98,62.23888888888889,223,2.0,0.8
exp5_stow2.0_walk0.8,back_to_front,baseline,12405,60,2479,1688,98,142.97222222222223,338,2.0,0.8
exp5_stow2.0_walk0.8,outside_in,baseline,12405,60,1583,1058,0,49.65555555555556,145,2.0,0.8
exp5_stow2.0_walk0.8,steffen,baseline,12405,60,883,1284,0,18.344444444444445,78,2.0,0.8
exp5_stow2.0_walk0.8,random,baseline,12406,61,1711,1199,96,56.66111111111111,179,2.0,0.8
exp5_stow2.0_walk0.8,back_to_front,baseline,12406,61,2648,1831,87,168.38333333333333,414,2.0,0.8
exp5_stow2.0_walk0.8,outside_in,baseline,12406,61,1558,1088,0,48.855555555555554,176,2.0,0.8
exp5_stow2.0_walk0.8,steffen,baseline,12406,61,845,1322,0,18.177777777777777,69,2.0,0.8
exp5_stow2.0_walk0.8,random,baseline,12407,62,1684,1012,88,50.84444444444444,172,2.0,0.8
exp5_stow2.0_walk0.8,back_to_front,baseline,12407,62,2441,1814,93,144.55555555555554,380,2.0,0.8
exp5_stow2.0_walk0.8,outside_in,baseline,12407,62,1481,1002,0,41.25,172,2.0,0.8
exp5_stow2.0_walk0.8,steffen,baseline,12407,62,852,1273,0,17.88888888888889,73,2.0,0.8
exp5_stow2.0_walk0.8,random,baseline,12408,63,1763,1047,93,58.19444444444444,169,2.0,0.8
exp5_stow2.0_walk0.8,back_to_front,baseline,12408,63,2542,1748,96,152.70555555555555,379,2.0,0.8
exp5_stow2.0_walk0.8,outside_in,baseline,12408,63,1697,1125,0,52.78333333333333,140,2.0,0.8
exp5_stow2.0_walk0.8,steffen,baseline,12408,63,881,1339,0,19.61111111111111,82,2.0,0.8
exp5_stow2.0_walk0.8,random,baseline,12409,64,1912,1052,95,53.483333333333334,181,2.0,0.8
exp5_stow2.0_walk0.8,back_to_front,baseline,12409,64,2425,1855,97,161.77777777777777,399,2.0,0.8
exp5_stow2.0_walk0.8,outside_in,baseline,12409,64,1597,1060,0,44.55,134,2.0,0.8
exp5_stow2.0_walk0.8,steffen,baseline,12409,64,813,1307,0,17.15,79,2.0,0.8
exp5_stow2.0_walk0.8,random,baseline,12410,65,1732,1155,91,54.455555555555556,156,2.0,0.8
exp5_stow2.0_walk0.8,back_to_front,baseline,12410,65,2396,1860,97,152.5388888888889,337,2.0,0.8
exp5_stow2.0_walk0.8,outside_in,baseline,12410,65,1488,1157,0,48.272222222222226,154,2.0,0.8
exp5_stow2.0_walk0.8,steffen,baseline,12410,65,853,1340,0,17.57777777777778,77,2.0,0.8
exp5_stow2.0_walk0.8,random,baseline,12411,66,1841,1107,96,61.76111111111111,223,2.0,0.8
exp5_stow2.0_walk0.8,back_to_front,baseline,12411,66,2605,1620,96,158.52777777777777,423,2.0,0.8
exp5_stow2.0_walk0.8,outside_in,baseline,12411,66,1564,1070,0,52.33888888888889,198,2.0,0.8
exp5_stow2.0_walk0.8,steffen,baseline,12411,66,870,1016,0,17.394444444444446,114,2.0,0.8
exp5_stow2.0_walk0.8,random,baseline,12412,67,1770,1119,78,65.60555555555555,191,2.0,0.8
exp5_stow2.0_walk0.8,back_to_front,baseline,12412,67,2536,1838,98,148.65,347,2.0,0.8
exp5_stow2.0_walk0.8,outside_in,baseline,12412,67,1617,1083,0,46.977777777777774,155,2.0,0.8
exp5_stow2.0_walk0.8,steffen,baseline,12412,67,862,1321,0,17.594444444444445,65,2.0,0.8
exp5_stow2.0_walk0.8,random,baseline,12413,68,1777,1059,107,55.355555555555554,201,2.0,0.8
exp5_stow2.0_walk0.8,back_to_front,baseline,12413,68,2576,1700,83,159.03333333333333,396,2.0,0.8
exp5_stow2.0_walk0.8,outside_in,baseline,12413,68,1457,1127,0,52.27777777777778,168,2.0,0.8
exp5_stow2.0_walk0.8,steffen,baseline,12413,68,863,1155,0,18.93888888888889,71,2.0,0.8
exp5_stow2.0_walk0.8,random,baseline,12414,69,1919,1195,86,64.08888888888889,168,2.0,0.8
exp5_stow2.0_walk0.8,back_to_front,baseline,12414,69,2423,1734,85,143.07222222222222,356,2.0,0.8
exp5_stow2.0_walk0.8,outside_in,baseline,12414,69,1622,1044,0,45.76111111111111,200,2.0,0.8
exp5_stow2.0_walk0.8,steffen,baseline,12414,69,868,1274,0,18.816666666666666,91,2.0,0.8
exp5_stow2.0_walk0.8,random,baseline,12415,70,1655,1109,90,50.138888888888886,154,2.0,0.8
exp5_stow2.0_walk0.8,back_to_front,baseline,12415,70,2431,1888,88,154.65,355,2.0,0.8
exp5_stow2.0_walk0.8,outside_in,baseline,12415,70,1656,1049,0,52.58888888888889,179,2.0,0.8
exp5_stow2.0_walk0.8,steffen,baseline,12415,70,892,1484,0,19.47222222222222,77,2.0,0.8
exp5_stow2.0_walk0.8,random,baseline,12416,71,1673,1043,81,47.916666666666664,180,2.0,0.8
exp5_stow2.0_walk0.8,back_to_front,baseline,12416,71,2428,1825,92,147.32777777777778,323,2.0,0.8
exp5_stow2.0_walk0.8,outside_in,baseline,12416,71,1567,1014,0,46.416666666666664,129,2.0,0.8
exp5_stow2.0_walk0.8,steffen,baseline,12416,71,894,1435,0,19.522222222222222,71,2.0,0.8
exp5_stow2.0_walk0.8,random,baseline,12417,72,1788,1008,85,54.47222222222222,159,2.0,0.8
exp5_stow2.0_walk0.8,back_to_front,baseline,12417,72,2406,1711,93,141.49444444444444,358,2.0,0.8
exp5_stow2.0_walk0.8,outside_in,baseline,12417,72,1737,1016,0,47.45,151,2.0,0.8
exp5_stow2.0_walk0.8,steffen,baseline,12417,72,847,1165,0,18.066666666666666,64,2.0,0.8
exp5_stow2.0_walk0.8,random,baseline,12418,73,1805,1203,89,66.28888888888889,258,2.0,0.8
exp5_stow2.0_walk0.8,back_to_front,baseline,12418,73,2371,1772,93,153.2722222222222,369,2.0,0.8
exp5_stow2.0_walk0.8,outside_in,baseline,12418,73,1520,1095,0,53.93333333333333,185,2.0,0.8
exp5_stow2.0_walk0.8,steffen,baseline,12418,73,793,1101,0,16.494444444444444,66,2.0,0.8
exp5_stow2.0_walk0.8,random,baseline,12419,74,1807,1230,92,64.09444444444445,186,2.0,0.8
exp5_stow2.0_walk0.8,back_to_front,baseline,12419,74,2361,1718,80,131.45,359,2.0,0.8
exp5_stow2.0_walk0.8,outside_in,baseline,12419,74,1600,1027,0,42.67777777777778,148,2.0,0.8
exp5_stow2.0_walk0.8,steffen,baseline,12419,74,867,1285,0,17.916666666666668,75,2.0,0.8
exp5_stow2.0_walk0.8,random,baseline,12420,75,1732,1113,93,51.955555555555556,152,2.0,0.8
exp5_stow2.0_walk0.8,back_to_front,baseline,12420,75,2548,1725,89,152.88888888888889,398,2.0,0.8
exp5_stow2.0_walk0.8,outside_in,baseline,12420,75,1547,1092,0,46.47222222222222,146,2.0,0.8
exp5_stow2.0_walk0.8,steffen,baseline,12420,75,868,1354,0,18.43888888888889,80,2.0,0.8
exp5_stow2.0_walk0.8,random,baseline,12421,76,1788,1075,98,61.733333333333334,191,2.0,0.8
exp5_stow2.0_walk0.8,back_to_front,baseline,12421,76,2324,1803,86,151.6,347,2.0,0.8
exp5_stow2.0_walk0.8,outside_in,baseline,12421,76,1573,1175,0,52.0,148,2.0,0.8
exp5_stow2.0_walk0.8,steffen,baseline,12421,76,864,1331,0,19.605555555555554,71,2.0,0.8
exp5_stow2.0_walk0.8,random,baseline,12422,77,1864,1286,87,66.77777777777777,190,2.0,0.8
exp5_stow2.0_walk0.8,back_to_front,baseline,12422,77,2505,1948,79,158.03333333333333,374,2.0,0.8
exp5_stow2.0_walk0.8,outside_in,baseline,12422,77,1507,1179,0,47.81111111111111,141,2.0,0.8
exp5_stow2.0_walk0.8,steffen,baseline,12422,77,864,1309,0,19.02777777777778,77,2.0,0.8
exp5_stow2.0_walk0.8,random,baseline,12423,78,1746,1161,99,61.172222222222224,237,2.0,0.8
exp5_stow2.0_walk0.8,back_to_front,baseline,12423,78,2661,1691,89,169.41666666666666,477,2.0,0.8
exp5_stow2.0_walk0.8,outside_in,baseline,12423,78,1630,1194,0,51.58888888888889,150,2.0,0.8
exp5_stow2.0_walk0.8,steffen,baseline,12423,78,862,1276,0,19.13888888888889,72,2.0,0.8
exp5_stow2.0_walk0.8,random,baseline,12424,79,1721,1004,87,46.68888888888889,152,2.0,0.8
exp5_stow2.0_walk0.8,back_to_front,baseline,12424,79,2351,1619,91,130.82777777777778,341,2.0,0.8
exp5_stow2.0_walk0.8,outside_in,baseline,12424,79,1466,961,0,38.34444444444444,117,2.0,0.8
exp5_stow2.0_walk0.8,steffen,baseline,12424,79,868,1121,0,16.133333333333333,73,2.0,0.8
exp5_stow2.0_walk0.8,random,baseline,12425,80,1720,1083,97,53.19444444444444,164,2.0,0.8
exp5_stow2.0_walk0.8,back_to_front,baseline,12425,80,2353,1799,95,154.6888888888889,459,2.0,0.8
exp5_stow2.0_walk0.8,outside_in,baseline,12425,80,1653,944,0,46.92777777777778,178,2.0,0.8
exp5_stow2.0_walk0.8,steffen,baseline,12425,80,868,1184,0,17.788888888888888,78,2.0,0.8
exp5_stow2.0_walk0.8,random,baseline,12426,81,1780,1123,97,61.87777777777778,249,2.0,0.8
exp5_stow2.0_walk0.8,back_to_front,baseline,12426,81,2309,1775,77,136.00555555555556,289,2.0,0.8
exp5_stow2.0_walk0.8,outside_in,baseline,12426,81,1492,1178,0,49.772222222222226,161,2.0,0.8
exp5_stow2.0_walk0.8,steffen,baseline,12426,81,802,1404,0,17.65,63,2.0,0.8
exp5_stow2.0_walk0.8,random,baseline,12427,82,1750,1079,81,53.15555555555556,159,2.0,0.8
exp5_stow2.0_walk0.8,back_to_front,baseline,12427,82,2552,1798,91,173.62222222222223,412,2.0,0.8
exp5_stow2.0_walk0.8,outside_in,baseline,12427,82,1540,1053,0,51.577777777777776,193,2.0,0.8
exp5_stow2.0_walk0.8,steffen,baseline,12427,82,818,1243,0,18.316666666666666,67,2.0,0.8
exp5_stow2.0_walk0.8,random,baseline,12428,83,1780,1158,80,64.8,191,2.0,0.8
exp5_stow2.0_walk0.8,back_to_front,baseline,12428,83,2466,1763,93,152.2722222222222,323,2.0,0.8
exp5_stow2.0_walk0.8,outside_in,baseline,12428,83,1622,996,0,47.55555555555556,130,2.0,0.8
exp5_stow2.0_walk0.8,steffen,baseline,12428,83,861,1282,0,18.305555555555557,66,2.0,0.8
exp5_stow2.0_walk0.8,random,baseline,12429,84,1938,1116,87,64.36111111111111,219,2.0,0.8
exp5_stow2.0_walk0.8,back_to_front,baseline,12429,84,2649,1769,96,155.1611111111111,332,2.0,0.8
exp5_stow2.0_walk0.8,outside_in,baseline,12429,84,1674,1127,0,49.483333333333334,144,2.0,0.8
exp5_stow2.0_walk0.8,steffen,baseline,12429,84,915,1287,0,18.7,100,2.0,0.8
exp5_stow2.0_walk0.8,random,baseline,12430,85,1859,1096,103,61.90555555555556,226,2.0,0.8
exp5_stow2.0_walk0.8,back_to_front,baseline,12430,85,2536,1639,87,151.35,337,2.0,0.8
exp5_stow2.0_walk0.8,outside_in,baseline,12430,85,1637,1015,0,51.96111111111111,142,2.0,0.8
exp5_stow2.0_walk0.8,steffen,baseline,12430,85,854,1196,0,16.744444444444444,75,2.0,0.8
exp5_stow2.0_walk0.8,random,baseline,12431,86,1991,1232,97,61.05555555555556,197,2.0,0.8
exp5_stow2.0_walk0.8,back_to_front,baseline,12431,86,2344,1757,84,144.63333333333333,344,2.0,0.8
exp5_stow2.0_walk0.8,outside_in,baseline,12431,86,1629,974,0,48.205555555555556,149,2.0,0.8
exp5_stow2.0_walk0.8,steffen,baseline,12431,86,831,1426,0,19.877777777777776,66,2.0,0.8
exp5_stow2.0_walk0.8,random,baseline,12432,87,1650,1127,95,47.37777777777778,150,2.0,0.8
exp5_stow2.0_walk0.8,back_to_front,baseline,12432,87,2414,1865,92,153.33333333333334,362,2.0,0.8
exp5_stow2.0_walk0.8,outside_in,baseline,12432,87,1551,956,0,43.38333333333333,145,2.0,0.8
exp5_stow2.0_walk0.8,steffen,baseline,12432,87,849,1136,0,16.022222222222222,64,2.0,0.8
exp5_stow2.0_walk0.8,random,baseline,12433,88,1822,1136,90,57.983333333333334,160,2.0,0.8
exp5_stow2.0_walk0.8,back_to_front,baseline,12433,88,2435,1771,83,147.29444444444445,395,2.0,0.8
exp5_stow2.0_walk0.8,outside_in,baseline,12433,88,1510,945,0,44.983333333333334,150,2.0,0.8
exp5_stow2.0_walk0.8,steffen,baseline,12433,88,844,1156,0,17.305555555555557,66,2.0,0.8
exp5_stow2.0_walk0.8,random,baseline,12434,89,1703,1094,92,53.05,198,2.0,0.8
exp5_stow2.0_walk0.8,back_to_front,baseline,12434,89,2204,1745,84,137.57777777777778,353,2.0,0.8
exp5_stow2.0_walk0.8,outside_in,baseline,12434,89,1521,1009,0,46.9,131,2.0,0.8
exp5_stow2.0_walk0.8,steffen,baseline,12434,89,820,1333,0,17.65,83,2.0,0.8
exp5_stow2.0_walk0.8,random,baseline,12435,90,1745,1108,100,61.81111111111111,211,2.0,0.8
exp5_stow2.0_walk0.8,back_to_front,baseline,12435,90,2534,1925,87,156.72222222222223,374,2.0,0.8
exp5_stow2.0_walk0.8,outside_in,baseline,12435,90,1661,1226,0,60.0,174,2.0,0.8
exp5_stow2.0_walk0.8,steffen,baseline,12435,90,869,1057,0,18.116666666666667,95,2.0,0.8
exp5_stow2.0_walk0.8,random,baseline,12436,91,1625,1193,101,56.78888888888889,234,2.0,0.8
exp5_stow2.0_walk0.8,back_to_front,baseline,12436,91,2540,1786,85,168.57222222222222,431,2.0,0.8
exp5_stow2.0_walk0.8,outside_in,baseline,12436,91,1491,1004,0,46.205555555555556,128,2.0,0.8
exp5_stow2.0_walk0.8,steffen,baseline,12436,91,796,1010,0,15.688888888888888,54,2.0,0.8
exp5_stow2.0_walk0.8,random,baseline,12437,92,1751,1125,93,62.07222222222222,169,2.0,0.8
exp5_stow2.0_walk0.8,back_to_front,baseline,12437,92,2442,1819,93,151.52777777777777,376,2.0,0.8
exp5_stow2.0_walk0.8,outside_in,baseline,12437,92,1531,1145,0,54.37222222222222,209,2.0,0.8
exp5_stow2.0_walk0.8,steffen,baseline,12437,92,853,1291,0,19.52777777777778,68,2.0,0.8
exp5_stow2.0_walk0.8,random,baseline,12438,93,1595,1153,94,58.00555555555555,250,2.0,0.8
exp5_stow2.0_walk0.8,back_to_front,baseline,12438,93,2583,1841,87,159.14444444444445,408,2.0,0.8
exp5_stow2.0_walk0.8,outside_in,baseline,12438,93,1557,1166,0,49.08888888888889,133,2.0,0.8
exp5_stow2.0_walk0.8,steffen,baseline,12438,93,867,1375,0,19.255555555555556,71,2.0,0.8
exp5_stow2.0_walk0.8,random,baseline,12439,94,1681,980,92,51.75,150,2.0,0.8
exp5_stow2.0_walk0.8,back_to_front,baseline,12439,94,2322,1786,89,150.52777777777777,387,2.0,0.8
exp5_stow2.0_walk0.8,outside_in,baseline,12439,94,1559,1200,0,52.75,160,2.0,0.8
exp5_stow2.0_walk0.8,steffen,baseline,12439,94,818,1220,0,17.31111111111111,73,2.0,0.8
exp5_stow2.0_walk0.8,random,baseline,12440,95,1852,1126,89,63.266666666666666,257,2.0,0.8
exp5_stow2.0_walk0.8,back_to_front,baseline,12440,95,2332,1800,93,150.13333333333333,405,2.0,0.8
exp5_stow2.0_walk0.8,outside_in,baseline,12440,95,1627,1061,0,57.666666666666664,178,2.0,0.8
exp5_stow2.0_walk0.8,steffen,baseline,12440,95,831,1263,0,20.333333333333332,84,2.0,0.8
exp5_stow2.0_walk0.8,random,baseline,12441,96,1889,1067,90,57.105555555555554,192,2.0,0.8
exp5_stow2.0_walk0.8,back_to_front,baseline,12441,96,2222,1672,88,128.53333333333333,312,2.0,0.8
exp5_stow2.0_walk0.8,outside_in,baseline,12441,96,1573,1127,0,46.827777777777776,159,2.0,0.8
exp5_stow2.0_walk0.8,steffen,baseline,12441,96,855,1270,0,18.477777777777778,76,2.0,0.8
exp5_stow2.0_walk0.8,random,baseline,12442,97,1774,1171,93,59.8,163,2.0,0.8
exp5_stow2.0_walk0.8,back_to_front,baseline,12442,97,2550,1844,93,157.77777777777777,339,2.0,0.8
exp5_stow2.0_walk0.8,outside_in,baseline,12442,97,1626,1101,0,60.06666666666667,187,2.0,0.8
exp5_stow2.0_walk0.8,steffen,baseline,12442,97,869,1371,0,20.38888888888889,76,2.0,0.8
exp5_stow2.0_walk0.8,random,baseline,12443,98,1843,1193,85,65.09444444444445,208,2.0,0.8
exp5_stow2.0_walk0.8,back_to_front,baseline,12443,98,2454,1805,87,148.60555555555555,343,2.0,0.8
exp5_stow2.0_walk0.8,outside_in,baseline,12443,98,1611,1087,0,57.12222222222222,164,2.0,0.8
exp5_stow2.0_walk0.8,steffen,baseline,12443,98,832,1359,0,19.844444444444445,72,2.0,0.8
exp5_stow2.0_walk0.8,random,baseline,12444,99,1659,1097,84,56.25555555555555,178,2.0,0.8
exp5_stow2.0_walk0.8,back_to_front,baseline,12444,99,2320,1782,93,143.87777777777777,365,2.0,0.8
exp5_stow2.0_walk0.8,outside_in,baseline,12444,99,1576,991,0,45.65555555555556,115,2.0,0.8
exp5_stow2.0_walk0.8,steffen,baseline,12444,99,832,1222,0,16.15,90,2.0,0.8
exp5_stow2.0_walk0.8,random,baseline,12445,100,1669,968,91,58.59444444444444,149,2.0,0.8
exp5_stow2.0_walk0.8,back_to_front,baseline,12445,100,2387,1707,85,152.44444444444446,382,2.0,0.8
exp5_stow2.0_walk0.8,outside_in,baseline,12445,100,1492,988,0,40.87777777777778,142,2.0,0.8
exp5_stow2.0_walk0.8,steffen,baseline,12445,100,808,1078,0,15.844444444444445,66,2.0,0.8
exp5_stow2.0_walk0.8,random,baseline,12446,101,1606,1127,97,54.78888888888889,208,2.0,0.8
exp5_stow2.0_walk0.8,back_to_front,baseline,12446,101,2328,1834,99,151.73888888888888,386,2.0,0.8
exp5_stow2.0_walk0.8,outside_in,baseline,12446,101,1567,1119,0,48.41111111111111,145,2.0,0.8
exp5_stow2.0_walk0.8,steffen,baseline,12446,101,883,1260,0,19.36111111111111,78,2.0,0.8
exp5_stow2.0_walk0.8,random,baseline,12447,102,1808,1013,99,49.82222222222222,177,2.0,0.8
exp5_stow2.0_walk0.8,back_to_front,baseline,12447,102,2455,1792,87,148.32777777777778,460,2.0,0.8
exp5_stow2.0_walk0.8,outside_in,baseline,12447,102,1701,1083,0,43.077777777777776,140,2.0,0.8
exp5_stow2.0_walk0.8,steffen,baseline,12447,102,928,1409,0,17.82777777777778,68,2.0,0.8
exp5_stow2.0_walk0.8,random,baseline,12448,103,1747,1073,88,60.09444444444444,167,2.0,0.8
exp5_stow2.0_walk0.8,back_to_front,baseline,12448,103,2322,1807,75,145.1,340,2.0,0.8
exp5_stow2.0_walk0.8,outside_in,baseline,12448,103,1636,1140,0,52.916666666666664,167,2.0,0.8
exp5_stow2.0_walk0.8,steffen,baseline,12448,103,816,1391,0,18.05,60,2.0,0.8
exp5_stow2.0_walk0.8,random,baseline,12449,104,1759,1150,96,55.327777777777776,193,2.0,0.8
exp5_stow2.0_walk0.8,back_to_front,baseline,12449,104,2173,1696,83,122.12222222222222,279,2.0,0.8
exp5_stow2.0_walk0.8,outside_in,baseline,12449,104,1576,1065,0,47.19444444444444,157,2.0,0.8
exp5_stow2.0_walk0.8,steffen,baseline,12449,104,861,1207,0,18.177777777777777,72,2.0,0.8
exp5_stow2.0_walk0.8,random,baseline,12450,105,1788,1107,100,52.672222222222224,170,2.0,0.8
exp5_stow2.0_walk0.8,back_to_front,baseline,12450,105,2296,1724,86,126.61111111111111,304,2.0,0.8
exp5_stow2.0_walk0.8,outside_in,baseline,12450,105,1540,1112,0,44.59444444444444,131,2.0,0.8
exp5_stow2.0_walk0.8,steffen,baseline,12450,105,828,1272,0,16.572222222222223,62,2.0,0.8
exp5_stow2.0_walk0.8,random,baseline,12451,106,1823,1066,103,62.03888888888889,191,2.0,0.8
exp5_stow2.0_walk0.8,back_to_front,baseline,12451,106,2730,1836,83,167.79444444444445,354,2.0,0.8
exp5_stow2.0_walk0.8,outside_in,baseline,12451,106,1771,1072,0,54.93333333333333,169,2.0,0.8
exp5_stow2.0_walk0.8,steffen,baseline,12451,106,868,1100,0,16.533333333333335,74,2.0,0.8
exp5_stow2.0_walk0.8,random,baseline,12452,107,1666,1173,69,55.922222222222224,170,2.0,0.8
exp5_stow2.0_walk0.8,back_to_front,baseline,12452,107,2570,1882,93,161.40555555555557,368,2.0,0.8
exp5_stow2.0_walk0.8,outside_in,baseline,12452,107,1641,1106,0,48.46111111111111,156,2.0,0.8
exp5_stow2.0_walk0.8,steffen,baseline,12452,107,865,1289,0,17.6,68,2.0,0.8
exp5_stow2.0_walk0.8,random,baseline,12453,108,1885,1021,95,54.477777777777774,188,2.0,0.8
exp5_stow2.0_walk0.8,back_to_front,baseline,12453,108,2456,1666,90,144.79444444444445,362,2.0,0.8
exp5_stow2.0_walk0.8,outside_in,baseline,12453,108,1562,1094,0,45.12777777777778,121,2.0,0.8
exp5_stow2.0_walk0.8,steffen,baseline,12453,108,865,1109,0,16.544444444444444,63,2.0,0.8
exp5_stow2.0_walk0.8,random,baseline,12454,109,1864,1116,81,59.16111111111111,169,2.0,0.8
exp5_stow2.0_walk0.8,back_to_front,baseline,12454,109,2873,1787,87,178.45555555555555,398,2.0,0.8
exp5_stow2.0_walk0.8,outside_in,baseline,12454,109,1722,1064,0,47.983333333333334,135,2.0,0.8
exp5_stow2.0_walk0.8,steffen,baseline,12454,109,876,1270,0,19.322222222222223,69,2.0,0.8
exp5_stow2.0_walk0.8,random,baseline,12455,110,1858,1140,107,60.766666666666666,194,2.0,0.8
exp5_stow2.0_walk0.8,back_to_front,baseline,12455,110,2519,1850,91,159.50555555555556,454,2.0,0.8
exp5_stow2.0_walk0.8,outside_in,baseline,12455,110,1550,1006,0,48.30555555555556,133,2.0,0.8
exp5_stow2.0_walk0.8,steffen,baseline,12455,110,859,1415,0,19.522222222222222,72,2.0,0.8
exp5_stow2.0_walk0.8,random,baseline,12456,111,1704,1025,99,50.05555555555556,163,2.0,0.8
exp5_stow2.0_walk0.8,back_to_front,baseline,12456,111,2453,1802,88,150.92777777777778,394,2.0,0.8
exp5_stow2.0_walk0.8,outside_in,baseline,12456,111,1544,1110,0,48.205555555555556,163,2.0,0.8
exp5_stow2.0_walk0.8,steffen,baseline,12456,111,879,1284,0,17.85,79,2.0,0.8
exp5_stow2.0_walk0.8,random,baseline,12457,112,1804,1129,98,57.672222222222224,155,2.0,0.8
exp5_stow2.0_walk0.8,back_to_front,baseline,12457,112,2372,1694,92,143.0611111111111,405,2.0,0.8
exp5_stow2.0_walk0.8,outside_in,baseline,12457,112,1640,1009,0,46.99444444444445,140,2.0,0.8
exp5_stow2.0_walk0.8,steffen,baseline,12457,112,865,1202,0,17.555555555555557,71,2.0,0.8
exp5_stow2.0_walk0.8,random,baseline,12458,113,1773,1096,90,62.144444444444446,179,2.0,0.8
exp5_stow2.0_walk0.8,back_to_front,baseline,12458,113,2257,1749,81,128.78333333333333,302,2.0,0.8
exp5_stow2.0_walk0.8,outside_in,baseline,12458,113,1482,1137,0,48.172222222222224,131,2.0,0.8
exp5_stow2.0_walk0.8,steffen,baseline,12458,113,881,1341,0,17.333333333333332,65,2.0,0.8
exp5_stow2.0_walk0.8,random,baseline,12459,114,1736,1035,83,64.12777777777778,187,2.0,0.8
exp5_stow2.0_walk0.8,back_to_front,baseline,12459,114,2387,1751,94,142.4,335,2.0,0.8
exp5_stow2.0_walk0.8,outside_in,baseline,12459,114,1609,1061,0,51.5,180,2.0,0.8
exp5_stow2.0_walk0.8,steffen,baseline,12459,114,839,1248,0,17.872222222222224,82,2.0,0.8
exp5_stow2.0_walk0.8,random,baseline,12460,115,1891,1174,88,57.93888888888889,146,2.0,0.8
exp5_stow2.0_walk0.8,back_to_front,baseline,12460,115,2503,1808,92,165.45,447,2.0,0.8
exp5_stow2.0_walk0.8,outside_in,baseline,12460,115,1530,1006,0,45.16111111111111,130,2.0,0.8
exp5_stow2.0_walk0.8,steffen,baseline,12460,115,845,1216,0,18.644444444444446,71,2.0,0.8
exp5_stow2.0_walk0.8,random,baseline,12461,116,1526,1077,70,44.76111111111111,129,2.0,0.8
exp5_stow2.0_walk0.8,back_to_front,baseline,12461,116,2256,1745,71,137.02777777777777,332,2.0,0.8
exp5_stow2.0_walk0.8,outside_in,baseline,12461,116,1462,999,0,39.18888888888889,126,2.0,0.8
exp5_stow2.0_walk0.8,steffen,baseline,12461,116,798,1308,0,17.977777777777778,81,2.0,0.8
exp5_stow2.0_walk0.8,random,baseline,12462,117,1748,1182,89,58.63333333333333,188,2.0,0.8
exp5_stow2.0_walk0.8,back_to_front,baseline,12462,117,2409,1825,105,147.3388888888889,360,2.0,0.8
exp5_stow2.0_walk0.8,outside_in,baseline,12462,117,1544,1100,0,47.61666666666667,146,2.0,0.8
exp5_stow2.0_walk0.8,steffen,baseline,12462,117,801,1321,0,17.16111111111111,70,2.0,0.8
exp5_stow2.0_walk0.8,random,baseline,12463,118,1675,1169,85,54.855555555555554,152,2.0,0.8
exp5_stow2.0_walk0.8,back_to_front,baseline,12463,118,2391,1850,94,146.11666666666667,353,2.0,0.8
exp5_stow2.0_walk0.8,outside_in,baseline,12463,118,1518,1104,0,44.55555555555556,128,2.0,0.8
exp5_stow2.0_walk0.8,steffen,baseline,12463,118,862,1316,0,19.81111111111111,80,2.0,0.8
exp5_stow2.0_walk0.8,random,baseline,12464,119,1729,1083,89,59.666666666666664,231,2.0,0.8
exp5_stow2.0_walk0.8,back_to_front,baseline,12464,119,2668,1717,101,158.57777777777778,356,2.0,0.8
exp5_stow2.0_walk0.8,outside_in,baseline,12464,119,1435,1131,0,44.73888888888889,127,2.0,0.8
exp5_stow2.0_walk0.8,steffen,baseline,12464,119,856,1246,0,17.47222222222222,61,2.0,0.8
exp5_stow2.0_walk0.8,random,baseline,12465,120,1672,988,94,51.577777777777776,170,2.0,0.8
exp5_stow2.0_walk0.8,back_to_front,baseline,12465,120,2283,1798,87,129.6,365,2.0,0.8
exp5_stow2.0_walk0.8,outside_in,baseline,12465,120,1618,1018,0,39.21111111111111,127,2.0,0.8
exp5_stow2.0_walk0.8,steffen,baseline,12465,120,868,1243,0,17.56111111111111,83,2.0,0.8
exp5_stow2.0_walk0.8,random,baseline,12466,121,1644,1140,70,53.583333333333336,167,2.0,0.8
exp5_stow2.0_walk0.8,back_to_front,baseline,12466,121,2210,1726,96,138.4388888888889,344,2.0,0.8
exp5_stow2.0_walk0.8,outside_in,baseline,12466,121,1587,1024,0,49.71666666666667,187,2.0,0.8
exp5_stow2.0_walk0.8,steffen,baseline,12466,121,816,1312,0,18.416666666666668,87,2.0,0.8
exp5_stow2.0_walk0.8,random,baseline,12467,122,1813,1215,98,62.17777777777778,171,2.0,0.8
exp5_stow2.0_walk0.8,back_to_front,baseline,12467,122,2471,1823,85,151.4777777777778,397,2.0,0.8
exp5_stow2.0_walk0.8,outside_in,baseline,12467,122,1518,1125,0,46.84444444444444,131,2.0,0.8
exp5_stow2.0_walk0.8,steffen,baseline,12467,122,839,1284,0,18.13888888888889,75,2.0,0.8
exp5_stow2.0_walk0.8,random,baseline,12468,123,1783,1029,98,49.65,144,2.0,0.8
exp5_stow2.0_walk0.8,back_to_front,baseline,12468,123,2299,1750,86,136.55555555555554,410,2.0,0.8
exp5_stow2.0_walk0.8,outside_in,baseline,12468,123,1517,1011,0,41.25555555555555,128,2.0,0.8
exp5_stow2.0_walk0.8,steffen,baseline,12468,123,866,1450,0,19.511111111111113,70,2.0,0.8
exp5_stow2.0_walk0.8,random,baseline,12469,124,1839,1125,98,58.18888888888889,187,2.0,0.8
exp5_stow2.0_walk0.8,back_to_front,baseline,12469,124,2454,1846,83,158.83333333333334,395,2.0,0.8
exp5_stow2.0_walk0.8,outside_in,baseline,12469,124,1622,1045,0,48.75555555555555,169,2.0,0.8
exp5_stow2.0_walk0.8,steffen,baseline,12469,124,852,1161,0,16.977777777777778,67,2.0,0.8
exp5_stow2.0_walk0.8,random,baseline,12470,125,1587,1029,86,54.66111111111111,190,2.0,0.8
exp5_stow2.0_walk0.8,back_to_front,baseline,12470,125,2349,1623,78,138.37222222222223,370,2.0,0.8
exp5_stow2.0_walk0.8,outside_in,baseline,12470,125,1412,1057,0,40.53888888888889,140,2.0,0.8
exp5_stow2.0_walk0.8,steffen,baseline,12470,125,838,1126,0,17.18888888888889,69,2.0,0.8
exp5_stow2.0_walk0.8,random,baseline,12471,126,1994,1094,87,63.24444444444445,181,2.0,0.8
exp5_stow2.0_walk0.8,back_to_front,baseline,12471,126,2335,1722,98,137.21666666666667,341,2.0,0.8
exp5_stow2.0_walk0.8,outside_in,baseline,12471,126,1646,922,0,47.227777777777774,142,2.0,0.8
exp5_stow2.0_walk0.8,steffen,baseline,12471,126,893,1215,0,19.38888888888889,86,2.0,0.8
exp5_stow2.0_walk0.8,random,baseline,12472,127,1793,1160,87,53.68333333333333,172,2.0,0.8
exp5_stow2.0_walk0.8,back_to_front,baseline,12472,127,2441,1762,100,145.9611111111111,397,2.0,0.8
exp5_stow2.0_walk0.8,outside_in,baseline,12472,127,1651,1077,0,48.28888888888889,122,2.0,0.8
exp5_stow2.0_walk0.8,steffen,baseline,12472,127,883,1315,0,18.516666666666666,78,2.0,0.8
exp5_stow2.0_walk0.8,random,baseline,12473,128,1781,1132,89,66.81666666666666,204,2.0,0.8
exp5_stow2.0_walk0.8,back_to_front,baseline,12473,128,2549,1772,89,159.64444444444445,403,2.0,0.8
exp5_stow2.0_walk0.8,outside_in,baseline,12473,128,1645,987,0,47.8,162,2.0,0.8
exp5_stow2.0_walk0.8,steffen,baseline,12473,128,840,1367,0,18.92222222222222,73,2.0,0.8
exp5_stow2.0_walk0.8,random,baseline,12474,129,1573,1022,82,51.22222222222222,167,2.0,0.8
exp5_stow2.0_walk0.8,back_to_front,baseline,12474,129,2185,1780,89,132.9111111111111,322,2.0,0.8
exp5_stow2.0_walk0.8,outside_in,baseline,12474,129,1494,1048,0,49.94444444444444,137,2.0,0.8
exp5_stow2.0_walk0.8,steffen,baseline,12474,129,802,1382,0,19.494444444444444,78,2.0,0.8
exp5_stow2.0_walk0.8,random,baseline,12475,130,1852,1146,98,62.46111111111111,203,2.0,0.8
exp5_stow2.0_walk0.8,back_to_front,baseline,12475,130,2373,1841,94,146.45,348,2.0,0.8
exp5_stow2.0_walk0.8,outside_in,baseline,12475,130,1586,1065,0,53.52777777777778,147,2.0,0.8
exp5_stow2.0_walk0.8,steffen,baseline,12475,130,842,1151,0,18.433333333333334,70,2.0,0.8
exp5_stow2.0_walk0.8,random,baseline,12476,131,1953,1106,84,63.45,244,2.0,0.8
exp5_stow2.0_walk0.8,back_to_front,baseline,12476,131,2489,1709,102,143.5611111111111,378,2.0,0.8
exp5_stow2.0_walk0.8,outside_in,baseline,12476,131,1699,1077,0,54.65,150,2.0,0.8
exp5_stow2.0_walk0.8,steffen,baseline,12476,131,849,938,0,15.866666666666667,61,2.0,0.8
exp5_stow2.0_walk0.8,random,baseline,12477,132,1831,1151,96,60.25,167,2.0,0.8
exp5_stow2.0_walk0.8,back_to_front,baseline,12477,132,2288,1758,92,141.9777777777778,375,2.0,0.8
exp5_stow2.0_walk0.8,outside_in,baseline,12477,132,1654,1077,0,57.172222222222224,191,2.0,0.8
exp5_stow2.0_walk0.8,steffen,baseline,12477,132,834,1159,0,16.905555555555555,73,2.0,0.8
exp5_stow2.0_walk0.8,random,baseline,12478,133,1626,1106,88,55.19444444444444,187,2.0,0.8
exp5_stow2.0_walk0.8,back_to_front,baseline,12478,133,2275,1753,87,146.84444444444443,400,2.0,0.8
exp5_stow2.0_walk0.8,outside_in,baseline,12478,133,1513,979,0,46.333333333333336,151,2.0,0.8
exp5_stow2.0_walk0.8,steffen,baseline,12478,133,853,1274,0,17.61111111111111,77,2.0,0.8
exp5_stow2.0_walk0.8,random,baseline,12479,134,1753,1048,86,50.333333333333336,166,2.0,0.8
exp5_stow2.0_walk0.8,back_to_front,baseline,12479,134,2238,1795,91,125.88333333333334,322,2.0,0.8
exp5_stow2.0_walk0.8,outside_in,baseline,12479,134,1605,1167,0,47.24444444444445,125,2.0,0.8
exp5_stow2.0_walk0.8,steffen,baseline,12479,134,888,1422,0,20.18888888888889,96,2.0,0.8
exp5_stow2.0_walk0.8,random,baseline,12480,135,1781,1080,82,61.727777777777774,182,2.0,0.8
exp5_stow2.0_walk0.8,back_to_front,baseline,12480,135,2402,1757,94,150.17777777777778,372,2.0,0.8
exp5_stow2.0_walk0.8,outside_in,baseline,12480,135,1533,1098,0,46.477777777777774,194,2.0,0.8
exp5_stow2.0_walk0.8,steffen,baseline,12480,135,797,1216,0,16.133333333333333,65,2.0,0.8
exp5_stow2.0_walk0.8,random,baseline,12481,136,1883,1029,87,70.42777777777778,215,2.0,0.8
exp5_stow2.0_walk0.8,back_to_front,baseline,12481,136,2639,1727,86,159.0222222222222,415,2.0,0.8
exp5_stow2.0_walk0.8,outside_in,baseline,12481,136,1648,1069,0,49.35,146,2.0,0.8
exp5_stow2.0_walk0.8,steffen,baseline,12481,136,873,1242,0,17.994444444444444,64,2.0,0.8
exp5_stow2.0_walk0.8,random,baseline,12482,137,1699,863,95,45.327777777777776,127,2.0,0.8
exp5_stow2.0_walk0.8,back_to_front,baseline,12482,137,2504,1928,94,157.13333333333333,468,2.0,0.8
exp5_stow2.0_walk0.8,outside_in,baseline,12482,137,1572,1066,0,45.894444444444446,190,2.0,0.8
exp5_stow2.0_walk0.8,steffen,baseline,12482,137,833,1441,0,18.677777777777777,99,2.0,0.8
exp5_stow2.0_walk0.8,random,baseline,12483,138,1841,1211,103,63.06666666666667,212,2.0,0.8
exp5_stow2.0_walk0.8,back_to_front,baseline,12483,138,2318,1784,87,133.03333333333333,337,2.0,0.8
exp5_stow2.0_walk0.8,outside_in,baseline,12483,138,1632,895,0,45.1,131,2.0,0.8
exp5_stow2.0_walk0.8,steffen,baseline,12483,138,830,1146,0,17.733333333333334,63,2.0,0.8
exp5_stow2.0_walk0.8,random,baseline,12484,139,1730,1016,88,45.42777777777778,141,2.0,0.8
exp5_stow2.0_walk0.8,back_to_front,baseline,12484,139,2279,1616,99,135.31666666666666,384,2.0,0.8
exp5_stow2.0_walk0.8,outside_in,baseline,12484,139,1688,1064,0,48.605555555555554,142,2.0,0.8
exp5_stow2.0_walk0.8,steffen,baseline,12484,139,837,1239,0,18.627777777777776,72,2.0,0.8
exp5_stow2.0_walk0.8,random,baseline,12485,140,1685,1120,85,55.90555555555556,149,2.0,0.8
exp5_stow2.0_walk0.8,back_to_front,baseline,12485,140,2249,1722,89,140.1888888888889,406,2.0,0.8
exp5_stow2.0_walk0.8,outside_in,baseline,12485,140,1561,1025,0,48.15555555555556,161,2.0,0.8
exp5_stow2.0_walk0.8,steffen,baseline,12485,140,813,1216,0,18.066666666666666,109,2.0,0.8
exp5_stow2.0_walk0.8,random,baseline,12486,141,1738,1134,98,56.25,178,2.0,0.8
exp5_stow2.0_walk0.8,back_to_front,baseline,12486,141,2444,1777,91,141.65,358,2.0,0.8
exp5_stow2.0_walk0.8,outside_in,baseline,12486,141,1601,1168,0,52.583333333333336,154,2.0,0.8
exp5_stow2.0_walk0.8,steffen,baseline,12486,141,826,1267,0,18.455555555555556,73,2.0,0.8
exp5_stow2.0_walk0.8,random,baseline,12487,142,1752,1032,80,50.81111111111111,182,2.0,0.8
exp5_stow2.0_walk0.8,back_to_front,baseline,12487,142,2241,1844,95,124.75555555555556,302,2.0,0.8
exp5_stow2.0_walk0.8,outside_in,baseline,12487,142,1507,1115,0,40.77777777777778,134,2.0,0.8
exp5_stow2.0_walk0.8,steffen,baseline,12487,142,858,1238,0,16.494444444444444,59,2.0,0.8
exp5_stow2.0_walk0.8,random,baseline,12488,143,1701,1087,84,58.59444444444444,208,2.0,0.8
exp5_stow2.0_walk0.8,back_to_front,baseline,12488,143,2525,1860,95,153.63888888888889,370,2.0,0.8
exp5_stow2.0_walk0.8,outside_in,baseline,12488,143,1632,1128,0,54.705555555555556,161,2.0,0.8
exp5_stow2.0_walk0.8,steffen,baseline,12488,143,833,1402,0,18.633333333333333,80,2.0,0.8
exp5_stow2.0_walk0.8,random,baseline,12489,144,1727,1208,82,63.59444444444444,203,2.0,0.8
exp5_stow2.0_walk0.8,back_to_front,baseline,12489,144,2462,1857,86,159.87777777777777,416,2.0,0.8
exp5_stow2.0_walk0.8,outside_in,baseline,12489,144,1407,1160,0,45.97222222222222,128,2.0,0.8
exp5_stow2.0_walk0.8,steffen,baseline,12489,144,860,1266,0,18.055555555555557,70,2.0,0.8
exp5_stow2.0_walk0.8,random,baseline,12490,145,1610,1175,84,57.355555555555554,152,2.0,0.8
exp5_stow2.0_walk0.8,back_to_front,baseline,12490,145,2493,1780,91,155.96666666666667,310,2.0,0.8
exp5_stow2.0_walk0.8,outside_in,baseline,12490,145,1586,1101,0,56.38333333333333,166,2.0,0.8
exp5_stow2.0_walk0.8,steffen,baseline,12490,145,831,1182,0,17.294444444444444,66,2.0,0.8
exp5_stow2.0_walk0.8,random,baseline,12491,146,1896,1100,88,55.68333333333333,172,2.0,0.8
exp5_stow2.0_walk0.8,back_to_front,baseline,12491,146,2324,1702,92,129.13333333333333,308,2.0,0.8
exp5_stow2.0_walk0.8,outside_in,baseline,12491,146,1523,961,0,40.13333333333333,109,2.0,0.8
exp5_stow2.0_walk0.8,steffen,baseline,12491,146,880,1203,0,19.005555555555556,67,2.0,0.8
exp5_stow2.0_walk0.8,random,baseline,12492,147,1663,1203,94,59.78888888888889,157,2.0,0.8
exp5_stow2.0_walk0.8,back_to_front,baseline,12492,147,2265,1818,89,140.21666666666667,337,2.0,0.8
exp5_stow2.0_walk0.8,outside_in,baseline,12492,147,1518,1113,0,48.40555555555556,179,2.0,0.8
exp5_stow2.0_walk0.8,steffen,baseline,12492,147,849,1330,0,19.294444444444444,93,2.0,0.8
exp5_stow2.0_walk0.8,random,baseline,12493,148,1712,1070,97,59.95,187,2.0,0.8
exp5_stow2.0_walk0.8,back_to_front,baseline,12493,148,2309,1709,93,131.61111111111111,366,2.0,0.8
exp5_stow2.0_walk0.8,outside_in,baseline,12493,148,1541,1145,0,50.35,144,2.0,0.8
exp5_stow2.0_walk0.8,steffen,baseline,12493,148,824,1312,0,16.81111111111111,64,2.0,0.8
exp5_stow2.0_walk0.8,random,baseline,12494,149,1714,1092,98,54.922222222222224,166,2.0,0.8
exp5_stow2.0_walk0.8,back_to_front,baseline,12494,149,2311,1859,83,147.27777777777777,432,2.0,0.8
exp5_stow2.0_walk0.8,outside_in,baseline,12494,149,1492,1121,0,46.38333333333333,129,2.0,0.8
exp5_stow2.0_walk0.8,steffen,baseline,12494,149,849,1255,0,17.455555555555556,75,2.0,0.8
exp5_stow2.0_walk0.8,random,baseline,12495,150,1763,1155,105,55.544444444444444,140,2.0,0.8
exp5_stow2.0_walk0.8,back_to_front,baseline,12495,150,2459,1768,88,149.34444444444443,339,2.0,0.8
exp5_stow2.0_walk0.8,outside_in,baseline,12495,150,1636,1107,0,54.87777777777778,164,2.0,0.8
exp5_stow2.0_walk0.8,steffen,baseline,12495,150,789,1388,0,17.95,57,2.0,0.8
exp5_stow2.0_walk0.8,random,baseline,12496,151,1736,1208,96,59.46666666666667,159,2.0,0.8
exp5_stow2.0_walk0.8,back_to_front,baseline,12496,151,2252,1763,90,142.28333333333333,344,2.0,0.8
exp5_stow2.0_walk0.8,outside_in,baseline,12496,151,1497,1150,0,48.916666666666664,150,2.0,0.8
exp5_stow2.0_walk0.8,steffen,baseline,12496,151,815,1353,0,18.36111111111111,66,2.0,0.8
exp5_stow2.0_walk0.8,random,baseline,12497,152,1728,1115,89,47.40555555555556,150,2.0,0.8
exp5_stow2.0_walk0.8,back_to_front,baseline,12497,152,2373,1739,93,132.05555555555554,325,2.0,0.8
exp5_stow2.0_walk0.8,outside_in,baseline,12497,152,1588,1016,0,41.99444444444445,107,2.0,0.8
exp5_stow2.0_walk0.8,steffen,baseline,12497,152,858,1449,0,19.1,58,2.0,0.8
exp5_stow2.0_walk0.8,random,baseline,12498,153,1713,1055,96,53.23888888888889,203,2.0,0.8
exp5_stow2.0_walk0.8,back_to_front,baseline,12498,153,2230,1825,88,139.79444444444445,415,2.0,0.8
exp5_stow2.0_walk0.8,outside_in,baseline,12498,153,1534,1157,0,54.644444444444446,199,2.0,0.8
exp5_stow2.0_walk0.8,steffen,baseline,12498,153,796,1391,0,20.066666666666666,72,2.0,0.8
exp5_stow2.0_walk0.8,random,baseline,12499,154,1804,1191,91,54.455555555555556,172,2.0,0.8
exp5_stow2.0_walk0.8,back_to_front,baseline,12499,154,2371,1799,86,141.61666666666667,313,2.0,0.8
exp5_stow2.0_walk0.8,outside_in,baseline,12499,154,1585,1133,0,47.65555555555556,132,2.0,0.8
exp5_stow2.0_walk0.8,steffen,baseline,12499,154,864,1305,0,19.41111111111111,81,2.0,0.8
exp5_stow2.0_walk0.8,random,baseline,12500,155,1751,1113,91,56.91111111111111,156,2.0,0.8
exp5_stow2.0_walk0.8,back_to_front,baseline,12500,155,2315,1721,87,134.73333333333332,341,2.0,0.8
exp5_stow2.0_walk0.8,outside_in,baseline,12500,155,1474,1081,0,45.31111111111111,144,2.0,0.8
exp5_stow2.0_walk0.8,steffen,baseline,12500,155,865,1206,0,18.95,91,2.0,0.8
exp5_stow2.0_walk0.8,random,baseline,12501,156,1757,1028,82,53.577777777777776,182,2.0,0.8
exp5_stow2.0_walk0.8,back_to_front,baseline,12501,156,2770,1778,89,186.37222222222223,435,2.0,0.8
exp5_stow2.0_walk0.8,outside_in,baseline,12501,156,1596,1130,0,61.138888888888886,168,2.0,0.8
exp5_stow2.0_walk0.8,steffen,baseline,12501,156,819,1278,0,19.288888888888888,77,2.0,0.8
exp5_stow2.0_walk0.8,random,baseline,12502,157,1681,999,101,50.03333333333333,184,2.0,0.8
exp5_stow2.0_walk0.8,back_to_front,baseline,12502,157,2370,1815,87,144.7277777777778,426,2.0,0.8
exp5_stow2.0_walk0.8,outside_in,baseline,12502,157,1471,1127,0,46.21666666666667,156,2.0,0.8
exp5_stow2.0_walk0.8,steffen,baseline,12502,157,797,1156,0,16.488888888888887,49,2.0,0.8
exp5_stow2.0_walk0.8,random,baseline,12503,158,1788,978,98,51.98888888888889,152,2.0,0.8
exp5_stow2.0_walk0.8,back_to_front,baseline,12503,158,2385,1836,84,142.06666666666666,348,2.0,0.8
exp5_stow2.0_walk0.8,outside_in,baseline,12503,158,1666,1099,0,51.58888888888889,193,2.0,0.8
exp5_stow2.0_walk0.8,steffen,baseline,12503,158,890,1263,0,18.0,64,2.0,0.8
exp5_stow2.0_walk0.8,random,baseline,12504,159,1835,1116,72,56.3,196,2.0,0.8
exp5_stow2.0_walk0.8,back_to_front,baseline,12504,159,2580,1803,113,166.09444444444443,485,2.0,0.8
exp5_stow2.0_walk0.8,outside_in,baseline,12504,159,1623,1004,0,47.86666666666667,141,2.0,0.8
exp5_stow2.0_walk0.8,steffen,baseline,12504,159,840,1198,0,18.605555555555554,105,2.0,0.8
exp5_stow2.0_walk0.8,random,baseline,12505,160,1752,1113,89,54.68888888888889,172,2.0,0.8
exp5_stow2.0_walk0.8,back_to_front,baseline,12505,160,2509,1832,105,147.79444444444445,303,2.0,0.8
exp5_stow2.0_walk0.8,outside_in,baseline,12505,160,1588,1068,0,41.12777777777778,131,2.0,0.8
exp5_stow2.0_walk0.8,steffen,baseline,12505,160,855,1355,0,18.988888888888887,72,2.0,0.8
exp5_stow2.0_walk0.8,random,baseline,12506,161,1730,1098,90,51.733333333333334,153,2.0,0.8
exp5_stow2.0_walk0.8,back_to_front,baseline,12506,161,2404,1770,98,151.26111111111112,384,2.0,0.8
exp5_stow2.0_walk0.8,outside_in,baseline,12506,161,1523,1202,0,48.42777777777778,151,2.0,0.8
exp5_stow2.0_walk0.8,steffen,baseline,12506,161,836,1326,0,17.3,78,2.0,0.8
exp5_stow2.0_walk0.8,random,baseline,12507,162,1736,1097,95,50.66111111111111,178,2.0,0.8
exp5_stow2.0_walk0.8,back_to_front,baseline,12507,162,2359,1816,93,137.05555555555554,333,2.0,0.8
exp5_stow2.0_walk0.8,outside_in,baseline,12507,162,1703,971,0,44.833333333333336,132,2.0,0.8
exp5_stow2.0_walk0.8,steffen,baseline,12507,162,839,1307,0,18.094444444444445,73,2.0,0.8
exp5_stow2.0_walk0.8,random,baseline,12508,163,1652,1112,80,50.544444444444444,149,2.0,0.8
exp5_stow2.0_walk0.8,back_to_front,baseline,12508,163,2452,1908,86,160.88333333333333,401,2.0,0.8
exp5_stow2.0_walk0.8,outside_in,baseline,12508,163,1511,1124,0,41.733333333333334,156,2.0,0.8
exp5_stow2.0_walk0.8,steffen,baseline,12508,163,804,1512,0,18.4,83,2.0,0.8
exp5_stow2.0_walk0.8,random,baseline,12509,164,1747,1114,81,57.48888888888889,168,2.0,0.8
exp5_stow2.0_walk0.8,back_to_front,baseline,12509,164,2325,1773,90,147.32222222222222,362,2.0,0.8
exp5_stow2.0_walk0.8,outside_in,baseline,12509,164,1472,1209,0,55.07222222222222,146,2.0,0.8
exp5_stow2.0_walk0.8,steffen,baseline,12509,164,831,1143,0,16.522222222222222,74,2.0,0.8
exp5_stow2.0_walk0.8,random,baseline,12510,165,1772,1228,97,53.08888888888889,196,2.0,0.8
exp5_stow2.0_walk0.8,back_to_front,baseline,12510,165,2649,1865,86,159.37222222222223,405,2.0,0.8
exp5_stow2.0_walk0.8,outside_in,baseline,12510,165,1615,1062,0,50.333333333333336,159,2.0,0.8
exp5_stow2.0_walk0.8,steffen,baseline,12510,165,910,1421,0,19.477777777777778,75,2.0,0.8
exp5_stow2.0_walk0.8,random,baseline,12511,166,1899,1063,97,62.1,183,2.0,0.8
exp5_stow2.0_walk0.8,back_to_front,baseline,12511,166,2321,1742,85,131.2888888888889,302,2.0,0.8
exp5_stow2.0_walk0.8,outside_in,baseline,12511,166,1638,1263,0,55.477777777777774,188,2.0,0.8
exp5_stow2.0_walk0.8,steffen,baseline,12511,166,854,1211,0,18.538888888888888,64,2.0,0.8
exp5_stow2.0_walk0.8,random,baseline,12512,167,1731,1037,102,48.644444444444446,160,2.0,0.8
exp5_stow2.0_walk0.8,back_to_front,baseline,12512,167,2479,1726,93,143.43333333333334,337,2.0,0.8
exp5_stow2.0_walk0.8,outside_in,baseline,12512,167,1696,925,0,45.71666666666667,146,2.0,0.8
exp5_stow2.0_walk0.8,steffen,baseline,12512,167,876,1145,0,16.761111111111113,63,2.0,0.8
exp5_stow2.0_walk0.8,random,baseline,12513,168,1721,1009,89,44.605555555555554,151,2.0,0.8
exp5_stow2.0_walk0.8,back_to_front,baseline,12513,168,2276,1696,84,137.8111111111111,378,2.0,0.8
exp5_stow2.0_walk0.8,outside_in,baseline,12513,168,1458,1113,0,49.49444444444445,141,2.0,0.8
exp5_stow2.0_walk0.8,steffen,baseline,12513,168,856,1299,0,18.683333333333334,85,2.0,0.8
exp5_stow2.0_walk0.8,random,baseline,12514,169,1871,1070,84,58.13333333333333,207,2.0,0.8
exp5_stow2.0_walk0.8,back_to_front,baseline,12514,169,2376,1711,98,142.25,428,2.0,0.8
exp5_stow2.0_walk0.8,outside_in,baseline,12514,169,1577,1181,0,53.37222222222222,175,2.0,0.8
exp5_stow2.0_walk0.8,steffen,baseline,12514,169,889,1307,0,18.883333333333333,86,2.0,0.8
exp5_stow2.0_walk0.8,random,baseline,12515,170,1551,1098,93,55.51111111111111,185,2.0,0.8
exp5_stow2.0_walk0.8,back_to_front,baseline,12515,170,2365,1874,83,152.9777777777778,400,2.0,0.8
exp5_stow2.0_walk0.8,outside_in,baseline,12515,170,1431,1154,0,49.083333333333336,142,2.0,0.8
exp5_stow2.0_walk0.8,steffen,baseline,12515,170,797,1155,0,16.91111111111111,74,2.0,0.8
exp5_stow2.0_walk0.8,random,baseline,12516,171,1598,1031,77,47.28333333333333,142,2.0,0.8
exp5_stow2.0_walk0.8,back_to_front,baseline,12516,171,2335,1671,92,145.9388888888889,369,2.0,0.8
exp5_stow2.0_walk0.8,outside_in,baseline,12516,171,1322,1032,0,38.361111111111114,128,2.0,0.8
exp5_stow2.0_walk0.8,steffen,baseline,12516,171,823,1125,0,15.877777777777778,70,2.0,0.8
exp5_stow2.0_walk0.8,random,baseline,12517,172,1785,1021,98,52.672222222222224,175,2.0,0.8
exp5_stow2.0_walk0.8,back_to_front,baseline,12517,172,2351,1808,72,139.33333333333334,341,2.0,0.8
exp5_stow2.0_walk0.8,outside_in,baseline,12517,172,1519,1025,0,40.07222222222222,133,2.0,0.8
exp5_stow2.0_walk0.8,steffen,baseline,12517,172,843,1205,0,16.16111111111111,65,2.0,0.8
exp5_stow2.0_walk0.8,random,baseline,12518,173,1856,1098,85,60.93333333333333,211,2.0,0.8
exp5_stow2.0_walk0.8,back_to_front,baseline,12518,173,2328,1845,72,139.9611111111111,318,2.0,0.8
exp5_stow2.0_walk0.8,outside_in,baseline,12518,173,1590,1106,0,55.48888888888889,143,2.0,0.8
exp5_stow2.0_walk0.8,steffen,baseline,12518,173,824,1216,0,18.094444444444445,72,2.0,0.8
exp5_stow2.0_walk0.8,random,baseline,12519,174,1730,1050,84,50.33888888888889,157,2.0,0.8
exp5_stow2.0_walk0.8,back_to_front,baseline,12519,174,2502,1852,107,159.9611111111111,391,2.0,0.8
exp5_stow2.0_walk0.8,outside_in,baseline,12519,174,1529,1000,0,51.205555555555556,143,2.0,0.8
exp5_stow2.0_walk0.8,steffen,baseline,12519,174,842,1284,0,17.955555555555556,82,2.0,0.8
exp5_stow2.0_walk0.8,random,baseline,12520,175,1587,1063,78,51.5,148,2.0,0.8
exp5_stow2.0_walk0.8,back_to_front,baseline,12520,175,2408,1708,90,145.7888888888889,396,2.0,0.8
exp5_stow2.0_walk0.8,outside_in,baseline,12520,175,1431,1225,0,49.55555555555556,175,2.0,0.8
exp5_stow2.0_walk0.8,steffen,baseline,12520,175,834,1215,0,16.383333333333333,73,2.0,0.8
exp5_stow2.0_walk0.8,random,baseline,12521,176,1843,1074,89,54.77777777777778,177,2.0,0.8
exp5_stow2.0_walk0.8,back_to_front,baseline,12521,176,2602,1678,99,154.8111111111111,417,2.0,0.8
exp5_stow2.0_walk0.8,outside_in,baseline,12521,176,1765,967,0,46.24444444444445,137,2.0,0.8
exp5_stow2.0_walk0.8,steffen,baseline,12521,176,904,1036,0,17.95,71,2.0,0.8
exp5_stow2.0_walk0.8,random,baseline,12522,177,1719,1226,93,53.34444444444444,169,2.0,0.8
exp5_stow2.0_walk0.8,back_to_front,baseline,12522,177,2170,1723,80,124.07222222222222,258,2.0,0.8
exp5_stow2.0_walk0.8,outside_in,baseline,12522,177,1561,1002,0,46.044444444444444,154,2.0,0.8
exp5_stow2.0_walk0.8,steffen,baseline,12522,177,813,1288,0,17.066666666666666,66,2.0,0.8
exp5_stow2.0_walk0.8,random,baseline,12523,178,1855,992,92,57.15,158,2.0,0.8
exp5_stow2.0_walk0.8,back_to_front,baseline,12523,178,2291,1689,91,134.01111111111112,315,2.0,0.8
exp5_stow2.0_walk0.8,outside_in,baseline,12523,178,1585,1068,0,52.62222222222222,159,2.0,0.8
exp5_stow2.0_walk0.8,steffen,baseline,12523,178,847,1168,0,16.66111111111111,74,2.0,0.8
exp5_stow2.0_walk0.8,random,baseline,12524,179,1747,1060,83,55.522222222222226,177,2.0,0.8
exp5_stow2.0_walk0.8,back_to_front,baseline,12524,179,2548,1630,85,145.9111111111111,345,2.0,0.8
exp5_stow2.0_walk0.8,outside_in,baseline,12524,179,1436,1152,0,46.544444444444444,149,2.0,0.8
exp5_stow2.0_walk0.8,steffen,baseline,12524,179,853,1357,0,19.11111111111111,73,2.0,0.8
exp5_stow2.0_walk0.8,random,baseline,12525,180,1765,1041,100,53.3,157,2.0,0.8
exp5_stow2.0_walk0.8,back_to_front,baseline,12525,180,2252,1802,80,141.12222222222223,392,2.0,0.8
exp5_stow2.0_walk0.8,outside_in,baseline,12525,180,1475,1110,0,41.42777777777778,162,2.0,0.8
exp5_stow2.0_walk0.8,steffen,baseline,12525,180,866,1245,0,16.177777777777777,62,2.0,0.8
exp5_stow2.0_walk0.8,random,baseline,12526,181,1634,1086,88,51.922222222222224,141,2.0,0.8
exp5_stow2.0_walk0.8,back_to_front,baseline,12526,181,2347,1807,87,140.09444444444443,389,2.0,0.8
exp5_stow2.0_walk0.8,outside_in,baseline,12526,181,1500,1050,0,41.8,115,2.0,0.8
exp5_stow2.0_walk0.8,steffen,baseline,12526,181,849,1400,0,18.794444444444444,73,2.0,0.8
exp5_stow2.0_walk0.8,random,baseline,12527,182,1708,1051,104,51.21666666666667,175,2.0,0.8
exp5_stow2.0_walk0.8,back_to_front,baseline,12527,182,2357,1636,84,153.90555555555557,382,2.0,0.8
exp5_stow2.0_walk0.8,outside_in,baseline,12527,182,1462,1178,0,54.45,155,2.0,0.8
exp5_stow2.0_walk0.8,steffen,baseline,12527,182,809,1271,0,17.605555555555554,62,2.0,0.8
exp5_stow2.0_walk0.8,random,baseline,12528,183,1770,969,89,59.68333333333333,154,2.0,0.8
exp5_stow2.0_walk0.8,back_to_front,baseline,12528,183,2512,1819,95,160.90555555555557,433,2.0,0.8
exp5_stow2.0_walk0.8,outside_in,baseline,12528,183,1719,1041,0,51.13333333333333,187,2.0,0.8
exp5_stow2.0_walk0.8,steffen,baseline,12528,183,832,1401,0,19.8,104,2.0,0.8
exp5_stow2.0_walk0.8,random,baseline,12529,184,1750,1135,86,58.94444444444444,191,2.0,0.8
exp5_stow2.0_walk0.8,back_to_front,baseline,12529,184,2542,1745,106,152.32777777777778,339,2.0,0.8
exp5_stow2.0_walk0.8,outside_in,baseline,12529,184,1638,1047,0,45.33888888888889,178,2.0,0.8
exp5_stow2.0_walk0.8,steffen,baseline,12529,184,855,1279,0,18.427777777777777,61,2.0,0.8
exp5_stow2.0_walk0.8,random,baseline,12530,185,1673,1098,92,52.63333333333333,199,2.0,0.8
exp5_stow2.0_walk0.8,back_to_front,baseline,12530,185,2293,1747,74,132.12777777777777,323,2.0,0.8
exp5_stow2.0_walk0.8,outside_in,baseline,12530,185,1566,1036,0,44.46111111111111,136,2.0,0.8
exp5_stow2.0_walk0.8,steffen,baseline,12530,185,900,1329,0,18.238888888888887,85,2.0,0.8
exp5_stow2.0_walk0.8,random,baseline,12531,186,1733,931,89,43.6,130,2.0,0.8
exp5_stow2.0_walk0.8,back_to_front,baseline,12531,186,2539,1810,92,148.27777777777777,429,2.0,0.8
exp5_stow2.0_walk0.8,outside_in,baseline,12531,186,1586,1088,0,53.44444444444444,141,2.0,0.8
exp5_stow2.0_walk0.8,steffen,baseline,12531,186,849,1323,0,18.377777777777776,104,2.0,0.8
exp5_stow2.0_walk0.8,random,baseline,12532,187,1864,1086,104,57.1,175,2.0,0.8
exp5_stow2.0_walk0.8,back_to_front,baseline,12532,187,2341,1682,87,133.8,349,2.0,0.8
exp5_stow2.0_walk0.8,outside_in,baseline,12532,187,1453,1027,0,38.25555555555555,109,2.0,0.8
exp5_stow2.0_walk0.8,steffen,baseline,12532,187,838,1274,0,17.955555555555556,68,2.0,0.8
exp5_stow2.0_walk0.8,random,baseline,12533,188,1863,1135,89,63.394444444444446,180,2.0,0.8
exp5_stow2.0_walk0.8,back_to_front,baseline,12533,188,2616,1782,96,160.5611111111111,363,2.0,0.8
exp5_stow2.0_walk0.8,outside_in,baseline,12533,188,1600,1078,0,49.25555555555555,148,2.0,0.8
exp5_stow2.0_walk0.8,steffen,baseline,12533,188,928,1404,0,19.216666666666665,91,2.0,0.8
exp5_stow2.0_walk0.8,random,baseline,12534,189,1757,1123,87,51.71666666666667,146,2.0,0.8
exp5_stow2.0_walk0.8,back_to_front,baseline,12534,189,2311,1749,88,140.87222222222223,343,2.0,0.8
exp5_stow2.0_walk0.8,outside_in,baseline,12534,189,1500,1039,0,46.12777777777778,138,2.0,0.8
exp5_stow2.0_walk0.8,steffen,baseline,12534,189,804,1346,0,18.766666666666666,74,2.0,0.8
exp5_stow2.0_walk0.8,random,baseline,12535,190,1700,995,89,43.55555555555556,112,2.0,0.8
exp5_stow2.0_walk0.8,back_to_front,baseline,12535,190,2508,1855,94,146.7277777777778,393,2.0,0.8
exp5_stow2.0_walk0.8,outside_in,baseline,12535,190,1421,1011,0,37.855555555555554,111,2.0,0.8
exp5_stow2.0_walk0.8,steffen,baseline,12535,190,839,1200,0,16.694444444444443,70,2.0,0.8
exp5_stow2.0_walk0.8,random,baseline,12536,191,1803,1158,91,56.80555555555556,205,2.0,0.8
exp5_stow2.0_walk0.8,back_to_front,baseline,12536,191,2543,1725,84,147.86666666666667,374,2.0,0.8
exp5_stow2.0_walk0.8,outside_in,baseline,12536,191,1620,986,0,40.38333333333333,133,2.0,0.8
exp5_stow2.0_walk0.8,steffen,baseline,12536,191,859,1227,0,17.288888888888888,66,2.0,0.8
exp5_stow2.0_walk0.8,random,baseline,12537,192,1588,999,89,47.43333333333333,167,2.0,0.8
exp5_stow2.0_walk0.8,back_to_front,baseline,12537,192,2420,1800,88,148.97222222222223,400,2.0,0.8
exp5_stow2.0_walk0.8,outside_in,baseline,12537,192,1517,1013,0,40.72222222222222,119,2.0,0.8
exp5_stow2.0_walk0.8,steffen,baseline,12537,192,829,1254,0,17.538888888888888,67,2.0,0.8
exp5_stow2.0_walk0.8,random,baseline,12538,193,1662,1112,85,56.605555555555554,162,2.0,0.8
exp5_stow2.0_walk0.8,back_to_front,baseline,12538,193,2053,1677,84,117.43333333333334,286,2.0,0.8
exp5_stow2.0_walk0.8,outside_in,baseline,12538,193,1643,1193,0,60.76111111111111,177,2.0,0.8
exp5_stow2.0_walk0.8,steffen,baseline,12538,193,814,1281,0,20.02777777777778,82,2.0,0.8
exp5_stow2.0_walk0.8,random,baseline,12539,194,1850,1123,90,58.55,186,2.0,0.8
exp5_stow2.0_walk0.8,back_to_front,baseline,12539,194,2420,1886,90,150.48888888888888,380,2.0,0.8
exp5_stow2.0_walk0.8,outside_in,baseline,12539,194,1634,1109,0,51.15555555555556,134,2.0,0.8
exp5_stow2.0_walk0.8,steffen,baseline,12539,194,862,1492,0,20.877777777777776,69,2.0,0.8
exp5_stow2.0_walk0.8,random,baseline,12540,195,1602,1218,88,61.611111111111114,200,2.0,0.8
exp5_stow2.0_walk0.8,back_to_front,baseline,12540,195,2353,1843,85,147.53333333333333,343,2.0,0.8
exp5_stow2.0_walk0.8,outside_in,baseline,12540,195,1583,1134,0,56.65555555555556,138,2.0,0.8
exp5_stow2.0_walk0.8,steffen,baseline,12540,195,833,1572,0,22.511111111111113,91,2.0,0.8
exp5_stow2.0_walk0.8,random,baseline,12541,196,1854,1172,89,63.827777777777776,184,2.0,0.8
exp5_stow2.0_walk0.8,back_to_front,baseline,12541,196,2328,1734,85,130.9,301,2.0,0.8
exp5_stow2.0_walk0.8,outside_in,baseline,12541,196,1577,1045,0,50.93888888888889,132,2.0,0.8
exp5_stow2.0_walk0.8,steffen,baseline,12541,196,836,1381,0,19.322222222222223,109,2.0,0.8
exp5_stow2.0_walk0.8,random,baseline,12542,197,1703,1224,78,64.92777777777778,229,2.0,0.8
exp5_stow2.0_walk0.8,back_to_front,baseline,12542,197,2599,1873,93,164.86111111111111,372,2.0,0.8
exp5_stow2.0_walk0.8,outside_in,baseline,12542,197,1523,1141,0,54.76111111111111,154,2.0,0.8
exp5_stow2.0_walk0.8,steffen,baseline,12542,197,856,1536,0,22.194444444444443,94,2.0,0.8
exp5_stow2.0_walk0.8,random,baseline,12543,198,1871,1079,77,53.916666666666664,172,2.0,0.8
exp5_stow2.0_walk0.8,back_to_front,baseline,12543,198,2506,1895,91,160.80555555555554,395,2.0,0.8
exp5_stow2.0_walk0.8,outside_in,baseline,12543,198,1574,1154,0,51.21666666666667,131,2.0,0.8
exp5_stow2.0_walk0.8,steffen,baseline,12543,198,858,1503,0,20.41111111111111,76,2.0,0.8
exp5_stow2.0_walk0.8,random,baseline,12544,199,1766,1112,105,64.68333333333334,223,2.0,0.8
exp5_stow2.0_walk0.8,back_to_front,baseline,12544,199,2502,1763,84,163.48333333333332,421,2.0,0.8
exp5_stow2.0_walk0.8,outside_in,baseline,12544,199,1519,950,0,45.33888888888889,143,2.0,0.8
exp5_stow2.0_walk0.8,steffen,baseline,12544,199,826,1271,0,17.66111111111111,63,2.0,0.8
exp5_stow2.0_walk1.0,random,baseline,12345,0,1532,785,84,41.48888888888889,157,2.0,1.0
exp5_stow2.0_walk1.0,back_to_front,baseline,12345,0,2324,1862,94,155.29444444444445,394,2.0,1.0
exp5_stow2.0_walk1.0,outside_in,baseline,12345,0,1499,820,0,47.08888888888889,139,2.0,1.0
exp5_stow2.0_walk1.0,steffen,baseline,12345,0,787,900,0,13.466666666666667,68,2.0,1.0
exp5_stow2.0_walk1.0,random,baseline,12346,1,1657,1051,90,54.25,207,2.0,1.0
exp5_stow2.0_walk1.0,back_to_front,baseline,12346,1,2351,1789,92,156.12777777777777,381,2.0,1.0
exp5_stow2.0_walk1.0,outside_in,baseline,12346,1,1439,822,0,44.5,144,2.0,1.0
exp5_stow2.0_walk1.0,steffen,baseline,12346,1,766,971,0,16.555555555555557,71,2.0,1.0
exp5_stow2.0_walk1.0,random,baseline,12347,2,1889,625,91,51.205555555555556,160,2.0,1.0
exp5_stow2.0_walk1.0,back_to_front,baseline,12347,2,2406,1606,87,138.01111111111112,342,2.0,1.0
exp5_stow2.0_walk1.0,outside_in,baseline,12347,2,1695,699,0,46.32222222222222,140,2.0,1.0
exp5_stow2.0_walk1.0,steffen,baseline,12347,2,871,859,0,15.916666666666666,60,2.0,1.0
exp5_stow2.0_walk1.0,random,baseline,12348,3,1763,785,100,54.71111111111111,227,2.0,1.0
exp5_stow2.0_walk1.0,back_to_front,baseline,12348,3,2386,1576,115,140.13888888888889,382,2.0,1.0
exp5_stow2.0_walk1.0,outside_in,baseline,12348,3,1481,848,0,50.922222222222224,146,2.0,1.0
exp5_stow2.0_walk1.0,steffen,baseline,12348,3,867,790,0,16.67222222222222,84,2.0,1.0
exp5_stow2.0_walk1.0,random,baseline,12349,4,1919,667,77,55.35,209,2.0,1.0
exp5_stow2.0_walk1.0,back_to_front,baseline,12349,4,2492,1508,94,147.9,394,2.0,1.0
exp5_stow2.0_walk1.0,outside_in,baseline,12349,4,1607,705,0,48.09444444444444,153,2.0,1.0
exp5_stow2.0_walk1.0,steffen,baseline,12349,4,926,1533,0,19.727777777777778,63,2.0,1.0
exp5_stow2.0_walk1.0,random,baseline,12350,5,1668,850,87,53.49444444444445,188,2.0,1.0
exp5_stow2.0_walk1.0,back_to_front,baseline,12350,5,2765,1837,83,173.80555555555554,458,2.0,1.0
exp5_stow2.0_walk1.0,outside_in,baseline,12350,5,1545,821,0,48.9,136,2.0,1.0
exp5_stow2.0_walk1.0,steffen,baseline,12350,5,861,1781,0,21.205555555555556,64,2.0,1.0
exp5_stow2.0_walk1.0,random,baseline,12351,6,1720,833,96,51.666666666666664,154,2.0,1.0
exp5_stow2.0_walk1.0,back_to_front,baseline,12351,6,2408,1868,79,151.79444444444445,378,2.0,1.0
exp5_stow2.0_walk1.0,outside_in,baseline,12351,6,1632,732,0,45.105555555555554,129,2.0,1.0
exp5_stow2.0_walk1.0,steffen,baseline,12351,6,819,1438,0,18.794444444444444,64,2.0,1.0
exp5_stow2.0_walk1.0,random,baseline,12352,7,1667,644,85,49.22222222222222,145,2.0,1.0
exp5_stow2.0_walk1.0,back_to_front,baseline,12352,7,2410,1504,83,152.16666666666666,399,2.0,1.0
exp5_stow2.0_walk1.0,outside_in,baseline,12352,7,1557,570,0,48.33888888888889,128,2.0,1.0
exp5_stow2.0_walk1.0,steffen,baseline,12352,7,820,900,0,15.4,58,2.0,1.0
exp5_stow2.0_walk1.0,random,baseline,12353,8,1703,823,96,54.272222222222226,163,2.0,1.0
exp5_stow2.0_walk1.0,back_to_front,baseline,12353,8,2297,1736,86,140.29444444444445,323,2.0,1.0
exp5_stow2.0_walk1.0,outside_in,baseline,12353,8,1454,1007,0,53.31111111111111,153,2.0,1.0
exp5_stow2.0_walk1.0,steffen,baseline,12353,8,809,1351,0,17.994444444444444,67,2.0,1.0
exp5_stow2.0_walk1.0,random,baseline,12354,9,1637,1018,86,60.8,154,2.0,1.0
exp5_stow2.0_walk1.0,back_to_front,baseline,12354,9,2413,1708,87,153.26111111111112,364,2.0,1.0
exp5_stow2.0_walk1.0,outside_in,baseline,12354,9,1429,938,0,56.166666666666664,149,2.0,1.0
exp5_stow2.0_walk1.0,steffen,baseline,12354,9,804,926,0,16.65,65,2.0,1.0
exp5_stow2.0_walk1.0,random,baseline,12355,10,1664,725,88,48.75,157,2.0,1.0
exp5_stow2.0_walk1.0,back_to_front,baseline,12355,10,2142,1545,81,132.45555555555555,363,2.0,1.0
exp5_stow2.0_walk1.0,outside_in,baseline,12355,10,1517,707,0,50.36666666666667,159,2.0,1.0
exp5_stow2.0_walk1.0,steffen,baseline,12355,10,803,1156,0,17.42222222222222,62,2.0,1.0
exp5_stow2.0_walk1.0,random,baseline,12356,11,1729,853,91,57.72222222222222,151,2.0,1.0
exp5_stow2.0_walk1.0,back_to_front,baseline,12356,11,2164,1747,86,126.73333333333333,281,2.0,1.0
exp5_stow2.0_walk1.0,outside_in,baseline,12356,11,1509,594,0,47.25555555555555,131,2.0,1.0
exp5_stow2.0_walk1.0,steffen,baseline,12356,11,829,1195,0,17.444444444444443,65,2.0,1.0
exp5_stow2.0_walk1.0,random,baseline,12357,12,1648,895,75,50.205555555555556,162,2.0,1.0
exp5_stow2.0_walk1.0,back_to_front,baseline,12357,12,2524,1946,77,163.64444444444445,428,2.0,1.0
exp5_stow2.0_walk1.0,outside_in,baseline,12357,12,1550,901,0,49.77777777777778,192,2.0,1.0
exp5_stow2.0_walk1.0,steffen,baseline,12357,12,841,1274,0,17.927777777777777,68,2.0,1.0
exp5_stow2.0_walk1.0,random,baseline,12358,13,1616,791,82,55.61666666666667,153,2.0,1.0
exp5_stow2.0_walk1.0,back_to_front,baseline,12358,13,2234,1884,89,138.24444444444444,353,2.0,1.0
exp5_stow2.0_walk1.0,outside_in,baseline,12358,13,1406,782,0,41.955555555555556,109,2.0,1.0
exp5_stow2.0_walk1.0,steffen,baseline,12358,13,789,1206,0,16.833333333333332,68,2.0,1.0
exp5_stow2.0_walk1.0,random,baseline,12359,14,1672,794,94,59.394444444444446,215,2.0,1.0
exp5_stow2.0_walk1.0,back_to_front,baseline,12359,14,2344,1698,83,144.01666666666668,350,2.0,1.0
exp5_stow2.0_walk1.0,outside_in,baseline,12359,14,1383,713,0,43.77777777777778,124,2.0,1.0
exp5_stow2.0_walk1.0,steffen,baseline,12359,14,868,1326,0,19.43888888888889,98,2.0,1.0
exp5_stow2.0_walk1.0,random,baseline,12360,15,1660,795,87,56.8,204,2.0,1.0
exp5_stow2.0_walk1.0,back_to_front,baseline,12360,15,2272,1737,102,145.9,408,2.0,1.0
exp5_stow2.0_walk1.0,outside_in,baseline,12360,15,1412,780,0,43.41111111111111,128,2.0,1.0
exp5_stow2.0_walk1.0,steffen,baseline,12360,15,772,1414,0,19.18888888888889,68,2.0,1.0
exp5_stow2.0_walk1.0,random,baseline,12361,16,1873,991,82,66.14444444444445,185,2.0,1.0
exp5_stow2.0_walk1.0,back_to_front,baseline,12361,16,2310,1804,95,145.7722222222222,332,2.0,1.0
exp5_stow2.0_walk1.0,outside_in,baseline,12361,16,1520,917,0,50.06111111111111,161,2.0,1.0
exp5_stow2.0_walk1.0,steffen,baseline,12361,16,836,1290,0,18.4,67,2.0,1.0
exp5_stow2.0_walk1.0,random,baseline,12362,17,1747,869,80,61.37222222222222,157,2.0,1.0
exp5_stow2.0_walk1.0,back_to_front,baseline,12362,17,2394,1799,102,158.7277777777778,437,2.0,1.0
exp5_stow2.0_walk1.0,outside_in,baseline,12362,17,1506,921,0,48.91111111111111,150,2.0,1.0
exp5_stow2.0_walk1.0,steffen,baseline,12362,17,791,942,0,16.22222222222222,65,2.0,1.0
exp5_stow2.0_walk1.0,random,baseline,12363,18,1621,745,83,49.36666666666667,133,2.0,1.0
exp5_stow2.0_walk1.0,back_to_front,baseline,12363,18,2255,1879,98,146.17222222222222,416,2.0,1.0
exp5_stow2.0_walk1.0,outside_in,baseline,12363,18,1502,664,0,45.644444444444446,154,2.0,1.0
exp5_stow2.0_walk1.0,steffen,baseline,12363,18,822,1010,0,16.294444444444444,67,2.0,1.0
exp5_stow2.0_walk1.0,random,baseline,12364,19,1628,1157,89,69.09444444444445,218,2.0,1.0
exp5_stow2.0_walk1.0,back_to_front,baseline,12364,19,2350,1797,89,146.38888888888889,341,2.0,1.0
exp5_stow2.0_walk1.0,outside_in,baseline,12364,19,1549,886,0,46.772222222222226,158,2.0,1.0
exp5_stow2.0_walk1.0,steffen,baseline,12364,19,884,1366,0,17.6,79,2.0,1.0
exp5_stow2.0_walk1.0,random,baseline,12365,20,1600,1020,102,57.75,153,2.0,1.0
exp5_stow2.0_walk1.0,back_to_front,baseline,12365,20,2414,1747,82,150.54444444444445,340,2.0,1.0
exp5_stow2.0_walk1.0,outside_in,baseline,12365,20,1635,806,0,57.65555555555556,212,2.0,1.0
exp5_stow2.0_walk1.0,steffen,baseline,12365,20,822,1184,0,19.133333333333333,78,2.0,1.0
exp5_stow2.0_walk1.0,random,baseline,12366,21,1633,871,78,54.35,151,2.0,1.0
exp5_stow2.0_walk1.0,back_to_front,baseline,12366,21,2427,1687,84,153.17222222222222,355,2.0,1.0
exp5_stow2.0_walk1.0,outside_in,baseline,12366,21,1484,807,0,49.68333333333333,159,2.0,1.0
exp5_stow2.0_walk1.0,steffen,baseline,12366,21,853,1093,0,17.38888888888889,68,2.0,1.0
exp5_stow2.0_walk1.0,random,baseline,12367,22,1827,705,88,52.46666666666667,131,2.0,1.0
exp5_stow2.0_walk1.0,back_to_front,baseline,12367,22,2317,1453,94,135.98333333333332,388,2.0,1.0
exp5_stow2.0_walk1.0,outside_in,baseline,12367,22,1663,649,0,49.894444444444446,140,2.0,1.0
exp5_stow2.0_walk1.0,steffen,baseline,12367,22,831,588,0,14.21111111111111,66,2.0,1.0
exp5_stow2.0_walk1.0,random,baseline,12368,23,1838,1035,93,65.70555555555555,182,2.0,1.0
exp5_stow2.0_walk1.0,back_to_front,baseline,12368,23,2375,1687,76,157.7,441,2.0,1.0
exp5_stow2.0_walk1.0,outside_in,baseline,12368,23,1376,796,0,39.666666666666664,109,2.0,1.0
exp5_stow2.0_walk1.0,steffen,baseline,12368,23,809,1388,0,21.044444444444444,99,2.0,1.0
exp5_stow2.0_walk1.0,random,baseline,12369,24,1685,819,100,58.522222222222226,204,2.0,1.0
exp5_stow2.0_walk1.0,back_to_front,baseline,12369,24,2506,1701,89,167.9777777777778,401,2.0,1.0
exp5_stow2.0_walk1.0,outside_in,baseline,12369,24,1592,691,0,51.272222222222226,178,2.0,1.0
exp5_stow2.0_walk1.0,steffen,baseline,12369,24,872,789,0,17.011111111111113,98,2.0,1.0
exp5_stow2.0_walk1.0,random,baseline,12370,25,1734,951,81,50.53333333333333,207,2.0,1.0
exp5_stow2.0_walk1.0,back_to_front,baseline,12370,25,2371,1800,86,131.73333333333332,299,2.0,1.0
exp5_stow2.0_walk1.0,outside_in,baseline,12370,25,1550,914,0,50.16111111111111,141,2.0,1.0
exp5_stow2.0_walk1.0,steffen,baseline,12370,25,887,1269,0,19.4,86,2.0,1.0
exp5_stow2.0_walk1.0,random,baseline,12371,26,1640,564,89,49.76111111111111,168,2.0,1.0
exp5_stow2.0_walk1.0,back_to_front,baseline,12371,26,2188,1250,84,124.34444444444445,310,2.0,1.0
exp5_stow2.0_walk1.0,outside_in,baseline,12371,26,1401,538,0,40.477777777777774,172,2.0,1.0
exp5_stow2.0_walk1.0,steffen,baseline,12371,26,875,345,0,11.427777777777777,57,2.0,1.0
exp5_stow2.0_walk1.0,random,baseline,12372,27,1852,752,85,60.544444444444444,178,2.0,1.0
exp5_stow2.0_walk1.0,back_to_front,baseline,12372,27,2513,1960,97,163.37777777777777,380,2.0,1.0
exp5_stow2.0_walk1.0,outside_in,baseline,12372,27,1561,865,0,56.05555555555556,182,2.0,1.0
exp5_stow2.0_walk1.0,steffen,baseline,12372,27,818,1010,0,16.505555555555556,63,2.0,1.0
exp5_stow2.0_walk1.0,random,baseline,12373,28,1656,895,91,59.80555555555556,205,2.0,1.0
exp5_stow2.0_walk1.0,back_to_front,baseline,12373,28,2192,1886,82,127.77222222222223,322,2.0,1.0
exp5_stow2.0_walk1.0,outside_in,baseline,12373,28,1445,774,0,43.78333333333333,131,2.0,1.0
exp5_stow2.0_walk1.0,steffen,baseline,12373,28,842,1369,0,18.072222222222223,54,2.0,1.0
exp5_stow2.0_walk1.0,random,baseline,12374,29,1626,815,81,59.016666666666666,195,2.0,1.0
exp5_stow2.0_walk1.0,back_to_front,baseline,12374,29,2323,1828,88,141.25,354,2.0,1.0
exp5_stow2.0_walk1.0,outside_in,baseline,12374,29,1409,750,0,43.05,131,2.0,1.0
exp5_stow2.0_walk1.0,steffen,baseline,12374,29,824,989,0,15.28888888888889,59,2.0,1.0
exp5_stow2.0_walk1.0,random,baseline,12375,30,1678,920,101,54.06666666666667,151,2.0,1.0
exp5_stow2.0_walk1.0,back_to_front,baseline,12375,30,2273,1800,98,138.42777777777778,327,2.0,1.0
exp5_stow2.0_walk1.0,outside_in,baseline,12375,30,1503,826,0,46.02777777777778,127,2.0,1.0
exp5_stow2.0_walk1.0,steffen,baseline,12375,30,842,1162,0,18.288888888888888,64,2.0,1.0
exp5_stow2.0_walk1.0,random,baseline,12376,31,1827,982,89,62.272222222222226,171,2.0,1.0
exp5_stow2.0_walk1.0,back_to_front,baseline,12376,31,2378,1867,86,144.9777777777778,326,2.0,1.0
exp5_stow2.0_walk1.0,outside_in,baseline,12376,31,1446,966,0,49.68888888888889,141,2.0,1.0
exp5_stow2.0_walk1.0,steffen,baseline,12376,31,886,1748,0,22.444444444444443,89,2.0,1.0
exp5_stow2.0_walk1.0,random,baseline,12377,32,1727,670,79,57.31666666666667,186,2.0,1.0
exp5_stow2.0_walk1.0,back_to_front,baseline,12377,32,2658,1623,88,168.08333333333334,411,2.0,1.0
exp5_stow2.0_walk1.0,outside_in,baseline,12377,32,1452,594,0,44.483333333333334,137,2.0,1.0
exp5_stow2.0_walk1.0,steffen,baseline,12377,32,843,740,0,16.377777777777776,73,2.0,1.0
exp5_stow2.0_walk1.0,random,baseline,12378,33,1603,871,95,57.522222222222226,156,2.0,1.0
exp5_stow2.0_walk1.0,back_to_front,baseline,12378,33,2371,1976,97,155.58333333333334,341,2.0,1.0
exp5_stow2.0_walk1.0,outside_in,baseline,12378,33,1331,1011,0,54.1,167,2.0,1.0
exp5_stow2.0_walk1.0,steffen,baseline,12378,33,824,1151,0,18.272222222222222,80,2.0,1.0
exp5_stow2.0_walk1.0,random,baseline,12379,34,1610,878,82,52.86666666666667,192,2.0,1.0
exp5_stow2.0_walk1.0,back_to_front,baseline,12379,34,2309,1499,89,148.25,368,2.0,1.0
exp5_stow2.0_walk1.0,outside_in,baseline,12379,34,1497,646,0,43.86666666666667,146,2.0,1.0
exp5_stow2.0_walk1.0,steffen,baseline,12379,34,849,1015,0,16.477777777777778,70,2.0,1.0
exp5_stow2.0_walk1.0,random,baseline,12380,35,1532,944,79,47.53888888888889,162,2.0,1.0
exp5_stow2.0_walk1.0,back_to_front,baseline,12380,35,2247,1888,88,130.03333333333333,276,2.0,1.0
exp5_stow2.0_walk1.0,outside_in,baseline,12380,35,1457,974,0,52.01111111111111,153,2.0,1.0
exp5_stow2.0_walk1.0,steffen,baseline,12380,35,845,1612,0,19.4,68,2.0,1.0
exp5_stow2.0_walk1.0,random,baseline,12381,36,1677,818,83,63.86666666666667,176,2.0,1.0
exp5_stow2.0_walk1.0,back_to_front,baseline,12381,36,2449,2021,87,153.95555555555555,333,2.0,1.0
exp5_stow2.0_walk1.0,outside_in,baseline,12381,36,1588,761,0,47.62777777777778,136,2.0,1.0
exp5_stow2.0_walk1.0,steffen,baseline,12381,36,843,1464,0,19.961111111111112,68,2.0,1.0
exp5_stow2.0_walk1.0,random,baseline,12382,37,1810,896,96,66.56666666666666,171,2.0,1.0
exp5_stow2.0_walk1.0,back_to_front,baseline,12382,37,2572,1814,100,166.7,445,2.0,1.0
exp5_stow2.0_walk1.0,outside_in,baseline,12382,37,1560,674,0,41.705555555555556,114,2.0,1.0
exp5_stow2.0_walk1.0,steffen,baseline,12382,37,883,1291,0,19.216666666666665,88,2.0,1.0
exp5_stow2.0_walk1.0,random,baseline,12383,38,1577,916,89,58.28888888888889,162,2.0,1.0
exp5_stow2.0_walk1.0,back_to_front,baseline,12383,38,2439,1794,96,148.63888888888889,307,2.0,1.0
exp5_stow2.0_walk1.0,outside_in,baseline,12383,38,1475,819,0,46.327777777777776,136,2.0,1.0
exp5_stow2.0_walk1.0,steffen,baseline,12383,38,813,1717,0,19.927777777777777,68,2.0,1.0
exp5_stow2.0_walk1.0,random,baseline,12384,39,1646,852,102,50.19444444444444,139,2.0,1.0
exp5_stow2.0_walk1.0,back_to_front,baseline,12384,39,2370,1765,93,139.37222222222223,344,2.0,1.0
exp5_stow2.0_walk1.0,outside_in,baseline,12384,39,1467,820,0,44.63333333333333,122,2.0,1.0
exp5_stow2.0_walk1.0,steffen,baseline,12384,39,854,1017,0,16.594444444444445,72,2.0,1.0
exp5_stow2.0_walk1.0,random,baseline,12385,40,1680,802,90,49.82222222222222,132,2.0,1.0
exp5_stow2.0_walk1.0,back_to_front,baseline,12385,40,2241,1738,93,142.72222222222223,428,2.0,1.0
exp5_stow2.0_walk1.0,outside_in,baseline,12385,40,1502,852,0,53.855555555555554,155,2.0,1.0
exp5_stow2.0_walk1.0,steffen,baseline,12385,40,857,1374,0,20.238888888888887,62,2.0,1.0
exp5_stow2.0_walk1.0,random,baseline,12386,41,1639,727,95,50.86666666666667,176,2.0,1.0
exp5_stow2.0_walk1.0,back_to_front,baseline,12386,41,2201,1640,74,134.12222222222223,350,2.0,1.0
exp5_stow2.0_walk1.0,outside_in,baseline,12386,41,1367,592,0,41.9,167,2.0,1.0
exp5_stow2.0_walk1.0,steffen,baseline,12386,41,873,801,0,14.322222222222223,71,2.0,1.0
exp5_stow2.0_walk1.0,random,baseline,12387,42,1655,825,90,46.41111111111111,145,2.0,1.0
exp5_stow2.0_walk1.0,back_to_front,baseline,12387,42,2409,1717,96,149.63888888888889,349,2.0,1.0
exp5_stow2.0_walk1.0,outside_in,baseline,12387,42,1374,819,0,41.955555555555556,131,2.0,1.0
exp5_stow2.0_walk1.0,steffen,baseline,12387,42,842,1163,0,17.683333333333334,77,2.0,1.0
exp5_stow2.0_walk1.0,random,baseline,12388,43,1662,790,90,46.62777777777778,157,2.0,1.0
exp5_stow2.0_walk1.0,back_to_front,baseline,12388,43,2365,1778,99,133.31666666666666,294,2.0,1.0
exp5_stow2.0_walk1.0,outside_in,baseline,12388,43,1617,793,0,50.044444444444444,143,2.0,1.0
exp5_stow2.0_walk1.0,steffen,baseline,12388,43,847,1256,0,16.594444444444445,68,2.0,1.0
exp5_stow2.0_walk1.0,random,baseline,12389,44,1642,831,97,49.983333333333334,176,2.0,1.0
exp5_stow2.0_walk1.0,back_to_front,baseline,12389,44,2209,1558,80,130.7277777777778,315,2.0,1.0
exp5_stow2.0_walk1.0,outside_in,baseline,12389,44,1517,756,0,45.638888888888886,139,2.0,1.0
exp5_stow2.0_walk1.0,steffen,baseline,12389,44,848,1240,0,17.25,63,2.0,1.0
exp5_stow2.0_walk1.0,random,baseline,12390,45,1721,758,92,49.083333333333336,154,2.0,1.0
exp5_stow2.0_walk1.0,back_to_front,baseline,12390,45,2322,1983,96,142.76666666666668,370,2.0,1.0
exp5_stow2.0_walk1.0,outside_in,baseline,12390,45,1511,811,0,44.65,129,2.0,1.0
exp5_stow2.0_walk1.0,steffen,baseline,12390,45,898,1175,0,17.133333333333333,88,2.0,1.0
exp5_stow2.0_walk1.0,random,baseline,12391,46,1844,877,91,57.37777777777778,139,2.0,1.0
exp5_stow2.0_walk1.0,back_to_front,baseline,12391,46,2565,1752,92,146.92222222222222,313,2.0,1.0
exp5_stow2.0_walk1.0,outside_in,baseline,12391,46,1665,807,0,50.37222222222222,123,2.0,1.0
exp5_stow2.0_walk1.0,steffen,baseline,12391,46,893,1444,0,20.622222222222224,78,2.0,1.0
exp5_stow2.0_walk1.0,random,baseline,12392,47,1842,1095,90,63.77777777777778,181,2.0,1.0
exp5_stow2.0_walk1.0,back_to_front,baseline,12392,47,2454,1935,85,149.25,363,2.0,1.0
exp5_stow2.0_walk1.0,outside_in,baseline,12392,47,1566,936,0,49.57222222222222,157,2.0,1.0
exp5_stow2.0_walk1.0,steffen,baseline,12392,47,848,1910,0,21.033333333333335,60,2.0,1.0
exp5_stow2.0_walk1.0,random,baseline,12393,48,1788,905,101,53.833333333333336,132,2.0,1.0
exp5_stow2.0_walk1.0,back_to_front,baseline,12393,48,2467,1716,105,148.48333333333332,363,2.0,1.0
exp5_stow2.0_walk1.0,outside_in,baseline,12393,48,1620,731,0,41.522222222222226,116,2.0,1.0
exp5_stow2.0_walk1.0,steffen,baseline,12393,48,863,1688,0,20.294444444444444,61,2.0,1.0
exp5_stow2.0_walk1.0,random,baseline,12394,49,1640,988,85,61.21111111111111,188,2.0,1.0
exp5_stow2.0_walk1.0,back_to_front,baseline,12394,49,2490,1584,79,141.2,358,2.0,1.0
exp5_stow2.0_walk1.0,outside_in,baseline,12394,49,1499,891,0,50.61666666666667,172,2.0,1.0
exp5_stow2.0_walk1.0,steffen,baseline,12394,49,876,1021,0,16.177777777777777,61,2.0,1.0
exp5_stow2.0_walk1.0,random,baseline,12395,50,1484,792,90,53.583333333333336,205,2.0,1.0
exp5_stow2.0_walk1.0,back_to_front,baseline,12395,50,2171,1615,93,138.63333333333333,405,2.0,1.0
exp5_stow2.0_walk1.0,outside_in,baseline,12395,50,1375,695,0,40.56666666666667,125,2.0,1.0
exp5_stow2.0_walk1.0,steffen,baseline,12395,50,826,871,0,15.88888888888889,59,2.0,1.0
exp5_stow2.0_walk1.0,random,baseline,12396,51,1804,766,97,62.672222222222224,181,2.0,1.0
exp5_stow2.0_walk1.0,back_to_front,baseline,12396,51,2380,1911,90,148.89444444444445,394,2.0,1.0
exp5_stow2.0_walk1.0,outside_in,baseline,12396,51,1472,716,0,39.98888888888889,127,2.0,1.0
exp5_stow2.0_walk1.0,steffen,baseline,12396,51,867,1251,0,18.22222222222222,103,2.0,1.0
exp5_stow2.0_walk1.0,random,baseline,12397,52,1534,800,90,51.4,173,2.0,1.0
exp5_stow2.0_walk1.0,back_to_front,baseline,12397,52,2180,1813,91,139.7111111111111,348,2.0,1.0
exp5_stow2.0_walk1.0,outside_in,baseline,12397,52,1416,623,0,39.016666666666666,149,2.0,1.0
exp5_stow2.0_walk1.0,steffen,baseline,12397,52,832,949,0,14.855555555555556,72,2.0,1.0
exp5_stow2.0_walk1.0,random,baseline,12398,53,1562,695,79,46.96666666666667,180,2.0,1.0
exp5_stow2.0_walk1.0,back_to_front,baseline,12398,53,2277,1738,97,136.9777777777778,371,2.0,1.0
exp5_stow2.0_walk1.0,outside_in,baseline,12398,53,1468,756,0,41.46666666666667,125,2.0,1.0
exp5_stow2.0_walk1.0,steffen,baseline,12398,53,854,1163,0,16.122222222222224,67,2.0,1.0
exp5_stow2.0_walk1.0,random,baseline,12399,54,1824,719,98,59.56111111111111,176,2.0,1.0
exp5_stow2.0_walk1.0,back_to_front,baseline,12399,54,2523,1578,90,160.51111111111112,413,2.0,1.0
exp5_stow2.0_walk1.0,outside_in,baseline,12399,54,1560,734,0,48.6,152,2.0,1.0
exp5_stow2.0_walk1.0,steffen,baseline,12399,54,855,686,0,15.3,75,2.0,1.0
exp5_stow2.0_walk1.0,random,baseline,12400,55,1782,806,88,61.93333333333333,157,2.0,1.0
exp5_stow2.0_walk1.0,back_to_front,baseline,12400,55,2191,1662,89,142.1,404,2.0,1.0
exp5_stow2.0_walk1.0,outside_in,baseline,12400,55,1409,871,0,45.605555555555554,153,2.0,1.0
exp5_stow2.0_walk1.0,steffen,baseline,12400,55,784,1092,0,16.444444444444443,63,2.0,1.0
exp5_stow2.0_walk1.0,random,baseline,12401,56,1673,952,85,60.43333333333333,160,2.0,1.0
exp5_stow2.0_walk1.0,back_to_front,baseline,12401,56,2353,1671,93,151.67777777777778,400,2.0,1.0
exp5_stow2.0_walk1.0,outside_in,baseline,12401,56,1400,896,0,48.81111111111111,140,2.0,1.0
exp5_stow2.0_walk1.0,steffen,baseline,12401,56,822,968,0,17.066666666666666,69,2.0,1.0
exp5_stow2.0_walk1.0,random,baseline,12402,57,1722,733,104,61.27777777777778,214,2.0,1.0
exp5_stow2.0_walk1.0,back_to_front,baseline,12402,57,2280,1583,90,130.2277777777778,306,2.0,1.0
exp5_stow2.0_walk1.0,outside_in,baseline,12402,57,1513,691,0,47.55555555555556,142,2.0,1.0
exp5_stow2.0_walk1.0,steffen,baseline,12402,57,861,903,0,16.18888888888889,77,2.0,1.0
exp5_stow2.0_walk1.0,random,baseline,12403,58,1808,784,84,63.022222222222226,172,2.0,1.0
exp5_stow2.0_walk1.0,back_to_front,baseline,12403,58,2371,1852,85,137.01111111111112,313,2.0,1.0
exp5_stow2.0_walk1.0,outside_in,baseline,12403,58,1495,732,0,45.394444444444446,150,2.0,1.0
exp5_stow2.0_walk1.0,steffen,baseline,12403,58,862,956,0,16.08888888888889,71,2.0,1.0
exp5_stow2.0_walk1.0,random,baseline,12404,59,1735,787,85,52.62777777777778,151,2.0,1.0
exp5_stow2.0_walk1.0,back_to_front,baseline,12404,59,2519,1840,84,147.99444444444444,352,2.0,1.0
exp5_stow2.0_walk1.0,outside_in,baseline,12404,59,1619,601,0,42.77777777777778,151,2.0,1.0
exp5_stow2.0_walk1.0,steffen,baseline,12404,59,922,830,0,15.844444444444445,70,2.0,1.0
exp5_stow2.0_walk1.0,random,baseline,12405,60,1786,836,98,60.861111111111114,231,2.0,1.0
exp5_stow2.0_walk1.0,back_to_front,baseline,12405,60,2443,1840,98,145.37777777777777,329,2.0,1.0
exp5_stow2.0_walk1.0,outside_in,baseline,12405,60,1517,841,0,47.65,157,2.0,1.0
exp5_stow2.0_walk1.0,steffen,baseline,12405,60,881,1448,0,19.944444444444443,99,2.0,1.0
exp5_stow2.0_walk1.0,random,baseline,12406,61,1645,935,96,56.38333333333333,165,2.0,1.0
exp5_stow2.0_walk1.0,back_to_front,baseline,12406,61,2618,2006,87,171.1611111111111,409,2.0,1.0
exp5_stow2.0_walk1.0,outside_in,baseline,12406,61,1516,775,0,47.95,171,2.0,1.0
exp5_stow2.0_walk1.0,steffen,baseline,12406,61,845,1729,0,20.538888888888888,69,2.0,1.0
exp5_stow2.0_walk1.0,random,baseline,12407,62,1587,677,88,49.87777777777778,172,2.0,1.0
exp5_stow2.0_walk1.0,back_to_front,baseline,12407,62,2390,1450,93,144.30555555555554,372,2.0,1.0
exp5_stow2.0_walk1.0,outside_in,baseline,12407,62,1405,690,0,40.27777777777778,159,2.0,1.0
exp5_stow2.0_walk1.0,steffen,baseline,12407,62,848,769,0,15.422222222222222,68,2.0,1.0
exp5_stow2.0_walk1.0,random,baseline,12408,63,1713,812,93,57.05555555555556,157,2.0,1.0
exp5_stow2.0_walk1.0,back_to_front,baseline,12408,63,2522,1912,96,156.01111111111112,377,2.0,1.0
exp5_stow2.0_walk1.0,outside_in,baseline,12408,63,1651,995,0,52.96666666666667,132,2.0,1.0
exp5_stow2.0_walk1.0,steffen,baseline,12408,63,879,1572,0,20.961111111111112,82,2.0,1.0
exp5_stow2.0_walk1.0,random,baseline,12409,64,1831,813,95,52.044444444444444,167,2.0,1.0
exp5_stow2.0_walk1.0,back_to_front,baseline,12409,64,2398,2039,97,165.35,422,2.0,1.0
exp5_stow2.0_walk1.0,outside_in,baseline,12409,64,1531,820,0,42.84444444444444,127,2.0,1.0
exp5_stow2.0_walk1.0,steffen,baseline,12409,64,811,1342,0,17.627777777777776,78,2.0,1.0
exp5_stow2.0_walk1.0,random,baseline,12410,65,1659,905,91,51.93888888888889,145,2.0,1.0
exp5_stow2.0_walk1.0,back_to_front,baseline,12410,65,2346,1639,97,152.11666666666667,360,2.0,1.0
exp5_stow2.0_walk1.0,outside_in,baseline,12410,65,1437,747,0,46.37222222222222,145,2.0,1.0
exp5_stow2.0_walk1.0,steffen,baseline,12410,65,850,992,0,15.86111111111111,60,2.0,1.0
exp5_stow2.0_walk1.0,random,baseline,12411,66,1779,880,96,61.861111111111114,210,2.0,1.0
exp5_stow2.0_walk1.0,back_to_front,baseline,12411,66,2562,1772,96,160.34444444444443,443,2.0,1.0
exp5_stow2.0_walk1.0,outside_in,baseline,12411,66,1490,727,0,49.59444444444444,179,2.0,1.0
exp5_stow2.0_walk1.0,steffen,baseline,12411,66,868,1495,0,20.144444444444446,90,2.0,1.0
exp5_stow2.0_walk1.0,random,baseline,12412,67,1727,834,78,66.08888888888889,217,2.0,1.0
exp5_stow2.0_walk1.0,back_to_front,baseline,12412,67,2502,1807,98,150.50555555555556,348,2.0,1.0
exp5_stow2.0_walk1.0,outside_in,baseline,12412,67,1545,731,0,45.71666666666667,142,2.0,1.0
exp5_stow2.0_walk1.0,steffen,baseline,12412,67,861,1430,0,18.194444444444443,64,2.0,1.0
exp5_stow2.0_walk1.0,random,baseline,12413,68,1699,720,107,54.583333333333336,187,2.0,1.0
exp5_stow2.0_walk1.0,back_to_front,baseline,12413,68,2517,1685,83,158.85555555555555,401,2.0,1.0
exp5_stow2.0_walk1.0,outside_in,baseline,12413,68,1380,899,0,50.233333333333334,145,2.0,1.0
exp5_stow2.0_walk1.0,steffen,baseline,12413,68,861,1538,0,21.144444444444446,86,2.0,1.0
exp5_stow2.0_walk1.0,random,baseline,12414,69,1851,840,86,63.74444444444445,166,2.0,1.0
exp5_stow2.0_walk1.0,back_to_front,baseline,12414,69,2401,1991,85,146.62777777777777,355,2.0,1.0
exp5_stow2.0_walk1.0,outside_in,baseline,12414,69,1558,850,0,44.44444444444444,185,2.0,1.0
exp5_stow2.0_walk1.0,steffen,baseline,12414,69,865,1151,0,18.2,91,2.0,1.0
exp5_stow2.0_walk1.0,random,baseline,12415,70,1616,790,90,49.044444444444444,150,2.0,1.0
exp5_stow2.0_walk1.0,back_to_front,baseline,12415,70,2385,1856,88,153.9,357,2.0,1.0
exp5_stow2.0_walk1.0,outside_in,baseline,12415,70,1610,815,0,52.22222222222222,175,2.0,1.0
exp5_stow2.0_walk1.0,steffen,baseline,12415,70,890,1169,0,17.677777777777777,71,2.0,1.0
exp5_stow2.0_walk1.0,random,baseline,12416,71,1635,766,81,47.08888888888889,178,2.0,1.0
exp5_stow2.0_walk1.0,back_to_front,baseline,12416,71,2389,1789,92,148.3,313,2.0,1.0
exp5_stow2.0_walk1.0,outside_in,baseline,12416,71,1513,649,0,44.083333333333336,118,2.0,1.0
exp5_stow2.0_walk1.0,steffen,baseline,12416,71,891,1424,0,19.288888888888888,89,2.0,1.0
exp5_stow2.0_walk1.0,random,baseline,12417,72,1729,786,85,52.9,142,2.0,1.0
exp5_stow2.0_walk1.0,back_to_front,baseline,12417,72,2359,1778,93,142.65555555555557,377,2.0,1.0
exp5_stow2.0_walk1.0,outside_in,baseline,12417,72,1663,900,0,46.861111111111114,140,2.0,1.0
exp5_stow2.0_walk1.0,steffen,baseline,12417,72,846,1405,0,19.77777777777778,64,2.0,1.0
exp5_stow2.0_walk1.0,random,baseline,12418,73,1750,1014,89,66.42222222222222,256,2.0,1.0
exp5_stow2.0_walk1.0,back_to_front,baseline,12418,73,2330,1897,93,154.51111111111112,368,2.0,1.0
exp5_stow2.0_walk1.0,outside_in,baseline,12418,73,1447,1063,0,53.82222222222222,183,2.0,1.0
exp5_stow2.0_walk1.0,steffen,baseline,12418,73,792,1607,0,19.522222222222222,75,2.0,1.0
exp5_stow2.0_walk1.0,random,baseline,12419,74,1755,825,92,64.21666666666667,187,2.0,1.0
exp5_stow2.0_walk1.0,back_to_front,baseline,12419,74,2334,1858,80,134.10555555555555,352,2.0,1.0
exp5_stow2.0_walk1.0,outside_in,baseline,12419,74,1561,707,0,43.12777777777778,137,2.0,1.0
exp5_stow2.0_walk1.0,steffen,baseline,12419,74,861,1122,0,17.216666666666665,75,2.0,1.0
exp5_stow2.0_walk1.0,random,baseline,12420,75,1657,771,93,50.766666666666666,154,2.0,1.0
exp5_stow2.0_walk1.0,back_to_front,baseline,12420,75,2499,1741,89,151.95,415,2.0,1.0
exp5_stow2.0_walk1.0,outside_in,baseline,12420,75,1462,736,0,45.605555555555554,155,2.0,1.0
exp5_stow2.0_walk1.0,steffen,baseline,12420,75,866,1086,0,16.9,65,2.0,1.0
exp5_stow2.0_walk1.0,random,baseline,12421,76,1735,826,98,61.38333333333333,210,2.0,1.0
exp5_stow2.0_walk1.0,back_to_front,baseline,12421,76,2295,1662,86,153.50555555555556,343,2.0,1.0
exp5_stow2.0_walk1.0,outside_in,baseline,12421,76,1506,888,0,49.5,137,2.0,1.0
exp5_stow2.0_walk1.0,steffen,baseline,12421,76,863,1497,0,20.655555555555555,69,2.0,1.0
exp5_stow2.0_walk1.0,random,baseline,12422,77,1773,867,87,64.63888888888889,192,2.0,1.0
exp5_stow2.0_walk1.0,back_to_front,baseline,12422,77,2475,1976,79,160.45,373,2.0,1.0
exp5_stow2.0_walk1.0,outside_in,baseline,12422,77,1434,730,0,44.394444444444446,134,2.0,1.0
exp5_stow2.0_walk1.0,steffen,baseline,12422,77,862,1541,0,20.372222222222224,73,2.0,1.0
exp5_stow2.0_walk1.0,random,baseline,12423,78,1676,897,99,61.13333333333333,252,2.0,1.0
exp5_stow2.0_walk1.0,back_to_front,baseline,12423,78,2618,1889,89,170.99444444444444,468,2.0,1.0
exp5_stow2.0_walk1.0,outside_in,baseline,12423,78,1535,764,0,48.794444444444444,143,2.0,1.0
exp5_stow2.0_walk1.0,steffen,baseline,12423,78,859,1166,0,18.666666666666668,77,2.0,1.0
exp5_stow2.0_walk1.0,random,baseline,12424,79,1648,760,87,45.016666666666666,142,2.0,1.0
exp5_stow2.0_walk1.0,back_to_front,baseline,12424,79,2312,1738,91,133.48888888888888,341,2.0,1.0
exp5_stow2.0_walk1.0,outside_in,baseline,12424,79,1412,738,0,37.75,107,2.0,1.0
exp5_stow2.0_walk1.0,steffen,baseline,12424,79,866,985,0,15.438888888888888,57,2.0,1.0
exp5_stow2.0_walk1.0,random,baseline,12425,80,1636,754,97,51.01111111111111,153,2.0,1.0
exp5_stow2.0_walk1.0,back_to_front,baseline,12425,80,2318,1774,95,157.55,456,2.0,1.0
exp5_stow2.0_walk1.0,outside_in,baseline,12425,80,1570,697,0,45.25555555555555,158,2.0,1.0
exp5_stow2.0_walk1.0,steffen,baseline,12425,80,857,884,0,15.827777777777778,55,2.0,1.0
exp5_stow2.0_walk1.0,random,baseline,12426,81,1737,890,97,62.55,243,2.0,1.0
exp5_stow2.0_walk1.0,back_to_front,baseline,12426,81,2265,1828,77,135.86666666666667,287,2.0,1.0
exp5_stow2.0_walk1.0,outside_in,baseline,12426,81,1434,870,0,49.705555555555556,159,2.0,1.0
exp5_stow2.0_walk1.0,steffen,baseline,12426,81,798,1233,0,17.08888888888889,62,2.0,1.0
exp5_stow2.0_walk1.0,random,baseline,12427,82,1677,759,81,52.083333333333336,144,2.0,1.0
exp5_stow2.0_walk1.0,back_to_front,baseline,12427,82,2514,1943,91,176.2277777777778,409,2.0,1.0
exp5_stow2.0_walk1.0,outside_in,baseline,12427,82,1475,753,0,50.80555555555556,176,2.0,1.0
exp5_stow2.0_walk1.0,steffen,baseline,12427,82,814,1064,0,17.272222222222222,75,2.0,1.0
exp5_stow2.0_walk1.0,random,baseline,12428,83,1706,889,80,62.19444444444444,184,2.0,1.0
exp5_stow2.0_walk1.0,back_to_front,baseline,12428,83,2404,1730,93,151.03333333333333,330,2.0,1.0
exp5_stow2.0_walk1.0,outside_in,baseline,12428,83,1574,600,0,46.105555555555554,143,2.0,1.0
exp5_stow2.0_walk1.0,steffen,baseline,12428,83,860,1227,0,17.92222222222222,65,2.0,1.0
exp5_stow2.0_walk1.0,random,baseline,12429,84,1884,810,87,63.922222222222224,211,2.0,1.0
exp5_stow2.0_walk1.0,back_to_front,baseline,12429,84,2618,1721,96,157.07777777777778,329,2.0,1.0
exp5_stow2.0_walk1.0,outside_in,baseline,12429,84,1609,761,0,47.71111111111111,139,2.0,1.0
exp5_stow2.0_walk1.0,steffen,baseline,12429,84,914,1153,0,18.11111111111111,99,2.0,1.0
exp5_stow2.0_walk1.0,random,baseline,12430,85,1777,793,103,58.95,211,2.0,1.0
exp5_stow2.0_walk1.0,back_to_front,baseline,12430,85,2476,1505,87,151.4,325,2.0,1.0
exp5_stow2.0_walk1.0,outside_in,baseline,12430,85,1591,812,0,52.4,141,2.0,1.0
exp5_stow2.0_walk1.0,steffen,baseline,12430,85,852,1380,0,17.877777777777776,56,2.0,1.0
exp5_stow2.0_walk1.0,random,baseline,12431,86,1949,717,97,60.93333333333333,223,2.0,1.0
exp5_stow2.0_walk1.0,back_to_front,baseline,12431,86,2314,1740,84,147.36111111111111,342,2.0,1.0
exp5_stow2.0_walk1.0,outside_in,baseline,12431,86,1553,722,0,45.78888888888889,133,2.0,1.0
exp5_stow2.0_walk1.0,steffen,baseline,12431,86,828,1148,0,18.15,59,2.0,1.0
exp5_stow2.0_walk1.0,random,baseline,12432,87,1573,868,95,45.583333333333336,136,2.0,1.0
exp5_stow2.0_walk1.0,back_to_front,baseline,12432,87,2391,1830,92,156.01111111111112,353,2.0,1.0
exp5_stow2.0_walk1.0,outside_in,baseline,12432,87,1488,786,0,41.766666666666666,145,2.0,1.0
exp5_stow2.0_walk1.0,steffen,baseline,12432,87,848,1724,0,19.61111111111111,64,2.0,1.0
exp5_stow2.0_walk1.0,random,baseline,12433,88,1751,713,90,56.233333333333334,175,2.0,1.0
exp5_stow2.0_walk1.0,back_to_front,baseline,12433,88,2367,1634,83,145.68333333333334,418,2.0,1.0
exp5_stow2.0_walk1.0,outside_in,baseline,12433,88,1451,586,0,43.27777777777778,141,2.0,1.0
exp5_stow2.0_walk1.0,steffen,baseline,12433,88,840,1356,0,18.844444444444445,67,2.0,1.0
exp5_stow2.0_walk1.0,random,baseline,12434,89,1638,746,92,50.83888888888889,193,2.0,1.0
exp5_stow2.0_walk1.0,back_to_front,baseline,12434,89,2180,1860,84,140.55555555555554,378,2.0,1.0
exp5_stow2.0_walk1.0,outside_in,baseline,12434,89,1460,801,0,46.47222222222222,131,2.0,1.0
exp5_stow2.0_walk1.0,steffen,baseline,12434,89,818,1050,0,15.95,63,2.0,1.0
exp5_stow2.0_walk1.0,random,baseline,12435,90,1681,893,100,59.63333333333333,202,2.0,1.0
exp5_stow2.0_walk1.0,back_to_front,baseline,12435,90,2486,1691,87,155.93333333333334,368,2.0,1.0
exp5_stow2.0_walk1.0,outside_in,baseline,12435,90,1583,930,0,57.31111111111111,168,2.0,1.0
exp5_stow2.0_walk1.0,steffen,baseline,12435,90,850,1222,0,18.733333333333334,68,2.0,1.0
exp5_stow2.0_walk1.0,random,baseline,12436,91,1560,788,101,56.0,244,2.0,1.0
exp5_stow2.0_walk1.0,back_to_front,baseline,12436,91,2482,1555,85,168.31666666666666,452,2.0,1.0
exp5_stow2.0_walk1.0,outside_in,baseline,12436,91,1399,725,0,44.477777777777774,128,2.0,1.0
exp5_stow2.0_walk1.0,steffen,baseline,12436,91,795,925,0,15.65,59,2.0,1.0
exp5_stow2.0_walk1.0,random,baseline,12437,92,1693,674,93,61.205555555555556,165,2.0,1.0
exp5_stow2.0_walk1.0,back_to_front,baseline,12437,92,2382,1407,93,150.0,375,2.0,1.0
exp5_stow2.0_walk1.0,outside_in,baseline,12437,92,1459,683,0,53.65,202,2.0,1.0
exp5_stow2.0_walk1.0,steffen,baseline,12437,92,849,596,0,15.166666666666666,71,2.0,1.0
exp5_stow2.0_walk1.0,random,baseline,12438,93,1544,722,94,58.05,233,2.0,1.0
exp5_stow2.0_walk1.0,back_to_front,baseline,12438,93,2528,1687,87,157.60555555555555,395,2.0,1.0
exp5_stow2.0_walk1.0,outside_in,baseline,12438,93,1499,806,0,46.77777777777778,129,2.0,1.0
exp5_stow2.0_walk1.0,steffen,baseline,12438,93,860,1095,0,17.927777777777777,63,2.0,1.0
exp5_stow2.0_walk1.0,random,baseline,12439,94,1614,865,92,51.50555555555555,164,2.0,1.0
exp5_stow2.0_walk1.0,back_to_front,baseline,12439,94,2265,1785,89,149.5611111111111,393,2.0,1.0
exp5_stow2.0_walk1.0,outside_in,baseline,12439,94,1496,894,0,52.31111111111111,177,2.0,1.0
exp5_stow2.0_walk1.0,steffen,baseline,12439,94,816,1614,0,19.572222222222223,74,2.0,1.0
exp5_stow2.0_walk1.0,random,baseline,12440,95,1780,912,89,62.166666666666664,274,2.0,1.0
exp5_stow2.0_walk1.0,back_to_front,baseline,12440,95,2311,1961,93,153.17222222222222,407,2.0,1.0
exp5_stow2.0_walk1.0,outside_in,baseline,12440,95,1566,813,0,56.544444444444444,155,2.0,1.0
exp5_stow2.0_walk1.0,steffen,baseline,12440,95,830,1672,0,23.122222222222224,84,2.0,1.0
exp5_stow2.0_walk1.0,random,baseline,12441,96,1842,752,90,57.21666666666667,203,2.0,1.0
exp5_stow2.0_walk1.0,back_to_front,baseline,12441,96,2173,1554,88,128.53333333333333,305,2.0,1.0
exp5_stow2.0_walk1.0,outside_in,baseline,12441,96,1513,677,0,45.45,145,2.0,1.0
exp5_stow2.0_walk1.0,steffen,baseline,12441,96,842,870,0,16.488888888888887,63,2.0,1.0
exp5_stow2.0_walk1.0,random,baseline,12442,97,1705,754,93,58.02777777777778,156,2.0,1.0
exp5_stow2.0_walk1.0,back_to_front,baseline,12442,97,2519,2030,93,160.2111111111111,355,2.0,1.0
exp5_stow2.0_walk1.0,outside_in,baseline,12442,97,1581,827,0,61.36666666666667,185,2.0,1.0
exp5_stow2.0_walk1.0,steffen,baseline,12442,97,867,1721,0,22.38888888888889,75,2.0,1.0
exp5_stow2.0_walk1.0,random,baseline,12443,98,1759,705,85,62.772222222222226,189,2.0,1.0
exp5_stow2.0_walk1.0,back_to_front,baseline,12443,98,2418,1393,87,150.33333333333334,332,2.0,1.0
exp5_stow2.0_walk1.0,outside_in,baseline,12443,98,1549,648,0,55.861111111111114,140,2.0,1.0
exp5_stow2.0_walk1.0,steffen,baseline,12443,98,826,716,0,16.77777777777778,66,2.0,1.0
exp5_stow2.0_walk1.0,random,baseline,12444,99,1616,795,84,56.83888888888889,188,2.0,1.0
exp5_stow2.0_walk1.0,back_to_front,baseline,12444,99,2261,1573,93,143.88888888888889,378,2.0,1.0
exp5_stow2.0_walk1.0,outside_in,baseline,12444,99,1528,793,0,45.67777777777778,121,2.0,1.0
exp5_stow2.0_walk1.0,steffen,baseline,12444,99,831,962,0,14.472222222222221,67,2.0,1.0
exp5_stow2.0_walk1.0,random,baseline,12445,100,1597,793,91,58.25,154,2.0,1.0
exp5_stow2.0_walk1.0,back_to_front,baseline,12445,100,2332,1842,85,152.39444444444445,369,2.0,1.0
exp5_stow2.0_walk1.0,outside_in,baseline,12445,100,1434,824,0,41.75,130,2.0,1.0
exp5_stow2.0_walk1.0,steffen,baseline,12445,100,804,1328,0,17.005555555555556,72,2.0,1.0
exp5_stow2.0_walk1.0,random,baseline,12446,101,1544,825,97,52.98888888888889,220,2.0,1.0
exp5_stow2.0_walk1.0,back_to_front,baseline,12446,101,2301,1837,99,154.25555555555556,404,2.0,1.0
exp5_stow2.0_walk1.0,outside_in,baseline,12446,101,1514,798,0,46.59444444444444,139,2.0,1.0
exp5_stow2.0_walk1.0,steffen,baseline,12446,101,881,1172,0,19.0,80,2.0,1.0
exp5_stow2.0_walk1.0,random,baseline,12447,102,1757,612,99,49.37222222222222,173,2.0,1.0
exp5_stow2.0_walk1.0,back_to_front,baseline,12447,102,2427,1674,87,151.37222222222223,483,2.0,1.0
exp5_stow2.0_walk1.0,outside_in,baseline,12447,102,1641,680,0,41.71666666666667,134,2.0,1.0
exp5_stow2.0_walk1.0,steffen,baseline,12447,102,925,1110,0,16.511111111111113,68,2.0,1.0
exp5_stow2.0_walk1.0,random,baseline,12448,103,1676,635,88,60.53888888888889,169,2.0,1.0
exp5_stow2.0_walk1.0,back_to_front,baseline,12448,103,2266,1300,75,143.92777777777778,343,2.0,1.0
exp5_stow2.0_walk1.0,outside_in,baseline,12448,103,1558,572,0,50.27777777777778,162,2.0,1.0
exp5_stow2.0_walk1.0,steffen,baseline,12448,103,812,280,0,11.905555555555555,51,2.0,1.0
exp5_stow2.0_walk1.0,random,baseline,12449,104,1685,698,96,52.66111111111111,179,2.0,1.0
exp5_stow2.0_walk1.0,back_to_front,baseline,12449,104,2116,1822,83,121.82777777777778,284,2.0,1.0
exp5_stow2.0_walk1.0,outside_in,baseline,12449,104,1515,848,0,46.922222222222224,146,2.0,1.0
exp5_stow2.0_walk1.0,steffen,baseline,12449,104,854,1228,0,18.105555555555554,74,2.0,1.0
exp5_stow2.0_walk1.0,random,baseline,12450,105,1725,663,100,51.43333333333333,157,2.0,1.0
exp5_stow2.0_walk1.0,back_to_front,baseline,12450,105,2250,1761,86,128.35555555555555,318,2.0,1.0
exp5_stow2.0_walk1.0,outside_in,baseline,12450,105,1440,590,0,41.516666666666666,122,2.0,1.0
exp5_stow2.0_walk1.0,steffen,baseline,12450,105,820,823,0,14.188888888888888,64,2.0,1.0
exp5_stow2.0_walk1.0,random,baseline,12451,106,1779,854,103,62.9,181,2.0,1.0
exp5_stow2.0_walk1.0,back_to_front,baseline,12451,106,2691,1714,83,168.33333333333334,352,2.0,1.0
exp5_stow2.0_walk1.0,outside_in,baseline,12451,106,1694,823,0,53.52777777777778,157,2.0,1.0
exp5_stow2.0_walk1.0,steffen,baseline,12451,106,859,922,0,15.71111111111111,74,2.0,1.0
exp5_stow2.0_walk1.0,random,baseline,12452,107,1596,811,69,55.1,161,2.0,1.0
exp5_stow2.0_walk1.0,back_to_front,baseline,12452,107,2513,1602,93,159.55,375,2.0,1.0
exp5_stow2.0_walk1.0,outside_in,baseline,12452,107,1579,775,0,48.57222222222222,152,2.0,1.0
exp5_stow2.0_walk1.0,steffen,baseline,12452,107,865,1071,0,16.488888888888887,67,2.0,1.0
exp5_stow2.0_walk1.0,random,baseline,12453,108,1784,730,95,51.05555555555556,176,2.0,1.0
exp5_stow2.0_walk1.0,back_to_front,baseline,12453,108,2418,1696,90,147.97222222222223,363,2.0,1.0
exp5_stow2.0_walk1.0,outside_in,baseline,12453,108,1483,724,0,43.93333333333333,134,2.0,1.0
exp5_stow2.0_walk1.0,steffen,baseline,12453,108,862,1473,0,18.36111111111111,61,2.0,1.0
exp5_stow2.0_walk1.0,random,baseline,12454,109,1806,946,81,58.8,171,2.0,1.0
exp5_stow2.0_walk1.0,back_to_front,baseline,12454,109,2819,1763,87,177.12777777777777,391,2.0,1.0
exp5_stow2.0_walk1.0,outside_in,baseline,12454,109,1641,814,0,46.11666666666667,146,2.0,1.0
exp5_stow2.0_walk1.0,steffen,baseline,12454,109,870,1226,0,18.844444444444445,65,2.0,1.0
exp5_stow2.0_walk1.0,random,baseline,12455,110,1788,808,107,57.8,191,2.0,1.0
exp5_stow2.0_walk1.0,back_to_front,baseline,12455,110,2483,1919,91,160.87777777777777,450,2.0,1.0
exp5_stow2.0_walk1.0,outside_in,baseline,12455,110,1471,738,0,47.31666666666667,132,2.0,1.0
exp5_stow2.0_walk1.0,steffen,baseline,12455,110,848,1524,0,20.02777777777778,72,2.0,1.0
exp5_stow2.0_walk1.0,random,baseline,12456,111,1670,980,99,50.95,161,2.0,1.0
exp5_stow2.0_walk1.0,back_to_front,baseline,12456,111,2405,1977,88,151.15,399,2.0,1.0
exp5_stow2.0_walk1.0,outside_in,baseline,12456,111,1493,860,0,47.044444444444444,162,2.0,1.0
exp5_stow2.0_walk1.0,steffen,baseline,12456,111,879,1533,0,19.566666666666666,79,2.0,1.0
exp5_stow2.0_walk1.0,random,baseline,12457,112,1729,731,98,56.21666666666667,146,2.0,1.0
exp5_stow2.0_walk1.0,back_to_front,baseline,12457,112,2333,1530,92,144.56666666666666,426,2.0,1.0
exp5_stow2.0_walk1.0,outside_in,baseline,12457,112,1571,633,0,45.294444444444444,127,2.0,1.0
exp5_stow2.0_walk1.0,steffen,baseline,12457,112,853,650,0,14.527777777777779,51,2.0,1.0
exp5_stow2.0_walk1.0,random,baseline,12458,113,1700,795,90,59.922222222222224,187,2.0,1.0
exp5_stow2.0_walk1.0,back_to_front,baseline,12458,113,2220,1784,81,129.9,294,2.0,1.0
exp5_stow2.0_walk1.0,outside_in,baseline,12458,113,1414,817,0,45.30555555555556,140,2.0,1.0
exp5_stow2.0_walk1.0,steffen,baseline,12458,113,876,1008,0,15.177777777777777,60,2.0,1.0
exp5_stow2.0_walk1.0,random,baseline,12459,114,1684,676,83,65.66666666666667,197,2.0,1.0
exp5_stow2.0_walk1.0,back_to_front,baseline,12459,114,2315,1355,94,140.27777777777777,327,2.0,1.0
exp5_stow2.0_walk1.0,outside_in,baseline,12459,114,1550,700,0,50.17777777777778,180,2.0,1.0
exp5_stow2.0_walk1.0,steffen,baseline,12459,114,836,690,0,14.933333333333334,64,2.0,1.0
exp5_stow2.0_walk1.0,random,baseline,12460,115,1843,878,88,56.71666666666667,139,2.0,1.0
exp5_stow2.0_walk1.0,back_to_front,baseline,12460,115,2477,1806,92,168.14444444444445,441,2.0,1.0
exp5_stow2.0_walk1.0,outside_in,baseline,12460,115,1471,811,0,44.68888888888889,124,2.0,1.0
exp5_stow2.0_walk1.0,steffen,baseline,12460,115,843,1200,0,18.516666666666666,65,2.0,1.0
exp5_stow2.0_walk1.0,random,baseline,12461,116,1470,666,70,44.55,134,2.0,1.0
exp5_stow2.0_walk1.0,back_to_front,baseline,12461,116,2205,1823,71,136.29444444444445,297,2.0,1.0
exp5_stow2.0_walk1.0,outside_in,baseline,12461,116,1411,655,0,39.35,124,2.0,1.0
exp5_stow2.0_walk1.0,steffen,baseline,12461,116,798,1188,0,17.622222222222224,66,2.0,1.0
exp5_stow2.0_walk1.0,random,baseline,12462,117,1681,822,89,57.138888888888886,195,2.0,1.0
exp5_stow2.0_walk1.0,back_to_front,baseline,12462,117,2383,1914,105,149.0222222222222,352,2.0,1.0
exp5_stow2.0_walk1.0,outside_in,baseline,12462,117,1477,841,0,45.94444444444444,136,2.0,1.0
exp5_stow2.0_walk1.0,steffen,baseline,12462,117,799,1422,0,17.744444444444444,59,2.0,1.0
exp5_stow2.0_walk1.0,random,baseline,12463,118,1627,928,85,53.266666666666666,152,2.0,1.0
exp5_stow2.0_walk1.0,back_to_front,baseline,12463,118,2357,1904,94,148.8388888888889,373,2.0,1.0
exp5_stow2.0_walk1.0,outside_in,baseline,12463,118,1455,782,0,42.81666666666667,131,2.0,1.0
exp5_stow2.0_walk1.0,steffen,baseline,12463,118,847,1012,0,17.75,61,2.0,1.0
exp5_stow2.0_walk1.0,random,baseline,12464,119,1656,975,89,60.4,217,2.0,1.0
exp5_stow2.0_walk1.0,back_to_front,baseline,12464,119,2617,1755,101,158.18333333333334,365,2.0,1.0
exp5_stow2.0_walk1.0,outside_in,baseline,12464,119,1365,695,0,43.394444444444446,143,2.0,1.0
exp5_stow2.0_walk1.0,steffen,baseline,12464,119,847,1000,0,15.994444444444444,58,2.0,1.0
exp5_stow2.0_walk1.0,random,baseline,12465,120,1636,673,94,53.09444444444444,170,2.0,1.0
exp5_stow2.0_walk1.0,back_to_front,baseline,12465,120,2228,1605,87,129.5,377,2.0,1.0
exp5_stow2.0_walk1.0,outside_in,baseline,12465,120,1539,577,0,36.33888888888889,109,2.0,1.0
exp5_stow2.0_walk1.0,steffen,baseline,12465,120,854,976,0,16.022222222222222,83,2.0,1.0
exp5_stow2.0_walk1.0,random,baseline,12466,121,1578,769,70,50.861111111111114,181,2.0,1.0
exp5_stow2.0_walk1.0,back_to_front,baseline,12466,121,2187,1878,96,142.06666666666666,339,2.0,1.0
exp5_stow2.0_walk1.0,outside_in,baseline,12466,121,1523,768,0,48.522222222222226,171,2.0,1.0
exp5_stow2.0_walk1.0,steffen,baseline,12466,121,807,1088,0,16.427777777777777,72,2.0,1.0
exp5_stow2.0_walk1.0,random,baseline,12467,122,1742,896,98,61.43888888888889,186,2.0,1.0
exp5_stow2.0_walk1.0,back_to_front,baseline,12467,122,2431,1869,85,150.78333333333333,390,2.0,1.0
exp5_stow2.0_walk1.0,outside_in,baseline,12467,122,1448,788,0,45.388888888888886,121,2.0,1.0
exp5_stow2.0_walk1.0,steffen,baseline,12467,122,838,1166,0,17.68888888888889,90,2.0,1.0
exp5_stow2.0_walk1.0,random,baseline,12468,123,1697,810,98,48.61666666666667,144,2.0,1.0
exp5_stow2.0_walk1.0,back_to_front,baseline,12468,123,2267,1881,86,139.25,420,2.0,1.0
exp5_stow2.0_walk1.0,outside_in,baseline,12468,123,1461,880,0,40.19444444444444,112,2.0,1.0
exp5_stow2.0_walk1.0,steffen,baseline,12468,123,858,1046,0,17.1,69,2.0,1.0
exp5_stow2.0_walk1.0,random,baseline,12469,124,1761,743,98,56.31111111111111,209,2.0,1.0
exp5_stow2.0_walk1.0,back_to_front,baseline,12469,124,2421,1914,83,161.57777777777778,391,2.0,1.0
exp5_stow2.0_walk1.0,outside_in,baseline,12469,124,1551,650,0,47.93888888888889,154,2.0,1.0
exp5_stow2.0_walk1.0,steffen,baseline,12469,124,850,1064,0,16.461111111111112,66,2.0,1.0
exp5_stow2.0_walk1.0,random,baseline,12470,125,1532,1041,86,55.672222222222224,206,2.0,1.0
exp5_stow2.0_walk1.0,back_to_front,baseline,12470,125,2288,1878,78,137.90555555555557,386,2.0,1.0
exp5_stow2.0_walk1.0,outside_in,baseline,12470,125,1360,900,0,40.49444444444445,128,2.0,1.0
exp5_stow2.0_walk1.0,steffen,baseline,12470,125,838,1442,0,18.955555555555556,64,2.0,1.0
exp5_stow2.0_walk1.0,random,baseline,12471,126,1930,854,87,62.111111111111114,184,2.0,1.0
exp5_stow2.0_walk1.0,back_to_front,baseline,12471,126,2286,1931,98,136.66666666666666,332,2.0,1.0
exp5_stow2.0_walk1.0,outside_in,baseline,12471,126,1564,824,0,45.99444444444445,129,2.0,1.0
exp5_stow2.0_walk1.0,steffen,baseline,12471,126,892,1742,0,22.3,64,2.0,1.0
exp5_stow2.0_walk1.0,random,baseline,12472,127,1717,754,87,51.727777777777774,162,2.0,1.0
exp5_stow2.0_walk1.0,back_to_front,baseline,12472,127,2394,1569,100,145.2277777777778,402,2.0,1.0
exp5_stow2.0_walk1.0,outside_in,baseline,12472,127,1595,755,0,47.52777777777778,115,2.0,1.0
exp5_stow2.0_walk1.0,steffen,baseline,12472,127,882,1431,0,19.316666666666666,78,2.0,1.0
exp5_stow2.0_walk1.0,random,baseline,12473,128,1720,741,89,66.06111111111112,194,2.0,1.0
exp5_stow2.0_walk1.0,back_to_front,baseline,12473,128,2510,1918,89,160.7,398,2.0,1.0
exp5_stow2.0_walk1.0,outside_in,baseline,12473,128,1571,614,0,44.766666666666666,141,2.0,1.0
exp5_stow2.0_walk1.0,steffen,baseline,12473,128,832,1209,0,17.883333333333333,73,2.0,1.0
exp5_stow2.0_walk1.0,random,baseline,12474,129,1511,749,82,51.75555555555555,172,2.0,1.0
exp5_stow2.0_walk1.0,back_to_front,baseline,12474,129,2155,1507,89,135.04444444444445,310,2.0,1.0
exp5_stow2.0_walk1.0,outside_in,baseline,12474,129,1437,822,0,50.2,157,2.0,1.0
exp5_stow2.0_walk1.0,steffen,baseline,12474,129,799,1182,0,19.383333333333333,86,2.0,1.0
exp5_stow2.0_walk1.0,random,baseline,12475,130,1778,841,98,59.78333333333333,193,2.0,1.0
exp5_stow2.0_walk1.0,back_to_front,baseline,12475,130,2358,1799,94,150.42777777777778,343,2.0,1.0
exp5_stow2.0_walk1.0,outside_in,baseline,12475,130,1519,873,0,52.30555555555556,164,2.0,1.0
exp5_stow2.0_walk1.0,steffen,baseline,12475,130,841,1346,0,19.855555555555554,70,2.0,1.0
exp5_stow2.0_walk1.0,random,baseline,12476,131,1870,887,84,62.46666666666667,244,2.0,1.0
exp5_stow2.0_walk1.0,back_to_front,baseline,12476,131,2458,1765,102,145.65,373,2.0,1.0
exp5_stow2.0_walk1.0,outside_in,baseline,12476,131,1648,965,0,55.111111111111114,150,2.0,1.0
exp5_stow2.0_walk1.0,steffen,baseline,12476,131,848,1252,0,18.116666666666667,61,2.0,1.0
exp5_stow2.0_walk1.0,random,baseline,12477,132,1739,670,96,58.25555555555555,152,2.0,1.0
exp5_stow2.0_walk1.0,back_to_front,baseline,12477,132,2220,1439,92,140.56666666666666,359,2.0,1.0
exp5_stow2.0_walk1.0,outside_in,baseline,12477,132,1573,680,0,55.477777777777774,186,2.0,1.0
exp5_stow2.0_walk1.0,steffen,baseline,12477,132,828,649,0,13.894444444444444,55,2.0,1.0
exp5_stow2.0_walk1.0,random,baseline,12478,133,1545,810,88,51.22222222222222,166,2.0,1.0
exp5_stow2.0_walk1.0,back_to_front,baseline,12478,133,2227,1845,87,148.06666666666666,394,2.0,1.0
exp5_stow2.0_walk1.0,outside_in,baseline,12478,133,1432,715,0,45.28888888888889,142,2.0,1.0
exp5_stow2.0_walk1.0,steffen,baseline,12478,133,850,1485,0,18.794444444444444,70,2.0,1.0
exp5_stow2.0_walk1.0,random,baseline,12479,134,1680,871,86,50.08888888888889,157,2.0,1.0
exp5_stow2.0_walk1.0,back_to_front,baseline,12479,134,2207,1746,91,128.3111111111111,328,2.0,1.0
exp5_stow2.0_walk1.0,outside_in,baseline,12479,134,1541,678,0,45.69444444444444,116,2.0,1.0
exp5_stow2.0_walk1.0,steffen,baseline,12479,134,887,1694,0,21.7,96,2.0,1.0
exp5_stow2.0_walk1.0,random,baseline,12480,135,1705,837,82,59.87222222222222,199,2.0,1.0
exp5_stow2.0_walk1.0,back_to_front,baseline,12480,135,2361,1899,94,152.82777777777778,369,2.0,1.0
exp5_stow2.0_walk1.0,outside_in,baseline,12480,135,1454,791,0,45.69444444444444,178,2.0,1.0
exp5_stow2.0_walk1.0,steffen,baseline,12480,135,796,1117,0,15.727777777777778,65,2.0,1.0
exp5_stow2.0_walk1.0,random,baseline,12481,136,1798,826,87,68.85555555555555,209,2.0,1.0
exp5_stow2.0_walk1.0,back_to_front,baseline,12481,136,2613,1546,86,162.44444444444446,411,2.0,1.0
exp5_stow2.0_walk1.0,outside_in,baseline,12481,136,1576,714,0,48.2,136,2.0,1.0
exp5_stow2.0_walk1.0,steffen,baseline,12481,136,870,784,0,15.438888888888888,61,2.0,1.0
exp5_stow2.0_walk1.0,random,baseline,12482,137,1635,637,95,44.69444444444444,132,2.0,1.0
exp5_stow2.0_walk1.0,back_to_front,baseline,12482,137,2447,1795,94,155.19444444444446,460,2.0,1.0
exp5_stow2.0_walk1.0,outside_in,baseline,12482,137,1504,796,0,45.394444444444446,178,2.0,1.0
exp5_stow2.0_walk1.0,steffen,baseline,12482,137,832,1411,0,18.744444444444444,74,2.0,1.0
exp5_stow2.0_walk1.0,random,baseline,12483,138,1767,824,103,62.12222222222222,196,2.0,1.0
exp5_stow2.0_walk1.0,back_to_front,baseline,12483,138,2245,1507,87,130.95,344,2.0,1.0
exp5_stow2.0_walk1.0,outside_in,baseline,12483,138,1568,645,0,43.96666666666667,125,2.0,1.0
exp5_stow2.0_walk1.0,steffen,baseline,12483,138,813,1220,0,18.266666666666666,60,2.0,1.0
exp5_stow2.0_walk1.0,random,baseline,12484,139,1642,624,88,44.67777777777778,131,2.0,1.0
exp5_stow2.0_walk1.0,back_to_front,baseline,12484,139,2201,1455,99,133.08333333333334,375,2.0,1.0
exp5_stow2.0_walk1.0,outside_in,baseline,12484,139,1605,627,0,46.977777777777774,143,2.0,1.0
exp5_stow2.0_walk1.0,steffen,baseline,12484,139,824,963,0,17.16111111111111,85,2.0,1.0
exp5_stow2.0_walk1.0,random,baseline,12485,140,1595,696,85,53.46666666666667,153,2.0,1.0
exp5_stow2.0_walk1.0,back_to_front,baseline,12485,140,2201,1874,89,142.18333333333334,397,2.0,1.0
exp5_stow2.0_walk1.0,outside_in,baseline,12485,140,1473,659,0,45.977777777777774,149,2.0,1.0
exp5_stow2.0_walk1.0,steffen,baseline,12485,140,805,825,0,15.716666666666667,86,2.0,1.0
exp5_stow2.0_walk1.0,random,baseline,12486,141,1680,890,98,56.48888888888889,165,2.0,1.0
exp5_stow2.0_walk1.0,back_to_front,baseline,12486,141,2405,1760,91,142.48333333333332,355,2.0,1.0
exp5_stow2.0_walk1.0,outside_in,baseline,12486,141,1563,982,0,52.67777777777778,148,2.0,1.0
exp5_stow2.0_walk1.0,steffen,baseline,12486,141,824,1349,0,19.433333333333334,61,2.0,1.0
exp5_stow2.0_walk1.0,random,baseline,12487,142,1698,768,80,48.7,173,2.0,1.0
exp5_stow2.0_walk1.0,back_to_front,baseline,12487,142,2198,1793,95,124.20555555555555,294,2.0,1.0
exp5_stow2.0_walk1.0,outside_in,baseline,12487,142,1470,777,0,39.49444444444445,131,2.0,1.0
exp5_stow2.0_walk1.0,steffen,baseline,12487,142,857,1274,0,16.966666666666665,59,2.0,1.0
exp5_stow2.0_walk1.0,random,baseline,12488,143,1648,812,84,56.772222222222226,197,2.0,1.0
exp5_stow2.0_walk1.0,back_to_front,baseline,12488,143,2494,1784,95,155.53333333333333,364,2.0,1.0
exp5_stow2.0_walk1.0,outside_in,baseline,12488,143,1575,839,0,52.68888888888889,152,2.0,1.0
exp5_stow2.0_walk1.0,steffen,baseline,12488,143,829,1186,0,17.633333333333333,84,2.0,1.0
exp5_stow2.0_walk1.0,random,baseline,12489,144,1662,1030,82,61.81111111111111,200,2.0,1.0
exp5_stow2.0_walk1.0,back_to_front,baseline,12489,144,2415,1801,86,159.07222222222222,416,2.0,1.0
exp5_stow2.0_walk1.0,outside_in,baseline,12489,144,1336,715,0,43.333333333333336,114,2.0,1.0
exp5_stow2.0_walk1.0,steffen,baseline,12489,144,859,1784,0,20.95,70,2.0,1.0
exp5_stow2.0_walk1.0,random,baseline,12490,145,1543,775,84,57.55,152,2.0,1.0
exp5_stow2.0_walk1.0,back_to_front,baseline,12490,145,2435,1344,91,155.77777777777777,328,2.0,1.0
exp5_stow2.0_walk1.0,outside_in,baseline,12490,145,1513,765,0,55.083333333333336,156,2.0,1.0
exp5_stow2.0_walk1.0,steffen,baseline,12490,145,814,646,0,14.472222222222221,66,2.0,1.0
exp5_stow2.0_walk1.0,random,baseline,12491,146,1826,725,88,54.12777777777778,172,2.0,1.0
exp5_stow2.0_walk1.0,back_to_front,baseline,12491,146,2281,1502,92,131.32777777777778,298,2.0,1.0
exp5_stow2.0_walk1.0,outside_in,baseline,12491,146,1464,742,0,39.2,104,2.0,1.0
exp5_stow2.0_walk1.0,steffen,baseline,12491,146,878,875,0,16.955555555555556,66,2.0,1.0
exp5_stow2.0_walk1.0,random,baseline,12492,147,1621,1080,94,59.06666666666667,166,2.0,1.0
exp5_stow2.0_walk1.0,back_to_front,baseline,12492,147,2218,1872,89,139.25555555555556,350,2.0,1.0
exp5_stow2.0_walk1.0,outside_in,baseline,12492,147,1468,856,0,48.044444444444444,174,2.0,1.0
exp5_stow2.0_walk1.0,steffen,baseline,12492,147,848,1520,0,20.427777777777777,80,2.0,1.0
exp5_stow2.0_walk1.0,random,baseline,12493,148,1668,726,97,59.21111111111111,171,2.0,1.0
exp5_stow2.0_walk1.0,back_to_front,baseline,12493,148,2242,1455,93,130.17222222222222,364,2.0,1.0
exp5_stow2.0_walk1.0,outside_in,baseline,12493,148,1471,813,0,48.7,134,2.0,1.0
exp5_stow2.0_walk1.0,steffen,baseline,12493,148,823,1043,0,15.46111111111111,64,2.0,1.0
exp5_stow2.0_walk1.0,random,baseline,12494,149,1643,911,98,51.361111111111114,173,2.0,1.0
exp5_stow2.0_walk1.0,back_to_front,baseline,12494,149,2286,1851,83,149.4388888888889,427,2.0,1.0
exp5_stow2.0_walk1.0,outside_in,baseline,12494,149,1438,976,0,45.705555555555556,127,2.0,1.0
exp5_stow2.0_walk1.0,steffen,baseline,12494,149,847,1474,0,18.683333333333334,59,2.0,1.0
exp5_stow2.0_walk1.0,random,baseline,12495,150,1689,755,105,53.733333333333334,141,2.0,1.0
exp5_stow2.0_walk1.0,back_to_front,baseline,12495,150,2423,1835,88,149.02777777777777,359,2.0,1.0
exp5_stow2.0_walk1.0,outside_in,baseline,12495,150,1582,886,0,53.83888888888889,155,2.0,1.0
exp5_stow2.0_walk1.0,steffen,baseline,12495,150,786,1643,0,19.55,65,2.0,1.0
exp5_stow2.0_walk1.0,random,baseline,12496,151,1679,880,96,57.22222222222222,154,2.0,1.0
exp5_stow2.0_walk1.0,back_to_front,baseline,12496,151,2226,1859,90,145.0222222222222,352,2.0,1.0
exp5_stow2.0_walk1.0,outside_in,baseline,12496,151,1427,936,0,47.23888888888889,141,2.0,1.0
exp5_stow2.0_walk1.0,steffen,baseline,12496,151,806,1521,0,19.238888888888887,66,2.0,1.0
exp5_stow2.0_walk1.0,random,baseline,12497,152,1660,729,89,45.34444444444444,139,2.0,1.0
exp5_stow2.0_walk1.0,back_to_front,baseline,12497,152,2309,1534,93,129.76111111111112,343,2.0,1.0
exp5_stow2.0_walk1.0,outside_in,baseline,12497,152,1528,607,0,40.37222222222222,107,2.0,1.0
exp5_stow2.0_walk1.0,steffen,baseline,12497,152,855,761,0,15.338888888888889,57,2.0,1.0
exp5_stow2.0_walk1.0,random,baseline,12498,153,1632,760,96,51.32222222222222,191,2.0,1.0
exp5_stow2.0_walk1.0,back_to_front,baseline,12498,153,2159,1838,88,137.23888888888888,412,2.0,1.0
exp5_stow2.0_walk1.0,outside_in,baseline,12498,153,1461,827,0,53.06666666666667,207,2.0,1.0
exp5_stow2.0_walk1.0,steffen,baseline,12498,153,787,1226,0,19.305555555555557,69,2.0,1.0
exp5_stow2.0_walk1.0,random,baseline,12499,154,1707,706,91,50.71666666666667,163,2.0,1.0
exp5_stow2.0_walk1.0,back_to_front,baseline,12499,154,2318,1599,86,140.01111111111112,314,2.0,1.0
exp5_stow2.0_walk1.0,outside_in,baseline,12499,154,1496,642,0,44.83888888888889,134,2.0,1.0
exp5_stow2.0_walk1.0,steffen,baseline,12499,154,858,1044,0,18.016666666666666,90,2.0,1.0
exp5_stow2.0_walk1.0,random,baseline,12500,155,1687,789,91,55.49444444444445,165,2.0,1.0
exp5_stow2.0_walk1.0,back_to_front,baseline,12500,155,2286,1757,87,138.27777777777777,343,2.0,1.0
exp5_stow2.0_walk1.0,outside_in,baseline,12500,155,1420,817,0,45.15555555555556,133,2.0,1.0
exp5_stow2.0_walk1.0,steffen,baseline,12500,155,863,1045,0,18.355555555555554,91,2.0,1.0
exp5_stow2.0_walk1.0,random,baseline,12501,156,1703,1041,82,53.233333333333334,182,2.0,1.0
exp5_stow2.0_walk1.0,back_to_front,baseline,12501,156,2731,1936,89,188.80555555555554,428,2.0,1.0
exp5_stow2.0_walk1.0,outside_in,baseline,12501,156,1544,1033,0,62.55,175,2.0,1.0
exp5_stow2.0_walk1.0,steffen,baseline,12501,156,818,2020,0,23.72222222222222,76,2.0,1.0
exp5_stow2.0_walk1.0,random,baseline,12502,157,1639,780,101,49.96111111111111,188,2.0,1.0
exp5_stow2.0_walk1.0,back_to_front,baseline,12502,157,2314,1786,87,143.43333333333334,420,2.0,1.0
exp5_stow2.0_walk1.0,outside_in,baseline,12502,157,1428,899,0,45.81111111111111,147,2.0,1.0
exp5_stow2.0_walk1.0,steffen,baseline,12502,157,797,1121,0,16.316666666666666,55,2.0,1.0
exp5_stow2.0_walk1.0,random,baseline,12503,158,1717,684,98,51.45,150,2.0,1.0
exp5_stow2.0_walk1.0,back_to_front,baseline,12503,158,2346,1877,84,143.95555555555555,344,2.0,1.0
exp5_stow2.0_walk1.0,outside_in,baseline,12503,158,1582,633,0,48.022222222222226,165,2.0,1.0
exp5_stow2.0_walk1.0,steffen,baseline,12503,158,887,1417,0,18.766666666666666,64,2.0,1.0
exp5_stow2.0_walk1.0,random,baseline,12504,159,1763,730,72,54.672222222222224,186,2.0,1.0
exp5_stow2.0_walk1.0,back_to_front,baseline,12504,159,2549,1917,113,169.50555555555556,477,2.0,1.0
exp5_stow2.0_walk1.0,outside_in,baseline,12504,159,1549,612,0,48.08888888888889,157,2.0,1.0
exp5_stow2.0_walk1.0,steffen,baseline,12504,159,839,1205,0,18.533333333333335,105,2.0,1.0
exp5_stow2.0_walk1.0,random,baseline,12505,160,1703,897,89,53.93888888888889,171,2.0,1.0
exp5_stow2.0_walk1.0,back_to_front,baseline,12505,160,2480,2023,105,150.41666666666666,299,2.0,1.0
exp5_stow2.0_walk1.0,outside_in,baseline,12505,160,1501,663,0,38.727777777777774,116,2.0,1.0
exp5_stow2.0_walk1.0,steffen,baseline,12505,160,849,1140,0,17.494444444444444,73,2.0,1.0
exp5_stow2.0_walk1.0,random,baseline,12506,161,1678,849,90,51.53888888888889,172,2.0,1.0
exp5_stow2.0_walk1.0,back_to_front,baseline,12506,161,2351,1575,98,150.15,378,2.0,1.0
exp5_stow2.0_walk1.0,outside_in,baseline,12506,161,1465,810,0,47.327777777777776,172,2.0,1.0
exp5_stow2.0_walk1.0,steffen,baseline,12506,161,835,1161,0,16.4,78,2.0,1.0
exp5_stow2.0_walk1.0,random,baseline,12507,162,1662,745,95,48.93888888888889,171,2.0,1.0
exp5_stow2.0_walk1.0,back_to_front,baseline,12507,162,2288,1836,93,134.71666666666667,315,2.0,1.0
exp5_stow2.0_walk1.0,outside_in,baseline,12507,162,1628,760,0,43.87222222222222,126,2.0,1.0
exp5_stow2.0_walk1.0,steffen,baseline,12507,162,838,978,0,16.761111111111113,62,2.0,1.0
exp5_stow2.0_walk1.0,random,baseline,12508,163,1576,711,80,48.58888888888889,153,2.0,1.0
exp5_stow2.0_walk1.0,back_to_front,baseline,12508,163,2426,2009,86,163.37777777777777,395,2.0,1.0
exp5_stow2.0_walk1.0,outside_in,baseline,12508,163,1455,704,0,41.1,148,2.0,1.0
exp5_stow2.0_walk1.0,steffen,baseline,12508,163,803,1549,0,19.044444444444444,61,2.0,1.0
exp5_stow2.0_walk1.0,random,baseline,12509,164,1676,928,81,56.71666666666667,195,2.0,1.0
exp5_stow2.0_walk1.0,back_to_front,baseline,12509,164,2260,1885,90,145.81666666666666,353,2.0,1.0
exp5_stow2.0_walk1.0,outside_in,baseline,12509,164,1399,867,0,54.272222222222226,153,2.0,1.0
exp5_stow2.0_walk1.0,steffen,baseline,12509,164,823,1168,0,17.02777777777778,79,2.0,1.0
exp5_stow2.0_walk1.0,random,baseline,12510,165,1672,696,97,48.84444444444444,191,2.0,1.0
exp5_stow2.0_walk1.0,back_to_front,baseline,12510,165,2590,1635,86,157.78333333333333,405,2.0,1.0
exp5_stow2.0_walk1.0,outside_in,baseline,12510,165,1530,793,0,48.577777777777776,174,2.0,1.0
exp5_stow2.0_walk1.0,steffen,baseline,12510,165,908,937,0,17.1,59,2.0,1.0
exp5_stow2.0_walk1.0,random,baseline,12511,166,1827,903,97,61.144444444444446,171,2.0,1.0
exp5_stow2.0_walk1.0,back_to_front,baseline,12511,166,2261,1695,85,128.3388888888889,275,2.0,1.0
exp5_stow2.0_walk1.0,outside_in,baseline,12511,166,1576,949,0,54.544444444444444,173,2.0,1.0
exp5_stow2.0_walk1.0,steffen,baseline,12511,166,846,1010,0,17.15,60,2.0,1.0
exp5_stow2.0_walk1.0,random,baseline,12512,167,1665,1003,102,48.61666666666667,160,2.0,1.0
exp5_stow2.0_walk1.0,back_to_front,baseline,12512,167,2437,1849,93,145.02777777777777,330,2.0,1.0
exp5_stow2.0_walk1.0,outside_in,baseline,12512,167,1637,862,0,44.63333333333333,160,2.0,1.0
exp5_stow2.0_walk1.0,steffen,baseline,12512,167,871,1354,0,17.86111111111111,61,2.0,1.0
exp5_stow2.0_walk1.0,random,baseline,12513,168,1654,652,89,42.23888888888889,162,2.0,1.0
exp5_stow2.0_walk1.0,back_to_front,baseline,12513,168,2243,1788,84,140.1,371,2.0,1.0
exp5_stow2.0_walk1.0,outside_in,baseline,12513,168,1380,816,0,47.833333333333336,147,2.0,1.0
exp5_stow2.0_walk1.0,steffen,baseline,12513,168,856,1797,0,21.266666666666666,85,2.0,1.0
exp5_stow2.0_walk1.0,random,baseline,12514,169,1834,822,84,57.83888888888889,199,2.0,1.0
exp5_stow2.0_walk1.0,back_to_front,baseline,12514,169,2323,1848,98,140.40555555555557,416,2.0,1.0
exp5_stow2.0_walk1.0,outside_in,baseline,12514,169,1529,852,0,52.46111111111111,196,2.0,1.0
exp5_stow2.0_walk1.0,steffen,baseline,12514,169,884,1191,0,17.944444444444443,86,2.0,1.0
exp5_stow2.0_walk1.0,random,baseline,12515,170,1495,795,93,54.48888888888889,187,2.0,1.0
exp5_stow2.0_walk1.0,back_to_front,baseline,12515,170,2332,1687,83,154.8,393,2.0,1.0
exp5_stow2.0_walk1.0,outside_in,baseline,12515,170,1359,822,0,46.483333333333334,150,2.0,1.0
exp5_stow2.0_walk1.0,steffen,baseline,12515,170,786,1113,0,16.38888888888889,77,2.0,1.0
exp5_stow2.0_walk1.0,random,baseline,12516,171,1534,634,77,46.03888888888889,152,2.0,1.0
exp5_stow2.0_walk1.0,back_to_front,baseline,12516,171,2293,1893,92,149.32222222222222,392,2.0,1.0
exp5_stow2.0_walk1.0,outside_in,baseline,12516,171,1250,653,0,37.855555555555554,135,2.0,1.0
exp5_stow2.0_walk1.0,steffen,baseline,12516,171,815,892,0,14.255555555555556,70,2.0,1.0
exp5_stow2.0_walk1.0,random,baseline,12517,172,1709,687,98,50.74444444444445,160,2.0,1.0
exp5_stow2.0_walk1.0,back_to_front,baseline,12517,172,2320,1588,72,141.48888888888888,333,2.0,1.0
exp5_stow2.0_walk1.0,outside_in,baseline,12517,172,1456,631,0,38.605555555555554,127,2.0,1.0
exp5_stow2.0_walk1.0,steffen,baseline,12517,172,830,1144,0,15.872222222222222,64,2.0,1.0
exp5_stow2.0_walk1.0,random,baseline,12518,173,1782,739,85,59.31111111111111,200,2.0,1.0
exp5_stow2.0_walk1.0,back_to_front,baseline,12518,173,2296,1830,72,142.3111111111111,315,2.0,1.0
exp5_stow2.0_walk1.0,outside_in,baseline,12518,173,1526,776,0,53.55,147,2.0,1.0
exp5_stow2.0_walk1.0,steffen,baseline,12518,173,821,1246,0,18.594444444444445,61,2.0,1.0
exp5_stow2.0_walk1.0,random,baseline,12519,174,1673,708,84,48.59444444444444,153,2.0,1.0
exp5_stow2.0_walk1.0,back_to_front,baseline,12519,174,2447,1640,107,158.31666666666666,387,2.0,1.0
exp5_stow2.0_walk1.0,outside_in,baseline,12519,174,1480,874,0,51.705555555555556,147,2.0,1.0
exp5_stow2.0_walk1.0,steffen,baseline,12519,174,837,926,0,15.5,86,2.0,1.0
exp5_stow2.0_walk1.0,random,baseline,12520,175,1525,837,78,51.06111111111111,144,2.0,1.0
exp5_stow2.0_walk1.0,back_to_front,baseline,12520,175,2372,1801,90,148.11666666666667,416,2.0,1.0
exp5_stow2.0_walk1.0,outside_in,baseline,12520,175,1371,769,0,47.49444444444445,164,2.0,1.0
exp5_stow2.0_walk1.0,steffen,baseline,12520,175,828,1228,0,16.733333333333334,63,2.0,1.0
exp5_stow2.0_walk1.0,random,baseline,12521,176,1809,1018,89,54.422222222222224,181,2.0,1.0
exp5_stow2.0_walk1.0,back_to_front,baseline,12521,176,2577,1931,99,157.28333333333333,413,2.0,1.0
exp5_stow2.0_walk1.0,outside_in,baseline,12521,176,1701,978,0,45.983333333333334,137,2.0,1.0
exp5_stow2.0_walk1.0,steffen,baseline,12521,176,903,1505,0,20.744444444444444,71,2.0,1.0
exp5_stow2.0_walk1.0,random,baseline,12522,177,1668,846,93,52.87222222222222,165,2.0,1.0
exp5_stow2.0_walk1.0,back_to_front,baseline,12522,177,2136,1706,80,125.55555555555556,249,2.0,1.0
exp5_stow2.0_walk1.0,outside_in,baseline,12522,177,1531,754,0,46.46666666666667,154,2.0,1.0
exp5_stow2.0_walk1.0,steffen,baseline,12522,177,811,1237,0,16.63888888888889,54,2.0,1.0
exp5_stow2.0_walk1.0,random,baseline,12523,178,1808,925,92,57.766666666666666,171,2.0,1.0
exp5_stow2.0_walk1.0,back_to_front,baseline,12523,178,2262,1975,91,136.85555555555555,335,2.0,1.0
exp5_stow2.0_walk1.0,outside_in,baseline,12523,178,1524,1020,0,53.205555555555556,159,2.0,1.0
exp5_stow2.0_walk1.0,steffen,baseline,12523,178,847,1265,0,17.43888888888889,74,2.0,1.0
exp5_stow2.0_walk1.0,random,baseline,12524,179,1682,905,83,54.52777777777778,167,2.0,1.0
exp5_stow2.0_walk1.0,back_to_front,baseline,12524,179,2519,1728,85,148.99444444444444,339,2.0,1.0
exp5_stow2.0_walk1.0,outside_in,baseline,12524,179,1378,806,0,45.09444444444444,153,2.0,1.0
exp5_stow2.0_walk1.0,steffen,baseline,12524,179,851,1363,0,19.055555555555557,67,2.0,1.0
exp5_stow2.0_walk1.0,random,baseline,12525,180,1689,601,100,51.33888888888889,141,2.0,1.0
exp5_stow2.0_walk1.0,back_to_front,baseline,12525,180,2205,1690,80,141.58333333333334,388,2.0,1.0
exp5_stow2.0_walk1.0,outside_in,baseline,12525,180,1402,658,0,39.522222222222226,152,2.0,1.0
exp5_stow2.0_walk1.0,steffen,baseline,12525,180,863,818,0,14.177777777777777,63,2.0,1.0
exp5_stow2.0_walk1.0,random,baseline,12526,181,1562,802,88,50.272222222222226,131,2.0,1.0
exp5_stow2.0_walk1.0,back_to_front,baseline,12526,181,2327,1984,87,143.13333333333333,383,2.0,1.0
exp5_stow2.0_walk1.0,outside_in,baseline,12526,181,1443,759,0,41.483333333333334,129,2.0,1.0
exp5_stow2.0_walk1.0,steffen,baseline,12526,181,845,1509,0,19.3,73,2.0,1.0
exp5_stow2.0_walk1.0,random,baseline,12527,182,1647,680,104,51.22222222222222,174,2.0,1.0
exp5_stow2.0_walk1.0,back_to_front,baseline,12527,182,2317,1858,84,156.5388888888889,396,2.0,1.0
exp5_stow2.0_walk1.0,outside_in,baseline,12527,182,1392,905,0,52.32222222222222,140,2.0,1.0
exp5_stow2.0_walk1.0,steffen,baseline,12527,182,800,1274,0,17.522222222222222,62,2.0,1.0
exp5_stow2.0_walk1.0,random,baseline,12528,183,1722,729,89,57.827777777777776,140,2.0,1.0
exp5_stow2.0_walk1.0,back_to_front,baseline,12528,183,2481,2009,95,163.45555555555555,439,2.0,1.0
exp5_stow2.0_walk1.0,outside_in,baseline,12528,183,1645,709,0,48.772222222222226,187,2.0,1.0
exp5_stow2.0_walk1.0,steffen,baseline,12528,183,830,1626,0,21.15,104,2.0,1.0
exp5_stow2.0_walk1.0,random,baseline,12529,184,1680,889,86,59.138888888888886,179,2.0,1.0
exp5_stow2.0_walk1.0,back_to_front,baseline,12529,184,2477,1748,106,150.2,345,2.0,1.0
exp5_stow2.0_walk1.0,outside_in,baseline,12529,184,1573,711,0,44.31666666666667,157,2.0,1.0
exp5_stow2.0_walk1.0,steffen,baseline,12529,184,854,1007,0,17.36111111111111,64,2.0,1.0
exp5_stow2.0_walk1.0,random,baseline,12530,185,1614,837,92,52.083333333333336,182,2.0,1.0
exp5_stow2.0_walk1.0,back_to_front,baseline,12530,185,2257,1861,74,134.9777777777778,314,2.0,1.0
exp5_stow2.0_walk1.0,outside_in,baseline,12530,185,1498,734,0,42.13333333333333,156,2.0,1.0
exp5_stow2.0_walk1.0,steffen,baseline,12530,185,894,1128,0,16.966666666666665,71,2.0,1.0
exp5_stow2.0_walk1.0,random,baseline,12531,186,1695,698,89,41.84444444444444,134,2.0,1.0
exp5_stow2.0_walk1.0,back_to_front,baseline,12531,186,2481,1786,92,146.67777777777778,424,2.0,1.0
exp5_stow2.0_walk1.0,outside_in,baseline,12531,186,1538,901,0,53.65555555555556,135,2.0,1.0
exp5_stow2.0_walk1.0,steffen,baseline,12531,186,846,1472,0,19.394444444444446,79,2.0,1.0
exp5_stow2.0_walk1.0,random,baseline,12532,187,1810,891,104,57.56111111111111,199,2.0,1.0
exp5_stow2.0_walk1.0,back_to_front,baseline,12532,187,2280,1553,87,132.61666666666667,342,2.0,1.0
exp5_stow2.0_walk1.0,outside_in,baseline,12532,187,1405,825,0,36.516666666666666,101,2.0,1.0
exp5_stow2.0_walk1.0,steffen,baseline,12532,187,837,1158,0,17.727777777777778,60,2.0,1.0
exp5_stow2.0_walk1.0,random,baseline,12533,188,1788,781,89,62.06666666666667,194,2.0,1.0
exp5_stow2.0_walk1.0,back_to_front,baseline,12533,188,2562,1634,96,159.51666666666668,357,2.0,1.0
exp5_stow2.0_walk1.0,outside_in,baseline,12533,188,1501,739,0,47.583333333333336,143,2.0,1.0
exp5_stow2.0_walk1.0,steffen,baseline,12533,188,922,886,0,16.18888888888889,64,2.0,1.0
exp5_stow2.0_walk1.0,random,baseline,12534,189,1719,880,87,52.6,144,2.0,1.0
exp5_stow2.0_walk1.0,back_to_front,baseline,12534,189,2278,1806,88,142.6611111111111,344,2.0,1.0
exp5_stow2.0_walk1.0,outside_in,baseline,12534,189,1461,986,0,47.53888888888889,164,2.0,1.0
exp5_stow2.0_walk1.0,steffen,baseline,12534,189,804,2014,0,22.961111111111112,75,2.0,1.0
exp5_stow2.0_walk1.0,random,baseline,12535,190,1633,702,89,42.28333333333333,111,2.0,1.0
exp5_stow2.0_walk1.0,back_to_front,baseline,12535,190,2476,1858,94,147.68333333333334,389,2.0,1.0
exp5_stow2.0_walk1.0,outside_in,baseline,12535,190,1349,676,0,36.05555555555556,111,2.0,1.0
exp5_stow2.0_walk1.0,steffen,baseline,12535,190,837,924,0,15.133333333333333,70,2.0,1.0
exp5_stow2.0_walk1.0,random,baseline,12536,191,1722,842,91,55.861111111111114,204,2.0,1.0
exp5_stow2.0_walk1.0,back_to_front,baseline,12536,191,2516,1840,84,150.76111111111112,367,2.0,1.0
exp5_stow2.0_walk1.0,outside_in,baseline,12536,191,1555,748,0,38.827777777777776,133,2.0,1.0
exp5_stow2.0_walk1.0,steffen,baseline,12536,191,857,1594,0,19.294444444444444,65,2.0,1.0
exp5_stow2.0_walk1.0,random,baseline,12537,192,1534,881,89,47.07222222222222,155,2.0,1.0
exp5_stow2.0_walk1.0,back_to_front,baseline,12537,192,2385,1897,88,150.11111111111111,418,2.0,1.0
exp5_stow2.0_walk1.0,outside_in,baseline,12537,192,1460,811,0,38.93333333333333,109,2.0,1.0
exp5_stow2.0_walk1.0,steffen,baseline,12537,192,828,1103,0,16.82777777777778,59,2.0,1.0
exp5_stow2.0_walk1.0,random,baseline,12538,193,1621,804,85,56.666666666666664,153,2.0,1.0
exp5_stow2.0_walk1.0,back_to_front,baseline,12538,193,2030,1881,84,120.38888888888889,279,2.0,1.0
exp5_stow2.0_walk1.0,outside_in,baseline,12538,193,1586,904,0,59.41111111111111,163,2.0,1.0
exp5_stow2.0_walk1.0,steffen,baseline,12538,193,806,1144,0,19.655555555555555,68,2.0,1.0
exp5_stow2.0_walk1.0,random,baseline,12539,194,1802,808,90,58.50555555555555,181,2.0,1.0
exp5_stow2.0_walk1.0,back_to_front,baseline,12539,194,2364,1753,90,148.69444444444446,374,2.0,1.0
exp5_stow2.0_walk1.0,outside_in,baseline,12539,194,1573,735,0,50.55555555555556,129,2.0,1.0
exp5_stow2.0_walk1.0,steffen,baseline,12539,194,860,1196,0,18.822222222222223,67,2.0,1.0
exp5_stow2.0_walk1.0,random,baseline,12540,195,1551,881,88,60.43333333333333,199,2.0,1.0
exp5_stow2.0_walk1.0,back_to_front,baseline,12540,195,2317,1706,85,148.90555555555557,339,2.0,1.0
exp5_stow2.0_walk1.0,outside_in,baseline,12540,195,1534,799,0,56.272222222222226,133,2.0,1.0
exp5_stow2.0_walk1.0,steffen,baseline,12540,195,825,1434,0,23.133333333333333,88,2.0,1.0
exp5_stow2.0_walk1.0,random,baseline,12541,196,1776,801,89,61.58888888888889,168,2.0,1.0
exp5_stow2.0_walk1.0,back_to_front,baseline,12541,196,2293,1867,85,133.07222222222222,295,2.0,1.0
exp5_stow2.0_walk1.0,outside_in,baseline,12541,196,1489,768,0,49.12222222222222,149,2.0,1.0
exp5_stow2.0_walk1.0,steffen,baseline,12541,196,835,987,0,17.444444444444443,88,2.0,1.0
exp5_stow2.0_walk1.0,random,baseline,12542,197,1648,939,78,64.77777777777777,218,2.0,1.0
exp5_stow2.0_walk1.0,back_to_front,baseline,12542,197,2552,1835,93,164.17222222222222,367,2.0,1.0
exp5_stow2.0_walk1.0,outside_in,baseline,12542,197,1451,825,0,53.4,148,2.0,1.0
exp5_stow2.0_walk1.0,steffen,baseline,12542,197,848,1402,0,21.166666666666668,94,2.0,1.0
exp5_stow2.0_walk1.0,random,baseline,12543,198,1825,736,77,54.42777777777778,171,2.0,1.0
exp5_stow2.0_walk1.0,back_to_front,baseline,12543,198,2458,1724,91,159.5611111111111,390,2.0,1.0
exp5_stow2.0_walk1.0,outside_in,baseline,12543,198,1528,737,0,50.138888888888886,139,2.0,1.0
exp5_stow2.0_walk1.0,steffen,baseline,12543,198,857,946,0,17.372222222222224,73,2.0,1.0
exp5_stow2.0_walk1.0,random,baseline,12544,199,1683,933,105,65.3,240,2.0,1.0
exp5_stow2.0_walk1.0,back_to_front,baseline,12544,199,2445,1871,84,163.25555555555556,419,2.0,1.0
exp5_stow2.0_walk1.0,outside_in,baseline,12544,199,1449,752,0,44.99444444444445,134,2.0,1.0
exp5_stow2.0_walk1.0,steffen,baseline,12544,199,824,1306,0,17.122222222222224,67,2.0,1.0
