experiment,strategy,scenario,seed,rep_id,total_boarding_time_s,aisle_interference_events,seat_interference_events,mean_wait_time_s,max_wait_time_s,ablation_feature
exp1_baseline,random,baseline,12345,0,1153,882,84,24.944444444444443,83,baseline
exp1_baseline,back_to_front,baseline,12345,0,1562,1748,94,90.53888888888888,236,baseline
exp1_baseline,outside_in,baseline,12345,0,1038,1034,0,23.566666666666663,79,baseline
exp1_baseline,steffen,baseline,12345,0,660,1200,0,10.733333333333333,51,baseline
exp1_baseline,random,baseline,12346,1,1228,1210,90,33.233333333333334,140,baseline
exp1_baseline,back_to_front,baseline,12346,1,1607,1783,92,92.86111111111111,230,baseline
exp1_baseline,outside_in,baseline,12346,1,1014,1194,0,25.56111111111111,90,baseline
exp1_baseline,steffen,baseline,12346,1,643,1326,0,12.727777777777778,55,baseline
exp1_baseline,random,baseline,12347,2,1393,1117,91,33.18888888888889,112,baseline
exp1_baseline,back_to_front,baseline,12347,2,1648,1825,87,80.6,193,baseline
exp1_baseline,outside_in,baseline,12347,2,1173,1089,0,26.8,78,baseline
exp1_baseline,steffen,baseline,12347,2,741,1540,0,14.244444444444444,46,baseline
exp1_baseline,random,baseline,12348,3,1303,1001,100,33.955555555555556,137,baseline
exp1_baseline,back_to_front,baseline,12348,3,1636,1736,115,84.27777777777777,243,baseline
exp1_baseline,outside_in,baseline,12348,3,1032,1171,0,26.522222222222226,74,baseline
exp1_baseline,steffen,baseline,12348,3,696,1364,0,13.577777777777778,74,baseline
exp1_baseline,random,baseline,12349,4,1381,936,77,32.477777777777774,126,baseline
exp1_baseline,back_to_front,baseline,12349,4,1697,1754,94,86.21666666666667,239,baseline
exp1_baseline,outside_in,baseline,12349,4,1144,1052,0,25.466666666666665,91,baseline
exp1_baseline,steffen,baseline,12349,4,756,1353,0,12.88888888888889,47,baseline
exp1_baseline,random,baseline,12350,5,1219,1006,87,32.022222222222226,106,baseline
exp1_baseline,back_to_front,baseline,12350,5,1810,1770,83,99.22222222222224,279,baseline
exp1_baseline,outside_in,baseline,12350,5,1087,1099,0,27.055555555555557,90,baseline
exp1_baseline,steffen,baseline,12350,5,699,1344,0,12.927777777777775,45,baseline
exp1_baseline,random,baseline,12351,6,1260,1004,96,33.12222222222222,104,baseline
exp1_baseline,back_to_front,baseline,12351,6,1624,1747,79,90.63888888888889,219,baseline
exp1_baseline,outside_in,baseline,12351,6,1117,892,0,23.761111111111113,85,baseline
exp1_baseline,steffen,baseline,12351,6,664,1126,0,11.22222222222222,48,baseline
exp1_baseline,random,baseline,12352,7,1287,1072,85,32.3,98,baseline
exp1_baseline,back_to_front,baseline,12352,7,1625,1703,83,87.57777777777778,242,baseline
exp1_baseline,outside_in,baseline,12352,7,1113,1006,0,25.822222222222223,91,baseline
exp1_baseline,steffen,baseline,12352,7,674,1241,0,11.927777777777775,53,baseline
exp1_baseline,random,baseline,12353,8,1222,1055,96,32.955555555555556,122,baseline
exp1_baseline,back_to_front,baseline,12353,8,1574,1806,86,84.07777777777778,217,baseline
exp1_baseline,outside_in,baseline,12353,8,998,1076,0,26.966666666666665,87,baseline
exp1_baseline,steffen,baseline,12353,8,661,1442,0,13.088888888888889,56,baseline
exp1_baseline,random,baseline,12354,9,1210,1046,86,33.983333333333334,104,baseline
exp1_baseline,back_to_front,baseline,12354,9,1600,1718,87,87.9888888888889,218,baseline
exp1_baseline,outside_in,baseline,12354,9,990,1062,0,28.383333333333333,88,baseline
exp1_baseline,steffen,baseline,12354,9,663,1242,0,12.13888888888889,50,baseline
exp1_baseline,random,baseline,12355,10,1229,965,88,29.31111111111111,102,baseline
exp1_baseline,back_to_front,baseline,12355,10,1425,1693,81,73.31111111111112,208,baseline
exp1_baseline,outside_in,baseline,12355,10,1058,1133,0,26.13888888888889,71,baseline
exp1_baseline,steffen,baseline,12355,10,655,1379,0,12.455555555555556,54,baseline
exp1_baseline,random,baseline,12356,11,1224,1138,91,33.40555555555556,93,baseline
exp1_baseline,back_to_front,baseline,12356,11,1466,1785,86,71.26666666666667,157,baseline
exp1_baseline,outside_in,baseline,12356,11,1057,1037,0,25.95,74,baseline
exp1_baseline,steffen,baseline,12356,11,674,1431,0,13.377777777777778,48,baseline
exp1_baseline,random,baseline,12357,12,1215,1013,75,30.444444444444443,114,baseline
exp1_baseline,back_to_front,baseline,12357,12,1636,1751,77,91.60555555555555,261,baseline
exp1_baseline,outside_in,baseline,12357,12,1058,1033,0,27.0,126,baseline
exp1_baseline,steffen,baseline,12357,12,685,1009,0,11.133333333333333,52,baseline
exp1_baseline,random,baseline,12358,13,1145,1109,82,31.305555555555557,95,baseline
exp1_baseline,back_to_front,baseline,12358,13,1551,1683,89,82.7611111111111,225,baseline
exp1_baseline,outside_in,baseline,12358,13,1018,1125,0,25.261111111111113,69,baseline
exp1_baseline,steffen,baseline,12358,13,653,1273,0,11.9,56,baseline
exp1_baseline,random,baseline,12359,14,1221,1107,94,34.65,136,baseline
exp1_baseline,back_to_front,baseline,12359,14,1598,1888,83,85.53333333333333,220,baseline
exp1_baseline,outside_in,baseline,12359,14,1008,1171,0,23.583333333333332,69,baseline
exp1_baseline,steffen,baseline,12359,14,699,1394,0,13.533333333333331,52,baseline
exp1_baseline,random,baseline,12360,15,1192,1096,87,32.85,141,baseline
exp1_baseline,back_to_front,baseline,12360,15,1535,1833,102,85.3,249,baseline
exp1_baseline,outside_in,baseline,12360,15,998,1062,0,24.272222222222226,83,baseline
exp1_baseline,steffen,baseline,12360,15,640,1336,0,12.444444444444445,51,baseline
exp1_baseline,random,baseline,12361,16,1353,1211,82,40.21111111111111,114,baseline
exp1_baseline,back_to_front,baseline,12361,16,1576,1783,95,85.6,201,baseline
exp1_baseline,outside_in,baseline,12361,16,1061,1091,0,26.961111111111112,96,baseline
exp1_baseline,steffen,baseline,12361,16,682,1237,0,12.383333333333333,57,baseline
exp1_baseline,random,baseline,12362,17,1256,1082,80,34.73888888888889,103,baseline
exp1_baseline,back_to_front,baseline,12362,17,1596,1830,102,93.29444444444444,251,baseline
exp1_baseline,outside_in,baseline,12362,17,1041,1103,0,25.994444444444444,83,baseline
exp1_baseline,steffen,baseline,12362,17,662,1344,0,13.161111111111111,47,baseline
exp1_baseline,random,baseline,12363,18,1159,1057,83,28.866666666666667,82,baseline
exp1_baseline,back_to_front,baseline,12363,18,1521,1582,98,83.4888888888889,251,baseline
exp1_baseline,outside_in,baseline,12363,18,1044,998,0,24.10555555555555,83,baseline
exp1_baseline,steffen,baseline,12363,18,669,1038,0,10.7,48,baseline
exp1_baseline,random,baseline,12364,19,1176,1137,89,32.63333333333333,129,baseline
exp1_baseline,back_to_front,baseline,12364,19,1603,1653,89,84.05555555555556,200,baseline
exp1_baseline,outside_in,baseline,12364,19,1069,1027,0,24.41111111111111,95,baseline
exp1_baseline,steffen,baseline,12364,19,704,1124,0,10.555555555555555,62,baseline
exp1_baseline,random,baseline,12365,20,1176,1098,102,34.94444444444444,113,baseline
exp1_baseline,back_to_front,baseline,12365,20,1612,1839,82,87.77777777777777,207,baseline
exp1_baseline,outside_in,baseline,12365,20,1133,1023,0,31.17222222222222,113,baseline
exp1_baseline,steffen,baseline,12365,20,664,1281,0,12.8,44,baseline
exp1_baseline,random,baseline,12366,21,1183,1010,78,30.72222222222222,118,baseline
exp1_baseline,back_to_front,baseline,12366,21,1630,1697,84,88.7388888888889,218,baseline
exp1_baseline,outside_in,baseline,12366,21,1033,975,0,25.966666666666665,95,baseline
exp1_baseline,steffen,baseline,12366,21,693,1130,0,11.88888888888889,49,baseline
exp1_baseline,random,baseline,12367,22,1303,996,88,32.2,86,baseline
exp1_baseline,back_to_front,baseline,12367,22,1560,1832,94,79.97222222222223,237,baseline
exp1_baseline,outside_in,baseline,12367,22,1143,979,0,26.205555555555556,77,baseline
exp1_baseline,steffen,baseline,12367,22,686,1396,0,13.327777777777778,50,baseline
exp1_baseline,random,baseline,12368,23,1313,1161,93,38.522222222222226,101,baseline
exp1_baseline,back_to_front,baseline,12368,23,1566,1730,76,87.61666666666666,253,baseline
exp1_baseline,outside_in,baseline,12368,23,991,970,0,22.283333333333335,67,baseline
exp1_baseline,steffen,baseline,12368,23,664,1332,0,13.688888888888888,53,baseline
exp1_baseline,random,baseline,12369,24,1237,1204,100,33.76111111111111,135,baseline
exp1_baseline,back_to_front,baseline,12369,24,1675,1882,89,97.6,250,baseline
exp1_baseline,outside_in,baseline,12369,24,1080,989,0,27.35,98,baseline
exp1_baseline,steffen,baseline,12369,24,717,1329,0,13.905555555555557,84,baseline
exp1_baseline,random,baseline,12370,25,1240,1108,81,29.488888888888887,139,baseline
exp1_baseline,back_to_front,baseline,12370,25,1605,1716,86,77.39444444444445,185,baseline
exp1_baseline,outside_in,baseline,12370,25,1070,923,0,22.505555555555556,65,baseline
exp1_baseline,steffen,baseline,12370,25,711,1171,0,12.655555555555557,90,baseline
exp1_baseline,random,baseline,12371,26,1239,1072,89,29.377777777777776,104,baseline
exp1_baseline,back_to_front,baseline,12371,26,1538,1710,84,76.07777777777778,211,baseline
exp1_baseline,outside_in,baseline,12371,26,1026,1021,0,22.52777777777778,98,baseline
exp1_baseline,steffen,baseline,12371,26,702,1241,0,11.633333333333333,64,baseline
exp1_baseline,random,baseline,12372,27,1355,1035,85,33.327777777777776,122,baseline
exp1_baseline,back_to_front,baseline,12372,27,1689,1795,97,95.55,233,baseline
exp1_baseline,outside_in,baseline,12372,27,1081,1103,0,27.68888888888889,106,baseline
exp1_baseline,steffen,baseline,12372,27,680,1381,0,12.955555555555556,52,baseline
exp1_baseline,random,baseline,12373,28,1177,1073,91,33.24444444444445,118,baseline
exp1_baseline,back_to_front,baseline,12373,28,1521,1786,82,76.81666666666666,197,baseline
exp1_baseline,outside_in,baseline,12373,28,1016,1100,0,23.933333333333337,77,baseline
exp1_baseline,steffen,baseline,12373,28,683,1309,0,12.144444444444444,50,baseline
exp1_baseline,random,baseline,12374,29,1206,1045,81,33.227777777777774,103,baseline
exp1_baseline,back_to_front,baseline,12374,29,1560,1779,88,80.07777777777778,188,baseline
exp1_baseline,outside_in,baseline,12374,29,1020,923,0,21.988888888888887,61,baseline
exp1_baseline,steffen,baseline,12374,29,679,1192,0,11.188888888888888,48,baseline
exp1_baseline,random,baseline,12375,30,1226,1033,101,30.88888888888889,93,baseline
exp1_baseline,back_to_front,baseline,12375,30,1556,1724,98,80.30555555555556,205,baseline
exp1_baseline,outside_in,baseline,12375,30,1069,1095,0,25.483333333333334,87,baseline
exp1_baseline,steffen,baseline,12375,30,690,1441,0,14.03888888888889,58,baseline
exp1_baseline,random,baseline,12376,31,1314,1087,89,37.6,121,baseline
exp1_baseline,back_to_front,baseline,12376,31,1617,1714,86,84.68888888888888,203,baseline
exp1_baseline,outside_in,baseline,12376,31,1025,1139,0,27.505555555555556,90,baseline
exp1_baseline,steffen,baseline,12376,31,717,1239,0,13.355555555555556,76,baseline
exp1_baseline,random,baseline,12377,32,1256,1068,79,33.105555555555554,105,baseline
exp1_baseline,back_to_front,baseline,12377,32,1742,1809,88,96.39444444444445,253,baseline
exp1_baseline,outside_in,baseline,12377,32,1032,1059,0,23.794444444444444,83,baseline
exp1_baseline,steffen,baseline,12377,32,697,1373,0,13.811111111111112,62,baseline
exp1_baseline,random,baseline,12378,33,1198,1075,95,32.18333333333333,103,baseline
exp1_baseline,back_to_front,baseline,12378,33,1629,1784,97,92.46111111111112,218,baseline
exp1_baseline,outside_in,baseline,12378,33,940,1073,0,25.416666666666668,89,baseline
exp1_baseline,steffen,baseline,12378,33,664,1259,0,12.555555555555555,70,baseline
exp1_baseline,random,baseline,12379,34,1151,1070,82,28.427777777777777,120,baseline
exp1_baseline,back_to_front,baseline,12379,34,1547,1791,89,86.11111111111111,221,baseline
exp1_baseline,outside_in,baseline,12379,34,1054,1037,0,23.88888888888889,79,baseline
exp1_baseline,steffen,baseline,12379,34,686,1269,0,12.372222222222222,51,baseline
exp1_baseline,random,baseline,12380,35,1124,1002,79,27.72222222222222,104,baseline
exp1_baseline,back_to_front,baseline,12380,35,1527,1766,88,76.68333333333334,180,baseline
exp1_baseline,outside_in,baseline,12380,35,1013,1156,0,25.877777777777776,89,baseline
exp1_baseline,steffen,baseline,12380,35,704,1366,0,12.822222222222225,47,baseline
exp1_baseline,random,baseline,12381,36,1201,1156,83,36.422222222222224,125,baseline
exp1_baseline,back_to_front,baseline,12381,36,1619,1782,87,87.83333333333333,207,baseline
exp1_baseline,outside_in,baseline,12381,36,1062,1096,0,24.07777777777778,69,baseline
exp1_baseline,steffen,baseline,12381,36,668,1461,0,13.433333333333334,54,baseline
exp1_baseline,random,baseline,12382,37,1300,1023,96,38.98888888888889,128,baseline
exp1_baseline,back_to_front,baseline,12382,37,1687,1628,100,93.49444444444444,260,baseline
exp1_baseline,outside_in,baseline,12382,37,1079,978,0,22.822222222222223,74,baseline
exp1_baseline,steffen,baseline,12382,37,716,1110,0,12.25,102,baseline
exp1_baseline,random,baseline,12383,38,1157,1165,89,33.733333333333334,113,baseline
exp1_baseline,back_to_front,baseline,12383,38,1629,1675,96,83.31111111111112,178,baseline
exp1_baseline,outside_in,baseline,12383,38,1017,1045,0,23.88888888888889,74,baseline
exp1_baseline,steffen,baseline,12383,38,678,1399,0,12.766666666666667,58,baseline
exp1_baseline,random,baseline,12384,39,1211,974,102,28.405555555555555,101,baseline
exp1_baseline,back_to_front,baseline,12384,39,1593,1669,93,80.04444444444445,206,baseline
exp1_baseline,outside_in,baseline,12384,39,1029,1023,0,22.64444444444445,86,baseline
exp1_baseline,steffen,baseline,12384,39,696,1289,0,12.594444444444443,51,baseline
exp1_baseline,random,baseline,12385,40,1204,1127,90,29.516666666666666,93,baseline
exp1_baseline,back_to_front,baseline,12385,40,1501,1749,93,81.77222222222223,261,baseline
exp1_baseline,outside_in,baseline,12385,40,1026,1055,0,26.761111111111113,94,baseline
exp1_baseline,steffen,baseline,12385,40,687,1410,0,13.488888888888887,45,baseline
exp1_baseline,random,baseline,12386,41,1198,1054,95,29.227777777777774,99,baseline
exp1_baseline,back_to_front,baseline,12386,41,1500,1829,74,77.9888888888889,213,baseline
exp1_baseline,outside_in,baseline,12386,41,985,990,0,22.238888888888887,107,baseline
exp1_baseline,steffen,baseline,12386,41,705,1341,0,12.5,59,baseline
exp1_baseline,random,baseline,12387,42,1231,1001,90,28.75,97,baseline
exp1_baseline,back_to_front,baseline,12387,42,1639,1601,96,85.32222222222222,209,baseline
exp1_baseline,outside_in,baseline,12387,42,970,952,0,21.77777777777778,80,baseline
exp1_baseline,steffen,baseline,12387,42,674,1060,0,11.161111111111111,45,baseline
exp1_baseline,random,baseline,12388,43,1226,1037,90,28.56111111111111,102,baseline
exp1_baseline,back_to_front,baseline,12388,43,1604,1773,99,77.43888888888888,187,baseline
exp1_baseline,outside_in,baseline,12388,43,1131,1007,0,26.594444444444445,84,baseline
exp1_baseline,steffen,baseline,12388,43,707,1431,0,13.083333333333334,50,baseline
exp1_baseline,random,baseline,12389,44,1230,1036,97,31.927777777777777,114,baseline
exp1_baseline,back_to_front,baseline,12389,44,1517,1738,80,78.79444444444445,211,baseline
exp1_baseline,outside_in,baseline,12389,44,1082,1049,0,25.405555555555555,71,baseline
exp1_baseline,steffen,baseline,12389,44,700,1144,0,11.405555555555557,45,baseline
exp1_baseline,random,baseline,12390,45,1239,1003,92,29.155555555555555,97,baseline
exp1_baseline,back_to_front,baseline,12390,45,1541,1651,96,78.43333333333334,218,baseline
exp1_baseline,outside_in,baseline,12390,45,1062,1007,0,22.755555555555556,71,baseline
exp1_baseline,steffen,baseline,12390,45,716,1213,0,11.583333333333334,46,baseline
exp1_baseline,random,baseline,12391,46,1306,1042,91,33.394444444444446,95,baseline
exp1_baseline,back_to_front,baseline,12391,46,1701,1731,92,85.6,185,baseline
exp1_baseline,outside_in,baseline,12391,46,1116,1041,0,25.694444444444443,67,baseline
exp1_baseline,steffen,baseline,12391,46,708,1270,0,13.333333333333334,48,baseline
exp1_baseline,random,baseline,12392,47,1319,1081,90,36.144444444444446,125,baseline
exp1_baseline,back_to_front,baseline,12392,47,1604,1720,85,82.25,216,baseline
exp1_baseline,outside_in,baseline,12392,47,1090,964,0,24.58888888888889,87,baseline
exp1_baseline,steffen,baseline,12392,47,699,1013,0,10.405555555555557,42,baseline
exp1_baseline,random,baseline,12393,48,1296,1181,101,32.83888888888889,91,baseline
exp1_baseline,back_to_front,baseline,12393,48,1679,1676,105,85.81666666666666,230,baseline
exp1_baseline,outside_in,baseline,12393,48,1133,959,0,23.166666666666668,79,baseline
exp1_baseline,steffen,baseline,12393,48,702,1259,0,12.133333333333333,50,baseline
exp1_baseline,random,baseline,12394,49,1205,1027,85,33.17777777777778,98,baseline
exp1_baseline,back_to_front,baseline,12394,49,1658,1697,79,79.58888888888889,213,baseline
exp1_baseline,outside_in,baseline,12394,49,1037,1022,0,26.372222222222224,83,baseline
exp1_baseline,steffen,baseline,12394,49,702,1144,0,10.994444444444444,42,baseline
exp1_baseline,random,baseline,12395,50,1135,1164,90,30.82777777777778,110,baseline
exp1_baseline,back_to_front,baseline,12395,50,1513,1603,93,81.05555555555556,259,baseline
exp1_baseline,outside_in,baseline,12395,50,978,954,0,21.05,85,baseline
exp1_baseline,steffen,baseline,12395,50,668,1203,0,11.827777777777778,45,baseline
exp1_baseline,random,baseline,12396,51,1291,1068,97,38.172222222222224,122,baseline
exp1_baseline,back_to_front,baseline,12396,51,1606,1801,90,86.86666666666666,226,baseline
exp1_baseline,outside_in,baseline,12396,51,1050,1031,0,21.616666666666667,75,baseline
exp1_baseline,steffen,baseline,12396,51,713,1159,0,12.011111111111113,46,baseline
exp1_baseline,random,baseline,12397,52,1166,1182,90,31.916666666666668,109,baseline
exp1_baseline,back_to_front,baseline,12397,52,1462,1607,91,76.82222222222222,208,baseline
exp1_baseline,outside_in,baseline,12397,52,996,992,0,20.983333333333334,87,baseline
exp1_baseline,steffen,baseline,12397,52,696,1202,0,11.166666666666666,47,baseline
exp1_baseline,random,baseline,12398,53,1182,1069,79,29.555555555555557,131,baseline
exp1_baseline,back_to_front,baseline,12398,53,1548,1704,97,80.90555555555555,234,baseline
exp1_baseline,outside_in,baseline,12398,53,1000,1117,0,21.927777777777777,72,baseline
exp1_baseline,steffen,baseline,12398,53,704,1288,0,11.555555555555555,49,baseline
exp1_baseline,random,baseline,12399,54,1325,1028,98,34.03888888888889,103,baseline
exp1_baseline,back_to_front,baseline,12399,54,1666,1640,90,87.82222222222222,243,baseline
exp1_baseline,outside_in,baseline,12399,54,1103,1090,0,26.41111111111111,88,baseline
exp1_baseline,steffen,baseline,12399,54,703,1095,0,11.772222222222222,74,baseline
exp1_baseline,random,baseline,12400,55,1252,1110,88,35.98888888888889,109,baseline
exp1_baseline,back_to_front,baseline,12400,55,1459,1721,89,80.78888888888889,246,baseline
exp1_baseline,outside_in,baseline,12400,55,965,1107,0,22.983333333333334,85,baseline
exp1_baseline,steffen,baseline,12400,55,661,1420,0,12.75,43,baseline
exp1_baseline,random,baseline,12401,56,1228,1192,85,37.98888888888889,104,baseline
exp1_baseline,back_to_front,baseline,12401,56,1562,1797,93,88.77222222222223,249,baseline
exp1_baseline,outside_in,baseline,12401,56,968,1035,0,25.58888888888889,70,baseline
exp1_baseline,steffen,baseline,12401,56,679,1188,0,12.47222222222222,48,baseline
exp1_baseline,random,baseline,12402,57,1279,1014,104,38.31666666666667,107,baseline
exp1_baseline,back_to_front,baseline,12402,57,1564,1775,90,77.68333333333334,195,baseline
exp1_baseline,outside_in,baseline,12402,57,1072,1004,0,26.22222222222222,108,baseline
exp1_baseline,steffen,baseline,12402,57,708,1147,0,12.066666666666666,64,baseline
exp1_baseline,random,baseline,12403,58,1354,1087,84,36.7,123,baseline
exp1_baseline,back_to_front,baseline,12403,58,1574,1781,85,78.14444444444445,188,baseline
exp1_baseline,outside_in,baseline,12403,58,1055,850,0,23.322222222222223,71,baseline
exp1_baseline,steffen,baseline,12403,58,713,982,0,10.911111111111111,46,baseline
exp1_baseline,random,baseline,12404,59,1273,1036,85,31.844444444444445,105,baseline
exp1_baseline,back_to_front,baseline,12404,59,1691,1845,84,85.17222222222222,212,baseline
exp1_baseline,outside_in,baseline,12404,59,1143,916,0,23.283333333333335,80,baseline
exp1_baseline,steffen,baseline,12404,59,732,1192,0,12.016666666666667,54,baseline
exp1_baseline,random,baseline,12405,60,1325,1068,98,37.67777777777778,144,baseline
exp1_baseline,back_to_front,baseline,12405,60,1656,1662,98,85.80555555555556,220,baseline
exp1_baseline,outside_in,baseline,12405,60,1073,1047,0,26.72222222222222,75,baseline
exp1_baseline,steffen,baseline,12405,60,701,1286,0,12.622222222222222,52,baseline
exp1_baseline,random,baseline,12406,61,1199,1156,96,31.738888888888887,104,baseline
exp1_baseline,back_to_front,baseline,12406,61,1745,1809,87,97.62777777777778,244,baseline
exp1_baseline,outside_in,baseline,12406,61,1051,1046,0,24.68888888888889,117,baseline
exp1_baseline,steffen,baseline,12406,61,676,1320,0,12.438888888888888,52,baseline
exp1_baseline,random,baseline,12407,62,1185,1011,88,29.877777777777776,107,baseline
exp1_baseline,back_to_front,baseline,12407,62,1612,1797,93,85.6,241,baseline
exp1_baseline,outside_in,baseline,12407,62,1015,949,0,20.47222222222222,88,baseline
exp1_baseline,steffen,baseline,12407,62,687,1239,0,12.022222222222222,52,baseline
exp1_baseline,random,baseline,12408,63,1250,1017,93,32.3,89,baseline
exp1_baseline,back_to_front,baseline,12408,63,1675,1718,96,87.58888888888889,234,baseline
exp1_baseline,outside_in,baseline,12408,63,1154,1070,0,26.86111111111111,96,baseline
exp1_baseline,steffen,baseline,12408,63,727,1348,0,13.616666666666667,61,baseline
exp1_baseline,random,baseline,12409,64,1342,1043,95,32.41111111111111,118,baseline
exp1_baseline,back_to_front,baseline,12409,64,1599,1856,97,94.48333333333332,252,baseline
exp1_baseline,outside_in,baseline,12409,64,1073,1047,0,24.35555555555555,82,baseline
exp1_baseline,steffen,baseline,12409,64,679,1287,0,12.055555555555555,63,baseline
exp1_baseline,random,baseline,12410,65,1245,1144,91,32.727777777777774,95,baseline
exp1_baseline,back_to_front,baseline,12410,65,1596,1825,97,91.33333333333331,212,baseline
exp1_baseline,outside_in,baseline,12410,65,1036,1141,0,26.16111111111111,90,baseline
exp1_baseline,steffen,baseline,12410,65,698,1335,0,12.316666666666666,49,baseline
exp1_baseline,random,baseline,12411,66,1321,1069,96,36.82222222222222,141,baseline
exp1_baseline,back_to_front,baseline,12411,66,1698,1618,96,90.35,242,baseline
exp1_baseline,outside_in,baseline,12411,66,1056,1042,0,27.02777777777778,93,baseline
exp1_baseline,steffen,baseline,12411,66,707,1007,0,11.52777777777778,77,baseline
exp1_baseline,random,baseline,12412,67,1247,1107,78,38.20555555555555,119,baseline
exp1_baseline,back_to_front,baseline,12412,67,1706,1832,98,91.65,220,baseline
exp1_baseline,outside_in,baseline,12412,67,1068,1047,0,24.283333333333335,97,baseline
exp1_baseline,steffen,baseline,12412,67,695,1305,0,11.938888888888888,46,baseline
exp1_baseline,random,baseline,12413,68,1257,1041,107,32.93888888888889,126,baseline
exp1_baseline,back_to_front,baseline,12413,68,1667,1678,83,90.47777777777776,240,baseline
exp1_baseline,outside_in,baseline,12413,68,992,1014,0,25.072222222222223,80,baseline
exp1_baseline,steffen,baseline,12413,68,684,1154,0,12.444444444444445,45,baseline
exp1_baseline,random,baseline,12414,69,1321,1172,86,37.31666666666667,117,baseline
exp1_baseline,back_to_front,baseline,12414,69,1617,1723,85,83.80555555555556,220,baseline
exp1_baseline,outside_in,baseline,12414,69,1103,1014,0,24.283333333333335,120,baseline
exp1_baseline,steffen,baseline,12414,69,688,1258,0,12.694444444444445,54,baseline
exp1_baseline,random,baseline,12415,70,1173,1105,90,29.766666666666666,94,baseline
exp1_baseline,back_to_front,baseline,12415,70,1570,1875,88,87.62222222222222,203,baseline
exp1_baseline,outside_in,baseline,12415,70,1075,1028,0,26.883333333333333,95,baseline
exp1_baseline,steffen,baseline,12415,70,713,1470,0,13.444444444444445,59,baseline
exp1_baseline,random,baseline,12416,71,1219,1022,81,29.288888888888888,124,baseline
exp1_baseline,back_to_front,baseline,12416,71,1607,1818,92,86.41666666666667,199,baseline
exp1_baseline,outside_in,baseline,12416,71,1071,1012,0,25.677777777777777,74,baseline
exp1_baseline,steffen,baseline,12416,71,713,1434,0,13.9,55,baseline
exp1_baseline,random,baseline,12417,72,1246,989,85,32.30555555555556,104,baseline
exp1_baseline,back_to_front,baseline,12417,72,1581,1663,93,79.7,200,baseline
exp1_baseline,outside_in,baseline,12417,72,1138,987,0,24.02777777777778,86,baseline
exp1_baseline,steffen,baseline,12417,72,692,1148,0,11.944444444444445,45,baseline
exp1_baseline,random,baseline,12418,73,1259,1133,89,37.49444444444445,170,baseline
exp1_baseline,back_to_front,baseline,12418,73,1574,1763,93,91.36111111111111,243,baseline
exp1_baseline,outside_in,baseline,12418,73,1017,1065,0,27.288888888888888,95,baseline
exp1_baseline,steffen,baseline,12418,73,659,1109,0,11.355555555555556,47,baseline
exp1_baseline,random,baseline,12419,74,1249,1163,92,36.34444444444444,109,baseline
exp1_baseline,back_to_front,baseline,12419,74,1495,1692,80,72.08333333333333,200,baseline
exp1_baseline,outside_in,baseline,12419,74,1046,1001,0,21.216666666666665,89,baseline
exp1_baseline,steffen,baseline,12419,74,693,1278,0,12.3,65,baseline
exp1_baseline,random,baseline,12420,75,1211,1104,93,29.82777777777778,105,baseline
exp1_baseline,back_to_front,baseline,12420,75,1664,1704,89,88.73333333333333,240,baseline
exp1_baseline,outside_in,baseline,12420,75,1045,1068,0,23.805555555555557,74,baseline
exp1_baseline,steffen,baseline,12420,75,711,1351,0,12.866666666666667,49,baseline
exp1_baseline,random,baseline,12421,76,1238,1079,98,37.327777777777776,128,baseline
exp1_baseline,back_to_front,baseline,12421,76,1493,1778,86,85.71666666666667,207,baseline
exp1_baseline,outside_in,baseline,12421,76,1020,1157,0,27.022222222222226,81,baseline
exp1_baseline,steffen,baseline,12421,76,675,1326,0,13.2,45,baseline
exp1_baseline,random,baseline,12422,77,1301,1253,87,37.95555555555555,119,baseline
exp1_baseline,back_to_front,baseline,12422,77,1606,1936,79,88.04444444444445,210,baseline
exp1_baseline,outside_in,baseline,12422,77,1020,1138,0,25.60555555555555,81,baseline
exp1_baseline,steffen,baseline,12422,77,700,1309,0,13.511111111111113,58,baseline
exp1_baseline,random,baseline,12423,78,1267,1139,99,37.86666666666667,156,baseline
exp1_baseline,back_to_front,baseline,12423,78,1765,1688,89,101.72222222222224,300,baseline
exp1_baseline,outside_in,baseline,12423,78,1086,1178,0,27.35,80,baseline
exp1_baseline,steffen,baseline,12423,78,689,1268,0,13.177777777777775,60,baseline
exp1_baseline,random,baseline,12424,79,1219,1015,87,28.25,99,baseline
exp1_baseline,back_to_front,baseline,12424,79,1547,1564,91,75.08888888888889,202,baseline
exp1_baseline,outside_in,baseline,12424,79,1009,948,0,21.461111111111112,72,baseline
exp1_baseline,steffen,baseline,12424,79,704,1118,0,11.177777777777775,56,baseline
exp1_baseline,random,baseline,12425,80,1226,1043,97,32.077777777777776,109,baseline
exp1_baseline,back_to_front,baseline,12425,80,1552,1771,95,90.58888888888887,289,baseline
exp1_baseline,outside_in,baseline,12425,80,1095,938,0,25.47222222222222,109,baseline
exp1_baseline,steffen,baseline,12425,80,678,1170,0,11.838888888888889,52,baseline
exp1_baseline,random,baseline,12426,81,1278,1069,97,37.233333333333334,179,baseline
exp1_baseline,back_to_front,baseline,12426,81,1528,1765,77,76.82777777777778,174,baseline
exp1_baseline,outside_in,baseline,12426,81,1006,1137,0,25.155555555555555,85,baseline
exp1_baseline,steffen,baseline,12426,81,662,1391,0,12.261111111111113,45,baseline
exp1_baseline,random,baseline,12427,82,1256,1048,81,31.466666666666665,102,baseline
exp1_baseline,back_to_front,baseline,12427,82,1670,1768,91,99.65555555555557,245,baseline
exp1_baseline,outside_in,baseline,12427,82,1040,1037,0,27.86111111111111,121,baseline
exp1_baseline,steffen,baseline,12427,82,659,1239,0,12.372222222222222,54,baseline
exp1_baseline,random,baseline,12428,83,1240,1134,80,37.13333333333333,116,baseline
exp1_baseline,back_to_front,baseline,12428,83,1614,1790,93,88.84444444444445,195,baseline
exp1_baseline,outside_in,baseline,12428,83,1091,1005,0,25.68888888888889,74,baseline
exp1_baseline,steffen,baseline,12428,83,693,1285,0,12.783333333333331,47,baseline
exp1_baseline,random,baseline,12429,84,1339,1073,87,37.19444444444444,147,baseline
exp1_baseline,back_to_front,baseline,12429,84,1788,1758,96,93.78888888888888,213,baseline
exp1_baseline,outside_in,baseline,12429,84,1148,1106,0,26.766666666666666,82,baseline
exp1_baseline,steffen,baseline,12429,84,720,1285,0,12.844444444444443,64,baseline
exp1_baseline,random,baseline,12430,85,1264,1068,103,34.72222222222222,145,baseline
exp1_baseline,back_to_front,baseline,12430,85,1654,1623,87,85.94444444444444,195,baseline
exp1_baseline,outside_in,baseline,12430,85,1056,1009,0,25.85555555555555,80,baseline
exp1_baseline,steffen,baseline,12430,85,683,1192,0,11.27777777777778,46,baseline
exp1_baseline,random,baseline,12431,86,1362,1197,97,35.93333333333333,116,baseline
exp1_baseline,back_to_front,baseline,12431,86,1489,1725,84,80.87222222222222,219,baseline
exp1_baseline,outside_in,baseline,12431,86,1068,937,0,24.711111111111112,99,baseline
exp1_baseline,steffen,baseline,12431,86,666,1420,0,13.78888888888889,54,baseline
exp1_baseline,random,baseline,12432,87,1208,1069,95,28.038888888888888,97,baseline
exp1_baseline,back_to_front,baseline,12432,87,1602,1853,92,89.78333333333333,239,baseline
exp1_baseline,outside_in,baseline,12432,87,1027,948,0,22.383333333333333,81,baseline
exp1_baseline,steffen,baseline,12432,87,686,1130,0,10.705555555555556,44,baseline
exp1_baseline,random,baseline,12433,88,1268,1083,90,33.644444444444446,103,baseline
exp1_baseline,back_to_front,baseline,12433,88,1569,1763,83,82.36111111111111,209,baseline
exp1_baseline,outside_in,baseline,12433,88,992,948,0,23.794444444444444,87,baseline
exp1_baseline,steffen,baseline,12433,88,675,1118,0,11.27777777777778,46,baseline
exp1_baseline,random,baseline,12434,89,1185,1109,92,31.916666666666668,121,baseline
exp1_baseline,back_to_front,baseline,12434,89,1428,1729,84,77.04444444444445,197,baseline
exp1_baseline,outside_in,baseline,12434,89,1019,986,0,25.094444444444445,76,baseline
exp1_baseline,steffen,baseline,12434,89,663,1314,0,12.316666666666666,56,baseline
exp1_baseline,random,baseline,12435,90,1269,1038,100,38.86666666666667,128,baseline
exp1_baseline,back_to_front,baseline,12435,90,1662,1900,87,91.45,211,baseline
exp1_baseline,outside_in,baseline,12435,90,1113,1190,0,33.93888888888889,117,baseline
exp1_baseline,steffen,baseline,12435,90,718,1045,0,12.072222222222225,72,baseline
exp1_baseline,random,baseline,12436,91,1154,1160,101,34.46666666666667,133,baseline
exp1_baseline,back_to_front,baseline,12436,91,1688,1765,85,99.69444444444444,264,baseline
exp1_baseline,outside_in,baseline,12436,91,1004,982,0,23.494444444444444,81,baseline
exp1_baseline,steffen,baseline,12436,91,658,975,0,10.272222222222222,40,baseline
exp1_baseline,random,baseline,12437,92,1232,1117,93,37.95,108,baseline
exp1_baseline,back_to_front,baseline,12437,92,1607,1793,93,87.81111111111112,217,baseline
exp1_baseline,outside_in,baseline,12437,92,1054,1132,0,31.444444444444443,136,baseline
exp1_baseline,steffen,baseline,12437,92,681,1263,0,13.28888888888889,50,baseline
exp1_baseline,random,baseline,12438,93,1129,1098,94,31.33888888888889,132,baseline
exp1_baseline,back_to_front,baseline,12438,93,1670,1823,87,90.91666666666669,239,baseline
exp1_baseline,outside_in,baseline,12438,93,1037,1141,0,26.07777777777778,74,baseline
exp1_baseline,steffen,baseline,12438,93,698,1357,0,13.061111111111112,49,baseline
exp1_baseline,random,baseline,12439,94,1194,936,92,29.82777777777778,96,baseline
exp1_baseline,back_to_front,baseline,12439,94,1544,1764,89,86.03333333333333,232,baseline
exp1_baseline,outside_in,baseline,12439,94,1045,1165,0,27.216666666666665,93,baseline
exp1_baseline,steffen,baseline,12439,94,664,1201,0,11.644444444444444,46,baseline
exp1_baseline,random,baseline,12440,95,1291,1095,89,37.7,157,baseline
exp1_baseline,back_to_front,baseline,12440,95,1544,1780,93,88.31111111111112,245,baseline
exp1_baseline,outside_in,baseline,12440,95,1064,1046,0,30.011111111111113,95,baseline
exp1_baseline,steffen,baseline,12440,95,645,1249,0,12.53888888888889,44,baseline
exp1_baseline,random,baseline,12441,96,1319,1083,90,34.21666666666667,111,baseline
exp1_baseline,back_to_front,baseline,12441,96,1489,1673,88,75.09444444444445,177,baseline
exp1_baseline,outside_in,baseline,12441,96,1057,1092,0,25.14444444444445,84,baseline
exp1_baseline,steffen,baseline,12441,96,691,1257,0,12.28888888888889,52,baseline
exp1_baseline,random,baseline,12442,97,1275,1130,93,34.58888888888889,111,baseline
exp1_baseline,back_to_front,baseline,12442,97,1669,1804,93,90.58888888888887,203,baseline
exp1_baseline,outside_in,baseline,12442,97,1126,1095,0,32.605555555555554,106,baseline
exp1_baseline,steffen,baseline,12442,97,714,1359,0,14.52777777777778,59,baseline
exp1_baseline,random,baseline,12443,98,1277,1188,85,38.65,128,baseline
exp1_baseline,back_to_front,baseline,12443,98,1633,1804,87,86.91111111111111,214,baseline
exp1_baseline,outside_in,baseline,12443,98,1070,1080,0,29.627777777777776,100,baseline
exp1_baseline,steffen,baseline,12443,98,678,1331,0,13.377777777777778,56,baseline
exp1_baseline,random,baseline,12444,99,1159,1067,84,30.961111111111112,107,baseline
exp1_baseline,back_to_front,baseline,12444,99,1511,1753,93,80.68888888888888,211,baseline
exp1_baseline,outside_in,baseline,12444,99,1045,976,0,23.177777777777777,71,baseline
exp1_baseline,steffen,baseline,12444,99,694,1221,0,11.588888888888889,64,baseline
exp1_baseline,random,baseline,12445,100,1160,926,91,32.40555555555556,94,baseline
exp1_baseline,back_to_front,baseline,12445,100,1550,1694,85,85.71111111111111,221,baseline
exp1_baseline,outside_in,baseline,12445,100,983,968,0,20.72222222222222,72,baseline
exp1_baseline,steffen,baseline,12445,100,665,1075,0,10.688888888888888,47,baseline
exp1_baseline,random,baseline,12446,101,1172,1036,97,32.81666666666667,155,baseline
exp1_baseline,back_to_front,baseline,12446,101,1541,1822,99,87.77222222222223,219,baseline
exp1_baseline,outside_in,baseline,12446,101,1051,1109,0,27.305555555555557,89,baseline
exp1_baseline,steffen,baseline,12446,101,692,1243,0,13.033333333333331,53,baseline
exp1_baseline,random,baseline,12447,102,1291,1003,99,29.366666666666667,98,baseline
exp1_baseline,back_to_front,baseline,12447,102,1596,1793,87,84.67222222222222,247,baseline
exp1_baseline,outside_in,baseline,12447,102,1123,1087,0,24.788888888888888,95,baseline
exp1_baseline,steffen,baseline,12447,102,735,1400,0,12.822222222222225,52,baseline
exp1_baseline,random,baseline,12448,103,1249,1024,88,33.56111111111111,112,baseline
exp1_baseline,back_to_front,baseline,12448,103,1531,1795,75,83.33888888888889,223,baseline
exp1_baseline,outside_in,baseline,12448,103,1093,1110,0,27.5,96,baseline
exp1_baseline,steffen,baseline,12448,103,670,1385,0,12.794444444444444,43,baseline
exp1_baseline,random,baseline,12449,104,1269,1136,96,33.205555555555556,122,baseline
exp1_baseline,back_to_front,baseline,12449,104,1424,1682,83,65.97777777777777,151,baseline
exp1_baseline,outside_in,baseline,12449,104,1070,1032,0,25.122222222222224,90,baseline
exp1_baseline,steffen,baseline,12449,104,689,1202,0,12.311111111111112,43,baseline
exp1_baseline,random,baseline,12450,105,1241,1059,100,30.38888888888889,121,baseline
exp1_baseline,back_to_front,baseline,12450,105,1536,1667,86,74.11666666666666,203,baseline
exp1_baseline,outside_in,baseline,12450,105,1051,1107,0,24.572222222222223,87,baseline
exp1_baseline,steffen,baseline,12450,105,660,1252,0,11.21111111111111,43,baseline
exp1_baseline,random,baseline,12451,106,1243,1030,103,35.97222222222222,137,baseline
exp1_baseline,back_to_front,baseline,12451,106,1757,1803,83,95.58888888888887,214,baseline
exp1_baseline,outside_in,baseline,12451,106,1144,1046,0,28.377777777777776,102,baseline
exp1_baseline,steffen,baseline,12451,106,710,1092,0,11.283333333333331,56,baseline
exp1_baseline,random,baseline,12452,107,1155,1133,69,30.883333333333333,91,baseline
exp1_baseline,back_to_front,baseline,12452,107,1670,1873,93,92.37222222222222,229,baseline
exp1_baseline,outside_in,baseline,12452,107,1079,1067,0,23.916666666666668,92,baseline
exp1_baseline,steffen,baseline,12452,107,704,1289,0,12.444444444444445,50,baseline
exp1_baseline,random,baseline,12453,108,1275,1018,95,31.02777777777778,114,baseline
exp1_baseline,back_to_front,baseline,12453,108,1612,1676,90,85.03333333333333,221,baseline
exp1_baseline,outside_in,baseline,12453,108,1028,1063,0,22.67222222222222,69,baseline
exp1_baseline,steffen,baseline,12453,108,702,1109,0,11.22222222222222,45,baseline
exp1_baseline,random,baseline,12454,109,1316,1088,81,33.111111111111114,106,baseline
exp1_baseline,back_to_front,baseline,12454,109,1859,1768,87,103.47222222222224,231,baseline
exp1_baseline,outside_in,baseline,12454,109,1158,1042,0,26.216666666666665,74,baseline
exp1_baseline,steffen,baseline,12454,109,717,1258,0,13.75,72,baseline
exp1_baseline,random,baseline,12455,110,1331,1131,107,37.861111111111114,112,baseline
exp1_baseline,back_to_front,baseline,12455,110,1693,1843,91,94.9888888888889,268,baseline
exp1_baseline,outside_in,baseline,12455,110,1043,961,0,25.36111111111111,64,baseline
exp1_baseline,steffen,baseline,12455,110,693,1384,0,12.883333333333333,45,baseline
exp1_baseline,random,baseline,12456,111,1214,1000,99,29.13888888888889,88,baseline
exp1_baseline,back_to_front,baseline,12456,111,1637,1755,88,90.08888888888887,244,baseline
exp1_baseline,outside_in,baseline,12456,111,1028,1078,0,24.36111111111111,84,baseline
exp1_baseline,steffen,baseline,12456,111,698,1274,0,11.872222222222222,52,baseline
exp1_baseline,random,baseline,12457,112,1256,1085,98,32.31666666666667,94,baseline
exp1_baseline,back_to_front,baseline,12457,112,1565,1683,92,81.8,223,baseline
exp1_baseline,outside_in,baseline,12457,112,1081,1022,0,25.211111111111112,72,baseline
exp1_baseline,steffen,baseline,12457,112,706,1183,0,12.144444444444444,54,baseline
exp1_baseline,random,baseline,12458,113,1249,1103,90,38.78888888888889,120,baseline
exp1_baseline,back_to_front,baseline,12458,113,1513,1760,81,75.60555555555555,183,baseline
exp1_baseline,outside_in,baseline,12458,113,1025,1092,0,25.488888888888887,90,baseline
exp1_baseline,steffen,baseline,12458,113,719,1346,0,12.316666666666666,42,baseline
exp1_baseline,random,baseline,12459,114,1217,972,83,34.94444444444444,127,baseline
exp1_baseline,back_to_front,baseline,12459,114,1606,1721,94,85.42222222222222,210,baseline
exp1_baseline,outside_in,baseline,12459,114,1064,1056,0,28.58888888888889,98,baseline
exp1_baseline,steffen,baseline,12459,114,663,1223,0,11.738888888888887,46,baseline
exp1_baseline,random,baseline,12460,115,1304,1165,88,33.644444444444446,94,baseline
exp1_baseline,back_to_front,baseline,12460,115,1613,1779,92,95.44444444444444,293,baseline
exp1_baseline,outside_in,baseline,12460,115,1013,984,0,22.744444444444444,66,baseline
exp1_baseline,steffen,baseline,12460,115,673,1211,0,12.144444444444444,47,baseline
exp1_baseline,random,baseline,12461,116,1102,1028,70,26.16111111111111,82,baseline
exp1_baseline,back_to_front,baseline,12461,116,1442,1740,71,74.25555555555556,180,baseline
exp1_baseline,outside_in,baseline,12461,116,990,983,0,20.594444444444445,75,baseline
exp1_baseline,steffen,baseline,12461,116,652,1301,0,12.144444444444444,46,baseline
exp1_baseline,random,baseline,12462,117,1222,1149,89,33.85,115,baseline
exp1_baseline,back_to_front,baseline,12462,117,1618,1817,105,86.02777777777777,221,baseline
exp1_baseline,outside_in,baseline,12462,117,1084,1067,0,25.766666666666666,101,baseline
exp1_baseline,steffen,baseline,12462,117,676,1296,0,11.9,54,baseline
exp1_baseline,random,baseline,12463,118,1186,1132,85,31.83888888888889,99,baseline
exp1_baseline,back_to_front,baseline,12463,118,1559,1837,94,85.21111111111111,214,baseline
exp1_baseline,outside_in,baseline,12463,118,1019,1069,0,23.522222222222226,82,baseline
exp1_baseline,steffen,baseline,12463,118,698,1297,0,13.533333333333331,52,baseline
exp1_baseline,random,baseline,12464,119,1220,1064,89,33.56111111111111,152,baseline
exp1_baseline,back_to_front,baseline,12464,119,1752,1736,101,91.92222222222222,214,baseline
exp1_baseline,outside_in,baseline,12464,119,1002,1087,0,22.377777777777776,73,baseline
exp1_baseline,steffen,baseline,12464,119,702,1245,0,12.15,44,baseline
exp1_baseline,random,baseline,12465,120,1160,986,94,29.7,107,baseline
exp1_baseline,back_to_front,baseline,12465,120,1519,1747,87,77.92777777777778,261,baseline
exp1_baseline,outside_in,baseline,12465,120,1071,1013,0,21.655555555555555,106,baseline
exp1_baseline,steffen,baseline,12465,120,686,1238,0,11.855555555555556,41,baseline
exp1_baseline,random,baseline,12466,121,1180,1114,70,31.805555555555557,96,baseline
exp1_baseline,back_to_front,baseline,12466,121,1499,1669,96,80.88888888888889,215,baseline
exp1_baseline,outside_in,baseline,12466,121,1049,985,0,25.08888888888889,96,baseline
exp1_baseline,steffen,baseline,12466,121,656,1303,0,12.688888888888888,50,baseline
exp1_baseline,random,baseline,12467,122,1295,1185,98,37.37777777777778,118,baseline
exp1_baseline,back_to_front,baseline,12467,122,1611,1845,85,88.01666666666667,234,baseline
exp1_baseline,outside_in,baseline,12467,122,1011,1085,0,23.733333333333334,68,baseline
exp1_baseline,steffen,baseline,12467,122,682,1278,0,12.466666666666669,54,baseline
exp1_baseline,random,baseline,12468,123,1280,1014,98,29.405555555555555,98,baseline
exp1_baseline,back_to_front,baseline,12468,123,1522,1715,86,78.61111111111111,255,baseline
exp1_baseline,outside_in,baseline,12468,123,1051,984,0,22.772222222222226,82,baseline
exp1_baseline,steffen,baseline,12468,123,692,1449,0,13.877777777777778,52,baseline
exp1_baseline,random,baseline,12469,124,1286,1125,98,35.583333333333336,113,baseline
exp1_baseline,back_to_front,baseline,12469,124,1612,1870,83,96.47222222222224,259,baseline
exp1_baseline,outside_in,baseline,12469,124,1061,1029,0,26.177777777777777,111,baseline
exp1_baseline,steffen,baseline,12469,124,680,1149,0,11.47222222222222,49,baseline
exp1_baseline,random,baseline,12470,125,1104,1013,86,30.544444444444444,102,baseline
exp1_baseline,back_to_front,baseline,12470,125,1519,1622,78,76.2611111111111,201,baseline
exp1_baseline,outside_in,baseline,12470,125,977,1016,0,20.433333333333337,83,baseline
exp1_baseline,steffen,baseline,12470,125,673,1118,0,11.272222222222222,46,baseline
exp1_baseline,random,baseline,12471,126,1397,1084,87,38.03333333333333,119,baseline
exp1_baseline,back_to_front,baseline,12471,126,1581,1709,98,82.26666666666667,222,baseline
exp1_baseline,outside_in,baseline,12471,126,1121,901,0,24.91111111111111,79,baseline
exp1_baseline,steffen,baseline,12471,126,723,1221,0,13.338888888888889,59,baseline
exp1_baseline,random,baseline,12472,127,1240,1152,87,31.288888888888888,102,baseline
exp1_baseline,back_to_front,baseline,12472,127,1616,1774,100,86.30555555555556,234,baseline
exp1_baseline,outside_in,baseline,12472,127,1086,1035,0,24.405555555555555,77,baseline
exp1_baseline,steffen,baseline,12472,127,711,1311,0,12.78888888888889,63,baseline
exp1_baseline,random,baseline,12473,128,1255,1127,89,39.29444444444445,130,baseline
exp1_baseline,back_to_front,baseline,12473,128,1687,1757,89,92.67777777777778,255,baseline
exp1_baseline,outside_in,baseline,12473,128,1100,914,0,24.07777777777778,86,baseline
exp1_baseline,steffen,baseline,12473,128,678,1368,0,13.216666666666669,57,baseline
exp1_baseline,random,baseline,12474,129,1111,999,82,29.538888888888888,98,baseline
exp1_baseline,back_to_front,baseline,12474,129,1474,1760,89,79.36111111111111,198,baseline
exp1_baseline,outside_in,baseline,12474,129,980,1024,0,24.75,67,baseline
exp1_baseline,steffen,baseline,12474,129,634,1361,0,12.683333333333334,45,baseline
exp1_baseline,random,baseline,12475,130,1296,1108,98,37.12222222222222,131,baseline
exp1_baseline,back_to_front,baseline,12475,130,1580,1823,94,85.62222222222222,194,baseline
exp1_baseline,outside_in,baseline,12475,130,1059,1037,0,27.85555555555555,89,baseline
exp1_baseline,steffen,baseline,12475,130,689,1148,0,12.072222222222225,52,baseline
exp1_baseline,random,baseline,12476,131,1350,1076,84,37.18333333333333,163,baseline
exp1_baseline,back_to_front,baseline,12476,131,1640,1737,102,86.1,231,baseline
exp1_baseline,outside_in,baseline,12476,131,1146,1005,0,28.238888888888887,90,baseline
exp1_baseline,steffen,baseline,12476,131,687,921,0,10.188888888888888,43,baseline
exp1_baseline,random,baseline,12477,132,1281,1099,96,36.477777777777774,105,baseline
exp1_baseline,back_to_front,baseline,12477,132,1575,1740,92,85.2611111111111,219,baseline
exp1_baseline,outside_in,baseline,12477,132,1081,1076,0,30.866666666666667,115,baseline
exp1_baseline,steffen,baseline,12477,132,675,1145,0,11.244444444444444,49,baseline
exp1_baseline,random,baseline,12478,133,1185,1079,88,30.944444444444443,115,baseline
exp1_baseline,back_to_front,baseline,12478,133,1528,1723,87,84.84444444444445,242,baseline
exp1_baseline,outside_in,baseline,12478,133,1040,959,0,24.622222222222224,86,baseline
exp1_baseline,steffen,baseline,12478,133,681,1271,0,12.133333333333333,48,baseline
exp1_baseline,random,baseline,12479,134,1246,991,86,29.15,98,baseline
exp1_baseline,back_to_front,baseline,12479,134,1500,1780,91,73.08333333333333,203,baseline
exp1_baseline,outside_in,baseline,12479,134,1101,1122,0,26.083333333333332,70,baseline
exp1_baseline,steffen,baseline,12479,134,713,1404,0,14.005555555555556,60,baseline
exp1_baseline,random,baseline,12480,135,1239,1055,82,35.73888888888889,116,baseline
exp1_baseline,back_to_front,baseline,12480,135,1547,1741,94,83.37777777777778,213,baseline
exp1_baseline,outside_in,baseline,12480,135,1022,1039,0,22.31111111111111,91,baseline
exp1_baseline,steffen,baseline,12480,135,675,1215,0,11.28888888888889,50,baseline
exp1_baseline,random,baseline,12481,136,1348,996,87,42.95,131,baseline
exp1_baseline,back_to_front,baseline,12481,136,1719,1667,86,89.20555555555555,241,baseline
exp1_baseline,outside_in,baseline,12481,136,1105,1055,0,26.616666666666667,83,baseline
exp1_baseline,steffen,baseline,12481,136,710,1242,0,12.544444444444444,48,baseline
exp1_baseline,random,baseline,12482,137,1206,865,95,27.77777777777778,82,baseline
exp1_baseline,back_to_front,baseline,12482,137,1672,1923,94,93.76666666666668,299,baseline
exp1_baseline,outside_in,baseline,12482,137,1047,1048,0,23.511111111111113,102,baseline
exp1_baseline,steffen,baseline,12482,137,692,1435,0,13.516666666666667,70,baseline
exp1_baseline,random,baseline,12483,138,1303,1185,103,37.81111111111111,135,baseline
exp1_baseline,back_to_front,baseline,12483,138,1541,1774,87,76.76666666666667,204,baseline
exp1_baseline,outside_in,baseline,12483,138,1075,880,0,23.33888888888889,75,baseline
exp1_baseline,steffen,baseline,12483,138,667,1122,0,11.194444444444445,41,baseline
exp1_baseline,random,baseline,12484,139,1232,998,88,26.533333333333335,85,baseline
exp1_baseline,back_to_front,baseline,12484,139,1534,1583,99,78.52777777777777,232,baseline
exp1_baseline,outside_in,baseline,12484,139,1118,1037,0,24.47222222222222,72,baseline
exp1_baseline,steffen,baseline,12484,139,670,1236,0,12.27777777777778,49,baseline
exp1_baseline,random,baseline,12485,140,1193,1116,85,34.22222222222222,98,baseline
exp1_baseline,back_to_front,baseline,12485,140,1466,1694,89,79.20555555555555,244,baseline
exp1_baseline,outside_in,baseline,12485,140,1044,999,0,24.82777777777778,86,baseline
exp1_baseline,steffen,baseline,12485,140,658,1206,0,12.2,63,baseline
exp1_baseline,random,baseline,12486,141,1208,1106,98,32.955555555555556,108,baseline
exp1_baseline,back_to_front,baseline,12486,141,1635,1777,91,83.86111111111111,232,baseline
exp1_baseline,outside_in,baseline,12486,141,1042,1129,0,26.583333333333332,83,baseline
exp1_baseline,steffen,baseline,12486,141,672,1283,0,12.955555555555556,62,baseline
exp1_baseline,random,baseline,12487,142,1240,1013,80,30.016666666666666,114,baseline
exp1_baseline,back_to_front,baseline,12487,142,1513,1823,95,73.82222222222222,179,baseline
exp1_baseline,outside_in,baseline,12487,142,1014,1061,0,21.2,72,baseline
exp1_baseline,steffen,baseline,12487,142,710,1237,0,11.666666666666666,41,baseline
exp1_baseline,random,baseline,12488,143,1179,1058,84,33.93333333333333,133,baseline
exp1_baseline,back_to_front,baseline,12488,143,1675,1846,95,95.20555555555556,266,baseline
exp1_baseline,outside_in,baseline,12488,143,1071,1130,0,28.65,91,baseline
exp1_baseline,steffen,baseline,12488,143,683,1388,0,13.15,63,baseline
exp1_baseline,random,baseline,12489,144,1206,1195,82,37.62777777777778,139,baseline
exp1_baseline,back_to_front,baseline,12489,144,1608,1853,86,92.93888888888888,259,baseline
exp1_baseline,outside_in,baseline,12489,144,972,1086,0,22.86111111111111,73,baseline
exp1_baseline,steffen,baseline,12489,144,688,1260,0,12.355555555555556,51,baseline
exp1_baseline,random,baseline,12490,145,1174,1111,84,31.9,81,baseline
exp1_baseline,back_to_front,baseline,12490,145,1616,1777,91,87.61666666666666,179,baseline
exp1_baseline,outside_in,baseline,12490,145,1026,1077,0,28.966666666666665,85,baseline
exp1_baseline,steffen,baseline,12490,145,659,1163,0,11.427777777777775,46,baseline
exp1_baseline,random,baseline,12491,146,1346,1111,88,35.55,125,baseline
exp1_baseline,back_to_front,baseline,12491,146,1535,1695,92,74.28333333333333,189,baseline
exp1_baseline,outside_in,baseline,12491,146,1035,937,0,21.511111111111113,63,baseline
exp1_baseline,steffen,baseline,12491,146,698,1221,0,12.96111111111111,49,baseline
exp1_baseline,random,baseline,12492,147,1183,1189,94,35.21666666666667,106,baseline
exp1_baseline,back_to_front,baseline,12492,147,1513,1788,89,80.70555555555555,195,baseline
exp1_baseline,outside_in,baseline,12492,147,987,1094,0,24.822222222222223,88,baseline
exp1_baseline,steffen,baseline,12492,147,690,1327,0,13.25,60,baseline
exp1_baseline,random,baseline,12493,148,1230,1054,97,35.63333333333333,117,baseline
exp1_baseline,back_to_front,baseline,12493,148,1556,1700,93,77.2388888888889,223,baseline
exp1_baseline,outside_in,baseline,12493,148,1040,1109,0,26.466666666666665,91,baseline
exp1_baseline,steffen,baseline,12493,148,677,1307,0,12.02777777777778,45,baseline
exp1_baseline,random,baseline,12494,149,1210,1086,98,33.31666666666667,111,baseline
exp1_baseline,back_to_front,baseline,12494,149,1502,1844,83,83.33333333333333,265,baseline
exp1_baseline,outside_in,baseline,12494,149,980,1072,0,23.455555555555556,74,baseline
exp1_baseline,steffen,baseline,12494,149,677,1254,0,12.033333333333331,48,baseline
exp1_baseline,random,baseline,12495,150,1244,1127,105,32.56666666666667,92,baseline
exp1_baseline,back_to_front,baseline,12495,150,1643,1771,88,89.14444444444445,218,baseline
exp1_baseline,outside_in,baseline,12495,150,1069,1096,0,28.616666666666667,94,baseline
exp1_baseline,steffen,baseline,12495,150,662,1343,0,12.283333333333331,42,baseline
exp1_baseline,random,baseline,12496,151,1221,1193,96,34.66111111111111,105,baseline
exp1_baseline,back_to_front,baseline,12496,151,1508,1730,90,82.1,199,baseline
exp1_baseline,outside_in,baseline,12496,151,1001,1135,0,25.033333333333335,77,baseline
exp1_baseline,steffen,baseline,12496,151,664,1334,0,12.53888888888889,52,baseline
exp1_baseline,random,baseline,12497,152,1220,1086,89,28.783333333333335,87,baseline
exp1_baseline,back_to_front,baseline,12497,152,1535,1725,93,75.71666666666667,175,baseline
exp1_baseline,outside_in,baseline,12497,152,1058,994,0,22.316666666666663,62,baseline
exp1_baseline,steffen,baseline,12497,152,694,1437,0,13.205555555555556,46,baseline
exp1_baseline,random,baseline,12498,153,1188,1034,96,30.36111111111111,105,baseline
exp1_baseline,back_to_front,baseline,12498,153,1476,1826,88,80.18888888888888,250,baseline
exp1_baseline,outside_in,baseline,12498,153,1021,1110,0,27.82777777777778,110,baseline
exp1_baseline,steffen,baseline,12498,153,644,1376,0,12.933333333333334,53,baseline
exp1_baseline,random,baseline,12499,154,1314,1162,91,34.12222222222222,124,baseline
exp1_baseline,back_to_front,baseline,12499,154,1584,1784,86,82.18888888888888,202,baseline
exp1_baseline,outside_in,baseline,12499,154,1099,1154,0,27.38888888888889,85,baseline
exp1_baseline,steffen,baseline,12499,154,722,1322,0,14.327777777777778,66,baseline
exp1_baseline,random,baseline,12500,155,1213,1112,91,32.62222222222222,94,baseline
exp1_baseline,back_to_front,baseline,12500,155,1536,1703,87,80.25,215,baseline
exp1_baseline,outside_in,baseline,12500,155,987,1061,0,22.89444444444445,79,baseline
exp1_baseline,steffen,baseline,12500,155,680,1191,0,12.005555555555556,54,baseline
exp1_baseline,random,baseline,12501,156,1234,1001,82,30.788888888888888,117,baseline
exp1_baseline,back_to_front,baseline,12501,156,1803,1770,89,110.3,274,baseline
exp1_baseline,outside_in,baseline,12501,156,1041,1078,0,31.08888888888889,100,baseline
exp1_baseline,steffen,baseline,12501,156,659,1256,0,12.372222222222222,57,baseline
exp1_baseline,random,baseline,12502,157,1217,968,101,30.194444444444443,104,baseline
exp1_baseline,back_to_front,baseline,12502,157,1585,1776,87,86.07777777777778,280,baseline
exp1_baseline,outside_in,baseline,12502,157,1008,1101,0,24.711111111111112,84,baseline
exp1_baseline,steffen,baseline,12502,157,673,1150,0,11.366666666666667,38,baseline
exp1_baseline,random,baseline,12503,158,1272,968,98,30.5,102,baseline
exp1_baseline,back_to_front,baseline,12503,158,1578,1825,84,80.22777777777777,202,baseline
exp1_baseline,outside_in,baseline,12503,158,1090,1084,0,25.788888888888888,111,baseline
exp1_baseline,steffen,baseline,12503,158,720,1262,0,12.405555555555557,46,baseline
exp1_baseline,random,baseline,12504,159,1236,1107,72,31.14444444444445,132,baseline
exp1_baseline,back_to_front,baseline,12504,159,1712,1785,113,101.04444444444444,316,baseline
exp1_baseline,outside_in,baseline,12504,159,1053,985,0,24.155555555555555,86,baseline
exp1_baseline,steffen,baseline,12504,159,672,1183,0,11.994444444444444,75,baseline
exp1_baseline,random,baseline,12505,160,1238,1087,89,30.633333333333333,101,baseline
exp1_baseline,back_to_front,baseline,12505,160,1674,1812,105,88.85555555555555,192,baseline
exp1_baseline,outside_in,baseline,12505,160,1082,1046,0,22.238888888888887,75,baseline
exp1_baseline,steffen,baseline,12505,160,691,1345,0,13.2,54,baseline
exp1_baseline,random,baseline,12506,161,1238,1065,90,30.216666666666665,91,baseline
exp1_baseline,back_to_front,baseline,12506,161,1648,1770,98,94.75555555555556,239,baseline
exp1_baseline,outside_in,baseline,12506,161,1012,1201,0,26.08888888888889,89,baseline
exp1_baseline,steffen,baseline,12506,161,681,1321,0,12.427777777777775,69,baseline
exp1_baseline,random,baseline,12507,162,1228,1082,95,30.13888888888889,108,baseline
exp1_baseline,back_to_front,baseline,12507,162,1577,1812,93,81.06111111111112,206,baseline
exp1_baseline,outside_in,baseline,12507,162,1142,963,0,24.35,86,baseline
exp1_baseline,steffen,baseline,12507,162,702,1303,0,12.688888888888888,51,baseline
exp1_baseline,random,baseline,12508,163,1157,1093,80,29.8,102,baseline
exp1_baseline,back_to_front,baseline,12508,163,1602,1908,86,92.96111111111112,232,baseline
exp1_baseline,outside_in,baseline,12508,163,1022,1068,0,22.38888888888889,84,baseline
exp1_baseline,steffen,baseline,12508,163,652,1502,0,12.944444444444445,47,baseline
exp1_baseline,random,baseline,12509,164,1242,1090,81,33.50555555555555,98,baseline
exp1_baseline,back_to_front,baseline,12509,164,1562,1768,90,87.72777777777777,218,baseline
exp1_baseline,outside_in,baseline,12509,164,1005,1188,0,28.02777777777778,99,baseline
exp1_baseline,steffen,baseline,12509,164,699,1136,0,11.355555555555556,51,baseline
exp1_baseline,random,baseline,12510,165,1287,1225,97,33.67777777777778,120,baseline
exp1_baseline,back_to_front,baseline,12510,165,1773,1876,86,95.92222222222222,228,baseline
exp1_baseline,outside_in,baseline,12510,165,1084,1048,0,29.5,106,baseline
exp1_baseline,steffen,baseline,12510,165,716,1430,0,14.033333333333331,48,baseline
exp1_baseline,random,baseline,12511,166,1307,1075,97,37.83888888888889,113,baseline
exp1_baseline,back_to_front,baseline,12511,166,1520,1744,85,76.38333333333334,195,baseline
exp1_baseline,outside_in,baseline,12511,166,1108,1247,0,30.05,108,baseline
exp1_baseline,steffen,baseline,12511,166,699,1180,0,12.055555555555555,45,baseline
exp1_baseline,random,baseline,12512,167,1201,1034,102,29.033333333333335,95,baseline
exp1_baseline,back_to_front,baseline,12512,167,1649,1706,93,85.84444444444445,201,baseline
exp1_baseline,outside_in,baseline,12512,167,1108,904,0,24.094444444444445,72,baseline
exp1_baseline,steffen,baseline,12512,167,692,1125,0,11.205555555555556,48,baseline
exp1_baseline,random,baseline,12513,168,1212,971,89,25.22222222222222,99,baseline
exp1_baseline,back_to_front,baseline,12513,168,1513,1675,84,80.95,228,baseline
exp1_baseline,outside_in,baseline,12513,168,999,1092,0,25.15,85,baseline
exp1_baseline,steffen,baseline,12513,168,688,1292,0,12.694444444444445,60,baseline
exp1_baseline,random,baseline,12514,169,1309,1062,84,35.105555555555554,133,baseline
exp1_baseline,back_to_front,baseline,12514,169,1593,1720,98,83.68333333333334,259,baseline
exp1_baseline,outside_in,baseline,12514,169,1046,1125,0,26.67222222222222,89,baseline
exp1_baseline,steffen,baseline,12514,169,712,1297,0,13.022222222222222,54,baseline
exp1_baseline,random,baseline,12515,170,1095,1101,93,31.372222222222224,105,baseline
exp1_baseline,back_to_front,baseline,12515,170,1535,1871,83,87.71666666666667,241,baseline
exp1_baseline,outside_in,baseline,12515,170,966,1127,0,25.572222222222223,75,baseline
exp1_baseline,steffen,baseline,12515,170,650,1142,0,11.27777777777778,57,baseline
exp1_baseline,random,baseline,12516,171,1125,1009,77,26.683333333333337,80,baseline
exp1_baseline,back_to_front,baseline,12516,171,1545,1666,92,85.14444444444445,218,baseline
exp1_baseline,outside_in,baseline,12516,171,926,984,0,18.927777777777777,63,baseline
exp1_baseline,steffen,baseline,12516,171,674,1117,0,10.85,52,baseline
exp1_baseline,random,baseline,12517,172,1272,1007,98,32.333333333333336,126,baseline
exp1_baseline,back_to_front,baseline,12517,172,1557,1807,72,81.13333333333334,210,baseline
exp1_baseline,outside_in,baseline,12517,172,1024,999,0,21.47222222222222,78,baseline
exp1_baseline,steffen,baseline,12517,172,677,1205,0,11.28888888888889,48,baseline
exp1_baseline,random,baseline,12518,173,1285,1090,85,35.56666666666667,132,baseline
exp1_baseline,back_to_front,baseline,12518,173,1536,1829,72,81.4888888888889,189,baseline
exp1_baseline,outside_in,baseline,12518,173,1047,1086,0,28.238888888888887,80,baseline
exp1_baseline,steffen,baseline,12518,173,674,1205,0,12.15,47,baseline
exp1_baseline,random,baseline,12519,174,1223,1003,84,30.06111111111111,91,baseline
exp1_baseline,back_to_front,baseline,12519,174,1654,1854,107,93.31666666666666,226,baseline
exp1_baseline,outside_in,baseline,12519,174,1010,958,0,25.2,86,baseline
exp1_baseline,steffen,baseline,12519,174,680,1263,0,12.155555555555557,56,baseline
exp1_baseline,random,baseline,12520,175,1106,1061,78,29.377777777777776,84,baseline
exp1_baseline,back_to_front,baseline,12520,175,1600,1690,90,87.02777777777777,240,baseline
exp1_baseline,outside_in,baseline,12520,175,963,1204,0,26.272222222222226,103,baseline
exp1_baseline,steffen,baseline,12520,175,674,1189,0,11.0,45,baseline
exp1_baseline,random,baseline,12521,176,1292,1055,89,32.82222222222222,106,baseline
exp1_baseline,back_to_front,baseline,12521,176,1712,1707,99,92.13888888888889,253,baseline
exp1_baseline,outside_in,baseline,12521,176,1197,938,0,23.805555555555557,83,baseline
exp1_baseline,steffen,baseline,12521,176,720,1024,0,11.71111111111111,53,baseline
exp1_baseline,random,baseline,12522,177,1236,1208,93,33.35,116,baseline
exp1_baseline,back_to_front,baseline,12522,177,1414,1685,80,68.42222222222222,143,baseline
exp1_baseline,outside_in,baseline,12522,177,1029,987,0,24.42222222222222,90,baseline
exp1_baseline,steffen,baseline,12522,177,666,1280,0,11.822222222222225,48,baseline
exp1_baseline,random,baseline,12523,178,1317,989,92,35.45,95,baseline
exp1_baseline,back_to_front,baseline,12523,178,1519,1681,91,78.1,182,baseline
exp1_baseline,outside_in,baseline,12523,178,1048,1054,0,28.033333333333335,95,baseline
exp1_baseline,steffen,baseline,12523,178,678,1166,0,11.344444444444443,57,baseline
exp1_baseline,random,baseline,12524,179,1229,1059,83,34.45,123,baseline
exp1_baseline,back_to_front,baseline,12524,179,1668,1613,85,82.14444444444445,211,baseline
exp1_baseline,outside_in,baseline,12524,179,988,1146,0,25.41111111111111,86,baseline
exp1_baseline,steffen,baseline,12524,179,684,1355,0,13.166666666666666,47,baseline
exp1_baseline,random,baseline,12525,180,1264,1066,100,33.977777777777774,116,baseline
exp1_baseline,back_to_front,baseline,12525,180,1528,1791,80,84.58888888888889,237,baseline
exp1_baseline,outside_in,baseline,12525,180,1013,1082,0,22.127777777777776,81,baseline
exp1_baseline,steffen,baseline,12525,180,709,1227,0,11.133333333333333,43,baseline
exp1_baseline,random,baseline,12526,181,1154,1092,88,30.833333333333332,85,baseline
exp1_baseline,back_to_front,baseline,12526,181,1570,1809,87,82.30555555555556,260,baseline
exp1_baseline,outside_in,baseline,12526,181,1024,999,0,21.61111111111111,69,baseline
exp1_baseline,steffen,baseline,12526,181,698,1388,0,13.205555555555556,56,baseline
exp1_baseline,random,baseline,12527,182,1227,1028,104,30.494444444444444,130,baseline
exp1_baseline,back_to_front,baseline,12527,182,1563,1600,84,90.75,238,baseline
exp1_baseline,outside_in,baseline,12527,182,956,1130,0,27.272222222222226,89,baseline
exp1_baseline,steffen,baseline,12527,182,666,1249,0,11.938888888888888,43,baseline
exp1_baseline,random,baseline,12528,183,1242,938,89,32.55555555555556,97,baseline
exp1_baseline,back_to_front,baseline,12528,183,1685,1812,95,96.49444444444444,285,baseline
exp1_baseline,outside_in,baseline,12528,183,1111,1038,0,26.93888888888889,106,baseline
exp1_baseline,steffen,baseline,12528,183,664,1401,0,13.172222222222222,67,baseline
exp1_baseline,random,baseline,12529,184,1211,1123,86,33.97222222222222,107,baseline
exp1_baseline,back_to_front,baseline,12529,184,1689,1744,106,91.81666666666666,214,baseline
exp1_baseline,outside_in,baseline,12529,184,1091,1049,0,25.055555555555557,104,baseline
exp1_baseline,steffen,baseline,12529,184,690,1263,0,12.177777777777775,43,baseline
exp1_baseline,random,baseline,12530,185,1161,1066,92,29.816666666666663,109,baseline
exp1_baseline,back_to_front,baseline,12530,185,1510,1745,74,77.94444444444444,195,baseline
exp1_baseline,outside_in,baseline,12530,185,1036,1000,0,22.933333333333337,66,baseline
exp1_baseline,steffen,baseline,12530,185,703,1327,0,12.672222222222222,57,baseline
exp1_baseline,random,baseline,12531,186,1226,912,89,26.22222222222222,93,baseline
exp1_baseline,back_to_front,baseline,12531,186,1641,1799,92,84.80555555555556,268,baseline
exp1_baseline,outside_in,baseline,12531,186,1045,1048,0,26.13888888888889,84,baseline
exp1_baseline,steffen,baseline,12531,186,689,1307,0,12.372222222222222,68,baseline
exp1_baseline,random,baseline,12532,187,1315,1079,104,33.87777777777778,108,baseline
exp1_baseline,back_to_front,baseline,12532,187,1562,1664,87,78.97222222222223,214,baseline
exp1_baseline,outside_in,baseline,12532,187,990,995,0,20.116666666666667,64,baseline
exp1_baseline,steffen,baseline,12532,187,685,1262,0,12.244444444444444,46,baseline
exp1_baseline,random,baseline,12533,188,1302,1112,89,38.34444444444444,110,baseline
exp1_baseline,back_to_front,baseline,12533,188,1704,1763,96,93.18333333333334,221,baseline
exp1_baseline,outside_in,baseline,12533,188,1084,1061,0,26.866666666666667,82,baseline
exp1_baseline,steffen,baseline,12533,188,749,1405,0,13.727777777777778,66,baseline
exp1_baseline,random,baseline,12534,189,1260,1118,87,31.266666666666666,96,baseline
exp1_baseline,back_to_front,baseline,12534,189,1531,1725,88,83.57222222222222,219,baseline
exp1_baseline,outside_in,baseline,12534,189,1036,995,0,24.65,79,baseline
exp1_baseline,steffen,baseline,12534,189,673,1327,0,13.13888888888889,49,baseline
exp1_baseline,random,baseline,12535,190,1187,976,89,25.377777777777776,78,baseline
exp1_baseline,back_to_front,baseline,12535,190,1623,1855,94,84.81111111111112,225,baseline
exp1_baseline,outside_in,baseline,12535,190,963,977,0,19.55,69,baseline
exp1_baseline,steffen,baseline,12535,190,672,1185,0,11.338888888888889,43,baseline
exp1_baseline,random,baseline,12536,191,1300,1071,91,31.81111111111111,132,baseline
exp1_baseline,back_to_front,baseline,12536,191,1692,1703,84,87.15,222,baseline
exp1_baseline,outside_in,baseline,12536,191,1099,952,0,21.3,75,baseline
exp1_baseline,steffen,baseline,12536,191,707,1227,0,12.322222222222225,47,baseline
exp1_baseline,random,baseline,12537,192,1135,1000,89,30.377777777777776,92,baseline
exp1_baseline,back_to_front,baseline,12537,192,1602,1782,88,89.64444444444445,250,baseline
exp1_baseline,outside_in,baseline,12537,192,1013,1018,0,22.8,77,baseline
exp1_baseline,steffen,baseline,12537,192,664,1237,0,11.744444444444444,48,baseline
exp1_baseline,random,baseline,12538,193,1156,1110,85,33.21666666666667,102,baseline
exp1_baseline,back_to_front,baseline,12538,193,1342,1637,84,64.58333333333333,171,baseline
exp1_baseline,outside_in,baseline,12538,193,1085,1152,0,32.40555555555556,95,baseline
exp1_baseline,steffen,baseline,12538,193,654,1245,0,12.744444444444444,65,baseline
exp1_baseline,random,baseline,12539,194,1276,1129,90,35.8,114,baseline
exp1_baseline,back_to_front,baseline,12539,194,1574,1860,90,86.32777777777778,227,baseline
exp1_baseline,outside_in,baseline,12539,194,1088,1121,0,27.683333333333337,71,baseline
exp1_baseline,steffen,baseline,12539,194,701,1491,0,15.033333333333331,51,baseline
exp1_baseline,random,baseline,12540,195,1131,1214,88,35.583333333333336,126,baseline
exp1_baseline,back_to_front,baseline,12540,195,1563,1850,85,88.96111111111111,227,baseline
exp1_baseline,outside_in,baseline,12540,195,1042,1120,0,30.383333333333333,87,baseline
exp1_baseline,steffen,baseline,12540,195,653,1566,0,14.966666666666669,57,baseline
exp1_baseline,random,baseline,12541,196,1261,1159,89,36.06666666666667,111,baseline
exp1_baseline,back_to_front,baseline,12541,196,1525,1724,85,73.4,178,baseline
exp1_baseline,outside_in,baseline,12541,196,1045,1043,0,26.33888888888889,71,baseline
exp1_baseline,steffen,baseline,12541,196,680,1362,0,12.877777777777778,55,baseline
exp1_baseline,random,baseline,12542,197,1211,1205,78,39.605555555555554,156,baseline
exp1_baseline,back_to_front,baseline,12542,197,1699,1834,93,98.84444444444443,233,baseline
exp1_baseline,outside_in,baseline,12542,197,1046,1107,0,29.966666666666665,92,baseline
exp1_baseline,steffen,baseline,12542,197,672,1529,0,14.516666666666667,55,baseline
exp1_baseline,random,baseline,12543,198,1275,1068,77,30.7,100,baseline
exp1_baseline,back_to_front,baseline,12543,198,1586,1884,91,89.26666666666667,240,baseline
exp1_baseline,outside_in,baseline,12543,198,1036,1131,0,26.4,68,baseline
exp1_baseline,steffen,baseline,12543,198,676,1498,0,13.877777777777778,47,baseline
exp1_baseline,random,baseline,12544,199,1224,1067,105,34.483333333333334,115,baseline
exp1_baseline,back_to_front,baseline,12544,199,1611,1791,84,91.7,233,baseline
exp1_baseline,outside_in,baseline,12544,199,1043,926,0,23.344444444444445,79,baseline
exp1_baseline,steffen,baseline,12544,199,683,1257,0,12.161111111111111,47,baseline
exp6_group_travel,random,baseline,12345,0,1301,1017,79,35.92777777777778,112,group_travel
exp6_group_travel,back_to_front,baseline,12345,0,1599,1788,88,92.65,236,group_travel
exp6_group_travel,outside_in,baseline,12345,0,1206,1152,28,38.37777777777778,125,group_travel
exp6_group_travel,steffen,baseline,12345,0,942,1386,28,35.51111111111111,157,group_travel
exp6_group_travel,random,baseline,12346,1,1274,1324,84,44.42777777777778,151,group_travel
exp6_group_travel,back_to_front,baseline,12346,1,1683,1866,98,97.81666666666666,251,group_travel
exp6_group_travel,outside_in,baseline,12346,1,1215,1353,30,42.13333333333333,157,group_travel
exp6_group_travel,steffen,baseline,12346,1,921,1506,32,27.211111111111112,116,group_travel
exp6_group_travel,random,baseline,12347,2,1349,1296,79,44.272222222222226,132,group_travel
exp6_group_travel,back_to_front,baseline,12347,2,1890,1924,90,101.9888888888889,212,group_travel
exp6_group_travel,outside_in,baseline,12347,2,1281,1331,37,38.22222222222222,112,group_travel
exp6_group_travel,steffen,baseline,12347,2,1194,1715,28,47.361111111111114,176,group_travel
exp6_group_travel,random,baseline,12348,3,1354,1320,104,46.68888888888889,201,group_travel
exp6_group_travel,back_to_front,baseline,12348,3,1771,1852,105,97.90555555555555,255,group_travel
exp6_group_travel,outside_in,baseline,12348,3,1200,1166,37,34.47222222222222,114,group_travel
exp6_group_travel,steffen,baseline,12348,3,1044,1374,26,27.927777777777777,104,group_travel
exp6_group_travel,random,baseline,12349,4,1486,1148,84,41.96666666666667,137,group_travel
exp6_group_travel,back_to_front,baseline,12349,4,1746,1851,93,97.03888888888889,275,group_travel
exp6_group_travel,outside_in,baseline,12349,4,1270,1226,29,32.416666666666664,102,group_travel
exp6_group_travel,steffen,baseline,12349,4,1156,1537,41,50.894444444444446,198,group_travel
exp6_group_travel,random,baseline,12350,5,1419,1326,91,50.43333333333333,162,group_travel
exp6_group_travel,back_to_front,baseline,12350,5,1874,1857,85,107.20555555555555,270,group_travel
exp6_group_travel,outside_in,baseline,12350,5,1272,1060,28,32.81666666666667,120,group_travel
exp6_group_travel,steffen,baseline,12350,5,1132,1519,37,42.35,128,group_travel
exp6_group_travel,random,baseline,12351,6,1398,1112,96,40.03333333333333,110,group_travel
exp6_group_travel,back_to_front,baseline,12351,6,1701,1836,80,97.20555555555555,242,group_travel
exp6_group_travel,outside_in,baseline,12351,6,1277,1103,36,34.05555555555556,97,group_travel
exp6_group_travel,steffen,baseline,12351,6,1037,1474,31,37.355555555555554,145,group_travel
exp6_group_travel,random,baseline,12352,7,1323,1197,84,39.55555555555556,139,group_travel
exp6_group_travel,back_to_front,baseline,12352,7,1738,1782,86,97.28333333333333,256,group_travel
exp6_group_travel,outside_in,baseline,12352,7,1260,1204,29,35.65,89,group_travel
exp6_group_travel,steffen,baseline,12352,7,1108,1397,30,43.916666666666664,161,group_travel
exp6_group_travel,random,baseline,12353,8,1284,1256,92,41.36666666666667,132,group_travel
exp6_group_travel,back_to_front,baseline,12353,8,1732,1885,91,99.72777777777777,264,group_travel
exp6_group_travel,outside_in,baseline,12353,8,1161,1275,27,36.42777777777778,132,group_travel
exp6_group_travel,steffen,baseline,12353,8,1122,1573,30,54.62222222222222,175,group_travel
exp6_group_travel,random,baseline,12354,9,1363,1278,88,50.233333333333334,175,group_travel
exp6_group_travel,back_to_front,baseline,12354,9,1740,1811,85,101.12222222222222,241,group_travel
exp6_group_travel,outside_in,baseline,12354,9,1188,1222,30,43.47222222222222,144,group_travel
exp6_group_travel,steffen,baseline,12354,9,979,1300,30,36.266666666666666,121,group_travel
exp6_group_travel,random,baseline,12355,10,1255,1166,90,38.583333333333336,162,group_travel
exp6_group_travel,back_to_front,baseline,12355,10,1685,1815,81,87.79444444444445,253,group_travel
exp6_group_travel,outside_in,baseline,12355,10,1137,1278,31,34.5,115,group_travel
exp6_group_travel,steffen,baseline,12355,10,988,1480,32,37.15555555555556,147,group_travel
exp6_group_travel,random,baseline,12356,11,1372,1315,95,45.96111111111111,174,group_travel
exp6_group_travel,back_to_front,baseline,12356,11,1566,1852,83,83.72222222222223,234,group_travel
exp6_group_travel,outside_in,baseline,12356,11,1183,1166,41,35.166666666666664,120,group_travel
exp6_group_travel,steffen,baseline,12356,11,1044,1471,31,37.78888888888889,121,group_travel
exp6_group_travel,random,baseline,12357,12,1343,1250,83,46.894444444444446,172,group_travel
exp6_group_travel,back_to_front,baseline,12357,12,1836,1875,82,115.14444444444445,330,group_travel
exp6_group_travel,outside_in,baseline,12357,12,1136,1106,37,37.42777777777778,129,group_travel
exp6_group_travel,steffen,baseline,12357,12,1046,1409,26,42.9,138,group_travel
exp6_group_travel,random,baseline,12358,13,1250,1167,77,44.11666666666667,138,group_travel
exp6_group_travel,back_to_front,baseline,12358,13,1700,1790,87,96.67777777777778,256,group_travel
exp6_group_travel,outside_in,baseline,12358,13,1167,1310,29,38.16111111111111,113,group_travel
exp6_group_travel,steffen,baseline,12358,13,972,1512,32,37.68888888888889,164,group_travel
exp6_group_travel,random,baseline,12359,14,1341,1228,90,40.16111111111111,118,group_travel
exp6_group_travel,back_to_front,baseline,12359,14,1763,1899,91,94.84444444444445,269,group_travel
exp6_group_travel,outside_in,baseline,12359,14,1194,1401,37,42.3,156,group_travel
exp6_group_travel,steffen,baseline,12359,14,1031,1435,40,35.03333333333333,118,group_travel
exp6_group_travel,random,baseline,12360,15,1329,1191,95,44.9,156,group_travel
exp6_group_travel,back_to_front,baseline,12360,15,1673,1913,90,101.82222222222222,250,group_travel
exp6_group_travel,outside_in,baseline,12360,15,1085,1214,27,30.91111111111111,105,group_travel
exp6_group_travel,steffen,baseline,12360,15,935,1397,30,34.94444444444444,139,group_travel
exp6_group_travel,random,baseline,12361,16,1329,1259,85,44.522222222222226,119,group_travel
exp6_group_travel,back_to_front,baseline,12361,16,1722,1871,91,100.12777777777778,294,group_travel
exp6_group_travel,outside_in,baseline,12361,16,1157,1126,33,37.105555555555554,132,group_travel
exp6_group_travel,steffen,baseline,12361,16,1140,1432,30,49.53888888888889,237,group_travel
exp6_group_travel,random,baseline,12362,17,1383,1281,85,45.03333333333333,129,group_travel
exp6_group_travel,back_to_front,baseline,12362,17,1819,1958,95,111.56666666666666,298,group_travel
exp6_group_travel,outside_in,baseline,12362,17,1225,1335,34,38.016666666666666,102,group_travel
exp6_group_travel,steffen,baseline,12362,17,1000,1492,32,39.8,124,group_travel
exp6_group_travel,random,baseline,12363,18,1353,1229,78,45.172222222222224,175,group_travel
exp6_group_travel,back_to_front,baseline,12363,18,1545,1709,95,88.65555555555555,283,group_travel
exp6_group_travel,outside_in,baseline,12363,18,1251,1146,33,34.0,154,group_travel
exp6_group_travel,steffen,baseline,12363,18,959,1364,31,40.09444444444444,129,group_travel
exp6_group_travel,random,baseline,12364,19,1293,1217,91,45.522222222222226,181,group_travel
exp6_group_travel,back_to_front,baseline,12364,19,1702,1876,92,96.73333333333333,237,group_travel
exp6_group_travel,outside_in,baseline,12364,19,1174,1265,34,37.80555555555556,119,group_travel
exp6_group_travel,steffen,baseline,12364,19,1105,1441,34,40.53888888888889,157,group_travel
exp6_group_travel,random,baseline,12365,20,1293,1242,94,44.53888888888889,144,group_travel
exp6_group_travel,back_to_front,baseline,12365,20,1799,2001,84,102.67222222222222,216,group_travel
exp6_group_travel,outside_in,baseline,12365,20,1105,1231,33,34.4,103,group_travel
exp6_group_travel,steffen,baseline,12365,20,1045,1561,32,42.34444444444444,151,group_travel
exp6_group_travel,random,baseline,12366,21,1358,1186,77,46.86666666666667,197,group_travel
exp6_group_travel,back_to_front,baseline,12366,21,1731,1857,92,97.09444444444445,216,group_travel
exp6_group_travel,outside_in,baseline,12366,21,1245,1292,33,46.31111111111111,181,group_travel
exp6_group_travel,steffen,baseline,12366,21,1102,1431,26,48.49444444444445,220,group_travel
exp6_group_travel,random,baseline,12367,22,1348,1098,84,41.516666666666666,138,group_travel
exp6_group_travel,back_to_front,baseline,12367,22,1619,1922,86,86.53888888888889,201,group_travel
exp6_group_travel,outside_in,baseline,12367,22,1384,1125,34,42.00555555555555,131,group_travel
exp6_group_travel,steffen,baseline,12367,22,1031,1550,26,35.2,117,group_travel
exp6_group_travel,random,baseline,12368,23,1300,1194,91,41.62222222222222,125,group_travel
exp6_group_travel,back_to_front,baseline,12368,23,1734,1795,82,97.69444444444444,248,group_travel
exp6_group_travel,outside_in,baseline,12368,23,1178,1240,36,39.727777777777774,110,group_travel
exp6_group_travel,steffen,baseline,12368,23,1081,1527,35,47.66111111111111,158,group_travel
exp6_group_travel,random,baseline,12369,24,1452,1263,98,48.58888888888889,149,group_travel
exp6_group_travel,back_to_front,baseline,12369,24,1775,1893,89,111.18888888888888,288,group_travel
exp6_group_travel,outside_in,baseline,12369,24,1221,1224,38,37.31111111111111,121,group_travel
exp6_group_travel,steffen,baseline,12369,24,1038,1454,22,40.78333333333333,173,group_travel
exp6_group_travel,random,baseline,12370,25,1399,1115,88,39.67777777777778,139,group_travel
exp6_group_travel,back_to_front,baseline,12370,25,1786,1943,80,98.68888888888888,220,group_travel
exp6_group_travel,outside_in,baseline,12370,25,1182,1080,29,30.56111111111111,97,group_travel
exp6_group_travel,steffen,baseline,12370,25,1045,1314,33,38.43333333333333,137,group_travel
exp6_group_travel,random,baseline,12371,26,1236,1233,92,36.26111111111111,121,group_travel
exp6_group_travel,back_to_front,baseline,12371,26,1732,1842,88,96.76666666666667,229,group_travel
exp6_group_travel,outside_in,baseline,12371,26,1181,1278,30,38.57222222222222,115,group_travel
exp6_group_travel,steffen,baseline,12371,26,1090,1448,45,44.388888888888886,204,group_travel
exp6_group_travel,random,baseline,12372,27,1446,1147,91,41.638888888888886,127,group_travel
exp6_group_travel,back_to_front,baseline,12372,27,1800,1842,95,104.07222222222222,278,group_travel
exp6_group_travel,outside_in,baseline,12372,27,1222,1294,34,43.21666666666667,162,group_travel
exp6_group_travel,steffen,baseline,12372,27,1160,1608,47,44.47222222222222,126,group_travel
exp6_group_travel,random,baseline,12373,28,1398,1185,97,43.24444444444445,137,group_travel
exp6_group_travel,back_to_front,baseline,12373,28,1756,1893,88,102.44444444444444,259,group_travel
exp6_group_travel,outside_in,baseline,12373,28,1149,1360,30,40.34444444444444,160,group_travel
exp6_group_travel,steffen,baseline,12373,28,978,1500,30,33.74444444444445,119,group_travel
exp6_group_travel,random,baseline,12374,29,1376,1253,87,45.705555555555556,162,group_travel
exp6_group_travel,back_to_front,baseline,12374,29,1656,1832,84,86.35555555555555,230,group_travel
exp6_group_travel,outside_in,baseline,12374,29,1126,1124,24,31.755555555555556,104,group_travel
exp6_group_travel,steffen,baseline,12374,29,1116,1450,32,41.55,184,group_travel
exp6_group_travel,random,baseline,12375,30,1310,1190,98,38.65,120,group_travel
exp6_group_travel,back_to_front,baseline,12375,30,1675,1851,93,91.15555555555555,231,group_travel
exp6_group_travel,outside_in,baseline,12375,30,1220,1300,37,35.522222222222226,121,group_travel
exp6_group_travel,steffen,baseline,12375,30,1038,1553,30,35.83888888888889,109,group_travel
exp6_group_travel,random,baseline,12376,31,1420,1186,78,49.98888888888889,155,group_travel
exp6_group_travel,back_to_front,baseline,12376,31,1784,1780,83,99.28333333333333,248,group_travel
exp6_group_travel,outside_in,baseline,12376,31,1238,1226,28,37.05,137,group_travel
exp6_group_travel,steffen,baseline,12376,31,1054,1384,25,38.6,141,group_travel
exp6_group_travel,random,baseline,12377,32,1373,1265,78,42.166666666666664,158,group_travel
exp6_group_travel,back_to_front,baseline,12377,32,1808,1938,89,108.89444444444445,285,group_travel
exp6_group_travel,outside_in,baseline,12377,32,1148,1214,33,35.40555555555556,131,group_travel
exp6_group_travel,steffen,baseline,12377,32,1089,1455,41,50.388888888888886,205,group_travel
exp6_group_travel,random,baseline,12378,33,1246,1326,90,41.62222222222222,118,group_travel
exp6_group_travel,back_to_front,baseline,12378,33,1803,1823,91,102.08888888888889,228,group_travel
exp6_group_travel,outside_in,baseline,12378,33,1135,1288,37,43.38333333333333,137,group_travel
exp6_group_travel,steffen,baseline,12378,33,1034,1455,41,37.87777777777778,161,group_travel
exp6_group_travel,random,baseline,12379,34,1321,1256,83,41.81666666666667,138,group_travel
exp6_group_travel,back_to_front,baseline,12379,34,1755,1852,81,101.57222222222222,287,group_travel
exp6_group_travel,outside_in,baseline,12379,34,1264,1378,36,48.68333333333333,145,group_travel
exp6_group_travel,steffen,baseline,12379,34,1118,1498,38,51.88333333333333,185,group_travel
exp6_group_travel,random,baseline,12380,35,1292,1297,79,44.705555555555556,144,group_travel
exp6_group_travel,back_to_front,baseline,12380,35,1734,1877,83,95.9,212,group_travel
exp6_group_travel,outside_in,baseline,12380,35,1185,1250,35,35.07222222222222,92,group_travel
exp6_group_travel,steffen,baseline,12380,35,1081,1419,29,33.916666666666664,99,group_travel
exp6_group_travel,random,baseline,12381,36,1401,1237,89,42.21666666666667,124,group_travel
exp6_group_travel,back_to_front,baseline,12381,36,1760,1879,92,95.81666666666666,215,group_travel
exp6_group_travel,outside_in,baseline,12381,36,1224,1246,27,35.022222222222226,107,group_travel
exp6_group_travel,steffen,baseline,12381,36,968,1515,32,40.26111111111111,133,group_travel
exp6_group_travel,random,baseline,12382,37,1407,1203,89,49.98888888888889,143,group_travel
exp6_group_travel,back_to_front,baseline,12382,37,1827,1891,93,106.8,273,group_travel
exp6_group_travel,outside_in,baseline,12382,37,1249,1193,40,40.87777777777778,151,group_travel
exp6_group_travel,steffen,baseline,12382,37,1080,1143,31,39.422222222222224,155,group_travel
exp6_group_travel,random,baseline,12383,38,1314,1310,96,44.65,143,group_travel
exp6_group_travel,back_to_front,baseline,12383,38,1770,1942,96,101.81666666666666,241,group_travel
exp6_group_travel,outside_in,baseline,12383,38,1137,1232,22,36.861111111111114,182,group_travel
exp6_group_travel,steffen,baseline,12383,38,1081,1548,31,40.74444444444445,139,group_travel
exp6_group_travel,random,baseline,12384,39,1459,1189,93,44.12222222222222,139,group_travel
exp6_group_travel,back_to_front,baseline,12384,39,1728,1833,99,96.72222222222223,234,group_travel
exp6_group_travel,outside_in,baseline,12384,39,1254,1089,36,35.06666666666667,137,group_travel
exp6_group_travel,steffen,baseline,12384,39,1110,1446,40,38.68888888888889,158,group_travel
exp6_group_travel,random,baseline,12385,40,1329,1205,93,38.88333333333333,133,group_travel
exp6_group_travel,back_to_front,baseline,12385,40,1810,1893,92,105.86666666666666,261,group_travel
exp6_group_travel,outside_in,baseline,12385,40,1134,1064,32,36.9,114,group_travel
exp6_group_travel,steffen,baseline,12385,40,1054,1579,27,39.37777777777778,135,group_travel
exp6_group_travel,random,baseline,12386,41,1306,1200,94,38.455555555555556,116,group_travel
exp6_group_travel,back_to_front,baseline,12386,41,1649,1909,84,92.82222222222222,300,group_travel
exp6_group_travel,outside_in,baseline,12386,41,1230,1226,37,37.74444444444445,132,group_travel
exp6_group_travel,steffen,baseline,12386,41,985,1542,34,39.894444444444446,147,group_travel
exp6_group_travel,random,baseline,12387,42,1427,1140,102,43.27777777777778,163,group_travel
exp6_group_travel,back_to_front,baseline,12387,42,1766,1736,96,98.24444444444444,221,group_travel
exp6_group_travel,outside_in,baseline,12387,42,1149,1038,29,33.08888888888889,111,group_travel
exp6_group_travel,steffen,baseline,12387,42,1114,1310,33,45.71666666666667,186,group_travel
exp6_group_travel,random,baseline,12388,43,1351,1216,84,38.87222222222222,160,group_travel
exp6_group_travel,back_to_front,baseline,12388,43,1750,1815,96,87.13888888888889,270,group_travel
exp6_group_travel,outside_in,baseline,12388,43,1251,1177,36,37.21666666666667,119,group_travel
exp6_group_travel,steffen,baseline,12388,43,1026,1513,23,34.138888888888886,129,group_travel
exp6_group_travel,random,baseline,12389,44,1426,1071,106,40.87222222222222,171,group_travel
exp6_group_travel,back_to_front,baseline,12389,44,1744,1782,85,96.52777777777777,262,group_travel
exp6_group_travel,outside_in,baseline,12389,44,1224,1226,37,37.827777777777776,149,group_travel
exp6_group_travel,steffen,baseline,12389,44,1110,1539,50,44.044444444444444,145,group_travel
exp6_group_travel,random,baseline,12390,45,1361,1104,84,35.544444444444444,105,group_travel
exp6_group_travel,back_to_front,baseline,12390,45,1708,1789,87,93.10555555555555,260,group_travel
exp6_group_travel,outside_in,baseline,12390,45,1284,1118,31,34.19444444444444,107,group_travel
exp6_group_travel,steffen,baseline,12390,45,1060,1493,40,39.84444444444444,150,group_travel
exp6_group_travel,random,baseline,12391,46,1425,1165,84,45.272222222222226,151,group_travel
exp6_group_travel,back_to_front,baseline,12391,46,1771,1848,91,95.97777777777777,234,group_travel
exp6_group_travel,outside_in,baseline,12391,46,1198,1200,32,35.361111111111114,154,group_travel
exp6_group_travel,steffen,baseline,12391,46,1048,1577,30,44.955555555555556,163,group_travel
exp6_group_travel,random,baseline,12392,47,1326,1053,93,33.62222222222222,122,group_travel
exp6_group_travel,back_to_front,baseline,12392,47,1825,1838,92,99.93888888888888,227,group_travel
exp6_group_travel,outside_in,baseline,12392,47,1244,1106,39,35.01111111111111,101,group_travel
exp6_group_travel,steffen,baseline,12392,47,1158,1338,36,42.56666666666667,154,group_travel
exp6_group_travel,random,baseline,12393,48,1433,1364,99,48.76111111111111,160,group_travel
exp6_group_travel,back_to_front,baseline,12393,48,1886,1843,92,107.83333333333333,261,group_travel
exp6_group_travel,outside_in,baseline,12393,48,1256,1150,31,32.477777777777774,91,group_travel
exp6_group_travel,steffen,baseline,12393,48,1128,1356,43,44.44444444444444,146,group_travel
exp6_group_travel,random,baseline,12394,49,1357,1199,85,41.85,153,group_travel
exp6_group_travel,back_to_front,baseline,12394,49,1762,1814,78,91.06111111111112,220,group_travel
exp6_group_travel,outside_in,baseline,12394,49,1358,1207,21,40.87777777777778,118,group_travel
exp6_group_travel,steffen,baseline,12394,49,1035,1320,29,35.81666666666667,119,group_travel
exp6_group_travel,random,baseline,12395,50,1209,1244,95,37.855555555555554,125,group_travel
exp6_group_travel,back_to_front,baseline,12395,50,1660,1745,85,97.22777777777777,266,group_travel
exp6_group_travel,outside_in,baseline,12395,50,1138,1261,32,35.21111111111111,103,group_travel
exp6_group_travel,steffen,baseline,12395,50,976,1425,29,34.38333333333333,127,group_travel
exp6_group_travel,random,baseline,12396,51,1403,1223,95,41.9,122,group_travel
exp6_group_travel,back_to_front,baseline,12396,51,1642,1840,89,90.96111111111111,232,group_travel
exp6_group_travel,outside_in,baseline,12396,51,1212,1150,27,32.28333333333333,100,group_travel
exp6_group_travel,steffen,baseline,12396,51,1128,1407,41,50.18333333333333,162,group_travel
exp6_group_travel,random,baseline,12397,52,1309,1317,86,47.55555555555556,149,group_travel
exp6_group_travel,back_to_front,baseline,12397,52,1788,1787,86,99.96111111111111,241,group_travel
exp6_group_travel,outside_in,baseline,12397,52,1132,1259,31,35.294444444444444,136,group_travel
exp6_group_travel,steffen,baseline,12397,52,1021,1268,30,32.78888888888889,141,group_travel
exp6_group_travel,random,baseline,12398,53,1197,1182,71,32.888888888888886,150,group_travel
exp6_group_travel,back_to_front,baseline,12398,53,1614,1853,105,90.68333333333334,253,group_travel
exp6_group_travel,outside_in,baseline,12398,53,1132,1135,28,30.733333333333334,99,group_travel
exp6_group_travel,steffen,baseline,12398,53,996,1458,30,29.85,123,group_travel
exp6_group_travel,random,baseline,12399,54,1479,1088,88,43.9,108,group_travel
exp6_group_travel,back_to_front,baseline,12399,54,1713,1674,92,91.92777777777778,217,group_travel
exp6_group_travel,outside_in,baseline,12399,54,1344,1292,30,44.522222222222226,179,group_travel
exp6_group_travel,steffen,baseline,12399,54,1107,1348,32,41.361111111111114,143,group_travel
exp6_group_travel,random,baseline,12400,55,1342,1279,94,46.37777777777778,149,group_travel
exp6_group_travel,back_to_front,baseline,12400,55,1580,1763,79,85.78333333333333,252,group_travel
exp6_group_travel,outside_in,baseline,12400,55,1263,1359,39,41.41111111111111,121,group_travel
exp6_group_travel,steffen,baseline,12400,55,947,1495,32,34.86666666666667,108,group_travel
exp6_group_travel,random,baseline,12401,56,1261,1335,88,47.93888888888889,184,group_travel
exp6_group_travel,back_to_front,baseline,12401,56,1767,1869,93,100.54444444444445,240,group_travel
exp6_group_travel,outside_in,baseline,12401,56,1134,1252,28,37.0,123,group_travel
exp6_group_travel,steffen,baseline,12401,56,1067,1422,36,42.74444444444445,184,group_travel
exp6_group_travel,random,baseline,12402,57,1471,1303,104,48.34444444444444,182,group_travel
exp6_group_travel,back_to_front,baseline,12402,57,1722,1928,90,94.89444444444445,202,group_travel
exp6_group_travel,outside_in,baseline,12402,57,1212,1174,29,32.727777777777774,113,group_travel
exp6_group_travel,steffen,baseline,12402,57,1043,1390,38,39.016666666666666,149,group_travel
exp6_group_travel,random,baseline,12403,58,1342,1293,96,45.17777777777778,138,group_travel
exp6_group_travel,back_to_front,baseline,12403,58,1739,1867,85,93.99444444444444,228,group_travel
exp6_group_travel,outside_in,baseline,12403,58,1268,1149,33,37.48888888888889,98,group_travel
exp6_group_travel,steffen,baseline,12403,58,1052,1429,29,36.48888888888889,141,group_travel
exp6_group_travel,random,baseline,12404,59,1398,1095,83,37.33888888888889,113,group_travel
exp6_group_travel,back_to_front,baseline,12404,59,1902,1927,90,101.45,248,group_travel
exp6_group_travel,outside_in,baseline,12404,59,1318,1108,33,34.733333333333334,122,group_travel
exp6_group_travel,steffen,baseline,12404,59,1038,1389,37,29.67222222222222,107,group_travel
exp6_group_travel,random,baseline,12405,60,1546,1161,98,47.227777777777774,141,group_travel
exp6_group_travel,back_to_front,baseline,12405,60,1814,1796,91,102.68888888888888,251,group_travel
exp6_group_travel,outside_in,baseline,12405,60,1253,1137,36,37.227777777777774,109,group_travel
exp6_group_travel,steffen,baseline,12405,60,967,1363,28,35.044444444444444,131,group_travel
exp6_group_travel,random,baseline,12406,61,1298,1336,106,45.42777777777778,176,group_travel
exp6_group_travel,back_to_front,baseline,12406,61,1849,1921,89,108.92222222222222,255,group_travel
exp6_group_travel,outside_in,baseline,12406,61,1255,1276,39,40.85,103,group_travel
exp6_group_travel,steffen,baseline,12406,61,1046,1502,32,42.916666666666664,167,group_travel
exp6_group_travel,random,baseline,12407,62,1193,1206,87,37.894444444444446,144,group_travel
exp6_group_travel,back_to_front,baseline,12407,62,1709,1893,87,95.45,274,group_travel
exp6_group_travel,outside_in,baseline,12407,62,1135,1074,30,29.294444444444444,122,group_travel
exp6_group_travel,steffen,baseline,12407,62,1020,1321,36,32.916666666666664,103,group_travel
exp6_group_travel,random,baseline,12408,63,1444,1203,95,47.27777777777778,114,group_travel
exp6_group_travel,back_to_front,baseline,12408,63,1849,1808,97,101.72222222222223,267,group_travel
exp6_group_travel,outside_in,baseline,12408,63,1244,1271,31,34.47222222222222,103,group_travel
exp6_group_travel,steffen,baseline,12408,63,1083,1351,33,36.144444444444446,118,group_travel
exp6_group_travel,random,baseline,12409,64,1359,1147,104,36.50555555555555,120,group_travel
exp6_group_travel,back_to_front,baseline,12409,64,1848,1890,93,112.8,273,group_travel
exp6_group_travel,outside_in,baseline,12409,64,1272,1264,34,38.74444444444445,125,group_travel
exp6_group_travel,steffen,baseline,12409,64,970,1430,30,33.516666666666666,128,group_travel
exp6_group_travel,random,baseline,12410,65,1417,1303,92,49.233333333333334,140,group_travel
exp6_group_travel,back_to_front,baseline,12410,65,1778,1867,99,99.72777777777777,229,group_travel
exp6_group_travel,outside_in,baseline,12410,65,1181,1225,23,38.46666666666667,126,group_travel
exp6_group_travel,steffen,baseline,12410,65,1108,1498,43,41.55555555555556,135,group_travel
exp6_group_travel,random,baseline,12411,66,1328,1235,94,42.74444444444445,156,group_travel
exp6_group_travel,back_to_front,baseline,12411,66,1919,1677,97,105.28888888888889,247,group_travel
exp6_group_travel,outside_in,baseline,12411,66,1276,1185,31,41.12222222222222,157,group_travel
exp6_group_travel,steffen,baseline,12411,66,1037,1198,32,40.272222222222226,194,group_travel
exp6_group_travel,random,baseline,12412,67,1418,1295,82,47.916666666666664,148,group_travel
exp6_group_travel,back_to_front,baseline,12412,67,1955,1897,93,111.73333333333333,246,group_travel
exp6_group_travel,outside_in,baseline,12412,67,1326,1193,32,34.23888888888889,94,group_travel
exp6_group_travel,steffen,baseline,12412,67,1012,1561,25,40.922222222222224,151,group_travel
exp6_group_travel,random,baseline,12413,68,1274,1185,105,41.144444444444446,133,group_travel
exp6_group_travel,back_to_front,baseline,12413,68,1763,1774,86,103.95,261,group_travel
exp6_group_travel,outside_in,baseline,12413,68,1136,1292,29,38.38333333333333,145,group_travel
exp6_group_travel,steffen,baseline,12413,68,1091,1338,30,40.59444444444444,165,group_travel
exp6_group_travel,random,baseline,12414,69,1419,1223,92,42.611111111111114,126,group_travel
exp6_group_travel,back_to_front,baseline,12414,69,1795,1880,93,102.60555555555555,230,group_travel
exp6_group_travel,outside_in,baseline,12414,69,1251,1241,31,35.44444444444444,111,group_travel
exp6_group_travel,steffen,baseline,12414,69,1070,1461,32,35.37222222222222,115,group_travel
exp6_group_travel,random,baseline,12415,70,1307,1205,80,36.87777777777778,122,group_travel
exp6_group_travel,back_to_front,baseline,12415,70,1777,1929,85,101.95555555555555,221,group_travel
exp6_group_travel,outside_in,baseline,12415,70,1256,1194,35,41.733333333333334,130,group_travel
exp6_group_travel,steffen,baseline,12415,70,1097,1605,34,44.28333333333333,150,group_travel
exp6_group_travel,random,baseline,12416,71,1277,1268,81,37.03888888888889,114,group_travel
exp6_group_travel,back_to_front,baseline,12416,71,1827,1960,87,110.2611111111111,276,group_travel
exp6_group_travel,outside_in,baseline,12416,71,1212,1239,28,38.58888888888889,117,group_travel
exp6_group_travel,steffen,baseline,12416,71,1091,1601,28,38.57222222222222,131,group_travel
exp6_group_travel,random,baseline,12417,72,1310,1214,88,39.483333333333334,106,group_travel
exp6_group_travel,back_to_front,baseline,12417,72,1709,1723,88,89.28333333333333,230,group_travel
exp6_group_travel,outside_in,baseline,12417,72,1266,1216,32,37.65,133,group_travel
exp6_group_travel,steffen,baseline,12417,72,1056,1407,25,41.03888888888889,154,group_travel
exp6_group_travel,random,baseline,12418,73,1332,1276,89,41.46666666666667,146,group_travel
exp6_group_travel,back_to_front,baseline,12418,73,1802,1825,97,109.22222222222223,295,group_travel
exp6_group_travel,outside_in,baseline,12418,73,1111,1233,36,42.55,147,group_travel
exp6_group_travel,steffen,baseline,12418,73,1045,1315,36,38.544444444444444,153,group_travel
exp6_group_travel,random,baseline,12419,74,1407,1397,92,49.455555555555556,162,group_travel
exp6_group_travel,back_to_front,baseline,12419,74,1725,1802,80,95.40555555555555,259,group_travel
exp6_group_travel,outside_in,baseline,12419,74,1187,1136,33,35.84444444444444,119,group_travel
exp6_group_travel,steffen,baseline,12419,74,1030,1399,27,36.15,122,group_travel
exp6_group_travel,random,baseline,12420,75,1381,1322,87,45.57222222222222,143,group_travel
exp6_group_travel,back_to_front,baseline,12420,75,1821,1869,98,103.29444444444445,253,group_travel
exp6_group_travel,outside_in,baseline,12420,75,1186,1217,27,33.55555555555556,112,group_travel
exp6_group_travel,steffen,baseline,12420,75,1063,1584,27,45.66111111111111,154,group_travel
exp6_group_travel,random,baseline,12421,76,1228,1223,96,36.855555555555554,122,group_travel
exp6_group_travel,back_to_front,baseline,12421,76,1604,1910,81,94.25555555555556,243,group_travel
exp6_group_travel,outside_in,baseline,12421,76,1188,1177,35,34.43333333333333,106,group_travel
exp6_group_travel,steffen,baseline,12421,76,1035,1521,36,34.71666666666667,153,group_travel
exp6_group_travel,random,baseline,12422,77,1365,1296,95,46.81111111111111,132,group_travel
exp6_group_travel,back_to_front,baseline,12422,77,1695,2067,80,98.63888888888889,226,group_travel
exp6_group_travel,outside_in,baseline,12422,77,1207,1275,35,41.833333333333336,139,group_travel
exp6_group_travel,steffen,baseline,12422,77,1114,1521,41,50.12777777777778,224,group_travel
exp6_group_travel,random,baseline,12423,78,1414,1234,98,50.105555555555554,187,group_travel
exp6_group_travel,back_to_front,baseline,12423,78,1891,1734,91,113.31666666666666,332,group_travel
exp6_group_travel,outside_in,baseline,12423,78,1369,1275,35,43.74444444444445,128,group_travel
exp6_group_travel,steffen,baseline,12423,78,1179,1438,36,54.13333333333333,205,group_travel
exp6_group_travel,random,baseline,12424,79,1299,1151,88,35.15,128,group_travel
exp6_group_travel,back_to_front,baseline,12424,79,1722,1772,92,91.57777777777778,230,group_travel
exp6_group_travel,outside_in,baseline,12424,79,1202,1102,21,35.8,131,group_travel
exp6_group_travel,steffen,baseline,12424,79,1113,1322,30,43.99444444444445,164,group_travel
exp6_group_travel,random,baseline,12425,80,1259,1250,86,44.52777777777778,160,group_travel
exp6_group_travel,back_to_front,baseline,12425,80,1752,1854,90,103.77222222222223,303,group_travel
exp6_group_travel,outside_in,baseline,12425,80,1254,1116,36,36.18333333333333,127,group_travel
exp6_group_travel,steffen,baseline,12425,80,1031,1303,35,39.12777777777778,146,group_travel
exp6_group_travel,random,baseline,12426,81,1365,1251,103,40.672222222222224,134,group_travel
exp6_group_travel,back_to_front,baseline,12426,81,1693,1863,81,93.0111111111111,207,group_travel
exp6_group_travel,outside_in,baseline,12426,81,1150,1378,34,36.98888888888889,135,group_travel
exp6_group_travel,steffen,baseline,12426,81,1041,1452,31,37.67777777777778,141,group_travel
exp6_group_travel,random,baseline,12427,82,1286,1232,78,45.3,162,group_travel
exp6_group_travel,back_to_front,baseline,12427,82,1856,1867,92,115.22777777777777,303,group_travel
exp6_group_travel,outside_in,baseline,12427,82,1249,1289,24,47.422222222222224,156,group_travel
exp6_group_travel,steffen,baseline,12427,82,1030,1465,35,36.955555555555556,122,group_travel
exp6_group_travel,random,baseline,12428,83,1287,1178,91,41.522222222222226,120,group_travel
exp6_group_travel,back_to_front,baseline,12428,83,1686,1800,87,94.17777777777778,217,group_travel
exp6_group_travel,outside_in,baseline,12428,83,1314,1186,27,41.58888888888889,151,group_travel
exp6_group_travel,steffen,baseline,12428,83,1066,1518,38,45.98888888888889,147,group_travel
exp6_group_travel,random,baseline,12429,84,1441,1213,96,48.766666666666666,157,group_travel
exp6_group_travel,back_to_front,baseline,12429,84,1743,1755,93,91.25,226,group_travel
exp6_group_travel,outside_in,baseline,12429,84,1263,1095,29,31.927777777777777,142,group_travel
exp6_group_travel,steffen,baseline,12429,84,1069,1403,28,41.583333333333336,176,group_travel
exp6_group_travel,random,baseline,12430,85,1452,1136,109,43.67777777777778,148,group_travel
exp6_group_travel,back_to_front,baseline,12430,85,1767,1766,85,95.98333333333333,223,group_travel
exp6_group_travel,outside_in,baseline,12430,85,1318,1254,36,43.388888888888886,155,group_travel
exp6_group_travel,steffen,baseline,12430,85,1075,1355,37,38.1,187,group_travel
exp6_group_travel,random,baseline,12431,86,1410,1242,89,38.85,155,group_travel
exp6_group_travel,back_to_front,baseline,12431,86,1633,1775,86,91.92777777777778,214,group_travel
exp6_group_travel,outside_in,baseline,12431,86,1225,1151,32,37.05555555555556,130,group_travel
exp6_group_travel,steffen,baseline,12431,86,1066,1616,32,43.31111111111111,149,group_travel
exp6_group_travel,random,baseline,12432,87,1388,1326,92,42.611111111111114,121,group_travel
exp6_group_travel,back_to_front,baseline,12432,87,1682,1894,88,99.37222222222222,236,group_travel
exp6_group_travel,outside_in,baseline,12432,87,1212,1195,38,33.50555555555555,109,group_travel
exp6_group_travel,steffen,baseline,12432,87,1084,1542,32,44.37777777777778,166,group_travel
exp6_group_travel,random,baseline,12433,88,1320,1335,91,40.76111111111111,110,group_travel
exp6_group_travel,back_to_front,baseline,12433,88,1795,1844,94,101.35,223,group_travel
exp6_group_travel,outside_in,baseline,12433,88,1079,1073,27,28.92222222222222,96,group_travel
exp6_group_travel,steffen,baseline,12433,88,1081,1138,26,34.96111111111111,152,group_travel
exp6_group_travel,random,baseline,12434,89,1255,1234,84,37.53333333333333,113,group_travel
exp6_group_travel,back_to_front,baseline,12434,89,1526,1838,80,82.91666666666667,221,group_travel
exp6_group_travel,outside_in,baseline,12434,89,1183,1082,30,35.105555555555554,109,group_travel
exp6_group_travel,steffen,baseline,12434,89,883,1395,27,27.36111111111111,125,group_travel
exp6_group_travel,random,baseline,12435,90,1542,1238,118,56.78333333333333,206,group_travel
exp6_group_travel,back_to_front,baseline,12435,90,1796,1947,84,103.11111111111111,253,group_travel
exp6_group_travel,outside_in,baseline,12435,90,1176,1153,25,35.16111111111111,115,group_travel
exp6_group_travel,steffen,baseline,12435,90,971,1294,33,34.30555555555556,183,group_travel
exp6_group_travel,random,baseline,12436,91,1280,1170,97,42.327777777777776,150,group_travel
exp6_group_travel,back_to_front,baseline,12436,91,1854,1897,89,116.56666666666666,301,group_travel
exp6_group_travel,outside_in,baseline,12436,91,1142,1289,27,36.888888888888886,131,group_travel
exp6_group_travel,steffen,baseline,12436,91,1027,1322,45,35.922222222222224,101,group_travel
exp6_group_travel,random,baseline,12437,92,1429,1223,85,55.69444444444444,141,group_travel
exp6_group_travel,back_to_front,baseline,12437,92,1784,1872,88,102.33333333333333,238,group_travel
exp6_group_travel,outside_in,baseline,12437,92,1336,1258,24,44.388888888888886,157,group_travel
exp6_group_travel,steffen,baseline,12437,92,1042,1502,34,43.23888888888889,217,group_travel
exp6_group_travel,random,baseline,12438,93,1303,1360,96,47.638888888888886,151,group_travel
exp6_group_travel,back_to_front,baseline,12438,93,1852,1935,92,104.91666666666667,274,group_travel
exp6_group_travel,outside_in,baseline,12438,93,1291,1284,33,43.4,127,group_travel
exp6_group_travel,steffen,baseline,12438,93,1089,1609,42,45.23888888888889,177,group_travel
exp6_group_travel,random,baseline,12439,94,1247,1134,97,38.76111111111111,107,group_travel
exp6_group_travel,back_to_front,baseline,12439,94,1790,1901,89,105.2388888888889,237,group_travel
exp6_group_travel,outside_in,baseline,12439,94,1134,1226,28,33.833333333333336,97,group_travel
exp6_group_travel,steffen,baseline,12439,94,980,1459,30,41.977777777777774,161,group_travel
exp6_group_travel,random,baseline,12440,95,1395,1294,79,48.477777777777774,147,group_travel
exp6_group_travel,back_to_front,baseline,12440,95,1710,1914,96,100.9888888888889,242,group_travel
exp6_group_travel,outside_in,baseline,12440,95,1203,1317,26,48.583333333333336,155,group_travel
exp6_group_travel,steffen,baseline,12440,95,996,1412,28,40.388888888888886,181,group_travel
exp6_group_travel,random,baseline,12441,96,1541,1291,96,51.666666666666664,137,group_travel
exp6_group_travel,back_to_front,baseline,12441,96,1691,1805,77,84.14444444444445,195,group_travel
exp6_group_travel,outside_in,baseline,12441,96,1285,1167,29,38.77777777777778,111,group_travel
exp6_group_travel,steffen,baseline,12441,96,991,1393,31,33.25555555555555,122,group_travel
exp6_group_travel,random,baseline,12442,97,1379,1394,103,54.38333333333333,171,group_travel
exp6_group_travel,back_to_front,baseline,12442,97,1910,1921,93,108.73333333333333,256,group_travel
exp6_group_travel,outside_in,baseline,12442,97,1314,1217,34,44.78333333333333,149,group_travel
exp6_group_travel,steffen,baseline,12442,97,1071,1578,27,42.638888888888886,158,group_travel
exp6_group_travel,random,baseline,12443,98,1527,1251,89,49.8,132,group_travel
exp6_group_travel,back_to_front,baseline,12443,98,1841,1914,84,108.41666666666667,251,group_travel
exp6_group_travel,outside_in,baseline,12443,98,1329,1210,38,43.22222222222222,170,group_travel
exp6_group_travel,steffen,baseline,12443,98,1091,1522,37,39.827777777777776,153,group_travel
exp6_group_travel,random,baseline,12444,99,1180,1251,89,39.827777777777776,136,group_travel
exp6_group_travel,back_to_front,baseline,12444,99,1645,1850,89,88.87777777777778,221,group_travel
exp6_group_travel,outside_in,baseline,12444,99,1122,1100,28,29.011111111111113,96,group_travel
exp6_group_travel,steffen,baseline,12444,99,959,1347,31,30.316666666666666,121,group_travel
exp6_group_travel,random,baseline,12445,100,1355,1112,87,42.766666666666666,118,group_travel
exp6_group_travel,back_to_front,baseline,12445,100,1659,1756,91,94.19444444444444,268,group_travel
exp6_group_travel,outside_in,baseline,12445,100,1168,1091,30,31.47222222222222,100,group_travel
exp6_group_travel,steffen,baseline,12445,100,1093,1299,30,39.56111111111111,153,group_travel
exp6_group_travel,random,baseline,12446,101,1353,1255,85,44.09444444444444,149,group_travel
exp6_group_travel,back_to_front,baseline,12446,101,1721,1887,102,107.42222222222222,272,group_travel
exp6_group_travel,outside_in,baseline,12446,101,1123,1335,27,41.227777777777774,158,group_travel
exp6_group_travel,steffen,baseline,12446,101,1068,1453,36,45.794444444444444,186,group_travel
exp6_group_travel,random,baseline,12447,102,1349,1311,94,44.80555555555556,168,group_travel
exp6_group_travel,back_to_front,baseline,12447,102,1772,1867,91,100.31666666666666,256,group_travel
exp6_group_travel,outside_in,baseline,12447,102,1232,1129,28,33.93888888888889,104,group_travel
exp6_group_travel,steffen,baseline,12447,102,1089,1541,29,41.69444444444444,138,group_travel
exp6_group_travel,random,baseline,12448,103,1332,1304,86,45.12222222222222,117,group_travel
exp6_group_travel,back_to_front,baseline,12448,103,1629,1873,91,91.38888888888889,230,group_travel
exp6_group_travel,outside_in,baseline,12448,103,1220,1269,30,36.3,141,group_travel
exp6_group_travel,steffen,baseline,12448,103,1069,1560,34,39.81111111111111,158,group_travel
exp6_group_travel,random,baseline,12449,104,1360,1334,82,43.53888888888889,140,group_travel
exp6_group_travel,back_to_front,baseline,12449,104,1687,1750,82,86.08333333333333,181,group_travel
exp6_group_travel,outside_in,baseline,12449,104,1232,1250,27,37.88333333333333,111,group_travel
exp6_group_travel,steffen,baseline,12449,104,1040,1448,36,35.6,120,group_travel
exp6_group_travel,random,baseline,12450,105,1262,1191,88,37.38333333333333,118,group_travel
exp6_group_travel,back_to_front,baseline,12450,105,1557,1733,82,80.08333333333333,199,group_travel
exp6_group_travel,outside_in,baseline,12450,105,1150,1296,32,33.75,108,group_travel
exp6_group_travel,steffen,baseline,12450,105,1011,1535,35,38.07222222222222,148,group_travel
exp6_group_travel,random,baseline,12451,106,1411,1361,98,52.5,166,group_travel
exp6_group_travel,back_to_front,baseline,12451,106,1793,1834,87,95.85555555555555,207,group_travel
exp6_group_travel,outside_in,baseline,12451,106,1301,1273,31,39.105555555555554,131,group_travel
exp6_group_travel,steffen,baseline,12451,106,1160,1408,38,42.18333333333333,141,group_travel
exp6_group_travel,random,baseline,12452,107,1306,1193,70,35.855555555555554,111,group_travel
exp6_group_travel,back_to_front,baseline,12452,107,1779,1894,84,106.48333333333333,252,group_travel
exp6_group_travel,outside_in,baseline,12452,107,1258,1331,28,39.12222222222222,117,group_travel
exp6_group_travel,steffen,baseline,12452,107,1101,1454,34,33.361111111111114,117,group_travel
exp6_group_travel,random,baseline,12453,108,1357,1144,97,41.522222222222226,113,group_travel
exp6_group_travel,back_to_front,baseline,12453,108,1699,1766,90,95.19444444444444,266,group_travel
exp6_group_travel,outside_in,baseline,12453,108,1155,1121,26,36.63333333333333,122,group_travel
exp6_group_travel,steffen,baseline,12453,108,1014,1254,33,27.783333333333335,102,group_travel
exp6_group_travel,random,baseline,12454,109,1522,1249,91,46.03888888888889,126,group_travel
exp6_group_travel,back_to_front,baseline,12454,109,2014,1959,95,126.06666666666666,283,group_travel
exp6_group_travel,outside_in,baseline,12454,109,1297,1200,31,38.68333333333333,116,group_travel
exp6_group_travel,steffen,baseline,12454,109,1126,1443,37,38.72222222222222,145,group_travel
exp6_group_travel,random,baseline,12455,110,1336,1092,99,40.18333333333333,164,group_travel
exp6_group_travel,back_to_front,baseline,12455,110,1781,1854,94,97.81666666666666,272,group_travel
exp6_group_travel,outside_in,baseline,12455,110,1297,1225,38,40.32222222222222,139,group_travel
exp6_group_travel,steffen,baseline,12455,110,1056,1560,28,44.25,169,group_travel
exp6_group_travel,random,baseline,12456,111,1397,1308,98,43.07222222222222,159,group_travel
exp6_group_travel,back_to_front,baseline,12456,111,1780,1829,86,98.65,227,group_travel
exp6_group_travel,outside_in,baseline,12456,111,1198,1209,27,33.45,127,group_travel
exp6_group_travel,steffen,baseline,12456,111,1112,1439,27,38.105555555555554,167,group_travel
exp6_group_travel,random,baseline,12457,112,1361,1375,94,43.827777777777776,116,group_travel
exp6_group_travel,back_to_front,baseline,12457,112,1663,1910,98,89.60555555555555,235,group_travel
exp6_group_travel,outside_in,baseline,12457,112,1309,1194,32,40.611111111111114,116,group_travel
exp6_group_travel,steffen,baseline,12457,112,1005,1312,32,32.12222222222222,114,group_travel
exp6_group_travel,random,baseline,12458,113,1294,1163,100,40.06111111111111,125,group_travel
exp6_group_travel,back_to_front,baseline,12458,113,1762,1899,85,100.21666666666667,242,group_travel
exp6_group_travel,outside_in,baseline,12458,113,1220,1199,33,39.77777777777778,138,group_travel
exp6_group_travel,steffen,baseline,12458,113,1051,1596,47,39.09444444444444,136,group_travel
exp6_group_travel,random,baseline,12459,114,1344,1221,82,47.605555555555554,150,group_travel
exp6_group_travel,back_to_front,baseline,12459,114,1780,1917,91,106.4,266,group_travel
exp6_group_travel,outside_in,baseline,12459,114,1310,1240,27,46.727777777777774,178,group_travel
exp6_group_travel,steffen,baseline,12459,114,1034,1337,30,36.6,177,group_travel
exp6_group_travel,random,baseline,12460,115,1363,1361,91,41.666666666666664,118,group_travel
exp6_group_travel,back_to_front,baseline,12460,115,1739,1795,97,103.35555555555555,258,group_travel
exp6_group_travel,outside_in,baseline,12460,115,1185,1151,31,35.47222222222222,116,group_travel
exp6_group_travel,steffen,baseline,12460,115,1101,1391,35,45.977777777777774,153,group_travel
exp6_group_travel,random,baseline,12461,116,1232,1170,74,37.84444444444444,132,group_travel
exp6_group_travel,back_to_front,baseline,12461,116,1603,1788,81,90.05,199,group_travel
exp6_group_travel,outside_in,baseline,12461,116,1175,1185,29,37.577777777777776,109,group_travel
exp6_group_travel,steffen,baseline,12461,116,1023,1470,34,37.227777777777774,136,group_travel
exp6_group_travel,random,baseline,12462,117,1330,1345,95,47.24444444444445,188,group_travel
exp6_group_travel,back_to_front,baseline,12462,117,1682,1818,98,88.81666666666666,244,group_travel
exp6_group_travel,outside_in,baseline,12462,117,1203,1286,34,36.71666666666667,129,group_travel
exp6_group_travel,steffen,baseline,12462,117,981,1498,36,29.927777777777777,111,group_travel
exp6_group_travel,random,baseline,12463,118,1354,1131,87,36.91111111111111,115,group_travel
exp6_group_travel,back_to_front,baseline,12463,118,1745,2000,95,101.55,278,group_travel
exp6_group_travel,outside_in,baseline,12463,118,1183,1173,28,32.36666666666667,110,group_travel
exp6_group_travel,steffen,baseline,12463,118,1066,1525,45,40.577777777777776,144,group_travel
exp6_group_travel,random,baseline,12464,119,1271,1192,86,40.12777777777778,126,group_travel
exp6_group_travel,back_to_front,baseline,12464,119,1927,1836,104,111.02222222222223,283,group_travel
exp6_group_travel,outside_in,baseline,12464,119,1174,1257,31,33.99444444444445,126,group_travel
exp6_group_travel,steffen,baseline,12464,119,1097,1604,33,52.15,209,group_travel
exp6_group_travel,random,baseline,12465,120,1290,1196,92,40.9,184,group_travel
exp6_group_travel,back_to_front,baseline,12465,120,1659,1873,92,90.62777777777778,268,group_travel
exp6_group_travel,outside_in,baseline,12465,120,1206,1156,34,33.18333333333333,144,group_travel
exp6_group_travel,steffen,baseline,12465,120,999,1332,38,34.47222222222222,143,group_travel
exp6_group_travel,random,baseline,12466,121,1335,1334,80,52.94444444444444,221,group_travel
exp6_group_travel,back_to_front,baseline,12466,121,1622,1742,88,87.64444444444445,192,group_travel
exp6_group_travel,outside_in,baseline,12466,121,1215,1233,31,38.58888888888889,159,group_travel
exp6_group_travel,steffen,baseline,12466,121,1007,1411,30,41.23888888888889,138,group_travel
exp6_group_travel,random,baseline,12467,122,1372,1333,101,47.40555555555556,134,group_travel
exp6_group_travel,back_to_front,baseline,12467,122,1831,1928,90,100.64444444444445,245,group_travel
exp6_group_travel,outside_in,baseline,12467,122,1161,1139,26,33.483333333333334,115,group_travel
exp6_group_travel,steffen,baseline,12467,122,1013,1419,34,31.344444444444445,129,group_travel
exp6_group_travel,random,baseline,12468,123,1410,1175,112,40.355555555555554,116,group_travel
exp6_group_travel,back_to_front,baseline,12468,123,1765,1821,78,101.1,255,group_travel
exp6_group_travel,outside_in,baseline,12468,123,1247,1201,37,36.577777777777776,108,group_travel
exp6_group_travel,steffen,baseline,12468,123,1015,1470,30,40.977777777777774,169,group_travel
exp6_group_travel,random,baseline,12469,124,1460,1324,93,46.66111111111111,155,group_travel
exp6_group_travel,back_to_front,baseline,12469,124,1722,1857,87,101.56666666666666,257,group_travel
exp6_group_travel,outside_in,baseline,12469,124,1261,1252,22,40.06111111111111,113,group_travel
exp6_group_travel,steffen,baseline,12469,124,1082,1475,38,39.4,134,group_travel
exp6_group_travel,random,baseline,12470,125,1168,1250,95,40.233333333333334,122,group_travel
exp6_group_travel,back_to_front,baseline,12470,125,1702,1772,84,91.22777777777777,240,group_travel
exp6_group_travel,outside_in,baseline,12470,125,1196,1244,45,36.92777777777778,131,group_travel
exp6_group_travel,steffen,baseline,12470,125,1035,1455,27,43.083333333333336,122,group_travel
exp6_group_travel,random,baseline,12471,126,1512,1290,90,51.27777777777778,179,group_travel
exp6_group_travel,back_to_front,baseline,12471,126,1688,1772,85,91.68333333333334,246,group_travel
exp6_group_travel,outside_in,baseline,12471,126,1241,1271,21,38.98888888888889,113,group_travel
exp6_group_travel,steffen,baseline,12471,126,1148,1453,46,48.766666666666666,225,group_travel
exp6_group_travel,random,baseline,12472,127,1356,1231,84,40.5,117,group_travel
exp6_group_travel,back_to_front,baseline,12472,127,1806,1860,95,103.28888888888889,264,group_travel
exp6_group_travel,outside_in,baseline,12472,127,1294,1211,25,38.91111111111111,167,group_travel
exp6_group_travel,steffen,baseline,12472,127,1133,1557,29,41.672222222222224,131,group_travel
exp6_group_travel,random,baseline,12473,128,1419,1190,91,46.03333333333333,141,group_travel
exp6_group_travel,back_to_front,baseline,12473,128,1832,1759,94,97.86111111111111,196,group_travel
exp6_group_travel,outside_in,baseline,12473,128,1217,1246,28,39.977777777777774,105,group_travel
exp6_group_travel,steffen,baseline,12473,128,1132,1654,34,48.955555555555556,175,group_travel
exp6_group_travel,random,baseline,12474,129,1319,1260,93,40.13333333333333,123,group_travel
exp6_group_travel,back_to_front,baseline,12474,129,1525,1778,84,83.85,217,group_travel
exp6_group_travel,outside_in,baseline,12474,129,1123,1211,24,33.455555555555556,99,group_travel
exp6_group_travel,steffen,baseline,12474,129,971,1436,23,36.55,143,group_travel
exp6_group_travel,random,baseline,12475,130,1376,1372,101,49.294444444444444,152,group_travel
exp6_group_travel,back_to_front,baseline,12475,130,1814,1855,83,103.26666666666667,241,group_travel
exp6_group_travel,outside_in,baseline,12475,130,1204,1219,35,41.07222222222222,128,group_travel
exp6_group_travel,steffen,baseline,12475,130,1056,1441,33,37.05,140,group_travel
exp6_group_travel,random,baseline,12476,131,1457,1264,81,52.31666666666667,160,group_travel
exp6_group_travel,back_to_front,baseline,12476,131,1769,1781,91,95.86666666666666,221,group_travel
exp6_group_travel,outside_in,baseline,12476,131,1357,1212,35,43.833333333333336,126,group_travel
exp6_group_travel,steffen,baseline,12476,131,1012,1317,27,30.866666666666667,111,group_travel
exp6_group_travel,random,baseline,12477,132,1297,1169,96,46.266666666666666,153,group_travel
exp6_group_travel,back_to_front,baseline,12477,132,1719,1845,85,98.08888888888889,214,group_travel
exp6_group_travel,outside_in,baseline,12477,132,1289,1268,30,45.0,152,group_travel
exp6_group_travel,steffen,baseline,12477,132,998,1316,42,30.08888888888889,115,group_travel
exp6_group_travel,random,baseline,12478,133,1338,1223,81,41.888888888888886,125,group_travel
exp6_group_travel,back_to_front,baseline,12478,133,1776,1830,94,102.93333333333334,243,group_travel
exp6_group_travel,outside_in,baseline,12478,133,1074,1138,28,32.7,96,group_travel
exp6_group_travel,steffen,baseline,12478,133,1027,1408,27,35.67777777777778,121,group_travel
exp6_group_travel,random,baseline,12479,134,1322,1128,86,39.794444444444444,128,group_travel
exp6_group_travel,back_to_front,baseline,12479,134,1679,1918,91,94.75555555555556,265,group_travel
exp6_group_travel,outside_in,baseline,12479,134,1260,1257,47,37.31666666666667,127,group_travel
exp6_group_travel,steffen,baseline,12479,134,1111,1615,33,39.355555555555554,116,group_travel
exp6_group_travel,random,baseline,12480,135,1306,1225,92,43.24444444444445,118,group_travel
exp6_group_travel,back_to_front,baseline,12480,135,1609,1844,86,87.85555555555555,216,group_travel
exp6_group_travel,outside_in,baseline,12480,135,1145,1167,24,30.283333333333335,100,group_travel
exp6_group_travel,steffen,baseline,12480,135,1061,1424,31,41.4,134,group_travel
exp6_group_travel,random,baseline,12481,136,1463,1190,89,53.69444444444444,156,group_travel
exp6_group_travel,back_to_front,baseline,12481,136,1900,1799,98,104.72222222222223,276,group_travel
exp6_group_travel,outside_in,baseline,12481,136,1258,1311,39,43.82222222222222,158,group_travel
exp6_group_travel,steffen,baseline,12481,136,1085,1431,38,44.91111111111111,229,group_travel
exp6_group_travel,random,baseline,12482,137,1364,1250,95,42.78333333333333,152,group_travel
exp6_group_travel,back_to_front,baseline,12482,137,1796,1931,90,104.18888888888888,323,group_travel
exp6_group_travel,outside_in,baseline,12482,137,1214,1228,42,34.93333333333333,103,group_travel
exp6_group_travel,steffen,baseline,12482,137,1103,1544,38,40.611111111111114,148,group_travel
exp6_group_travel,random,baseline,12483,138,1309,1293,96,41.827777777777776,127,group_travel
exp6_group_travel,back_to_front,baseline,12483,138,1644,1868,84,86.73333333333333,199,group_travel
exp6_group_travel,outside_in,baseline,12483,138,1211,1104,31,34.50555555555555,98,group_travel
exp6_group_travel,steffen,baseline,12483,138,1020,1337,31,32.4,123,group_travel
exp6_group_travel,random,baseline,12484,139,1310,1233,101,41.50555555555555,131,group_travel
exp6_group_travel,back_to_front,baseline,12484,139,1618,1732,89,90.4,226,group_travel
exp6_group_travel,outside_in,baseline,12484,139,1195,1169,26,34.388888888888886,114,group_travel
exp6_group_travel,steffen,baseline,12484,139,1022,1297,31,38.416666666666664,118,group_travel
exp6_group_travel,random,baseline,12485,140,1269,1246,95,47.49444444444445,141,group_travel
exp6_group_travel,back_to_front,baseline,12485,140,1652,1736,83,91.14444444444445,237,group_travel
exp6_group_travel,outside_in,baseline,12485,140,1212,1002,37,34.43888888888889,105,group_travel
exp6_group_travel,steffen,baseline,12485,140,995,1412,36,34.772222222222226,100,group_travel
exp6_group_travel,random,baseline,12486,141,1380,1392,89,52.71666666666667,152,group_travel
exp6_group_travel,back_to_front,baseline,12486,141,1773,1871,90,98.27222222222223,248,group_travel
exp6_group_travel,outside_in,baseline,12486,141,1171,1222,33,37.93888888888889,121,group_travel
exp6_group_travel,steffen,baseline,12486,141,1010,1430,30,39.111111111111114,140,group_travel
exp6_group_travel,random,baseline,12487,142,1299,1233,94,35.17777777777778,117,group_travel
exp6_group_travel,back_to_front,baseline,12487,142,1835,1971,95,102.98333333333333,233,group_travel
exp6_group_travel,outside_in,baseline,12487,142,1242,1268,35,33.69444444444444,87,group_travel
exp6_group_travel,steffen,baseline,12487,142,1064,1358,34,37.03333333333333,124,group_travel
exp6_group_travel,random,baseline,12488,143,1400,1405,95,54.516666666666666,166,group_travel
exp6_group_travel,back_to_front,baseline,12488,143,1706,1867,90,95.46111111111111,236,group_travel
exp6_group_travel,outside_in,baseline,12488,143,1246,1288,32,44.888888888888886,151,group_travel
exp6_group_travel,steffen,baseline,12488,143,1112,1505,37,44.90555555555556,154,group_travel
exp6_group_travel,random,baseline,12489,144,1348,1356,99,50.06666666666667,183,group_travel
exp6_group_travel,back_to_front,baseline,12489,144,1785,1897,78,100.93333333333334,240,group_travel
exp6_group_travel,outside_in,baseline,12489,144,1122,1225,28,32.516666666666666,115,group_travel
exp6_group_travel,steffen,baseline,12489,144,1047,1359,33,37.81111111111111,156,group_travel
exp6_group_travel,random,baseline,12490,145,1290,1277,83,43.65,112,group_travel
exp6_group_travel,back_to_front,baseline,12490,145,1693,1852,83,94.18333333333334,192,group_travel
exp6_group_travel,outside_in,baseline,12490,145,1211,1242,36,42.71111111111111,151,group_travel
exp6_group_travel,steffen,baseline,12490,145,984,1392,41,34.272222222222226,163,group_travel
exp6_group_travel,random,baseline,12491,146,1466,1205,91,41.13333333333333,134,group_travel
exp6_group_travel,back_to_front,baseline,12491,146,1729,1794,84,96.68333333333334,275,group_travel
exp6_group_travel,outside_in,baseline,12491,146,1203,1153,41,32.955555555555556,100,group_travel
exp6_group_travel,steffen,baseline,12491,146,1071,1399,23,39.455555555555556,141,group_travel
exp6_group_travel,random,baseline,12492,147,1372,1305,93,43.62777777777778,137,group_travel
exp6_group_travel,back_to_front,baseline,12492,147,1656,1840,105,95.10555555555555,239,group_travel
exp6_group_travel,outside_in,baseline,12492,147,1236,1257,37,41.361111111111114,144,group_travel
exp6_group_travel,steffen,baseline,12492,147,1060,1466,32,45.78333333333333,197,group_travel
exp6_group_travel,random,baseline,12493,148,1323,1283,86,47.15,165,group_travel
exp6_group_travel,back_to_front,baseline,12493,148,1739,1803,96,96.70555555555555,225,group_travel
exp6_group_travel,outside_in,baseline,12493,148,1158,1305,40,44.05555555555556,148,group_travel
exp6_group_travel,steffen,baseline,12493,148,970,1503,25,34.138888888888886,130,group_travel
exp6_group_travel,random,baseline,12494,149,1331,1147,100,39.74444444444445,124,group_travel
exp6_group_travel,back_to_front,baseline,12494,149,1757,1980,91,104.56666666666666,311,group_travel
exp6_group_travel,outside_in,baseline,12494,149,1168,1254,33,36.266666666666666,102,group_travel
exp6_group_travel,steffen,baseline,12494,149,1086,1471,29,36.22222222222222,113,group_travel
exp6_group_travel,random,baseline,12495,150,1297,1379,102,46.63333333333333,152,group_travel
exp6_group_travel,back_to_front,baseline,12495,150,1705,1857,88,99.0,288,group_travel
exp6_group_travel,outside_in,baseline,12495,150,1238,1251,29,46.522222222222226,170,group_travel
exp6_group_travel,steffen,baseline,12495,150,1124,1382,29,45.62222222222222,193,group_travel
exp6_group_travel,random,baseline,12496,151,1434,1253,95,46.855555555555554,141,group_travel
exp6_group_travel,back_to_front,baseline,12496,151,1690,1917,91,98.82777777777778,266,group_travel
exp6_group_travel,outside_in,baseline,12496,151,1109,1294,30,41.15,120,group_travel
exp6_group_travel,steffen,baseline,12496,151,1007,1490,31,40.016666666666666,138,group_travel
exp6_group_travel,random,baseline,12497,152,1348,1287,81,42.172222222222224,107,group_travel
exp6_group_travel,back_to_front,baseline,12497,152,1745,1845,89,90.6,196,group_travel
exp6_group_travel,outside_in,baseline,12497,152,1221,1156,26,31.405555555555555,98,group_travel
exp6_group_travel,steffen,baseline,12497,152,1052,1530,30,34.71111111111111,118,group_travel
exp6_group_travel,random,baseline,12498,153,1383,1230,91,49.61666666666667,148,group_travel
exp6_group_travel,back_to_front,baseline,12498,153,1634,1876,81,97.42777777777778,277,group_travel
exp6_group_travel,outside_in,baseline,12498,153,1198,1318,30,44.855555555555554,155,group_travel
exp6_group_travel,steffen,baseline,12498,153,1046,1626,34,48.69444444444444,185,group_travel
exp6_group_travel,random,baseline,12499,154,1440,1430,90,49.3,169,group_travel
exp6_group_travel,back_to_front,baseline,12499,154,1876,1940,84,113.60555555555555,296,group_travel
exp6_group_travel,outside_in,baseline,12499,154,1331,1362,50,46.977777777777774,153,group_travel
exp6_group_travel,steffen,baseline,12499,154,991,1495,27,35.9,125,group_travel
exp6_group_travel,random,baseline,12500,155,1266,1226,94,40.333333333333336,132,group_travel
exp6_group_travel,back_to_front,baseline,12500,155,1690,1769,81,87.8,245,group_travel
exp6_group_travel,outside_in,baseline,12500,155,1185,1242,33,39.09444444444444,173,group_travel
exp6_group_travel,steffen,baseline,12500,155,1101,1390,35,52.47222222222222,235,group_travel
exp6_group_travel,random,baseline,12501,156,1303,1035,82,37.96666666666667,130,group_travel
exp6_group_travel,back_to_front,baseline,12501,156,1873,1844,81,119.96666666666667,326,group_travel
exp6_group_travel,outside_in,baseline,12501,156,1316,1236,41,45.21666666666667,167,group_travel
exp6_group_travel,steffen,baseline,12501,156,1003,1476,37,39.4,130,group_travel
exp6_group_travel,random,baseline,12502,157,1305,1160,99,44.93333333333333,133,group_travel
exp6_group_travel,back_to_front,baseline,12502,157,1710,1925,90,99.14444444444445,240,group_travel
exp6_group_travel,outside_in,baseline,12502,157,1222,1273,28,40.18333333333333,148,group_travel
exp6_group_travel,steffen,baseline,12502,157,1025,1318,32,32.33888888888889,112,group_travel
exp6_group_travel,random,baseline,12503,158,1331,1189,96,38.27777777777778,124,group_travel
exp6_group_travel,back_to_front,baseline,12503,158,1837,1888,81,98.75,237,group_travel
exp6_group_travel,outside_in,baseline,12503,158,1240,1169,31,33.96111111111111,129,group_travel
exp6_group_travel,steffen,baseline,12503,158,1134,1613,38,47.71666666666667,184,group_travel
exp6_group_travel,random,baseline,12504,159,1297,1274,78,49.17777777777778,171,group_travel
exp6_group_travel,back_to_front,baseline,12504,159,1854,1862,116,111.41666666666667,297,group_travel
exp6_group_travel,outside_in,baseline,12504,159,1282,1206,27,38.794444444444444,187,group_travel
exp6_group_travel,steffen,baseline,12504,159,1104,1373,37,38.5,155,group_travel
exp6_group_travel,random,baseline,12505,160,1387,1219,90,41.88333333333333,168,group_travel
exp6_group_travel,back_to_front,baseline,12505,160,1709,1885,102,98.08888888888889,223,group_travel
exp6_group_travel,outside_in,baseline,12505,160,1223,1200,30,32.03888888888889,109,group_travel
exp6_group_travel,steffen,baseline,12505,160,971,1369,32,32.227777777777774,171,group_travel
exp6_group_travel,random,baseline,12506,161,1376,1233,92,39.25555555555555,125,group_travel
exp6_group_travel,back_to_front,baseline,12506,161,1735,1879,94,103.7,296,group_travel
exp6_group_travel,outside_in,baseline,12506,161,1082,1398,33,38.05,160,group_travel
exp6_group_travel,steffen,baseline,12506,161,1192,1609,38,55.25555555555555,199,group_travel
exp6_group_travel,random,baseline,12507,162,1381,1310,93,44.02777777777778,159,group_travel
exp6_group_travel,back_to_front,baseline,12507,162,1702,1928,93,92.95555555555555,205,group_travel
exp6_group_travel,outside_in,baseline,12507,162,1344,1179,35,37.90555555555556,141,group_travel
exp6_group_travel,steffen,baseline,12507,162,955,1448,27,30.666666666666668,98,group_travel
exp6_group_travel,random,baseline,12508,163,1258,1309,80,37.4,143,group_travel
exp6_group_travel,back_to_front,baseline,12508,163,1734,1975,83,103.98333333333333,259,group_travel
exp6_group_travel,outside_in,baseline,12508,163,1155,1199,33,32.977777777777774,104,group_travel
exp6_group_travel,steffen,baseline,12508,163,1041,1630,40,43.8,140,group_travel
exp6_group_travel,random,baseline,12509,164,1346,1275,81,45.91111111111111,168,group_travel
exp6_group_travel,back_to_front,baseline,12509,164,1733,1843,97,100.58888888888889,277,group_travel
exp6_group_travel,outside_in,baseline,12509,164,1113,1328,29,41.31111111111111,107,group_travel
exp6_group_travel,steffen,baseline,12509,164,1007,1401,32,40.13333333333333,146,group_travel
exp6_group_travel,random,baseline,12510,165,1336,1386,91,45.40555555555556,146,group_travel
exp6_group_travel,back_to_front,baseline,12510,165,1915,1945,87,109.69444444444444,277,group_travel
exp6_group_travel,outside_in,baseline,12510,165,1216,1224,39,41.03333333333333,187,group_travel
exp6_group_travel,steffen,baseline,12510,165,1050,1604,24,42.022222222222226,162,group_travel
exp6_group_travel,random,baseline,12511,166,1398,1236,90,42.18888888888889,137,group_travel
exp6_group_travel,back_to_front,baseline,12511,166,1662,1850,85,93.47777777777777,237,group_travel
exp6_group_travel,outside_in,baseline,12511,166,1253,1271,26,42.12222222222222,105,group_travel
exp6_group_travel,steffen,baseline,12511,166,1057,1508,35,44.91111111111111,129,group_travel
exp6_group_travel,random,baseline,12512,167,1336,1198,99,43.977777777777774,204,group_travel
exp6_group_travel,back_to_front,baseline,12512,167,1699,1869,86,91.77222222222223,218,group_travel
exp6_group_travel,outside_in,baseline,12512,167,1236,1100,39,33.3,119,group_travel
exp6_group_travel,steffen,baseline,12512,167,990,1335,26,38.41111111111111,138,group_travel
exp6_group_travel,random,baseline,12513,168,1309,1150,87,38.37222222222222,149,group_travel
exp6_group_travel,back_to_front,baseline,12513,168,1642,1810,83,94.41111111111111,231,group_travel
exp6_group_travel,outside_in,baseline,12513,168,1253,1215,41,42.32222222222222,131,group_travel
exp6_group_travel,steffen,baseline,12513,168,1051,1491,29,42.666666666666664,132,group_travel
exp6_group_travel,random,baseline,12514,169,1421,1275,84,50.65,174,group_travel
exp6_group_travel,back_to_front,baseline,12514,169,1739,1783,90,96.82777777777778,266,group_travel
exp6_group_travel,outside_in,baseline,12514,169,1231,1109,34,37.34444444444444,150,group_travel
exp6_group_travel,steffen,baseline,12514,169,1041,1488,20,38.62777777777778,133,group_travel
exp6_group_travel,random,baseline,12515,170,1247,1195,100,42.166666666666664,119,group_travel
exp6_group_travel,back_to_front,baseline,12515,170,1648,1915,78,99.10555555555555,277,group_travel
exp6_group_travel,outside_in,baseline,12515,170,1176,1322,33,32.65,105,group_travel
exp6_group_travel,steffen,baseline,12515,170,972,1563,34,37.7,122,group_travel
exp6_group_travel,random,baseline,12516,171,1198,1175,86,34.477777777777774,133,group_travel
exp6_group_travel,back_to_front,baseline,12516,171,1640,1706,85,96.71666666666667,240,group_travel
exp6_group_travel,outside_in,baseline,12516,171,1104,1071,30,25.572222222222223,104,group_travel
exp6_group_travel,steffen,baseline,12516,171,983,1288,36,34.12777777777778,137,group_travel
exp6_group_travel,random,baseline,12517,172,1332,1123,100,37.92777777777778,131,group_travel
exp6_group_travel,back_to_front,baseline,12517,172,1739,1834,81,97.78888888888889,242,group_travel
exp6_group_travel,outside_in,baseline,12517,172,1223,1164,32,33.6,148,group_travel
exp6_group_travel,steffen,baseline,12517,172,937,1202,30,30.572222222222223,131,group_travel
exp6_group_travel,random,baseline,12518,173,1439,1272,85,50.22222222222222,161,group_travel
exp6_group_travel,back_to_front,baseline,12518,173,1710,1890,72,99.25,268,group_travel
exp6_group_travel,outside_in,baseline,12518,173,1254,1415,31,42.96111111111111,111,group_travel
exp6_group_travel,steffen,baseline,12518,173,1071,1458,29,41.01111111111111,153,group_travel
exp6_group_travel,random,baseline,12519,174,1331,1255,93,39.31666666666667,133,group_travel
exp6_group_travel,back_to_front,baseline,12519,174,1797,1984,100,111.58333333333333,280,group_travel
exp6_group_travel,outside_in,baseline,12519,174,1207,1300,36,42.77777777777778,168,group_travel
exp6_group_travel,steffen,baseline,12519,174,1007,1565,38,37.41111111111111,114,group_travel
exp6_group_travel,random,baseline,12520,175,1251,1136,81,35.53333333333333,152,group_travel
exp6_group_travel,back_to_front,baseline,12520,175,1788,1767,90,103.28888888888889,346,group_travel
exp6_group_travel,outside_in,baseline,12520,175,1209,1249,28,37.78888888888889,119,group_travel
exp6_group_travel,steffen,baseline,12520,175,956,1406,32,30.955555555555556,94,group_travel
exp6_group_travel,random,baseline,12521,176,1459,1306,88,46.22222222222222,138,group_travel
exp6_group_travel,back_to_front,baseline,12521,176,1909,1802,103,109.51666666666667,293,group_travel
exp6_group_travel,outside_in,baseline,12521,176,1431,1119,34,32.772222222222226,108,group_travel
exp6_group_travel,steffen,baseline,12521,176,1085,1188,45,34.705555555555556,126,group_travel
exp6_group_travel,random,baseline,12522,177,1302,1320,85,41.172222222222224,117,group_travel
exp6_group_travel,back_to_front,baseline,12522,177,1623,1887,79,89.53333333333333,225,group_travel
exp6_group_travel,outside_in,baseline,12522,177,1200,1162,30,33.33888888888889,97,group_travel
exp6_group_travel,steffen,baseline,12522,177,1049,1510,32,36.69444444444444,109,group_travel
exp6_group_travel,random,baseline,12523,178,1378,1107,94,41.044444444444444,127,group_travel
exp6_group_travel,back_to_front,baseline,12523,178,1676,1822,95,100.86111111111111,250,group_travel
exp6_group_travel,outside_in,baseline,12523,178,1169,1128,26,33.455555555555556,108,group_travel
exp6_group_travel,steffen,baseline,12523,178,873,1276,29,27.666666666666668,92,group_travel
exp6_group_travel,random,baseline,12524,179,1402,1135,85,47.86666666666667,168,group_travel
exp6_group_travel,back_to_front,baseline,12524,179,1875,1796,84,106.74444444444444,283,group_travel
exp6_group_travel,outside_in,baseline,12524,179,1184,1283,25,39.26111111111111,141,group_travel
exp6_group_travel,steffen,baseline,12524,179,1078,1563,32,45.02777777777778,136,group_travel
exp6_group_travel,random,baseline,12525,180,1383,1251,93,45.361111111111114,146,group_travel
exp6_group_travel,back_to_front,baseline,12525,180,1644,1902,78,95.13333333333334,247,group_travel
exp6_group_travel,outside_in,baseline,12525,180,1138,1165,36,37.71666666666667,136,group_travel
exp6_group_travel,steffen,baseline,12525,180,1072,1514,36,41.15,153,group_travel
exp6_group_travel,random,baseline,12526,181,1286,1084,95,34.577777777777776,104,group_travel
exp6_group_travel,back_to_front,baseline,12526,181,1713,1928,86,93.65,284,group_travel
exp6_group_travel,outside_in,baseline,12526,181,1185,1177,31,35.388888888888886,149,group_travel
exp6_group_travel,steffen,baseline,12526,181,1000,1578,22,37.05,113,group_travel
exp6_group_travel,random,baseline,12527,182,1260,1183,108,35.266666666666666,127,group_travel
exp6_group_travel,back_to_front,baseline,12527,182,1790,1741,94,104.72222222222223,238,group_travel
exp6_group_travel,outside_in,baseline,12527,182,1151,1150,28,37.25555555555555,156,group_travel
exp6_group_travel,steffen,baseline,12527,182,940,1414,35,34.62222222222222,127,group_travel
exp6_group_travel,random,baseline,12528,183,1381,1208,90,44.483333333333334,150,group_travel
exp6_group_travel,back_to_front,baseline,12528,183,1743,1869,94,104.55555555555556,335,group_travel
exp6_group_travel,outside_in,baseline,12528,183,1141,1288,29,38.71666666666667,113,group_travel
exp6_group_travel,steffen,baseline,12528,183,965,1457,34,37.388888888888886,149,group_travel
exp6_group_travel,random,baseline,12529,184,1313,1190,90,35.05,118,group_travel
exp6_group_travel,back_to_front,baseline,12529,184,1752,1738,102,97.33888888888889,247,group_travel
exp6_group_travel,outside_in,baseline,12529,184,1272,1296,30,44.06666666666667,214,group_travel
exp6_group_travel,steffen,baseline,12529,184,1145,1453,40,40.03333333333333,183,group_travel
exp6_group_travel,random,baseline,12530,185,1331,1249,97,39.022222222222226,122,group_travel
exp6_group_travel,back_to_front,baseline,12530,185,1669,1841,79,90.91111111111111,222,group_travel
exp6_group_travel,outside_in,baseline,12530,185,1100,1210,36,33.022222222222226,115,group_travel
exp6_group_travel,steffen,baseline,12530,185,1056,1520,33,39.12222222222222,134,group_travel
exp6_group_travel,random,baseline,12531,186,1319,1273,85,38.083333333333336,129,group_travel
exp6_group_travel,back_to_front,baseline,12531,186,1724,1840,83,95.25,277,group_travel
exp6_group_travel,outside_in,baseline,12531,186,1340,1252,29,43.855555555555554,190,group_travel
exp6_group_travel,steffen,baseline,12531,186,1119,1578,42,41.24444444444445,128,group_travel
exp6_group_travel,random,baseline,12532,187,1376,1299,99,44.855555555555554,175,group_travel
exp6_group_travel,back_to_front,baseline,12532,187,1710,1809,79,95.30555555555556,248,group_travel
exp6_group_travel,outside_in,baseline,12532,187,1114,1254,27,33.855555555555554,119,group_travel
exp6_group_travel,steffen,baseline,12532,187,1036,1451,36,38.69444444444444,148,group_travel
exp6_group_travel,random,baseline,12533,188,1351,1196,85,43.205555555555556,152,group_travel
exp6_group_travel,back_to_front,baseline,12533,188,1837,1916,98,103.12777777777778,257,group_travel
exp6_group_travel,outside_in,baseline,12533,188,1289,1161,36,37.57222222222222,146,group_travel
exp6_group_travel,steffen,baseline,12533,188,1251,1557,29,53.03888888888889,223,group_travel
exp6_group_travel,random,baseline,12534,189,1447,1413,90,47.17777777777778,152,group_travel
exp6_group_travel,back_to_front,baseline,12534,189,1767,1784,86,98.56666666666666,239,group_travel
exp6_group_travel,outside_in,baseline,12534,189,1191,1136,33,36.138888888888886,158,group_travel
exp6_group_travel,steffen,baseline,12534,189,1087,1570,32,43.78888888888889,152,group_travel
exp6_group_travel,random,baseline,12535,190,1296,1255,89,37.96111111111111,125,group_travel
exp6_group_travel,back_to_front,baseline,12535,190,1670,1824,97,93.13333333333334,264,group_travel
exp6_group_travel,outside_in,baseline,12535,190,1121,1108,31,34.11666666666667,185,group_travel
exp6_group_travel,steffen,baseline,12535,190,935,1349,25,32.28333333333333,117,group_travel
exp6_group_travel,random,baseline,12536,191,1407,1231,90,44.21666666666667,168,group_travel
exp6_group_travel,back_to_front,baseline,12536,191,1924,1801,96,107.70555555555555,279,group_travel
exp6_group_travel,outside_in,baseline,12536,191,1172,1173,26,30.016666666666666,101,group_travel
exp6_group_travel,steffen,baseline,12536,191,1088,1378,32,43.06111111111111,138,group_travel
exp6_group_travel,random,baseline,12537,192,1259,1232,100,41.31111111111111,130,group_travel
exp6_group_travel,back_to_front,baseline,12537,192,1648,1840,92,90.77222222222223,252,group_travel
exp6_group_travel,outside_in,baseline,12537,192,1172,1360,34,46.27777777777778,188,group_travel
exp6_group_travel,steffen,baseline,12537,192,934,1389,26,27.205555555555556,91,group_travel
exp6_group_travel,random,baseline,12538,193,1362,1250,88,44.99444444444445,146,group_travel
exp6_group_travel,back_to_front,baseline,12538,193,1561,1782,85,82.03333333333333,187,group_travel
exp6_group_travel,outside_in,baseline,12538,193,1339,1369,41,46.18888888888889,122,group_travel
exp6_group_travel,steffen,baseline,12538,193,1020,1530,51,39.71111111111111,188,group_travel
exp6_group_travel,random,baseline,12539,194,1394,1266,92,50.53333333333333,146,group_travel
exp6_group_travel,back_to_front,baseline,12539,194,1775,1902,94,97.17222222222222,209,group_travel
exp6_group_travel,outside_in,baseline,12539,194,1308,1228,33,37.80555555555556,131,group_travel
exp6_group_travel,steffen,baseline,12539,194,1025,1570,36,35.37222222222222,121,group_travel
exp6_group_travel,random,baseline,12540,195,1355,1326,84,53.583333333333336,159,group_travel
exp6_group_travel,back_to_front,baseline,12540,195,1790,1931,83,109.62777777777778,250,group_travel
exp6_group_travel,outside_in,baseline,12540,195,1336,1461,37,49.82222222222222,127,group_travel
exp6_group_travel,steffen,baseline,12540,195,1057,1650,26,48.9,138,group_travel
exp6_group_travel,random,baseline,12541,196,1413,1170,94,45.09444444444444,124,group_travel
exp6_group_travel,back_to_front,baseline,12541,196,1648,1783,92,85.58333333333333,193,group_travel
exp6_group_travel,outside_in,baseline,12541,196,1183,1244,33,40.63333333333333,125,group_travel
exp6_group_travel,steffen,baseline,12541,196,929,1506,25,32.38333333333333,143,group_travel
exp6_group_travel,random,baseline,12542,197,1403,1422,98,56.15,208,group_travel
exp6_group_travel,back_to_front,baseline,12542,197,1757,1893,88,107.03888888888889,260,group_travel
exp6_group_travel,outside_in,baseline,12542,197,1288,1329,38,49.15,194,group_travel
exp6_group_travel,steffen,baseline,12542,197,1101,1689,34,44.016666666666666,183,group_travel
exp6_group_travel,random,baseline,12543,198,1392,1213,84,42.644444444444446,142,group_travel
exp6_group_travel,back_to_front,baseline,12543,198,1740,1997,93,101.54444444444445,284,group_travel
exp6_group_travel,outside_in,baseline,12543,198,1197,1213,27,38.02777777777778,128,group_travel
exp6_group_travel,steffen,baseline,12543,198,1067,1672,38,45.66111111111111,168,group_travel
exp6_group_travel,random,baseline,12544,199,1411,1228,96,48.205555555555556,176,group_travel
exp6_group_travel,back_to_front,baseline,12544,199,1781,1848,83,108.03333333333333,260,group_travel
exp6_group_travel,outside_in,baseline,12544,199,1232,1155,42,40.93888888888889,126,group_travel
exp6_group_travel,steffen,baseline,12544,199,1025,1461,36,42.2,130,group_travel
exp6_non_compliance,random,baseline,12345,0,1193,921,86,29.016666666666666,88,non_compliance
exp6_non_compliance,back_to_front,baseline,12345,0,1440,1427,98,61.03888888888889,205,non_compliance
exp6_non_compliance,outside_in,baseline,12345,0,1076,1091,56,26.366666666666667,105,non_compliance
exp6_non_compliance,steffen,baseline,12345,0,995,1242,47,20.61111111111111,107,non_compliance
exp6_non_compliance,random,baseline,12346,1,1192,1030,91,30.6,117,non_compliance
exp6_non_compliance,back_to_front,baseline,12346,1,1535,1639,85,72.75555555555556,190,non_compliance
exp6_non_compliance,outside_in,baseline,12346,1,1140,1119,40,33.138888888888886,151,non_compliance
exp6_non_compliance,steffen,baseline,12346,1,866,1259,45,18.038888888888888,90,non_compliance
exp6_non_compliance,random,baseline,12347,2,1351,896,89,30.344444444444445,88,non_compliance
exp6_non_compliance,back_to_front,baseline,12347,2,1556,1459,88,59.72222222222222,150,non_compliance
exp6_non_compliance,outside_in,baseline,12347,2,1262,1065,50,29.822222222222223,101,non_compliance
exp6_non_compliance,steffen,baseline,12347,2,1070,1128,64,20.855555555555554,86,non_compliance
exp6_non_compliance,random,baseline,12348,3,1231,1003,101,34.00555555555555,127,non_compliance
exp6_non_compliance,back_to_front,baseline,12348,3,1493,1561,101,64.34444444444445,171,non_compliance
exp6_non_compliance,outside_in,baseline,12348,3,1081,986,35,27.738888888888887,103,non_compliance
exp6_non_compliance,steffen,baseline,12348,3,1003,1089,49,17.033333333333335,63,non_compliance
exp6_non_compliance,random,baseline,12349,4,1385,947,89,33.611111111111114,121,non_compliance
exp6_non_compliance,back_to_front,baseline,12349,4,1510,1568,94,63.22222222222222,204,non_compliance
exp6_non_compliance,outside_in,baseline,12349,4,1234,1028,33,29.944444444444443,100,non_compliance
exp6_non_compliance,steffen,baseline,12349,4,1022,1147,53,19.705555555555556,93,non_compliance
exp6_non_compliance,random,baseline,12350,5,1232,1002,79,29.555555555555557,91,non_compliance
exp6_non_compliance,back_to_front,baseline,12350,5,1759,1574,94,75.78333333333333,191,non_compliance
exp6_non_compliance,outside_in,baseline,12350,5,1244,1156,52,31.944444444444443,89,non_compliance
exp6_non_compliance,steffen,baseline,12350,5,1007,1253,46,21.38888888888889,94,non_compliance
exp6_non_compliance,random,baseline,12351,6,1176,915,87,27.116666666666667,101,non_compliance
exp6_non_compliance,back_to_front,baseline,12351,6,1423,1472,87,57.266666666666666,173,non_compliance
exp6_non_compliance,outside_in,baseline,12351,6,1220,1032,58,32.56111111111111,94,non_compliance
exp6_non_compliance,steffen,baseline,12351,6,974,1231,49,20.455555555555556,93,non_compliance
exp6_non_compliance,random,baseline,12352,7,1271,1055,91,31.872222222222224,113,non_compliance
exp6_non_compliance,back_to_front,baseline,12352,7,1483,1523,84,60.38333333333333,176,non_compliance
exp6_non_compliance,outside_in,baseline,12352,7,1222,1015,45,29.07777777777778,98,non_compliance
exp6_non_compliance,steffen,baseline,12352,7,955,1200,47,22.08888888888889,112,non_compliance
exp6_non_compliance,random,baseline,12353,8,1210,1079,85,34.577777777777776,120,non_compliance
exp6_non_compliance,back_to_front,baseline,12353,8,1416,1516,93,55.888888888888886,153,non_compliance
exp6_non_compliance,outside_in,baseline,12353,8,1099,1099,46,32.083333333333336,143,non_compliance
exp6_non_compliance,steffen,baseline,12353,8,998,1332,54,22.683333333333334,108,non_compliance
exp6_non_compliance,random,baseline,12354,9,1227,1055,88,34.022222222222226,110,non_compliance
exp6_non_compliance,back_to_front,baseline,12354,9,1471,1482,92,67.5111111111111,168,non_compliance
exp6_non_compliance,outside_in,baseline,12354,9,1108,1055,49,32.46111111111111,99,non_compliance
exp6_non_compliance,steffen,baseline,12354,9,945,1114,43,19.644444444444446,92,non_compliance
exp6_non_compliance,random,baseline,12355,10,1292,1080,89,36.08888888888889,114,non_compliance
exp6_non_compliance,back_to_front,baseline,12355,10,1484,1586,77,62.46666666666667,161,non_compliance
exp6_non_compliance,outside_in,baseline,12355,10,1145,1039,40,25.65,73,non_compliance
exp6_non_compliance,steffen,baseline,12355,10,999,1102,52,17.233333333333334,95,non_compliance
exp6_non_compliance,random,baseline,12356,11,1246,1075,84,33.794444444444444,99,non_compliance
exp6_non_compliance,back_to_front,baseline,12356,11,1464,1457,91,59.766666666666666,177,non_compliance
exp6_non_compliance,outside_in,baseline,12356,11,1153,1124,48,26.966666666666665,76,non_compliance
exp6_non_compliance,steffen,baseline,12356,11,989,1245,39,19.894444444444446,107,non_compliance
exp6_non_compliance,random,baseline,12357,12,1254,991,70,29.677777777777777,102,non_compliance
exp6_non_compliance,back_to_front,baseline,12357,12,1526,1587,78,67.28333333333333,203,non_compliance
exp6_non_compliance,outside_in,baseline,12357,12,1136,985,42,27.483333333333334,134,non_compliance
exp6_non_compliance,steffen,baseline,12357,12,984,1072,39,19.988888888888887,95,non_compliance
exp6_non_compliance,random,baseline,12358,13,1156,1128,91,30.272222222222222,103,non_compliance
exp6_non_compliance,back_to_front,baseline,12358,13,1491,1549,90,60.16111111111111,153,non_compliance
exp6_non_compliance,outside_in,baseline,12358,13,1158,1147,33,30.27777777777778,131,non_compliance
exp6_non_compliance,steffen,baseline,12358,13,941,1244,43,20.13888888888889,108,non_compliance
exp6_non_compliance,random,baseline,12359,14,1146,1036,85,26.58888888888889,145,non_compliance
exp6_non_compliance,back_to_front,baseline,12359,14,1492,1557,90,64.37222222222222,196,non_compliance
exp6_non_compliance,outside_in,baseline,12359,14,1124,1067,49,26.305555555555557,86,non_compliance
exp6_non_compliance,steffen,baseline,12359,14,1065,1303,53,24.18888888888889,104,non_compliance
exp6_non_compliance,random,baseline,12360,15,1248,1052,87,36.083333333333336,152,non_compliance
exp6_non_compliance,back_to_front,baseline,12360,15,1336,1369,91,57.62777777777778,184,non_compliance
exp6_non_compliance,outside_in,baseline,12360,15,1061,1063,30,28.105555555555554,110,non_compliance
exp6_non_compliance,steffen,baseline,12360,15,871,1249,52,18.733333333333334,76,non_compliance
exp6_non_compliance,random,baseline,12361,16,1283,1160,90,42.68333333333333,125,non_compliance
exp6_non_compliance,back_to_front,baseline,12361,16,1460,1439,95,60.71111111111111,196,non_compliance
exp6_non_compliance,outside_in,baseline,12361,16,1133,1137,33,29.494444444444444,112,non_compliance
exp6_non_compliance,steffen,baseline,12361,16,1010,1212,42,19.33888888888889,113,non_compliance
exp6_non_compliance,random,baseline,12362,17,1239,1140,97,33.93333333333333,100,non_compliance
exp6_non_compliance,back_to_front,baseline,12362,17,1381,1550,85,60.68333333333333,186,non_compliance
exp6_non_compliance,outside_in,baseline,12362,17,1193,1081,54,30.63888888888889,116,non_compliance
exp6_non_compliance,steffen,baseline,12362,17,917,1291,48,18.88888888888889,90,non_compliance
exp6_non_compliance,random,baseline,12363,18,1273,1068,95,33.34444444444444,133,non_compliance
exp6_non_compliance,back_to_front,baseline,12363,18,1445,1365,92,58.97222222222222,171,non_compliance
exp6_non_compliance,outside_in,baseline,12363,18,1070,844,45,22.272222222222222,84,non_compliance
exp6_non_compliance,steffen,baseline,12363,18,1014,992,52,17.616666666666667,107,non_compliance
exp6_non_compliance,random,baseline,12364,19,1179,1104,88,31.072222222222223,107,non_compliance
exp6_non_compliance,back_to_front,baseline,12364,19,1542,1456,83,68.93888888888888,221,non_compliance
exp6_non_compliance,outside_in,baseline,12364,19,1115,1069,46,24.927777777777777,91,non_compliance
exp6_non_compliance,steffen,baseline,12364,19,992,1005,56,13.733333333333333,92,non_compliance
exp6_non_compliance,random,baseline,12365,20,1228,1065,102,36.69444444444444,115,non_compliance
exp6_non_compliance,back_to_front,baseline,12365,20,1445,1526,95,54.44444444444444,141,non_compliance
exp6_non_compliance,outside_in,baseline,12365,20,1169,1150,35,35.58888888888889,130,non_compliance
exp6_non_compliance,steffen,baseline,12365,20,928,1221,38,22.45,137,non_compliance
exp6_non_compliance,random,baseline,12366,21,1182,1112,83,37.544444444444444,120,non_compliance
exp6_non_compliance,back_to_front,baseline,12366,21,1463,1456,92,65.62222222222222,186,non_compliance
exp6_non_compliance,outside_in,baseline,12366,21,1143,1086,57,32.327777777777776,84,non_compliance
exp6_non_compliance,steffen,baseline,12366,21,937,1061,50,18.977777777777778,114,non_compliance
exp6_non_compliance,random,baseline,12367,22,1333,1114,84,34.09444444444444,108,non_compliance
exp6_non_compliance,back_to_front,baseline,12367,22,1455,1643,89,60.78888888888889,199,non_compliance
exp6_non_compliance,outside_in,baseline,12367,22,1212,1038,49,30.055555555555557,114,non_compliance
exp6_non_compliance,steffen,baseline,12367,22,993,1307,47,21.772222222222222,124,non_compliance
exp6_non_compliance,random,baseline,12368,23,1311,1157,91,38.88333333333333,118,non_compliance
exp6_non_compliance,back_to_front,baseline,12368,23,1460,1511,79,65.90555555555555,162,non_compliance
exp6_non_compliance,outside_in,baseline,12368,23,1127,1052,51,27.177777777777777,109,non_compliance
exp6_non_compliance,steffen,baseline,12368,23,920,1281,44,20.383333333333333,119,non_compliance
exp6_non_compliance,random,baseline,12369,24,1223,1164,103,33.43333333333333,104,non_compliance
exp6_non_compliance,back_to_front,baseline,12369,24,1466,1650,95,71.05555555555556,248,non_compliance
exp6_non_compliance,outside_in,baseline,12369,24,1178,950,56,25.533333333333335,86,non_compliance
exp6_non_compliance,steffen,baseline,12369,24,969,1130,52,20.594444444444445,103,non_compliance
exp6_non_compliance,random,baseline,12370,25,1321,987,99,32.86666666666667,104,non_compliance
exp6_non_compliance,back_to_front,baseline,12370,25,1475,1482,98,53.74444444444445,166,non_compliance
exp6_non_compliance,outside_in,baseline,12370,25,1179,918,34,25.655555555555555,105,non_compliance
exp6_non_compliance,steffen,baseline,12370,25,1127,1073,51,23.92222222222222,100,non_compliance
exp6_non_compliance,random,baseline,12371,26,1211,1134,91,32.1,94,non_compliance
exp6_non_compliance,back_to_front,baseline,12371,26,1413,1479,81,59.27777777777778,199,non_compliance
exp6_non_compliance,outside_in,baseline,12371,26,1161,976,47,25.33888888888889,115,non_compliance
exp6_non_compliance,steffen,baseline,12371,26,988,1251,33,16.77777777777778,72,non_compliance
exp6_non_compliance,random,baseline,12372,27,1293,1078,86,36.766666666666666,125,non_compliance
exp6_non_compliance,back_to_front,baseline,12372,27,1562,1466,87,69.45,237,non_compliance
exp6_non_compliance,outside_in,baseline,12372,27,1170,1146,42,34.77777777777778,120,non_compliance
exp6_non_compliance,steffen,baseline,12372,27,1009,1240,50,19.66111111111111,93,non_compliance
exp6_non_compliance,random,baseline,12373,28,1280,1008,87,32.77777777777778,93,non_compliance
exp6_non_compliance,back_to_front,baseline,12373,28,1551,1420,87,58.922222222222224,150,non_compliance
exp6_non_compliance,outside_in,baseline,12373,28,1230,1132,58,30.194444444444443,105,non_compliance
exp6_non_compliance,steffen,baseline,12373,28,928,1233,31,16.555555555555557,69,non_compliance
exp6_non_compliance,random,baseline,12374,29,1220,1103,85,35.05,110,non_compliance
exp6_non_compliance,back_to_front,baseline,12374,29,1546,1577,89,67.57777777777778,186,non_compliance
exp6_non_compliance,outside_in,baseline,12374,29,1135,858,41,22.85,77,non_compliance
exp6_non_compliance,steffen,baseline,12374,29,1026,1115,50,16.872222222222224,68,non_compliance
exp6_non_compliance,random,baseline,12375,30,1247,1111,101,30.988888888888887,94,non_compliance
exp6_non_compliance,back_to_front,baseline,12375,30,1464,1371,94,56.0,167,non_compliance
exp6_non_compliance,outside_in,baseline,12375,30,1242,1151,42,32.18333333333333,119,non_compliance
exp6_non_compliance,steffen,baseline,12375,30,972,1256,47,18.644444444444446,93,non_compliance
exp6_non_compliance,random,baseline,12376,31,1279,1041,101,36.983333333333334,127,non_compliance
exp6_non_compliance,back_to_front,baseline,12376,31,1507,1452,87,65.12222222222222,166,non_compliance
exp6_non_compliance,outside_in,baseline,12376,31,1253,1186,55,39.333333333333336,201,non_compliance
exp6_non_compliance,steffen,baseline,12376,31,999,1130,44,16.81111111111111,82,non_compliance
exp6_non_compliance,random,baseline,12377,32,1249,1070,82,33.28333333333333,126,non_compliance
exp6_non_compliance,back_to_front,baseline,12377,32,1657,1579,97,74.66111111111111,242,non_compliance
exp6_non_compliance,outside_in,baseline,12377,32,1186,993,40,28.583333333333332,99,non_compliance
exp6_non_compliance,steffen,baseline,12377,32,967,1265,43,20.3,97,non_compliance
exp6_non_compliance,random,baseline,12378,33,1203,1048,93,33.26111111111111,114,non_compliance
exp6_non_compliance,back_to_front,baseline,12378,33,1406,1486,93,61.022222222222226,168,non_compliance
exp6_non_compliance,outside_in,baseline,12378,33,1040,1155,38,31.86111111111111,103,non_compliance
exp6_non_compliance,steffen,baseline,12378,33,967,1182,50,22.67222222222222,101,non_compliance
exp6_non_compliance,random,baseline,12379,34,1243,1169,83,36.52777777777778,128,non_compliance
exp6_non_compliance,back_to_front,baseline,12379,34,1554,1568,91,72.11666666666666,210,non_compliance
exp6_non_compliance,outside_in,baseline,12379,34,1152,1094,47,27.522222222222222,101,non_compliance
exp6_non_compliance,steffen,baseline,12379,34,1015,1208,52,22.905555555555555,120,non_compliance
exp6_non_compliance,random,baseline,12380,35,1246,911,87,29.77777777777778,110,non_compliance
exp6_non_compliance,back_to_front,baseline,12380,35,1407,1579,93,60.71111111111111,155,non_compliance
exp6_non_compliance,outside_in,baseline,12380,35,1113,1049,37,26.566666666666666,79,non_compliance
exp6_non_compliance,steffen,baseline,12380,35,971,1148,45,16.372222222222224,76,non_compliance
exp6_non_compliance,random,baseline,12381,36,1185,1060,67,32.6,90,non_compliance
exp6_non_compliance,back_to_front,baseline,12381,36,1467,1438,92,59.8,169,non_compliance
exp6_non_compliance,outside_in,baseline,12381,36,1149,1123,36,28.822222222222223,90,non_compliance
exp6_non_compliance,steffen,baseline,12381,36,1016,1294,56,24.13888888888889,140,non_compliance
exp6_non_compliance,random,baseline,12382,37,1322,1043,104,35.76111111111111,119,non_compliance
exp6_non_compliance,back_to_front,baseline,12382,37,1530,1307,95,66.7388888888889,239,non_compliance
exp6_non_compliance,outside_in,baseline,12382,37,1164,1014,63,27.755555555555556,108,non_compliance
exp6_non_compliance,steffen,baseline,12382,37,950,1050,63,18.716666666666665,91,non_compliance
exp6_non_compliance,random,baseline,12383,38,1156,1095,88,31.494444444444444,101,non_compliance
exp6_non_compliance,back_to_front,baseline,12383,38,1538,1517,87,63.99444444444445,149,non_compliance
exp6_non_compliance,outside_in,baseline,12383,38,1097,1098,45,27.77777777777778,103,non_compliance
exp6_non_compliance,steffen,baseline,12383,38,968,1175,51,19.788888888888888,82,non_compliance
exp6_non_compliance,random,baseline,12384,39,1184,973,99,25.427777777777777,104,non_compliance
exp6_non_compliance,back_to_front,baseline,12384,39,1522,1465,87,62.894444444444446,188,non_compliance
exp6_non_compliance,outside_in,baseline,12384,39,1263,955,57,30.544444444444444,98,non_compliance
exp6_non_compliance,steffen,baseline,12384,39,931,1149,36,18.372222222222224,87,non_compliance
exp6_non_compliance,random,baseline,12385,40,1267,1072,92,32.84444444444444,103,non_compliance
exp6_non_compliance,back_to_front,baseline,12385,40,1498,1518,96,63.94444444444444,198,non_compliance
exp6_non_compliance,outside_in,baseline,12385,40,1126,1063,41,28.955555555555556,105,non_compliance
exp6_non_compliance,steffen,baseline,12385,40,924,1350,47,19.994444444444444,93,non_compliance
exp6_non_compliance,random,baseline,12386,41,1223,1050,103,31.05,95,non_compliance
exp6_non_compliance,back_to_front,baseline,12386,41,1454,1593,81,63.388888888888886,208,non_compliance
exp6_non_compliance,outside_in,baseline,12386,41,1101,1047,40,24.266666666666666,96,non_compliance
exp6_non_compliance,steffen,baseline,12386,41,904,1313,41,20.17222222222222,87,non_compliance
exp6_non_compliance,random,baseline,12387,42,1182,1061,82,32.111111111111114,93,non_compliance
exp6_non_compliance,back_to_front,baseline,12387,42,1480,1262,84,63.71666666666667,180,non_compliance
exp6_non_compliance,outside_in,baseline,12387,42,1128,962,44,26.144444444444446,103,non_compliance
exp6_non_compliance,steffen,baseline,12387,42,945,1063,50,17.85,89,non_compliance
exp6_non_compliance,random,baseline,12388,43,1280,1039,95,32.52777777777778,109,non_compliance
exp6_non_compliance,back_to_front,baseline,12388,43,1525,1509,95,56.455555555555556,158,non_compliance
exp6_non_compliance,outside_in,baseline,12388,43,1139,1001,48,25.144444444444446,81,non_compliance
exp6_non_compliance,steffen,baseline,12388,43,1019,1339,49,21.52777777777778,84,non_compliance
exp6_non_compliance,random,baseline,12389,44,1285,1054,92,31.83888888888889,98,non_compliance
exp6_non_compliance,back_to_front,baseline,12389,44,1421,1436,80,56.78888888888889,152,non_compliance
exp6_non_compliance,outside_in,baseline,12389,44,1167,1023,50,25.977777777777778,93,non_compliance
exp6_non_compliance,steffen,baseline,12389,44,972,1069,51,17.31111111111111,98,non_compliance
exp6_non_compliance,random,baseline,12390,45,1258,1051,86,30.97222222222222,93,non_compliance
exp6_non_compliance,back_to_front,baseline,12390,45,1365,1466,88,52.65,119,non_compliance
exp6_non_compliance,outside_in,baseline,12390,45,1179,899,39,23.716666666666665,94,non_compliance
exp6_non_compliance,steffen,baseline,12390,45,994,1114,49,17.95,74,non_compliance
exp6_non_compliance,random,baseline,12391,46,1371,989,105,34.144444444444446,124,non_compliance
exp6_non_compliance,back_to_front,baseline,12391,46,1555,1404,90,61.022222222222226,159,non_compliance
exp6_non_compliance,outside_in,baseline,12391,46,1198,1046,47,28.427777777777777,99,non_compliance
exp6_non_compliance,steffen,baseline,12391,46,1068,1216,43,25.42222222222222,138,non_compliance
exp6_non_compliance,random,baseline,12392,47,1252,1115,93,35.544444444444444,121,non_compliance
exp6_non_compliance,back_to_front,baseline,12392,47,1504,1512,83,64.17222222222222,181,non_compliance
exp6_non_compliance,outside_in,baseline,12392,47,1197,1043,39,30.18888888888889,116,non_compliance
exp6_non_compliance,steffen,baseline,12392,47,953,1044,47,16.533333333333335,86,non_compliance
exp6_non_compliance,random,baseline,12393,48,1220,1061,89,30.16111111111111,115,non_compliance
exp6_non_compliance,back_to_front,baseline,12393,48,1648,1486,89,66.97777777777777,167,non_compliance
exp6_non_compliance,outside_in,baseline,12393,48,1179,837,34,24.1,96,non_compliance
exp6_non_compliance,steffen,baseline,12393,48,1005,1167,41,21.244444444444444,132,non_compliance
exp6_non_compliance,random,baseline,12394,49,1306,1009,84,32.44444444444444,93,non_compliance
exp6_non_compliance,back_to_front,baseline,12394,49,1494,1507,88,61.77777777777778,176,non_compliance
exp6_non_compliance,outside_in,baseline,12394,49,1163,957,48,27.988888888888887,86,non_compliance
exp6_non_compliance,steffen,baseline,12394,49,945,1100,51,18.322222222222223,109,non_compliance
exp6_non_compliance,random,baseline,12395,50,1112,1117,84,30.95,133,non_compliance
exp6_non_compliance,back_to_front,baseline,12395,50,1367,1463,94,62.84444444444444,198,non_compliance
exp6_non_compliance,outside_in,baseline,12395,50,995,1149,31,25.433333333333334,90,non_compliance
exp6_non_compliance,steffen,baseline,12395,50,914,1152,53,19.383333333333333,119,non_compliance
exp6_non_compliance,random,baseline,12396,51,1304,1033,88,34.33888888888889,114,non_compliance
exp6_non_compliance,back_to_front,baseline,12396,51,1470,1571,91,58.05555555555556,155,non_compliance
exp6_non_compliance,outside_in,baseline,12396,51,1159,991,35,25.97222222222222,96,non_compliance
exp6_non_compliance,steffen,baseline,12396,51,967,1095,33,17.6,85,non_compliance
exp6_non_compliance,random,baseline,12397,52,1197,1034,85,28.433333333333334,87,non_compliance
exp6_non_compliance,back_to_front,baseline,12397,52,1354,1518,96,58.794444444444444,216,non_compliance
exp6_non_compliance,outside_in,baseline,12397,52,1188,1082,44,26.944444444444443,102,non_compliance
exp6_non_compliance,steffen,baseline,12397,52,1022,1136,54,15.9,97,non_compliance
exp6_non_compliance,random,baseline,12398,53,1259,1039,89,29.022222222222222,93,non_compliance
exp6_non_compliance,back_to_front,baseline,12398,53,1443,1498,91,59.82222222222222,239,non_compliance
exp6_non_compliance,outside_in,baseline,12398,53,1041,1083,35,24.366666666666667,83,non_compliance
exp6_non_compliance,steffen,baseline,12398,53,982,1105,42,14.283333333333333,59,non_compliance
exp6_non_compliance,random,baseline,12399,54,1307,948,103,34.05,108,non_compliance
exp6_non_compliance,back_to_front,baseline,12399,54,1516,1442,95,69.06111111111112,165,non_compliance
exp6_non_compliance,outside_in,baseline,12399,54,1157,1121,52,33.3,112,non_compliance
exp6_non_compliance,steffen,baseline,12399,54,986,1071,59,18.105555555555554,88,non_compliance
exp6_non_compliance,random,baseline,12400,55,1238,1072,89,31.744444444444444,86,non_compliance
exp6_non_compliance,back_to_front,baseline,12400,55,1406,1494,90,63.16111111111111,222,non_compliance
exp6_non_compliance,outside_in,baseline,12400,55,1127,1166,43,29.566666666666666,87,non_compliance
exp6_non_compliance,steffen,baseline,12400,55,922,1256,34,18.511111111111113,69,non_compliance
exp6_non_compliance,random,baseline,12401,56,1230,1141,83,34.43333333333333,101,non_compliance
exp6_non_compliance,back_to_front,baseline,12401,56,1321,1441,85,50.94444444444444,143,non_compliance
exp6_non_compliance,outside_in,baseline,12401,56,1118,1084,38,29.666666666666668,105,non_compliance
exp6_non_compliance,steffen,baseline,12401,56,974,1153,51,21.95,92,non_compliance
exp6_non_compliance,random,baseline,12402,57,1231,989,98,32.327777777777776,98,non_compliance
exp6_non_compliance,back_to_front,baseline,12402,57,1398,1621,83,59.65,185,non_compliance
exp6_non_compliance,outside_in,baseline,12402,57,1113,1059,44,27.766666666666666,91,non_compliance
exp6_non_compliance,steffen,baseline,12402,57,1051,1082,46,20.45,124,non_compliance
exp6_non_compliance,random,baseline,12403,58,1344,1064,91,34.166666666666664,107,non_compliance
exp6_non_compliance,back_to_front,baseline,12403,58,1463,1555,96,60.77777777777778,175,non_compliance
exp6_non_compliance,outside_in,baseline,12403,58,1138,907,45,24.955555555555556,104,non_compliance
exp6_non_compliance,steffen,baseline,12403,58,1048,944,58,18.866666666666667,96,non_compliance
exp6_non_compliance,random,baseline,12404,59,1315,1014,85,30.6,100,non_compliance
exp6_non_compliance,back_to_front,baseline,12404,59,1447,1587,81,58.00555555555555,171,non_compliance
exp6_non_compliance,outside_in,baseline,12404,59,1212,1020,50,29.783333333333335,106,non_compliance
exp6_non_compliance,steffen,baseline,12404,59,962,1096,40,17.42222222222222,82,non_compliance
exp6_non_compliance,random,baseline,12405,60,1315,1097,103,41.516666666666666,121,non_compliance
exp6_non_compliance,back_to_front,baseline,12405,60,1511,1347,91,58.59444444444444,164,non_compliance
exp6_non_compliance,outside_in,baseline,12405,60,1174,1094,55,33.105555555555554,97,non_compliance
exp6_non_compliance,steffen,baseline,12405,60,995,1209,47,20.72222222222222,113,non_compliance
exp6_non_compliance,random,baseline,12406,61,1148,1128,86,29.455555555555556,102,non_compliance
exp6_non_compliance,back_to_front,baseline,12406,61,1572,1611,80,77.36111111111111,227,non_compliance
exp6_non_compliance,outside_in,baseline,12406,61,1012,1076,31,25.738888888888887,86,non_compliance
exp6_non_compliance,steffen,baseline,12406,61,891,1165,51,15.716666666666667,67,non_compliance
exp6_non_compliance,random,baseline,12407,62,1213,1081,96,30.3,116,non_compliance
exp6_non_compliance,back_to_front,baseline,12407,62,1409,1594,95,58.03888888888889,166,non_compliance
exp6_non_compliance,outside_in,baseline,12407,62,1124,1146,42,27.8,119,non_compliance
exp6_non_compliance,steffen,baseline,12407,62,991,1231,48,17.9,93,non_compliance
exp6_non_compliance,random,baseline,12408,63,1266,929,102,32.93333333333333,108,non_compliance
exp6_non_compliance,back_to_front,baseline,12408,63,1471,1611,90,58.31666666666667,147,non_compliance
exp6_non_compliance,outside_in,baseline,12408,63,1201,1171,45,33.12777777777778,147,non_compliance
exp6_non_compliance,steffen,baseline,12408,63,1035,1208,50,20.966666666666665,110,non_compliance
exp6_non_compliance,random,baseline,12409,64,1314,1100,86,35.51111111111111,102,non_compliance
exp6_non_compliance,back_to_front,baseline,12409,64,1442,1517,88,67.15555555555555,217,non_compliance
exp6_non_compliance,outside_in,baseline,12409,64,1155,1087,52,31.677777777777777,121,non_compliance
exp6_non_compliance,steffen,baseline,12409,64,903,1139,33,16.57777777777778,86,non_compliance
exp6_non_compliance,random,baseline,12410,65,1224,1133,89,33.31111111111111,108,non_compliance
exp6_non_compliance,back_to_front,baseline,12410,65,1400,1516,87,57.266666666666666,175,non_compliance
exp6_non_compliance,outside_in,baseline,12410,65,1171,1101,42,32.083333333333336,130,non_compliance
exp6_non_compliance,steffen,baseline,12410,65,953,1262,47,18.488888888888887,85,non_compliance
exp6_non_compliance,random,baseline,12411,66,1274,1011,92,33.111111111111114,143,non_compliance
exp6_non_compliance,back_to_front,baseline,12411,66,1624,1443,90,72.65,232,non_compliance
exp6_non_compliance,outside_in,baseline,12411,66,1173,979,51,26.616666666666667,79,non_compliance
exp6_non_compliance,steffen,baseline,12411,66,998,994,52,19.094444444444445,86,non_compliance
exp6_non_compliance,random,baseline,12412,67,1262,1111,85,36.37777777777778,128,non_compliance
exp6_non_compliance,back_to_front,baseline,12412,67,1630,1621,92,67.10555555555555,150,non_compliance
exp6_non_compliance,outside_in,baseline,12412,67,1204,1077,42,31.894444444444446,125,non_compliance
exp6_non_compliance,steffen,baseline,12412,67,934,1225,44,17.2,90,non_compliance
exp6_non_compliance,random,baseline,12413,68,1326,1088,93,36.86666666666667,116,non_compliance
exp6_non_compliance,back_to_front,baseline,12413,68,1520,1568,78,73.36111111111111,190,non_compliance
exp6_non_compliance,outside_in,baseline,12413,68,1040,1016,46,27.383333333333333,108,non_compliance
exp6_non_compliance,steffen,baseline,12413,68,895,1113,49,17.372222222222224,88,non_compliance
exp6_non_compliance,random,baseline,12414,69,1334,1197,89,40.672222222222224,140,non_compliance
exp6_non_compliance,back_to_front,baseline,12414,69,1529,1551,82,67.08888888888889,213,non_compliance
exp6_non_compliance,outside_in,baseline,12414,69,1179,1178,50,34.50555555555555,132,non_compliance
exp6_non_compliance,steffen,baseline,12414,69,1015,1226,38,19.866666666666667,125,non_compliance
exp6_non_compliance,random,baseline,12415,70,1238,957,88,29.483333333333334,88,non_compliance
exp6_non_compliance,back_to_front,baseline,12415,70,1463,1658,89,64.5,168,non_compliance
exp6_non_compliance,outside_in,baseline,12415,70,1247,1079,42,33.205555555555556,99,non_compliance
exp6_non_compliance,steffen,baseline,12415,70,1001,1393,50,19.727777777777778,134,non_compliance
exp6_non_compliance,random,baseline,12416,71,1233,1157,77,34.266666666666666,115,non_compliance
exp6_non_compliance,back_to_front,baseline,12416,71,1508,1618,93,64.06666666666666,180,non_compliance
exp6_non_compliance,outside_in,baseline,12416,71,1232,1085,49,29.855555555555554,139,non_compliance
exp6_non_compliance,steffen,baseline,12416,71,1035,1419,31,22.038888888888888,132,non_compliance
exp6_non_compliance,random,baseline,12417,72,1302,1043,91,32.87222222222222,95,non_compliance
exp6_non_compliance,back_to_front,baseline,12417,72,1449,1482,93,62.28888888888889,191,non_compliance
exp6_non_compliance,outside_in,baseline,12417,72,1239,1062,55,32.67777777777778,120,non_compliance
exp6_non_compliance,steffen,baseline,12417,72,974,1104,53,17.622222222222224,66,non_compliance
exp6_non_compliance,random,baseline,12418,73,1143,1108,79,31.05,104,non_compliance
exp6_non_compliance,back_to_front,baseline,12418,73,1518,1599,70,71.8,221,non_compliance
exp6_non_compliance,outside_in,baseline,12418,73,1160,1079,42,32.855555555555554,115,non_compliance
exp6_non_compliance,steffen,baseline,12418,73,937,977,54,18.716666666666665,102,non_compliance
exp6_non_compliance,random,baseline,12419,74,1265,1089,89,37.172222222222224,110,non_compliance
exp6_non_compliance,back_to_front,baseline,12419,74,1411,1445,76,54.17777777777778,189,non_compliance
exp6_non_compliance,outside_in,baseline,12419,74,1194,1066,47,29.18888888888889,114,non_compliance
exp6_non_compliance,steffen,baseline,12419,74,914,1140,39,17.916666666666668,114,non_compliance
exp6_non_compliance,random,baseline,12420,75,1315,989,96,29.644444444444446,91,non_compliance
exp6_non_compliance,back_to_front,baseline,12420,75,1579,1559,90,70.5,206,non_compliance
exp6_non_compliance,outside_in,baseline,12420,75,1236,1013,43,30.52777777777778,98,non_compliance
exp6_non_compliance,steffen,baseline,12420,75,930,1257,42,18.516666666666666,99,non_compliance
exp6_non_compliance,random,baseline,12421,76,1331,1154,85,37.47222222222222,114,non_compliance
exp6_non_compliance,back_to_front,baseline,12421,76,1365,1501,89,55.46111111111111,152,non_compliance
exp6_non_compliance,outside_in,baseline,12421,76,1055,1113,50,29.011111111111113,118,non_compliance
exp6_non_compliance,steffen,baseline,12421,76,955,1238,46,22.066666666666666,106,non_compliance
exp6_non_compliance,random,baseline,12422,77,1278,1078,90,32.455555555555556,107,non_compliance
exp6_non_compliance,back_to_front,baseline,12422,77,1589,1585,94,68.23333333333333,197,non_compliance
exp6_non_compliance,outside_in,baseline,12422,77,1214,1165,55,31.288888888888888,92,non_compliance
exp6_non_compliance,steffen,baseline,12422,77,1028,1147,58,21.06111111111111,84,non_compliance
exp6_non_compliance,random,baseline,12423,78,1250,1182,95,38.955555555555556,113,non_compliance
exp6_non_compliance,back_to_front,baseline,12423,78,1568,1483,95,68.82222222222222,190,non_compliance
exp6_non_compliance,outside_in,baseline,12423,78,1194,1154,44,32.92777777777778,102,non_compliance
exp6_non_compliance,steffen,baseline,12423,78,1041,1185,66,23.105555555555554,95,non_compliance
exp6_non_compliance,random,baseline,12424,79,1301,1090,96,37.727777777777774,151,non_compliance
exp6_non_compliance,back_to_front,baseline,12424,79,1491,1469,86,62.23888888888889,159,non_compliance
exp6_non_compliance,outside_in,baseline,12424,79,1153,1029,45,28.333333333333332,84,non_compliance
exp6_non_compliance,steffen,baseline,12424,79,946,1076,40,16.705555555555556,95,non_compliance
exp6_non_compliance,random,baseline,12425,80,1269,1005,100,31.11111111111111,94,non_compliance
exp6_non_compliance,back_to_front,baseline,12425,80,1432,1535,77,64.96111111111111,195,non_compliance
exp6_non_compliance,outside_in,baseline,12425,80,1223,1059,43,30.455555555555556,103,non_compliance
exp6_non_compliance,steffen,baseline,12425,80,994,1085,62,17.716666666666665,75,non_compliance
exp6_non_compliance,random,baseline,12426,81,1247,1069,94,39.9,176,non_compliance
exp6_non_compliance,back_to_front,baseline,12426,81,1371,1475,90,54.416666666666664,143,non_compliance
exp6_non_compliance,outside_in,baseline,12426,81,1169,1042,52,28.42222222222222,106,non_compliance
exp6_non_compliance,steffen,baseline,12426,81,901,1308,46,19.044444444444444,98,non_compliance
exp6_non_compliance,random,baseline,12427,82,1248,979,83,32.611111111111114,105,non_compliance
exp6_non_compliance,back_to_front,baseline,12427,82,1460,1630,83,71.75555555555556,206,non_compliance
exp6_non_compliance,outside_in,baseline,12427,82,1177,1043,48,33.07222222222222,127,non_compliance
exp6_non_compliance,steffen,baseline,12427,82,964,1313,45,22.494444444444444,87,non_compliance
exp6_non_compliance,random,baseline,12428,83,1334,1146,94,45.24444444444445,143,non_compliance
exp6_non_compliance,back_to_front,baseline,12428,83,1585,1482,92,71.47222222222223,183,non_compliance
exp6_non_compliance,outside_in,baseline,12428,83,1148,976,33,26.41111111111111,108,non_compliance
exp6_non_compliance,steffen,baseline,12428,83,1046,1257,42,20.633333333333333,105,non_compliance
exp6_non_compliance,random,baseline,12429,84,1381,1071,95,35.172222222222224,101,non_compliance
exp6_non_compliance,back_to_front,baseline,12429,84,1639,1588,101,70.67777777777778,203,non_compliance
exp6_non_compliance,outside_in,baseline,12429,84,1222,1027,40,31.183333333333334,116,non_compliance
exp6_non_compliance,steffen,baseline,12429,84,1075,1293,42,24.055555555555557,118,non_compliance
exp6_non_compliance,random,baseline,12430,85,1269,1013,96,33.50555555555555,121,non_compliance
exp6_non_compliance,back_to_front,baseline,12430,85,1585,1382,86,68.68888888888888,198,non_compliance
exp6_non_compliance,outside_in,baseline,12430,85,1236,1009,50,33.455555555555556,127,non_compliance
exp6_non_compliance,steffen,baseline,12430,85,969,1176,54,19.444444444444443,131,non_compliance
exp6_non_compliance,random,baseline,12431,86,1353,1140,87,33.90555555555556,128,non_compliance
exp6_non_compliance,back_to_front,baseline,12431,86,1391,1436,87,53.455555555555556,165,non_compliance
exp6_non_compliance,outside_in,baseline,12431,86,1148,954,43,25.994444444444444,99,non_compliance
exp6_non_compliance,steffen,baseline,12431,86,1013,1317,42,21.033333333333335,118,non_compliance
exp6_non_compliance,random,baseline,12432,87,1221,996,89,28.43888888888889,95,non_compliance
exp6_non_compliance,back_to_front,baseline,12432,87,1385,1508,103,64.16666666666667,215,non_compliance
exp6_non_compliance,outside_in,baseline,12432,87,1152,1049,44,27.183333333333334,79,non_compliance
exp6_non_compliance,steffen,baseline,12432,87,867,1143,40,16.944444444444443,100,non_compliance
exp6_non_compliance,random,baseline,12433,88,1287,1005,90,30.016666666666666,102,non_compliance
exp6_non_compliance,back_to_front,baseline,12433,88,1432,1407,92,58.81111111111111,184,non_compliance
exp6_non_compliance,outside_in,baseline,12433,88,1092,980,50,27.644444444444446,106,non_compliance
exp6_non_compliance,steffen,baseline,12433,88,955,1290,45,23.45,125,non_compliance
exp6_non_compliance,random,baseline,12434,89,1233,1130,93,35.18333333333333,123,non_compliance
exp6_non_compliance,back_to_front,baseline,12434,89,1411,1579,89,61.87777777777778,172,non_compliance
exp6_non_compliance,outside_in,baseline,12434,89,1113,1055,37,29.905555555555555,88,non_compliance
exp6_non_compliance,steffen,baseline,12434,89,951,1211,48,20.977777777777778,95,non_compliance
exp6_non_compliance,random,baseline,12435,90,1272,1205,99,37.63333333333333,105,non_compliance
exp6_non_compliance,back_to_front,baseline,12435,90,1541,1617,80,71.65555555555555,185,non_compliance
exp6_non_compliance,outside_in,baseline,12435,90,1142,1179,37,33.02777777777778,113,non_compliance
exp6_non_compliance,steffen,baseline,12435,90,937,1097,50,22.555555555555557,135,non_compliance
exp6_non_compliance,random,baseline,12436,91,1168,1067,90,35.81111111111111,112,non_compliance
exp6_non_compliance,back_to_front,baseline,12436,91,1516,1524,92,74.72777777777777,209,non_compliance
exp6_non_compliance,outside_in,baseline,12436,91,1092,1025,36,29.244444444444444,91,non_compliance
exp6_non_compliance,steffen,baseline,12436,91,975,1055,46,20.244444444444444,162,non_compliance
exp6_non_compliance,random,baseline,12437,92,1260,1050,96,36.25,142,non_compliance
exp6_non_compliance,back_to_front,baseline,12437,92,1496,1563,83,72.12777777777778,204,non_compliance
exp6_non_compliance,outside_in,baseline,12437,92,1246,1162,41,35.68888888888889,133,non_compliance
exp6_non_compliance,steffen,baseline,12437,92,992,1109,45,18.866666666666667,86,non_compliance
exp6_non_compliance,random,baseline,12438,93,1223,1093,91,32.12222222222222,92,non_compliance
exp6_non_compliance,back_to_front,baseline,12438,93,1452,1565,83,58.05,185,non_compliance
exp6_non_compliance,outside_in,baseline,12438,93,1128,986,47,27.927777777777777,82,non_compliance
exp6_non_compliance,steffen,baseline,12438,93,1046,1236,60,25.57777777777778,132,non_compliance
exp6_non_compliance,random,baseline,12439,94,1211,1057,98,32.08888888888889,90,non_compliance
exp6_non_compliance,back_to_front,baseline,12439,94,1354,1479,82,56.3,153,non_compliance
exp6_non_compliance,outside_in,baseline,12439,94,1143,1128,42,29.044444444444444,92,non_compliance
exp6_non_compliance,steffen,baseline,12439,94,918,1222,56,20.68888888888889,120,non_compliance
exp6_non_compliance,random,baseline,12440,95,1306,997,93,38.87222222222222,136,non_compliance
exp6_non_compliance,back_to_front,baseline,12440,95,1410,1701,97,68.5,208,non_compliance
exp6_non_compliance,outside_in,baseline,12440,95,1162,1007,51,35.172222222222224,156,non_compliance
exp6_non_compliance,steffen,baseline,12440,95,928,1117,52,19.205555555555556,108,non_compliance
exp6_non_compliance,random,baseline,12441,96,1285,1140,86,36.82222222222222,106,non_compliance
exp6_non_compliance,back_to_front,baseline,12441,96,1444,1435,93,56.361111111111114,157,non_compliance
exp6_non_compliance,outside_in,baseline,12441,96,1144,1018,44,28.533333333333335,119,non_compliance
exp6_non_compliance,steffen,baseline,12441,96,1040,1185,57,19.855555555555554,98,non_compliance
exp6_non_compliance,random,baseline,12442,97,1429,1192,94,43.25,157,non_compliance
exp6_non_compliance,back_to_front,baseline,12442,97,1487,1553,85,70.45,194,non_compliance
exp6_non_compliance,outside_in,baseline,12442,97,1288,1174,47,37.666666666666664,114,non_compliance
exp6_non_compliance,steffen,baseline,12442,97,1017,1121,39,22.127777777777776,129,non_compliance
exp6_non_compliance,random,baseline,12443,98,1236,1176,85,39.96666666666667,133,non_compliance
exp6_non_compliance,back_to_front,baseline,12443,98,1450,1550,85,62.044444444444444,155,non_compliance
exp6_non_compliance,outside_in,baseline,12443,98,1200,1029,44,29.0,114,non_compliance
exp6_non_compliance,steffen,baseline,12443,98,1022,1260,52,23.522222222222222,119,non_compliance
exp6_non_compliance,random,baseline,12444,99,1085,1128,90,30.961111111111112,99,non_compliance
exp6_non_compliance,back_to_front,baseline,12444,99,1418,1538,89,56.81666666666667,164,non_compliance
exp6_non_compliance,outside_in,baseline,12444,99,1116,1025,37,28.477777777777778,92,non_compliance
exp6_non_compliance,steffen,baseline,12444,99,880,1044,46,14.261111111111111,61,non_compliance
exp6_non_compliance,random,baseline,12445,100,1150,1060,88,30.45,84,non_compliance
exp6_non_compliance,back_to_front,baseline,12445,100,1422,1383,83,58.18333333333333,195,non_compliance
exp6_non_compliance,outside_in,baseline,12445,100,1089,991,50,25.144444444444446,80,non_compliance
exp6_non_compliance,steffen,baseline,12445,100,896,1030,42,17.316666666666666,97,non_compliance
exp6_non_compliance,random,baseline,12446,101,1264,1007,95,32.08888888888889,148,non_compliance
exp6_non_compliance,back_to_front,baseline,12446,101,1495,1595,95,67.87777777777778,201,non_compliance
exp6_non_compliance,outside_in,baseline,12446,101,1138,978,47,27.155555555555555,103,non_compliance
exp6_non_compliance,steffen,baseline,12446,101,965,1246,44,21.038888888888888,137,non_compliance
exp6_non_compliance,random,baseline,12447,102,1243,1033,86,25.08888888888889,89,non_compliance
exp6_non_compliance,back_to_front,baseline,12447,102,1593,1659,85,71.47777777777777,218,non_compliance
exp6_non_compliance,outside_in,baseline,12447,102,1237,1139,42,30.06111111111111,110,non_compliance
exp6_non_compliance,steffen,baseline,12447,102,973,1270,39,17.383333333333333,70,non_compliance
exp6_non_compliance,random,baseline,12448,103,1224,983,92,30.144444444444446,108,non_compliance
exp6_non_compliance,back_to_front,baseline,12448,103,1454,1409,85,60.46666666666667,166,non_compliance
exp6_non_compliance,outside_in,baseline,12448,103,1105,1082,41,27.238888888888887,126,non_compliance
exp6_non_compliance,steffen,baseline,12448,103,956,1215,51,18.72222222222222,89,non_compliance
exp6_non_compliance,random,baseline,12449,104,1155,1111,79,29.033333333333335,88,non_compliance
exp6_non_compliance,back_to_front,baseline,12449,104,1430,1382,89,52.922222222222224,127,non_compliance
exp6_non_compliance,outside_in,baseline,12449,104,1181,973,46,26.038888888888888,91,non_compliance
exp6_non_compliance,steffen,baseline,12449,104,954,1168,43,19.355555555555554,100,non_compliance
exp6_non_compliance,random,baseline,12450,105,1211,1010,88,30.677777777777777,88,non_compliance
exp6_non_compliance,back_to_front,baseline,12450,105,1366,1493,81,58.99444444444445,176,non_compliance
exp6_non_compliance,outside_in,baseline,12450,105,1148,1079,48,28.483333333333334,74,non_compliance
exp6_non_compliance,steffen,baseline,12450,105,977,1029,40,19.783333333333335,84,non_compliance
exp6_non_compliance,random,baseline,12451,106,1255,1103,91,36.22222222222222,115,non_compliance
exp6_non_compliance,back_to_front,baseline,12451,106,1511,1467,85,58.06666666666667,152,non_compliance
exp6_non_compliance,outside_in,baseline,12451,106,1231,1110,47,30.85,139,non_compliance
exp6_non_compliance,steffen,baseline,12451,106,1056,983,39,19.88888888888889,141,non_compliance
exp6_non_compliance,random,baseline,12452,107,1187,1137,83,29.961111111111112,131,non_compliance
exp6_non_compliance,back_to_front,baseline,12452,107,1537,1551,102,65.32777777777778,200,non_compliance
exp6_non_compliance,outside_in,baseline,12452,107,1148,1024,43,27.65,100,non_compliance
exp6_non_compliance,steffen,baseline,12452,107,992,1121,45,18.68888888888889,102,non_compliance
exp6_non_compliance,random,baseline,12453,108,1204,982,91,29.627777777777776,80,non_compliance
exp6_non_compliance,back_to_front,baseline,12453,108,1501,1407,94,58.18333333333333,153,non_compliance
exp6_non_compliance,outside_in,baseline,12453,108,1112,893,50,23.36111111111111,77,non_compliance
exp6_non_compliance,steffen,baseline,12453,108,932,1106,39,19.066666666666666,132,non_compliance
exp6_non_compliance,random,baseline,12454,109,1246,1080,79,34.111111111111114,127,non_compliance
exp6_non_compliance,back_to_front,baseline,12454,109,1759,1548,96,77.86666666666666,211,non_compliance
exp6_non_compliance,outside_in,baseline,12454,109,1259,1010,44,29.233333333333334,110,non_compliance
exp6_non_compliance,steffen,baseline,12454,109,1007,1264,55,21.05,107,non_compliance
exp6_non_compliance,random,baseline,12455,110,1322,1056,98,33.51111111111111,118,non_compliance
exp6_non_compliance,back_to_front,baseline,12455,110,1566,1624,96,76.68333333333334,245,non_compliance
exp6_non_compliance,outside_in,baseline,12455,110,1133,1010,50,28.52777777777778,109,non_compliance
exp6_non_compliance,steffen,baseline,12455,110,965,1260,46,18.083333333333332,96,non_compliance
exp6_non_compliance,random,baseline,12456,111,1134,1173,79,37.25,124,non_compliance
exp6_non_compliance,back_to_front,baseline,12456,111,1470,1515,79,65.73333333333333,229,non_compliance
exp6_non_compliance,outside_in,baseline,12456,111,1171,1060,55,28.1,94,non_compliance
exp6_non_compliance,steffen,baseline,12456,111,1100,1024,45,18.033333333333335,115,non_compliance
exp6_non_compliance,random,baseline,12457,112,1235,1166,93,33.71666666666667,99,non_compliance
exp6_non_compliance,back_to_front,baseline,12457,112,1496,1495,95,63.48888888888889,193,non_compliance
exp6_non_compliance,outside_in,baseline,12457,112,1184,1046,38,31.216666666666665,99,non_compliance
exp6_non_compliance,steffen,baseline,12457,112,971,1003,44,17.372222222222224,105,non_compliance
exp6_non_compliance,random,baseline,12458,113,1260,1078,81,33.65,104,non_compliance
exp6_non_compliance,back_to_front,baseline,12458,113,1430,1640,84,57.666666666666664,141,non_compliance
exp6_non_compliance,outside_in,baseline,12458,113,1131,1095,44,27.933333333333334,90,non_compliance
exp6_non_compliance,steffen,baseline,12458,113,930,1291,36,16.58888888888889,77,non_compliance
exp6_non_compliance,random,baseline,12459,114,1320,1028,88,40.855555555555554,169,non_compliance
exp6_non_compliance,back_to_front,baseline,12459,114,1445,1526,94,70.97222222222223,171,non_compliance
exp6_non_compliance,outside_in,baseline,12459,114,1165,1015,38,27.31111111111111,96,non_compliance
exp6_non_compliance,steffen,baseline,12459,114,1007,1180,61,20.42222222222222,93,non_compliance
exp6_non_compliance,random,baseline,12460,115,1203,1186,80,33.922222222222224,120,non_compliance
exp6_non_compliance,back_to_front,baseline,12460,115,1522,1675,96,75.14444444444445,255,non_compliance
exp6_non_compliance,outside_in,baseline,12460,115,1203,1159,54,31.522222222222222,127,non_compliance
exp6_non_compliance,steffen,baseline,12460,115,883,1166,38,18.366666666666667,107,non_compliance
exp6_non_compliance,random,baseline,12461,116,1146,1098,84,25.961111111111112,95,non_compliance
exp6_non_compliance,back_to_front,baseline,12461,116,1405,1438,75,55.93888888888889,145,non_compliance
exp6_non_compliance,outside_in,baseline,12461,116,1120,1074,49,25.555555555555557,106,non_compliance
exp6_non_compliance,steffen,baseline,12461,116,960,1227,67,21.566666666666666,143,non_compliance
exp6_non_compliance,random,baseline,12462,117,1255,1117,93,31.2,105,non_compliance
exp6_non_compliance,back_to_front,baseline,12462,117,1457,1561,98,62.57222222222222,181,non_compliance
exp6_non_compliance,outside_in,baseline,12462,117,1233,1073,52,28.122222222222224,98,non_compliance
exp6_non_compliance,steffen,baseline,12462,117,965,1094,42,19.88888888888889,86,non_compliance
exp6_non_compliance,random,baseline,12463,118,1175,1127,83,38.28888888888889,112,non_compliance
exp6_non_compliance,back_to_front,baseline,12463,118,1501,1546,96,68.72777777777777,201,non_compliance
exp6_non_compliance,outside_in,baseline,12463,118,1107,1036,57,25.733333333333334,87,non_compliance
exp6_non_compliance,steffen,baseline,12463,118,895,1134,46,15.744444444444444,70,non_compliance
exp6_non_compliance,random,baseline,12464,119,1239,1053,93,32.33888888888889,111,non_compliance
exp6_non_compliance,back_to_front,baseline,12464,119,1508,1523,93,62.0,181,non_compliance
exp6_non_compliance,outside_in,baseline,12464,119,1153,1127,46,26.67222222222222,79,non_compliance
exp6_non_compliance,steffen,baseline,12464,119,1082,999,59,19.483333333333334,94,non_compliance
exp6_non_compliance,random,baseline,12465,120,1207,971,94,29.011111111111113,92,non_compliance
exp6_non_compliance,back_to_front,baseline,12465,120,1349,1280,88,51.227777777777774,154,non_compliance
exp6_non_compliance,outside_in,baseline,12465,120,1165,963,59,25.5,108,non_compliance
exp6_non_compliance,steffen,baseline,12465,120,931,1167,51,18.755555555555556,78,non_compliance
exp6_non_compliance,random,baseline,12466,121,1158,1085,88,32.16111111111111,121,non_compliance
exp6_non_compliance,back_to_front,baseline,12466,121,1415,1468,88,59.71111111111111,181,non_compliance
exp6_non_compliance,outside_in,baseline,12466,121,1122,1029,52,26.394444444444446,72,non_compliance
exp6_non_compliance,steffen,baseline,12466,121,992,1247,65,24.072222222222223,121,non_compliance
exp6_non_compliance,random,baseline,12467,122,1324,1089,97,36.172222222222224,102,non_compliance
exp6_non_compliance,back_to_front,baseline,12467,122,1404,1696,78,63.705555555555556,170,non_compliance
exp6_non_compliance,outside_in,baseline,12467,122,1145,1037,41,27.33888888888889,116,non_compliance
exp6_non_compliance,steffen,baseline,12467,122,1017,1167,47,18.711111111111112,107,non_compliance
exp6_non_compliance,random,baseline,12468,123,1249,985,89,30.927777777777777,120,non_compliance
exp6_non_compliance,back_to_front,baseline,12468,123,1466,1437,99,58.7,166,non_compliance
exp6_non_compliance,outside_in,baseline,12468,123,1135,1052,44,26.47222222222222,113,non_compliance
exp6_non_compliance,steffen,baseline,12468,123,1005,1059,60,18.211111111111112,76,non_compliance
exp6_non_compliance,random,baseline,12469,124,1319,1149,90,37.172222222222224,105,non_compliance
exp6_non_compliance,back_to_front,baseline,12469,124,1491,1512,85,61.78888888888889,173,non_compliance
exp6_non_compliance,outside_in,baseline,12469,124,1250,1078,56,33.56666666666667,169,non_compliance
exp6_non_compliance,steffen,baseline,12469,124,1035,1123,50,18.13888888888889,83,non_compliance
exp6_non_compliance,random,baseline,12470,125,1100,990,77,29.372222222222224,108,non_compliance
exp6_non_compliance,back_to_front,baseline,12470,125,1522,1483,78,66.09444444444445,181,non_compliance
exp6_non_compliance,outside_in,baseline,12470,125,1113,955,44,23.305555555555557,108,non_compliance
exp6_non_compliance,steffen,baseline,12470,125,889,1011,54,15.96111111111111,73,non_compliance
exp6_non_compliance,random,baseline,12471,126,1411,995,94,37.01111111111111,118,non_compliance
exp6_non_compliance,back_to_front,baseline,12471,126,1453,1437,89,61.40555555555556,195,non_compliance
exp6_non_compliance,outside_in,baseline,12471,126,1155,954,33,27.22222222222222,84,non_compliance
exp6_non_compliance,steffen,baseline,12471,126,1040,1218,49,19.72222222222222,82,non_compliance
exp6_non_compliance,random,baseline,12472,127,1351,1140,82,33.61666666666667,139,non_compliance
exp6_non_compliance,back_to_front,baseline,12472,127,1507,1499,105,65.58888888888889,208,non_compliance
exp6_non_compliance,outside_in,baseline,12472,127,1154,1155,34,29.483333333333334,124,non_compliance
exp6_non_compliance,steffen,baseline,12472,127,935,1153,33,16.016666666666666,75,non_compliance
exp6_non_compliance,random,baseline,12473,128,1315,1076,88,39.44444444444444,125,non_compliance
exp6_non_compliance,back_to_front,baseline,12473,128,1584,1493,93,67.53333333333333,206,non_compliance
exp6_non_compliance,outside_in,baseline,12473,128,1205,1054,51,30.805555555555557,109,non_compliance
exp6_non_compliance,steffen,baseline,12473,128,1005,1287,49,17.633333333333333,77,non_compliance
exp6_non_compliance,random,baseline,12474,129,1226,1022,100,38.06111111111111,144,non_compliance
exp6_non_compliance,back_to_front,baseline,12474,129,1469,1530,106,63.0,198,non_compliance
exp6_non_compliance,outside_in,baseline,12474,129,1156,1096,49,36.91111111111111,175,non_compliance
exp6_non_compliance,steffen,baseline,12474,129,914,1284,38,19.194444444444443,97,non_compliance
exp6_non_compliance,random,baseline,12475,130,1188,1112,91,35.93888888888889,129,non_compliance
exp6_non_compliance,back_to_front,baseline,12475,130,1415,1534,87,57.55,182,non_compliance
exp6_non_compliance,outside_in,baseline,12475,130,1218,1068,58,34.90555555555556,108,non_compliance
exp6_non_compliance,steffen,baseline,12475,130,872,1174,37,18.877777777777776,80,non_compliance
exp6_non_compliance,random,baseline,12476,131,1278,1152,99,38.388888888888886,136,non_compliance
exp6_non_compliance,back_to_front,baseline,12476,131,1515,1400,105,63.227777777777774,190,non_compliance
exp6_non_compliance,outside_in,baseline,12476,131,1238,1062,44,33.97222222222222,91,non_compliance
exp6_non_compliance,steffen,baseline,12476,131,881,1031,44,16.9,109,non_compliance
exp6_non_compliance,random,baseline,12477,132,1184,1004,89,32.577777777777776,135,non_compliance
exp6_non_compliance,back_to_front,baseline,12477,132,1467,1570,90,63.355555555555554,198,non_compliance
exp6_non_compliance,outside_in,baseline,12477,132,1180,1086,40,34.26111111111111,95,non_compliance
exp6_non_compliance,steffen,baseline,12477,132,927,1196,50,20.555555555555557,97,non_compliance
exp6_non_compliance,random,baseline,12478,133,1166,1029,81,30.91111111111111,113,non_compliance
exp6_non_compliance,back_to_front,baseline,12478,133,1410,1479,92,63.477777777777774,187,non_compliance
exp6_non_compliance,outside_in,baseline,12478,133,1079,951,37,27.43888888888889,107,non_compliance
exp6_non_compliance,steffen,baseline,12478,133,915,1111,38,15.905555555555555,74,non_compliance
exp6_non_compliance,random,baseline,12479,134,1343,1001,92,30.82777777777778,101,non_compliance
exp6_non_compliance,back_to_front,baseline,12479,134,1495,1697,95,64.58888888888889,205,non_compliance
exp6_non_compliance,outside_in,baseline,12479,134,1145,1069,54,27.572222222222223,117,non_compliance
exp6_non_compliance,steffen,baseline,12479,134,976,1287,54,21.238888888888887,115,non_compliance
exp6_non_compliance,random,baseline,12480,135,1245,1146,95,33.69444444444444,98,non_compliance
exp6_non_compliance,back_to_front,baseline,12480,135,1428,1474,88,60.90555555555556,191,non_compliance
exp6_non_compliance,outside_in,baseline,12480,135,1119,1085,53,26.75,96,non_compliance
exp6_non_compliance,steffen,baseline,12480,135,934,1207,37,17.605555555555554,81,non_compliance
exp6_non_compliance,random,baseline,12481,136,1352,1056,86,37.95,120,non_compliance
exp6_non_compliance,back_to_front,baseline,12481,136,1562,1507,96,66.14444444444445,184,non_compliance
exp6_non_compliance,outside_in,baseline,12481,136,1238,1059,46,30.944444444444443,113,non_compliance
exp6_non_compliance,steffen,baseline,12481,136,999,1066,51,17.366666666666667,91,non_compliance
exp6_non_compliance,random,baseline,12482,137,1193,946,94,27.344444444444445,123,non_compliance
exp6_non_compliance,back_to_front,baseline,12482,137,1498,1599,99,68.82777777777778,230,non_compliance
exp6_non_compliance,outside_in,baseline,12482,137,1169,977,29,24.877777777777776,95,non_compliance
exp6_non_compliance,steffen,baseline,12482,137,1015,1279,45,20.055555555555557,99,non_compliance
exp6_non_compliance,random,baseline,12483,138,1250,1126,101,36.58888888888889,125,non_compliance
exp6_non_compliance,back_to_front,baseline,12483,138,1444,1541,80,58.077777777777776,194,non_compliance
exp6_non_compliance,outside_in,baseline,12483,138,1131,941,40,25.333333333333332,87,non_compliance
exp6_non_compliance,steffen,baseline,12483,138,916,1044,44,18.094444444444445,103,non_compliance
exp6_non_compliance,random,baseline,12484,139,1250,959,106,30.06111111111111,85,non_compliance
exp6_non_compliance,back_to_front,baseline,12484,139,1480,1396,98,60.077777777777776,156,non_compliance
exp6_non_compliance,outside_in,baseline,12484,139,1179,1061,57,29.427777777777777,109,non_compliance
exp6_non_compliance,steffen,baseline,12484,139,1028,1057,39,19.27777777777778,104,non_compliance
exp6_non_compliance,random,baseline,12485,140,1206,1062,79,33.7,128,non_compliance
exp6_non_compliance,back_to_front,baseline,12485,140,1456,1488,94,70.81111111111112,210,non_compliance
exp6_non_compliance,outside_in,baseline,12485,140,1162,930,42,29.43888888888889,95,non_compliance
exp6_non_compliance,steffen,baseline,12485,140,937,1147,55,20.055555555555557,92,non_compliance
exp6_non_compliance,random,baseline,12486,141,1266,1093,81,30.944444444444443,97,non_compliance
exp6_non_compliance,back_to_front,baseline,12486,141,1536,1480,82,64.7,185,non_compliance
exp6_non_compliance,outside_in,baseline,12486,141,1161,1117,40,28.994444444444444,83,non_compliance
exp6_non_compliance,steffen,baseline,12486,141,910,1148,32,16.894444444444446,111,non_compliance
exp6_non_compliance,random,baseline,12487,142,1171,977,83,29.127777777777776,87,non_compliance
exp6_non_compliance,back_to_front,baseline,12487,142,1523,1612,95,61.08888888888889,166,non_compliance
exp6_non_compliance,outside_in,baseline,12487,142,1143,1093,47,24.461111111111112,79,non_compliance
exp6_non_compliance,steffen,baseline,12487,142,941,1250,46,20.022222222222222,98,non_compliance
exp6_non_compliance,random,baseline,12488,143,1226,1094,88,35.81111111111111,115,non_compliance
exp6_non_compliance,back_to_front,baseline,12488,143,1506,1698,99,74.31111111111112,209,non_compliance
exp6_non_compliance,outside_in,baseline,12488,143,1159,1076,54,31.266666666666666,142,non_compliance
exp6_non_compliance,steffen,baseline,12488,143,1038,1203,48,22.261111111111113,118,non_compliance
exp6_non_compliance,random,baseline,12489,144,1174,1120,78,31.994444444444444,105,non_compliance
exp6_non_compliance,back_to_front,baseline,12489,144,1513,1599,80,70.38333333333334,231,non_compliance
exp6_non_compliance,outside_in,baseline,12489,144,1099,1034,43,28.927777777777777,119,non_compliance
exp6_non_compliance,steffen,baseline,12489,144,926,1154,41,19.25,111,non_compliance
exp6_non_compliance,random,baseline,12490,145,1208,1060,75,31.22222222222222,109,non_compliance
exp6_non_compliance,back_to_front,baseline,12490,145,1458,1594,96,66.42222222222222,159,non_compliance
exp6_non_compliance,outside_in,baseline,12490,145,1128,1038,48,29.405555555555555,88,non_compliance
exp6_non_compliance,steffen,baseline,12490,145,865,1175,30,17.16111111111111,103,non_compliance
exp6_non_compliance,random,baseline,12491,146,1392,1074,94,35.7,97,non_compliance
exp6_non_compliance,back_to_front,baseline,12491,146,1515,1492,97,60.361111111111114,162,non_compliance
exp6_non_compliance,outside_in,baseline,12491,146,1190,1038,49,30.038888888888888,141,non_compliance
exp6_non_compliance,steffen,baseline,12491,146,964,1248,44,20.95,87,non_compliance
exp6_non_compliance,random,baseline,12492,147,1183,1254,90,38.388888888888886,148,non_compliance
exp6_non_compliance,back_to_front,baseline,12492,147,1452,1533,90,70.63333333333334,203,non_compliance
exp6_non_compliance,outside_in,baseline,12492,147,1187,1046,46,30.92222222222222,117,non_compliance
exp6_non_compliance,steffen,baseline,12492,147,948,1268,32,19.05,91,non_compliance
exp6_non_compliance,random,baseline,12493,148,1252,1138,91,36.96111111111111,110,non_compliance
exp6_non_compliance,back_to_front,baseline,12493,148,1499,1451,83,61.43888888888889,156,non_compliance
exp6_non_compliance,outside_in,baseline,12493,148,1166,1134,51,33.672222222222224,106,non_compliance
exp6_non_compliance,steffen,baseline,12493,148,943,1153,34,18.92222222222222,91,non_compliance
exp6_non_compliance,random,baseline,12494,149,1158,1114,90,32.98888888888889,107,non_compliance
exp6_non_compliance,back_to_front,baseline,12494,149,1396,1557,73,57.68888888888889,143,non_compliance
exp6_non_compliance,outside_in,baseline,12494,149,1131,1119,48,28.955555555555556,94,non_compliance
exp6_non_compliance,steffen,baseline,12494,149,951,1058,65,17.761111111111113,80,non_compliance
exp6_non_compliance,random,baseline,12495,150,1209,1147,99,33.111111111111114,105,non_compliance
exp6_non_compliance,back_to_front,baseline,12495,150,1511,1533,88,63.227777777777774,160,non_compliance
exp6_non_compliance,outside_in,baseline,12495,150,1238,1118,53,33.58888888888889,105,non_compliance
exp6_non_compliance,steffen,baseline,12495,150,959,1189,49,19.594444444444445,92,non_compliance
exp6_non_compliance,random,baseline,12496,151,1267,1157,91,36.22222222222222,120,non_compliance
exp6_non_compliance,back_to_front,baseline,12496,151,1351,1431,83,59.644444444444446,177,non_compliance
exp6_non_compliance,outside_in,baseline,12496,151,1126,1158,62,30.58888888888889,97,non_compliance
exp6_non_compliance,steffen,baseline,12496,151,924,1319,50,20.355555555555554,119,non_compliance
exp6_non_compliance,random,baseline,12497,152,1153,1073,81,28.833333333333332,91,non_compliance
exp6_non_compliance,back_to_front,baseline,12497,152,1431,1506,94,54.77777777777778,140,non_compliance
exp6_non_compliance,outside_in,baseline,12497,152,1182,966,50,26.433333333333334,85,non_compliance
exp6_non_compliance,steffen,baseline,12497,152,904,1214,38,17.06111111111111,64,non_compliance
exp6_non_compliance,random,baseline,12498,153,1200,1107,96,32.34444444444444,109,non_compliance
exp6_non_compliance,back_to_front,baseline,12498,153,1346,1506,84,60.6,187,non_compliance
exp6_non_compliance,outside_in,baseline,12498,153,1097,1113,48,28.522222222222222,100,non_compliance
exp6_non_compliance,steffen,baseline,12498,153,928,1153,45,19.06111111111111,110,non_compliance
exp6_non_compliance,random,baseline,12499,154,1278,1022,98,34.15555555555556,111,non_compliance
exp6_non_compliance,back_to_front,baseline,12499,154,1542,1619,91,69.7,246,non_compliance
exp6_non_compliance,outside_in,baseline,12499,154,1191,1221,46,38.87777777777778,173,non_compliance
exp6_non_compliance,steffen,baseline,12499,154,930,1097,37,18.583333333333332,84,non_compliance
exp6_non_compliance,random,baseline,12500,155,1290,1155,99,33.81666666666667,108,non_compliance
exp6_non_compliance,back_to_front,baseline,12500,155,1426,1525,82,63.47222222222222,200,non_compliance
exp6_non_compliance,outside_in,baseline,12500,155,1192,1054,53,30.761111111111113,127,non_compliance
exp6_non_compliance,steffen,baseline,12500,155,916,1066,45,18.4,99,non_compliance
exp6_non_compliance,random,baseline,12501,156,1185,931,92,28.177777777777777,108,non_compliance
exp6_non_compliance,back_to_front,baseline,12501,156,1450,1470,90,65.24444444444444,181,non_compliance
exp6_non_compliance,outside_in,baseline,12501,156,1161,1115,56,37.02777777777778,116,non_compliance
exp6_non_compliance,steffen,baseline,12501,156,899,1180,43,19.855555555555554,86,non_compliance
exp6_non_compliance,random,baseline,12502,157,1210,1074,90,33.4,123,non_compliance
exp6_non_compliance,back_to_front,baseline,12502,157,1495,1512,93,70.03888888888889,225,non_compliance
exp6_non_compliance,outside_in,baseline,12502,157,1178,972,53,26.08888888888889,103,non_compliance
exp6_non_compliance,steffen,baseline,12502,157,937,1040,39,17.63888888888889,88,non_compliance
exp6_non_compliance,random,baseline,12503,158,1300,1047,91,32.56666666666667,126,non_compliance
exp6_non_compliance,back_to_front,baseline,12503,158,1547,1692,85,68.42777777777778,210,non_compliance
exp6_non_compliance,outside_in,baseline,12503,158,1173,1144,43,32.516666666666666,114,non_compliance
exp6_non_compliance,steffen,baseline,12503,158,977,1154,45,16.583333333333332,75,non_compliance
exp6_non_compliance,random,baseline,12504,159,1261,1026,82,30.433333333333334,134,non_compliance
exp6_non_compliance,back_to_front,baseline,12504,159,1510,1482,109,68.05555555555556,227,non_compliance
exp6_non_compliance,outside_in,baseline,12504,159,1226,1109,53,29.1,100,non_compliance
exp6_non_compliance,steffen,baseline,12504,159,1031,1101,58,22.761111111111113,130,non_compliance
exp6_non_compliance,random,baseline,12505,160,1237,1170,97,34.40555555555556,108,non_compliance
exp6_non_compliance,back_to_front,baseline,12505,160,1479,1569,95,67.93333333333334,183,non_compliance
exp6_non_compliance,outside_in,baseline,12505,160,1157,1082,40,27.55,85,non_compliance
exp6_non_compliance,steffen,baseline,12505,160,952,1120,48,20.205555555555556,77,non_compliance
exp6_non_compliance,random,baseline,12506,161,1209,1156,94,32.38333333333333,97,non_compliance
exp6_non_compliance,back_to_front,baseline,12506,161,1571,1497,83,68.6,193,non_compliance
exp6_non_compliance,outside_in,baseline,12506,161,1101,1104,50,29.705555555555556,128,non_compliance
exp6_non_compliance,steffen,baseline,12506,161,940,1188,50,18.627777777777776,69,non_compliance
exp6_non_compliance,random,baseline,12507,162,1179,1071,94,30.555555555555557,89,non_compliance
exp6_non_compliance,back_to_front,baseline,12507,162,1595,1710,90,70.58888888888889,193,non_compliance
exp6_non_compliance,outside_in,baseline,12507,162,1126,900,41,24.622222222222224,74,non_compliance
exp6_non_compliance,steffen,baseline,12507,162,924,1332,47,19.272222222222222,78,non_compliance
exp6_non_compliance,random,baseline,12508,163,1164,1087,90,29.344444444444445,83,non_compliance
exp6_non_compliance,back_to_front,baseline,12508,163,1451,1680,89,72.31111111111112,209,non_compliance
exp6_non_compliance,outside_in,baseline,12508,163,1131,1015,42,24.67222222222222,101,non_compliance
exp6_non_compliance,steffen,baseline,12508,163,972,1389,55,22.27777777777778,107,non_compliance
exp6_non_compliance,random,baseline,12509,164,1206,1071,85,32.80555555555556,111,non_compliance
exp6_non_compliance,back_to_front,baseline,12509,164,1493,1580,75,73.33888888888889,218,non_compliance
exp6_non_compliance,outside_in,baseline,12509,164,1173,1079,48,32.59444444444444,103,non_compliance
exp6_non_compliance,steffen,baseline,12509,164,982,1066,51,18.7,104,non_compliance
exp6_non_compliance,random,baseline,12510,165,1318,1254,101,38.06666666666667,106,non_compliance
exp6_non_compliance,back_to_front,baseline,12510,165,1643,1533,97,74.37777777777778,238,non_compliance
exp6_non_compliance,outside_in,baseline,12510,165,1264,1008,48,30.533333333333335,119,non_compliance
exp6_non_compliance,steffen,baseline,12510,165,1035,1289,42,23.81111111111111,135,non_compliance
exp6_non_compliance,random,baseline,12511,166,1208,1098,86,32.98888888888889,110,non_compliance
exp6_non_compliance,back_to_front,baseline,12511,166,1414,1551,98,59.31111111111111,159,non_compliance
exp6_non_compliance,outside_in,baseline,12511,166,1299,1216,44,37.3,109,non_compliance
exp6_non_compliance,steffen,baseline,12511,166,955,1238,47,18.177777777777777,78,non_compliance
exp6_non_compliance,random,baseline,12512,167,1223,1031,92,34.416666666666664,109,non_compliance
exp6_non_compliance,back_to_front,baseline,12512,167,1668,1460,97,71.83888888888889,187,non_compliance
exp6_non_compliance,outside_in,baseline,12512,167,1230,1030,55,27.16111111111111,90,non_compliance
exp6_non_compliance,steffen,baseline,12512,167,987,975,50,17.433333333333334,88,non_compliance
exp6_non_compliance,random,baseline,12513,168,1216,1062,91,29.583333333333332,120,non_compliance
exp6_non_compliance,back_to_front,baseline,12513,168,1534,1562,90,68.50555555555556,220,non_compliance
exp6_non_compliance,outside_in,baseline,12513,168,1046,1068,29,26.433333333333334,92,non_compliance
exp6_non_compliance,steffen,baseline,12513,168,927,1283,40,18.4,103,non_compliance
exp6_non_compliance,random,baseline,12514,169,1258,1098,89,36.51111111111111,117,non_compliance
exp6_non_compliance,back_to_front,baseline,12514,169,1578,1584,104,68.59444444444445,215,non_compliance
exp6_non_compliance,outside_in,baseline,12514,169,1219,1166,48,33.56666666666667,131,non_compliance
exp6_non_compliance,steffen,baseline,12514,169,922,1189,41,17.511111111111113,112,non_compliance
exp6_non_compliance,random,baseline,12515,170,1170,1097,81,35.48888888888889,125,non_compliance
exp6_non_compliance,back_to_front,baseline,12515,170,1417,1704,88,65.77777777777777,221,non_compliance
exp6_non_compliance,outside_in,baseline,12515,170,1088,1131,53,28.605555555555554,124,non_compliance
exp6_non_compliance,steffen,baseline,12515,170,937,1075,55,17.83888888888889,73,non_compliance
exp6_non_compliance,random,baseline,12516,171,1156,1046,86,26.533333333333335,81,non_compliance
exp6_non_compliance,back_to_front,baseline,12516,171,1396,1349,106,59.922222222222224,207,non_compliance
exp6_non_compliance,outside_in,baseline,12516,171,1110,961,51,22.405555555555555,73,non_compliance
exp6_non_compliance,steffen,baseline,12516,171,992,1025,49,16.38888888888889,89,non_compliance
exp6_non_compliance,random,baseline,12517,172,1246,1104,97,32.794444444444444,114,non_compliance
exp6_non_compliance,back_to_front,baseline,12517,172,1431,1594,88,58.43888888888889,157,non_compliance
exp6_non_compliance,outside_in,baseline,12517,172,1167,912,46,24.211111111111112,91,non_compliance
exp6_non_compliance,steffen,baseline,12517,172,996,1107,46,20.016666666666666,117,non_compliance
exp6_non_compliance,random,baseline,12518,173,1194,1058,87,34.22222222222222,107,non_compliance
exp6_non_compliance,back_to_front,baseline,12518,173,1463,1495,87,61.82222222222222,181,non_compliance
exp6_non_compliance,outside_in,baseline,12518,173,1139,1104,44,31.783333333333335,107,non_compliance
exp6_non_compliance,steffen,baseline,12518,173,960,1108,47,20.272222222222222,95,non_compliance
exp6_non_compliance,random,baseline,12519,174,1225,1012,78,31.61111111111111,98,non_compliance
exp6_non_compliance,back_to_front,baseline,12519,174,1544,1583,102,63.19444444444444,180,non_compliance
exp6_non_compliance,outside_in,baseline,12519,174,1185,1036,54,30.966666666666665,100,non_compliance
exp6_non_compliance,steffen,baseline,12519,174,979,1211,50,18.47222222222222,96,non_compliance
exp6_non_compliance,random,baseline,12520,175,1101,960,82,24.711111111111112,74,non_compliance
exp6_non_compliance,back_to_front,baseline,12520,175,1489,1412,87,62.727777777777774,195,non_compliance
exp6_non_compliance,outside_in,baseline,12520,175,1049,1071,48,27.761111111111113,101,non_compliance
exp6_non_compliance,steffen,baseline,12520,175,1009,1231,43,18.9,107,non_compliance
exp6_non_compliance,random,baseline,12521,176,1368,1080,88,37.27777777777778,140,non_compliance
exp6_non_compliance,back_to_front,baseline,12521,176,1567,1503,94,71.20555555555555,220,non_compliance
exp6_non_compliance,outside_in,baseline,12521,176,1144,1051,46,28.022222222222222,89,non_compliance
exp6_non_compliance,steffen,baseline,12521,176,959,960,44,16.272222222222222,87,non_compliance
exp6_non_compliance,random,baseline,12522,177,1311,1137,91,35.21111111111111,106,non_compliance
exp6_non_compliance,back_to_front,baseline,12522,177,1409,1480,94,54.205555555555556,162,non_compliance
exp6_non_compliance,outside_in,baseline,12522,177,1131,1053,41,29.95,94,non_compliance
exp6_non_compliance,steffen,baseline,12522,177,1039,1176,45,20.877777777777776,98,non_compliance
exp6_non_compliance,random,baseline,12523,178,1251,1046,92,31.92222222222222,87,non_compliance
exp6_non_compliance,back_to_front,baseline,12523,178,1441,1421,93,58.92777777777778,146,non_compliance
exp6_non_compliance,outside_in,baseline,12523,178,1327,1042,36,34.27777777777778,151,non_compliance
exp6_non_compliance,steffen,baseline,12523,178,927,1164,41,17.522222222222222,76,non_compliance
exp6_non_compliance,random,baseline,12524,179,1269,983,92,30.61111111111111,119,non_compliance
exp6_non_compliance,back_to_front,baseline,12524,179,1468,1385,82,56.955555555555556,159,non_compliance
exp6_non_compliance,outside_in,baseline,12524,179,1109,1105,37,30.477777777777778,124,non_compliance
exp6_non_compliance,steffen,baseline,12524,179,980,1091,45,19.227777777777778,92,non_compliance
exp6_non_compliance,random,baseline,12525,180,1119,1054,90,28.15,90,non_compliance
exp6_non_compliance,back_to_front,baseline,12525,180,1460,1548,82,69.21666666666667,243,non_compliance
exp6_non_compliance,outside_in,baseline,12525,180,1176,1139,31,24.92222222222222,77,non_compliance
exp6_non_compliance,steffen,baseline,12525,180,991,1261,43,21.02777777777778,128,non_compliance
exp6_non_compliance,random,baseline,12526,181,1158,1044,86,27.866666666666667,114,non_compliance
exp6_non_compliance,back_to_front,baseline,12526,181,1462,1548,88,57.172222222222224,146,non_compliance
exp6_non_compliance,outside_in,baseline,12526,181,1082,882,50,24.461111111111112,85,non_compliance
exp6_non_compliance,steffen,baseline,12526,181,994,1295,44,19.58888888888889,100,non_compliance
exp6_non_compliance,random,baseline,12527,182,1157,990,100,29.72222222222222,120,non_compliance
exp6_non_compliance,back_to_front,baseline,12527,182,1483,1392,80,68.06111111111112,196,non_compliance
exp6_non_compliance,outside_in,baseline,12527,182,1086,1034,50,25.994444444444444,84,non_compliance
exp6_non_compliance,steffen,baseline,12527,182,925,1146,36,18.072222222222223,83,non_compliance
exp6_non_compliance,random,baseline,12528,183,1280,1037,94,32.355555555555554,78,non_compliance
exp6_non_compliance,back_to_front,baseline,12528,183,1580,1524,99,73.45,227,non_compliance
exp6_non_compliance,outside_in,baseline,12528,183,1197,1123,37,31.738888888888887,104,non_compliance
exp6_non_compliance,steffen,baseline,12528,183,991,1154,56,20.9,90,non_compliance
exp6_non_compliance,random,baseline,12529,184,1276,1013,87,33.90555555555556,115,non_compliance
exp6_non_compliance,back_to_front,baseline,12529,184,1503,1386,102,65.18888888888888,184,non_compliance
exp6_non_compliance,outside_in,baseline,12529,184,1193,1013,45,30.711111111111112,131,non_compliance
exp6_non_compliance,steffen,baseline,12529,184,934,1093,44,18.555555555555557,93,non_compliance
exp6_non_compliance,random,baseline,12530,185,1197,1038,97,28.533333333333335,101,non_compliance
exp6_non_compliance,back_to_front,baseline,12530,185,1470,1382,83,59.227777777777774,212,non_compliance
exp6_non_compliance,outside_in,baseline,12530,185,1139,1026,49,24.644444444444446,75,non_compliance
exp6_non_compliance,steffen,baseline,12530,185,1050,1145,48,20.272222222222222,105,non_compliance
exp6_non_compliance,random,baseline,12531,186,1216,920,94,27.57777777777778,90,non_compliance
exp6_non_compliance,back_to_front,baseline,12531,186,1435,1582,89,60.233333333333334,153,non_compliance
exp6_non_compliance,outside_in,baseline,12531,186,1134,982,54,26.844444444444445,78,non_compliance
exp6_non_compliance,steffen,baseline,12531,186,1046,1034,41,18.016666666666666,91,non_compliance
exp6_non_compliance,random,baseline,12532,187,1220,937,91,31.81111111111111,118,non_compliance
exp6_non_compliance,back_to_front,baseline,12532,187,1462,1441,84,57.75,180,non_compliance
exp6_non_compliance,outside_in,baseline,12532,187,1106,1105,37,26.794444444444444,105,non_compliance
exp6_non_compliance,steffen,baseline,12532,187,996,978,45,17.18888888888889,84,non_compliance
exp6_non_compliance,random,baseline,12533,188,1313,1063,93,36.233333333333334,100,non_compliance
exp6_non_compliance,back_to_front,baseline,12533,188,1595,1565,89,71.74444444444444,244,non_compliance
exp6_non_compliance,outside_in,baseline,12533,188,1160,1096,45,33.794444444444444,123,non_compliance
exp6_non_compliance,steffen,baseline,12533,188,1125,1290,48,24.927777777777777,89,non_compliance
exp6_non_compliance,random,baseline,12534,189,1253,1042,87,32.33888888888889,82,non_compliance
exp6_non_compliance,back_to_front,baseline,12534,189,1470,1585,94,67.3,168,non_compliance
exp6_non_compliance,outside_in,baseline,12534,189,1126,987,46,27.738888888888887,124,non_compliance
exp6_non_compliance,steffen,baseline,12534,189,944,1244,51,19.022222222222222,94,non_compliance
exp6_non_compliance,random,baseline,12535,190,1127,1060,98,27.35,98,non_compliance
exp6_non_compliance,back_to_front,baseline,12535,190,1452,1453,97,57.52777777777778,164,non_compliance
exp6_non_compliance,outside_in,baseline,12535,190,1080,1065,39,29.105555555555554,124,non_compliance
exp6_non_compliance,steffen,baseline,12535,190,903,913,50,13.466666666666667,70,non_compliance
exp6_non_compliance,random,baseline,12536,191,1349,1076,93,37.73888888888889,128,non_compliance
exp6_non_compliance,back_to_front,baseline,12536,191,1488,1477,85,64.96666666666667,224,non_compliance
exp6_non_compliance,outside_in,baseline,12536,191,1102,1095,28,28.522222222222222,91,non_compliance
exp6_non_compliance,steffen,baseline,12536,191,1008,1039,40,15.494444444444444,82,non_compliance
exp6_non_compliance,random,baseline,12537,192,1179,962,86,27.455555555555556,97,non_compliance
exp6_non_compliance,back_to_front,baseline,12537,192,1491,1611,92,68.35,203,non_compliance
exp6_non_compliance,outside_in,baseline,12537,192,1107,1094,44,26.95,100,non_compliance
exp6_non_compliance,steffen,baseline,12537,192,929,1223,42,17.677777777777777,97,non_compliance
exp6_non_compliance,random,baseline,12538,193,1261,1136,85,36.98888888888889,111,non_compliance
exp6_non_compliance,back_to_front,baseline,12538,193,1323,1467,88,44.98888888888889,127,non_compliance
exp6_non_compliance,outside_in,baseline,12538,193,1167,1157,44,33.983333333333334,114,non_compliance
exp6_non_compliance,steffen,baseline,12538,193,953,1261,49,23.833333333333332,142,non_compliance
exp6_non_compliance,random,baseline,12539,194,1297,1099,90,34.15,103,non_compliance
exp6_non_compliance,back_to_front,baseline,12539,194,1589,1666,101,73.88333333333334,203,non_compliance
exp6_non_compliance,outside_in,baseline,12539,194,1289,1080,54,35.294444444444444,106,non_compliance
exp6_non_compliance,steffen,baseline,12539,194,956,1315,38,21.966666666666665,126,non_compliance
exp6_non_compliance,random,baseline,12540,195,1121,1079,89,34.22222222222222,111,non_compliance
exp6_non_compliance,back_to_front,baseline,12540,195,1379,1565,77,60.666666666666664,202,non_compliance
exp6_non_compliance,outside_in,baseline,12540,195,1128,1115,42,31.211111111111112,105,non_compliance
exp6_non_compliance,steffen,baseline,12540,195,975,1452,50,28.505555555555556,160,non_compliance
exp6_non_compliance,random,baseline,12541,196,1278,1145,94,37.016666666666666,114,non_compliance
exp6_non_compliance,back_to_front,baseline,12541,196,1505,1528,102,61.12222222222222,147,non_compliance
exp6_non_compliance,outside_in,baseline,12541,196,1135,1003,49,27.933333333333334,103,non_compliance
exp6_non_compliance,steffen,baseline,12541,196,929,1263,65,21.75,93,non_compliance
exp6_non_compliance,random,baseline,12542,197,1232,1145,94,36.72222222222222,118,non_compliance
exp6_non_compliance,back_to_front,baseline,12542,197,1482,1539,81,69.58888888888889,197,non_compliance
exp6_non_compliance,outside_in,baseline,12542,197,1089,1193,45,30.605555555555554,127,non_compliance
exp6_non_compliance,steffen,baseline,12542,197,949,1378,35,20.394444444444446,111,non_compliance
exp6_non_compliance,random,baseline,12543,198,1214,1114,88,32.47222222222222,103,non_compliance
exp6_non_compliance,back_to_front,baseline,12543,198,1415,1631,86,66.55,204,non_compliance
exp6_non_compliance,outside_in,baseline,12543,198,1151,1189,45,31.816666666666666,86,non_compliance
exp6_non_compliance,steffen,baseline,12543,198,933,1413,44,20.55,93,non_compliance
exp6_non_compliance,random,baseline,12544,199,1203,1096,89,33.43888888888889,150,non_compliance
exp6_non_compliance,back_to_front,baseline,12544,199,1555,1565,95,71.52222222222223,231,non_compliance
exp6_non_compliance,outside_in,baseline,12544,199,1162,1027,58,28.227777777777778,108,non_compliance
exp6_non_compliance,steffen,baseline,12544,199,995,1128,53,19.416666666666668,105,non_compliance
exp6_late_passengers,random,baseline,12345,0,1188,888,83,25.511111111111113,83,late_passengers
exp6_late_passengers,back_to_front,baseline,12345,0,1604,1672,96,90.49444444444444,232,late_passengers
exp6_late_passengers,outside_in,baseline,12345,0,1054,1027,5,23.43888888888889,79,late_passengers
exp6_late_passengers,steffen,baseline,12345,0,750,1157,8,10.327777777777778,51,late_passengers
exp6_late_passengers,random,baseline,12346,1,1172,1175,89,32.577777777777776,137,late_passengers
exp6_late_passengers,back_to_front,baseline,12346,1,1646,1748,94,92.19444444444444,233,late_passengers
exp6_late_passengers,outside_in,baseline,12346,1,1026,1215,4,25.711111111111112,86,late_passengers
exp6_late_passengers,steffen,baseline,12346,1,704,1281,4,12.716666666666667,55,late_passengers
exp6_late_passengers,random,baseline,12347,2,1355,1104,91,33.11666666666667,113,late_passengers
exp6_late_passengers,back_to_front,baseline,12347,2,1666,1773,88,80.64444444444445,210,late_passengers
exp6_late_passengers,outside_in,baseline,12347,2,1188,1100,5,27.894444444444446,78,late_passengers
exp6_late_passengers,steffen,baseline,12347,2,814,1522,4,14.588888888888889,52,late_passengers
exp6_late_passengers,random,baseline,12348,3,1299,1018,101,34.483333333333334,135,late_passengers
exp6_late_passengers,back_to_front,baseline,12348,3,1648,1713,117,84.73333333333333,237,late_passengers
exp6_late_passengers,outside_in,baseline,12348,3,1089,1166,5,27.32777777777778,76,late_passengers
exp6_late_passengers,steffen,baseline,12348,3,766,1336,5,13.555555555555555,74,late_passengers
exp6_late_passengers,random,baseline,12349,4,1364,948,76,32.772222222222226,126,late_passengers
exp6_late_passengers,back_to_front,baseline,12349,4,1697,1741,92,81.88333333333334,236,late_passengers
exp6_late_passengers,outside_in,baseline,12349,4,1161,1068,4,26.594444444444445,91,late_passengers
exp6_late_passengers,steffen,baseline,12349,4,850,1320,4,12.505555555555556,47,late_passengers
exp6_late_passengers,random,baseline,12350,5,1230,1000,84,30.894444444444446,96,late_passengers
exp6_late_passengers,back_to_front,baseline,12350,5,1821,1744,82,97.06666666666666,284,late_passengers
exp6_late_passengers,outside_in,baseline,12350,5,1048,1123,4,25.883333333333333,90,late_passengers
exp6_late_passengers,steffen,baseline,12350,5,750,1334,4,12.938888888888888,45,late_passengers
exp6_late_passengers,random,baseline,12351,6,1251,1005,89,34.23888888888889,103,late_passengers
exp6_late_passengers,back_to_front,baseline,12351,6,1684,1726,84,90.01666666666667,235,late_passengers
exp6_late_passengers,outside_in,baseline,12351,6,1140,877,3,23.93888888888889,85,late_passengers
exp6_late_passengers,steffen,baseline,12351,6,770,1104,7,11.633333333333333,84,late_passengers
exp6_late_passengers,random,baseline,12352,7,1284,1061,86,33.327777777777776,90,late_passengers
exp6_late_passengers,back_to_front,baseline,12352,7,1640,1691,79,82.79444444444445,228,late_passengers
exp6_late_passengers,outside_in,baseline,12352,7,1141,1030,4,25.727777777777778,91,late_passengers
exp6_late_passengers,steffen,baseline,12352,7,782,1183,8,12.566666666666666,72,late_passengers
exp6_late_passengers,random,baseline,12353,8,1248,1025,96,32.172222222222224,129,late_passengers
exp6_late_passengers,back_to_front,baseline,12353,8,1617,1773,85,81.70555555555555,217,late_passengers
exp6_late_passengers,outside_in,baseline,12353,8,1043,1028,5,25.75,93,late_passengers
exp6_late_passengers,steffen,baseline,12353,8,740,1424,5,13.344444444444445,56,late_passengers
exp6_late_passengers,random,baseline,12354,9,1211,1039,89,36.23888888888889,107,late_passengers
exp6_late_passengers,back_to_front,baseline,12354,9,1626,1688,83,87.45,215,late_passengers
exp6_late_passengers,outside_in,baseline,12354,9,1027,1036,4,28.433333333333334,89,late_passengers
exp6_late_passengers,steffen,baseline,12354,9,739,1231,6,12.53888888888889,58,late_passengers
exp6_late_passengers,random,baseline,12355,10,1228,977,92,28.58888888888889,109,late_passengers
exp6_late_passengers,back_to_front,baseline,12355,10,1469,1709,81,73.5111111111111,212,late_passengers
exp6_late_passengers,outside_in,baseline,12355,10,1045,1122,3,26.41111111111111,74,late_passengers
exp6_late_passengers,steffen,baseline,12355,10,738,1356,7,12.194444444444445,54,late_passengers
exp6_late_passengers,random,baseline,12356,11,1265,1151,91,33.96666666666667,95,late_passengers
exp6_late_passengers,back_to_front,baseline,12356,11,1462,1766,90,65.49444444444444,152,late_passengers
exp6_late_passengers,outside_in,baseline,12356,11,1095,1022,4,25.255555555555556,74,late_passengers
exp6_late_passengers,steffen,baseline,12356,11,764,1412,6,13.672222222222222,52,late_passengers
exp6_late_passengers,random,baseline,12357,12,1251,978,77,31.272222222222222,110,late_passengers
exp6_late_passengers,back_to_front,baseline,12357,12,1623,1715,78,87.87777777777778,269,late_passengers
exp6_late_passengers,outside_in,baseline,12357,12,1068,1034,4,27.877777777777776,126,late_passengers
exp6_late_passengers,steffen,baseline,12357,12,771,995,4,11.21111111111111,64,late_passengers
exp6_late_passengers,random,baseline,12358,13,1116,1114,84,32.37777777777778,99,late_passengers
exp6_late_passengers,back_to_front,baseline,12358,13,1531,1656,88,80.21666666666667,217,late_passengers
exp6_late_passengers,outside_in,baseline,12358,13,1061,1103,8,25.833333333333332,69,late_passengers
exp6_late_passengers,steffen,baseline,12358,13,701,1242,2,11.516666666666667,56,late_passengers
exp6_late_passengers,random,baseline,12359,14,1214,1115,95,34.022222222222226,140,late_passengers
exp6_late_passengers,back_to_front,baseline,12359,14,1595,1881,84,86.16111111111111,238,late_passengers
exp6_late_passengers,outside_in,baseline,12359,14,1029,1157,3,23.272222222222222,71,late_passengers
exp6_late_passengers,steffen,baseline,12359,14,770,1367,6,13.105555555555556,52,late_passengers
exp6_late_passengers,random,baseline,12360,15,1211,1091,87,31.427777777777777,115,late_passengers
exp6_late_passengers,back_to_front,baseline,12360,15,1587,1799,106,83.37222222222222,255,late_passengers
exp6_late_passengers,outside_in,baseline,12360,15,1012,1042,5,24.45,83,late_passengers
exp6_late_passengers,steffen,baseline,12360,15,748,1316,6,12.605555555555556,70,late_passengers
exp6_late_passengers,random,baseline,12361,16,1307,1157,81,37.12222222222222,111,late_passengers
exp6_late_passengers,back_to_front,baseline,12361,16,1614,1748,95,81.50555555555556,224,late_passengers
exp6_late_passengers,outside_in,baseline,12361,16,1055,1099,6,28.77777777777778,109,late_passengers
exp6_late_passengers,steffen,baseline,12361,16,771,1221,8,12.344444444444445,57,late_passengers
exp6_late_passengers,random,baseline,12362,17,1244,1094,85,35.18888888888889,103,late_passengers
exp6_late_passengers,back_to_front,baseline,12362,17,1634,1786,106,89.82777777777778,235,late_passengers
exp6_late_passengers,outside_in,baseline,12362,17,1027,1113,5,26.272222222222222,83,late_passengers
exp6_late_passengers,steffen,baseline,12362,17,733,1305,7,13.083333333333334,56,late_passengers
exp6_late_passengers,random,baseline,12363,18,1134,1064,83,28.094444444444445,85,late_passengers
exp6_late_passengers,back_to_front,baseline,12363,18,1489,1569,101,79.19444444444444,271,late_passengers
exp6_late_passengers,outside_in,baseline,12363,18,1091,996,6,24.533333333333335,83,late_passengers
exp6_late_passengers,steffen,baseline,12363,18,757,1004,6,10.838888888888889,48,late_passengers
exp6_late_passengers,random,baseline,12364,19,1165,1178,84,35.172222222222224,129,late_passengers
exp6_late_passengers,back_to_front,baseline,12364,19,1591,1580,85,79.48333333333333,199,late_passengers
exp6_late_passengers,outside_in,baseline,12364,19,1059,1023,5,24.905555555555555,95,late_passengers
exp6_late_passengers,steffen,baseline,12364,19,761,1083,3,10.444444444444445,62,late_passengers
exp6_late_passengers,random,baseline,12365,20,1169,1121,103,35.833333333333336,112,late_passengers
exp6_late_passengers,back_to_front,baseline,12365,20,1625,1836,89,86.57777777777778,208,late_passengers
exp6_late_passengers,outside_in,baseline,12365,20,1129,1032,5,31.538888888888888,116,late_passengers
exp6_late_passengers,steffen,baseline,12365,20,733,1265,4,12.972222222222221,48,late_passengers
exp6_late_passengers,random,baseline,12366,21,1159,1019,80,31.52777777777778,119,late_passengers
exp6_late_passengers,back_to_front,baseline,12366,21,1620,1655,83,84.66111111111111,216,late_passengers
exp6_late_passengers,outside_in,baseline,12366,21,1014,949,6,25.22222222222222,95,late_passengers
exp6_late_passengers,steffen,baseline,12366,21,759,1104,4,12.055555555555555,68,late_passengers
exp6_late_passengers,random,baseline,12367,22,1281,1045,86,33.833333333333336,120,late_passengers
exp6_late_passengers,back_to_front,baseline,12367,22,1616,1806,95,77.4888888888889,222,late_passengers
exp6_late_passengers,outside_in,baseline,12367,22,1129,989,4,25.916666666666668,77,late_passengers
exp6_late_passengers,steffen,baseline,12367,22,752,1392,5,13.283333333333333,50,late_passengers
exp6_late_passengers,random,baseline,12368,23,1310,1148,93,39.58888888888889,104,late_passengers
exp6_late_passengers,back_to_front,baseline,12368,23,1578,1729,78,86.15555555555555,253,late_passengers
exp6_late_passengers,outside_in,baseline,12368,23,1011,995,2,23.666666666666668,73,late_passengers
exp6_late_passengers,steffen,baseline,12368,23,715,1326,5,13.65,53,late_passengers
exp6_late_passengers,random,baseline,12369,24,1198,1242,103,34.98888888888889,140,late_passengers
exp6_late_passengers,back_to_front,baseline,12369,24,1654,1836,88,93.41111111111111,248,late_passengers
exp6_late_passengers,outside_in,baseline,12369,24,1138,973,6,27.47222222222222,98,late_passengers
exp6_late_passengers,steffen,baseline,12369,24,774,1312,5,14.016666666666667,84,late_passengers
exp6_late_passengers,random,baseline,12370,25,1295,1065,81,28.788888888888888,118,late_passengers
exp6_late_passengers,back_to_front,baseline,12370,25,1619,1684,91,76.52777777777777,185,late_passengers
exp6_late_passengers,outside_in,baseline,12370,25,1082,931,6,22.744444444444444,65,late_passengers
exp6_late_passengers,steffen,baseline,12370,25,736,1140,5,12.866666666666667,90,late_passengers
exp6_late_passengers,random,baseline,12371,26,1227,1044,92,29.9,104,late_passengers
exp6_late_passengers,back_to_front,baseline,12371,26,1561,1691,86,68.92777777777778,188,late_passengers
exp6_late_passengers,outside_in,baseline,12371,26,1012,1011,3,21.2,98,late_passengers
exp6_late_passengers,steffen,baseline,12371,26,765,1204,7,11.583333333333334,64,late_passengers
exp6_late_passengers,random,baseline,12372,27,1310,1055,86,37.355555555555554,119,late_passengers
exp6_late_passengers,back_to_front,baseline,12372,27,1711,1740,101,93.64444444444445,239,late_passengers
exp6_late_passengers,outside_in,baseline,12372,27,1101,1098,6,28.716666666666665,109,late_passengers
exp6_late_passengers,steffen,baseline,12372,27,739,1350,6,12.922222222222222,52,late_passengers
exp6_late_passengers,random,baseline,12373,28,1185,1070,90,33.96111111111111,121,late_passengers
exp6_late_passengers,back_to_front,baseline,12373,28,1530,1773,82,73.95555555555555,196,late_passengers
exp6_late_passengers,outside_in,baseline,12373,28,1079,1082,2,24.55,77,late_passengers
exp6_late_passengers,steffen,baseline,12373,28,702,1265,3,12.177777777777777,50,late_passengers
exp6_late_passengers,random,baseline,12374,29,1222,1042,83,34.30555555555556,104,late_passengers
exp6_late_passengers,back_to_front,baseline,12374,29,1594,1755,90,79.88888888888889,190,late_passengers
exp6_late_passengers,outside_in,baseline,12374,29,1060,914,1,22.07777777777778,65,late_passengers
exp6_late_passengers,steffen,baseline,12374,29,773,1172,5,11.827777777777778,82,late_passengers
exp6_late_passengers,random,baseline,12375,30,1282,995,105,31.105555555555554,87,late_passengers
exp6_late_passengers,back_to_front,baseline,12375,30,1561,1679,97,76.03888888888889,199,late_passengers
exp6_late_passengers,outside_in,baseline,12375,30,1125,1125,7,26.81111111111111,87,late_passengers
exp6_late_passengers,steffen,baseline,12375,30,771,1419,5,14.033333333333333,58,late_passengers
exp6_late_passengers,random,baseline,12376,31,1308,1092,87,39.26111111111111,139,late_passengers
exp6_late_passengers,back_to_front,baseline,12376,31,1614,1685,88,84.39444444444445,205,late_passengers
exp6_late_passengers,outside_in,baseline,12376,31,1049,1119,3,27.755555555555556,90,late_passengers
exp6_late_passengers,steffen,baseline,12376,31,794,1202,7,12.966666666666667,76,late_passengers
exp6_late_passengers,random,baseline,12377,32,1270,1037,81,32.81666666666667,105,late_passengers
exp6_late_passengers,back_to_front,baseline,12377,32,1743,1769,87,94.03888888888889,243,late_passengers
exp6_late_passengers,outside_in,baseline,12377,32,1044,1067,2,23.866666666666667,83,late_passengers
exp6_late_passengers,steffen,baseline,12377,32,765,1369,8,13.672222222222222,62,late_passengers
exp6_late_passengers,random,baseline,12378,33,1197,1085,92,33.733333333333334,128,late_passengers
exp6_late_passengers,back_to_front,baseline,12378,33,1681,1765,96,88.02777777777777,222,late_passengers
exp6_late_passengers,outside_in,baseline,12378,33,955,1066,3,26.85,89,late_passengers
exp6_late_passengers,steffen,baseline,12378,33,705,1249,0,12.466666666666667,70,late_passengers
exp6_late_passengers,random,baseline,12379,34,1205,1042,85,28.75,118,late_passengers
exp6_late_passengers,back_to_front,baseline,12379,34,1524,1779,88,80.5111111111111,227,late_passengers
exp6_late_passengers,outside_in,baseline,12379,34,1043,1045,3,24.116666666666667,79,late_passengers
exp6_late_passengers,steffen,baseline,12379,34,737,1245,5,12.066666666666666,51,late_passengers
exp6_late_passengers,random,baseline,12380,35,1168,1007,82,26.538888888888888,105,late_passengers
exp6_late_passengers,back_to_front,baseline,12380,35,1493,1719,88,73.07777777777778,186,late_passengers
exp6_late_passengers,outside_in,baseline,12380,35,1016,1155,5,24.977777777777778,89,late_passengers
exp6_late_passengers,steffen,baseline,12380,35,750,1323,6,12.633333333333333,47,late_passengers
exp6_late_passengers,random,baseline,12381,36,1197,1222,84,38.35,128,late_passengers
exp6_late_passengers,back_to_front,baseline,12381,36,1639,1739,90,84.58333333333333,189,late_passengers
exp6_late_passengers,outside_in,baseline,12381,36,1097,1072,7,24.41111111111111,73,late_passengers
exp6_late_passengers,steffen,baseline,12381,36,755,1404,3,13.311111111111112,54,late_passengers
exp6_late_passengers,random,baseline,12382,37,1284,999,98,37.37777777777778,127,late_passengers
exp6_late_passengers,back_to_front,baseline,12382,37,1723,1567,98,89.91111111111111,283,late_passengers
exp6_late_passengers,outside_in,baseline,12382,37,1105,972,4,23.41111111111111,74,late_passengers
exp6_late_passengers,steffen,baseline,12382,37,803,1093,7,12.633333333333333,102,late_passengers
exp6_late_passengers,random,baseline,12383,38,1177,1158,90,34.11666666666667,108,late_passengers
exp6_late_passengers,back_to_front,baseline,12383,38,1633,1676,98,79.56666666666666,177,late_passengers
exp6_late_passengers,outside_in,baseline,12383,38,1031,1055,5,24.744444444444444,74,late_passengers
exp6_late_passengers,steffen,baseline,12383,38,748,1371,5,12.661111111111111,58,late_passengers
exp6_late_passengers,random,baseline,12384,39,1216,963,100,28.122222222222224,92,late_passengers
exp6_late_passengers,back_to_front,baseline,12384,39,1562,1621,93,73.99444444444444,175,late_passengers
exp6_late_passengers,outside_in,baseline,12384,39,1038,1023,5,22.711111111111112,86,late_passengers
exp6_late_passengers,steffen,baseline,12384,39,798,1295,6,13.377777777777778,72,late_passengers
exp6_late_passengers,random,baseline,12385,40,1202,1135,89,28.93888888888889,116,late_passengers
exp6_late_passengers,back_to_front,baseline,12385,40,1569,1718,94,80.70555555555555,259,late_passengers
exp6_late_passengers,outside_in,baseline,12385,40,1010,1025,7,26.67222222222222,94,late_passengers
exp6_late_passengers,steffen,baseline,12385,40,746,1406,3,13.394444444444444,45,late_passengers
exp6_late_passengers,random,baseline,12386,41,1244,1031,90,28.194444444444443,91,late_passengers
exp6_late_passengers,back_to_front,baseline,12386,41,1460,1805,71,75.45555555555555,219,late_passengers
exp6_late_passengers,outside_in,baseline,12386,41,1024,984,8,21.91111111111111,83,late_passengers
exp6_late_passengers,steffen,baseline,12386,41,762,1312,5,12.7,62,late_passengers
exp6_late_passengers,random,baseline,12387,42,1208,1010,88,28.42222222222222,100,late_passengers
exp6_late_passengers,back_to_front,baseline,12387,42,1667,1579,96,83.88888888888889,199,late_passengers
exp6_late_passengers,outside_in,baseline,12387,42,1020,942,5,22.31111111111111,80,late_passengers
exp6_late_passengers,steffen,baseline,12387,42,764,1014,5,11.272222222222222,45,late_passengers
exp6_late_passengers,random,baseline,12388,43,1213,1015,90,29.116666666666667,99,late_passengers
exp6_late_passengers,back_to_front,baseline,12388,43,1669,1746,97,77.70555555555555,196,late_passengers
exp6_late_passengers,outside_in,baseline,12388,43,1132,1008,3,25.366666666666667,70,late_passengers
exp6_late_passengers,steffen,baseline,12388,43,771,1429,4,13.066666666666666,55,late_passengers
exp6_late_passengers,random,baseline,12389,44,1197,1032,98,31.57777777777778,114,late_passengers
exp6_late_passengers,back_to_front,baseline,12389,44,1543,1708,82,75.41111111111111,214,late_passengers
exp6_late_passengers,outside_in,baseline,12389,44,1057,1025,5,23.42222222222222,71,late_passengers
exp6_late_passengers,steffen,baseline,12389,44,749,1083,5,10.894444444444444,45,late_passengers
exp6_late_passengers,random,baseline,12390,45,1266,1005,89,29.0,101,late_passengers
exp6_late_passengers,back_to_front,baseline,12390,45,1542,1650,96,74.52222222222223,225,late_passengers
exp6_late_passengers,outside_in,baseline,12390,45,1071,1006,7,23.288888888888888,71,late_passengers
exp6_late_passengers,steffen,baseline,12390,45,754,1215,7,11.822222222222223,46,late_passengers
exp6_late_passengers,random,baseline,12391,46,1256,1076,89,31.677777777777777,95,late_passengers
exp6_late_passengers,back_to_front,baseline,12391,46,1712,1677,90,85.07777777777778,188,late_passengers
exp6_late_passengers,outside_in,baseline,12391,46,1174,1029,8,26.116666666666667,78,late_passengers
exp6_late_passengers,steffen,baseline,12391,46,793,1221,6,12.705555555555556,48,late_passengers
exp6_late_passengers,random,baseline,12392,47,1259,1083,87,35.672222222222224,121,late_passengers
exp6_late_passengers,back_to_front,baseline,12392,47,1687,1720,86,81.77222222222223,211,late_passengers
exp6_late_passengers,outside_in,baseline,12392,47,1090,950,6,24.77777777777778,87,late_passengers
exp6_late_passengers,steffen,baseline,12392,47,766,1010,8,10.355555555555556,42,late_passengers
exp6_late_passengers,random,baseline,12393,48,1326,1152,100,33.2,92,late_passengers
exp6_late_passengers,back_to_front,baseline,12393,48,1632,1644,103,82.91666666666667,224,late_passengers
exp6_late_passengers,outside_in,baseline,12393,48,1151,970,3,22.988888888888887,78,late_passengers
exp6_late_passengers,steffen,baseline,12393,48,761,1248,5,12.022222222222222,50,late_passengers
exp6_late_passengers,random,baseline,12394,49,1218,1017,85,34.0,98,late_passengers
exp6_late_passengers,back_to_front,baseline,12394,49,1621,1674,80,76.64444444444445,213,late_passengers
exp6_late_passengers,outside_in,baseline,12394,49,1035,1032,5,26.466666666666665,83,late_passengers
exp6_late_passengers,steffen,baseline,12394,49,777,1136,4,11.194444444444445,42,late_passengers
exp6_late_passengers,random,baseline,12395,50,1102,1164,91,28.88888888888889,96,late_passengers
exp6_late_passengers,back_to_front,baseline,12395,50,1542,1596,95,78.45,244,late_passengers
exp6_late_passengers,outside_in,baseline,12395,50,956,995,3,21.933333333333334,85,late_passengers
exp6_late_passengers,steffen,baseline,12395,50,737,1200,5,11.8,46,late_passengers
exp6_late_passengers,random,baseline,12396,51,1303,1060,95,36.922222222222224,120,late_passengers
exp6_late_passengers,back_to_front,baseline,12396,51,1657,1757,97,83.36666666666666,201,late_passengers
exp6_late_passengers,outside_in,baseline,12396,51,1070,1021,4,21.794444444444444,70,late_passengers
exp6_late_passengers,steffen,baseline,12396,51,736,1176,3,12.177777777777777,46,late_passengers
exp6_late_passengers,random,baseline,12397,52,1177,1203,92,32.45,104,late_passengers
exp6_late_passengers,back_to_front,baseline,12397,52,1473,1622,91,72.27222222222223,198,late_passengers
exp6_late_passengers,outside_in,baseline,12397,52,999,994,9,21.455555555555556,87,late_passengers
exp6_late_passengers,steffen,baseline,12397,52,784,1188,8,11.127777777777778,50,late_passengers
exp6_late_passengers,random,baseline,12398,53,1202,1115,83,30.883333333333333,134,late_passengers
exp6_late_passengers,back_to_front,baseline,12398,53,1564,1683,99,76.53333333333333,237,late_passengers
exp6_late_passengers,outside_in,baseline,12398,53,1048,1111,5,21.566666666666666,72,late_passengers
exp6_late_passengers,steffen,baseline,12398,53,756,1287,7,11.572222222222223,49,late_passengers
exp6_late_passengers,random,baseline,12399,54,1297,1038,99,32.99444444444445,89,late_passengers
exp6_late_passengers,back_to_front,baseline,12399,54,1632,1600,87,83.47222222222223,240,late_passengers
exp6_late_passengers,outside_in,baseline,12399,54,1141,1111,6,26.9,88,late_passengers
exp6_late_passengers,steffen,baseline,12399,54,749,1064,1,11.61111111111111,74,late_passengers
exp6_late_passengers,random,baseline,12400,55,1256,1117,88,36.51111111111111,109,late_passengers
exp6_late_passengers,back_to_front,baseline,12400,55,1507,1695,89,78.66111111111111,248,late_passengers
exp6_late_passengers,outside_in,baseline,12400,55,964,1140,7,24.244444444444444,85,late_passengers
exp6_late_passengers,steffen,baseline,12400,55,708,1405,2,12.85,44,late_passengers
exp6_late_passengers,random,baseline,12401,56,1191,1202,82,35.794444444444444,87,late_passengers
exp6_late_passengers,back_to_front,baseline,12401,56,1562,1774,95,85.95555555555555,239,late_passengers
exp6_late_passengers,outside_in,baseline,12401,56,1045,1029,5,25.772222222222222,107,late_passengers
exp6_late_passengers,steffen,baseline,12401,56,722,1170,3,12.811111111111112,48,late_passengers
exp6_late_passengers,random,baseline,12402,57,1266,1048,101,37.233333333333334,105,late_passengers
exp6_late_passengers,back_to_front,baseline,12402,57,1579,1714,90,73.13888888888889,180,late_passengers
exp6_late_passengers,outside_in,baseline,12402,57,1074,1010,4,28.1,108,late_passengers
exp6_late_passengers,steffen,baseline,12402,57,759,1101,4,11.205555555555556,57,late_passengers
exp6_late_passengers,random,baseline,12403,58,1398,1112,85,37.02777777777778,128,late_passengers
exp6_late_passengers,back_to_front,baseline,12403,58,1546,1792,87,76.30555555555556,189,late_passengers
exp6_late_passengers,outside_in,baseline,12403,58,1052,843,2,22.116666666666667,69,late_passengers
exp6_late_passengers,steffen,baseline,12403,58,769,983,4,10.927777777777777,46,late_passengers
exp6_late_passengers,random,baseline,12404,59,1276,1079,84,33.72222222222222,113,late_passengers
exp6_late_passengers,back_to_front,baseline,12404,59,1676,1800,87,83.88333333333334,214,late_passengers
exp6_late_passengers,outside_in,baseline,12404,59,1181,924,6,23.42222222222222,80,late_passengers
exp6_late_passengers,steffen,baseline,12404,59,818,1190,5,12.344444444444445,54,late_passengers
exp6_late_passengers,random,baseline,12405,60,1314,1052,101,38.03333333333333,146,late_passengers
exp6_late_passengers,back_to_front,baseline,12405,60,1630,1635,97,82.83888888888889,213,late_passengers
exp6_late_passengers,outside_in,baseline,12405,60,1080,1019,6,25.644444444444446,100,late_passengers
exp6_late_passengers,steffen,baseline,12405,60,756,1241,6,12.9,52,late_passengers
exp6_late_passengers,random,baseline,12406,61,1194,1143,100,31.316666666666666,98,late_passengers
exp6_late_passengers,back_to_front,baseline,12406,61,1714,1799,84,93.75,253,late_passengers
exp6_late_passengers,outside_in,baseline,12406,61,1049,1024,5,25.08888888888889,117,late_passengers
exp6_late_passengers,steffen,baseline,12406,61,782,1256,5,12.905555555555555,73,late_passengers
exp6_late_passengers,random,baseline,12407,62,1138,963,87,28.494444444444444,103,late_passengers
exp6_late_passengers,back_to_front,baseline,12407,62,1636,1786,90,83.17222222222222,235,late_passengers
exp6_late_passengers,outside_in,baseline,12407,62,1055,951,6,20.977777777777778,88,late_passengers
exp6_late_passengers,steffen,baseline,12407,62,769,1208,7,12.15,56,late_passengers
exp6_late_passengers,random,baseline,12408,63,1215,1064,88,32.65555555555556,104,late_passengers
exp6_late_passengers,back_to_front,baseline,12408,63,1706,1695,98,87.93888888888888,239,late_passengers
exp6_late_passengers,outside_in,baseline,12408,63,1139,1067,4,25.961111111111112,76,late_passengers
exp6_late_passengers,steffen,baseline,12408,63,781,1275,3,13.622222222222222,61,late_passengers
exp6_late_passengers,random,baseline,12409,64,1309,1063,94,32.894444444444446,119,late_passengers
exp6_late_passengers,back_to_front,baseline,12409,64,1601,1843,98,93.52777777777777,248,late_passengers
exp6_late_passengers,outside_in,baseline,12409,64,1118,1018,9,25.383333333333333,119,late_passengers
exp6_late_passengers,steffen,baseline,12409,64,761,1232,5,11.911111111111111,63,late_passengers
exp6_late_passengers,random,baseline,12410,65,1231,1138,93,33.61666666666667,95,late_passengers
exp6_late_passengers,back_to_front,baseline,12410,65,1657,1771,96,91.04444444444445,230,late_passengers
exp6_late_passengers,outside_in,baseline,12410,65,1038,1127,9,25.566666666666666,90,late_passengers
exp6_late_passengers,steffen,baseline,12410,65,748,1313,4,12.2,51,late_passengers
exp6_late_passengers,random,baseline,12411,66,1319,1077,97,37.172222222222224,132,late_passengers
exp6_late_passengers,back_to_front,baseline,12411,66,1761,1588,97,89.82222222222222,247,late_passengers
exp6_late_passengers,outside_in,baseline,12411,66,1058,1020,5,26.32777777777778,93,late_passengers
exp6_late_passengers,steffen,baseline,12411,66,800,979,4,11.566666666666666,77,late_passengers
exp6_late_passengers,random,baseline,12412,67,1285,1108,81,40.05555555555556,129,late_passengers
exp6_late_passengers,back_to_front,baseline,12412,67,1743,1836,98,90.44444444444444,218,late_passengers
exp6_late_passengers,outside_in,baseline,12412,67,1060,1109,6,24.505555555555556,97,late_passengers
exp6_late_passengers,steffen,baseline,12412,67,778,1260,6,11.866666666666667,50,late_passengers
exp6_late_passengers,random,baseline,12413,68,1263,1054,108,34.43888888888889,133,late_passengers
exp6_late_passengers,back_to_front,baseline,12413,68,1644,1650,84,84.12777777777778,217,late_passengers
exp6_late_passengers,outside_in,baseline,12413,68,1017,1003,8,25.616666666666667,80,late_passengers
exp6_late_passengers,steffen,baseline,12413,68,736,1134,5,12.53888888888889,45,late_passengers
exp6_late_passengers,random,baseline,12414,69,1290,1152,86,36.46111111111111,117,late_passengers
exp6_late_passengers,back_to_front,baseline,12414,69,1658,1677,86,79.58888888888889,195,late_passengers
exp6_late_passengers,outside_in,baseline,12414,69,1076,1032,3,24.88888888888889,120,late_passengers
exp6_late_passengers,steffen,baseline,12414,69,770,1260,3,12.772222222222222,54,late_passengers
exp6_late_passengers,random,baseline,12415,70,1190,1086,92,30.07777777777778,95,late_passengers
exp6_late_passengers,back_to_front,baseline,12415,70,1593,1839,91,85.13888888888889,210,late_passengers
exp6_late_passengers,outside_in,baseline,12415,70,1097,1019,5,27.55,95,late_passengers
exp6_late_passengers,steffen,baseline,12415,70,787,1447,6,13.605555555555556,59,late_passengers
exp6_late_passengers,random,baseline,12416,71,1195,1019,80,28.61111111111111,98,late_passengers
exp6_late_passengers,back_to_front,baseline,12416,71,1613,1765,88,83.29444444444445,192,late_passengers
exp6_late_passengers,outside_in,baseline,12416,71,1063,1066,5,27.533333333333335,82,late_passengers
exp6_late_passengers,steffen,baseline,12416,71,813,1430,4,14.15,67,late_passengers
exp6_late_passengers,random,baseline,12417,72,1304,1010,88,32.91111111111111,106,late_passengers
exp6_late_passengers,back_to_front,baseline,12417,72,1579,1672,93,75.0111111111111,197,late_passengers
exp6_late_passengers,outside_in,baseline,12417,72,1133,996,5,24.444444444444443,86,late_passengers
exp6_late_passengers,steffen,baseline,12417,72,757,1142,5,12.36111111111111,45,late_passengers
exp6_late_passengers,random,baseline,12418,73,1253,1126,90,38.68333333333333,172,late_passengers
exp6_late_passengers,back_to_front,baseline,12418,73,1608,1745,91,89.35,238,late_passengers
exp6_late_passengers,outside_in,baseline,12418,73,1041,1031,3,27.0,103,late_passengers
exp6_late_passengers,steffen,baseline,12418,73,754,1088,5,11.616666666666667,50,late_passengers
exp6_late_passengers,random,baseline,12419,74,1278,1151,92,36.544444444444444,107,late_passengers
exp6_late_passengers,back_to_front,baseline,12419,74,1484,1666,81,69.2611111111111,200,late_passengers
exp6_late_passengers,outside_in,baseline,12419,74,1036,1014,6,21.33888888888889,89,late_passengers
exp6_late_passengers,steffen,baseline,12419,74,771,1276,7,12.277777777777779,65,late_passengers
exp6_late_passengers,random,baseline,12420,75,1161,1117,91,30.205555555555556,112,late_passengers
exp6_late_passengers,back_to_front,baseline,12420,75,1668,1635,87,83.04444444444445,216,late_passengers
exp6_late_passengers,outside_in,baseline,12420,75,1043,1036,4,23.738888888888887,73,late_passengers
exp6_late_passengers,steffen,baseline,12420,75,766,1326,3,12.877777777777778,49,late_passengers
exp6_late_passengers,random,baseline,12421,76,1227,1095,96,38.58888888888889,127,late_passengers
exp6_late_passengers,back_to_front,baseline,12421,76,1500,1737,82,81.52222222222223,210,late_passengers
exp6_late_passengers,outside_in,baseline,12421,76,1021,1151,6,26.983333333333334,81,late_passengers
exp6_late_passengers,steffen,baseline,12421,76,742,1318,4,13.2,45,late_passengers
exp6_late_passengers,random,baseline,12422,77,1307,1288,88,38.48888888888889,116,late_passengers
exp6_late_passengers,back_to_front,baseline,12422,77,1623,1849,81,78.53888888888889,185,late_passengers
exp6_late_passengers,outside_in,baseline,12422,77,1008,1168,5,26.816666666666666,87,late_passengers
exp6_late_passengers,steffen,baseline,12422,77,749,1245,3,13.027777777777779,58,late_passengers
exp6_late_passengers,random,baseline,12423,78,1208,1183,97,39.21111111111111,149,late_passengers
exp6_late_passengers,back_to_front,baseline,12423,78,1753,1650,86,96.34444444444445,294,late_passengers
exp6_late_passengers,outside_in,baseline,12423,78,1065,1163,5,26.36111111111111,73,late_passengers
exp6_late_passengers,steffen,baseline,12423,78,809,1257,7,13.644444444444444,69,late_passengers
exp6_late_passengers,random,baseline,12424,79,1250,1015,86,27.127777777777776,99,late_passengers
exp6_late_passengers,back_to_front,baseline,12424,79,1578,1514,90,70.66111111111111,196,late_passengers
exp6_late_passengers,outside_in,baseline,12424,79,1082,929,6,21.633333333333333,66,late_passengers
exp6_late_passengers,steffen,baseline,12424,79,820,1078,7,12.1,93,late_passengers
exp6_late_passengers,random,baseline,12425,80,1267,1027,98,30.544444444444444,105,late_passengers
exp6_late_passengers,back_to_front,baseline,12425,80,1591,1773,91,88.03888888888889,290,late_passengers
exp6_late_passengers,outside_in,baseline,12425,80,1100,968,5,26.072222222222223,109,late_passengers
exp6_late_passengers,steffen,baseline,12425,80,743,1119,2,11.094444444444445,52,late_passengers
exp6_late_passengers,random,baseline,12426,81,1250,1099,96,38.47222222222222,179,late_passengers
exp6_late_passengers,back_to_front,baseline,12426,81,1581,1767,78,75.20555555555555,172,late_passengers
exp6_late_passengers,outside_in,baseline,12426,81,1072,1138,6,26.194444444444443,90,late_passengers
exp6_late_passengers,steffen,baseline,12426,81,755,1360,4,12.472222222222221,52,late_passengers
exp6_late_passengers,random,baseline,12427,82,1269,1066,77,32.19444444444444,108,late_passengers
exp6_late_passengers,back_to_front,baseline,12427,82,1696,1747,93,93.73333333333333,228,late_passengers
exp6_late_passengers,outside_in,baseline,12427,82,1036,1043,1,27.666666666666668,121,late_passengers
exp6_late_passengers,steffen,baseline,12427,82,683,1241,6,12.716666666666667,54,late_passengers
exp6_late_passengers,random,baseline,12428,83,1240,1115,79,37.11666666666667,116,late_passengers
exp6_late_passengers,back_to_front,baseline,12428,83,1639,1763,94,87.40555555555555,194,late_passengers
exp6_late_passengers,outside_in,baseline,12428,83,1091,1012,2,26.02777777777778,74,late_passengers
exp6_late_passengers,steffen,baseline,12428,83,771,1228,6,12.522222222222222,47,late_passengers
exp6_late_passengers,random,baseline,12429,84,1342,1057,87,37.43888888888889,150,late_passengers
exp6_late_passengers,back_to_front,baseline,12429,84,1798,1731,99,93.02777777777777,212,late_passengers
exp6_late_passengers,outside_in,baseline,12429,84,1163,1086,5,27.444444444444443,82,late_passengers
exp6_late_passengers,steffen,baseline,12429,84,815,1285,7,13.36111111111111,64,late_passengers
exp6_late_passengers,random,baseline,12430,85,1287,1057,105,33.5,137,late_passengers
exp6_late_passengers,back_to_front,baseline,12430,85,1685,1582,84,82.85555555555555,214,late_passengers
exp6_late_passengers,outside_in,baseline,12430,85,1146,1011,5,25.2,68,late_passengers
exp6_late_passengers,steffen,baseline,12430,85,746,1174,3,11.666666666666666,53,late_passengers
exp6_late_passengers,random,baseline,12431,86,1364,1191,99,36.15555555555556,123,late_passengers
exp6_late_passengers,back_to_front,baseline,12431,86,1532,1694,85,79.23333333333333,219,late_passengers
exp6_late_passengers,outside_in,baseline,12431,86,1077,922,4,24.594444444444445,99,late_passengers
exp6_late_passengers,steffen,baseline,12431,86,728,1417,1,13.911111111111111,54,late_passengers
exp6_late_passengers,random,baseline,12432,87,1272,1075,98,28.533333333333335,107,late_passengers
exp6_late_passengers,back_to_front,baseline,12432,87,1617,1815,90,86.82777777777778,235,late_passengers
exp6_late_passengers,outside_in,baseline,12432,87,1015,975,5,21.844444444444445,81,late_passengers
exp6_late_passengers,steffen,baseline,12432,87,754,1122,2,10.96111111111111,48,late_passengers
exp6_late_passengers,random,baseline,12433,88,1321,1089,91,33.111111111111114,106,late_passengers
exp6_late_passengers,back_to_front,baseline,12433,88,1561,1667,80,76.52222222222223,187,late_passengers
exp6_late_passengers,outside_in,baseline,12433,88,1004,921,4,21.97222222222222,87,late_passengers
exp6_late_passengers,steffen,baseline,12433,88,745,1097,6,11.555555555555555,55,late_passengers
exp6_late_passengers,random,baseline,12434,89,1187,1081,92,32.34444444444444,130,late_passengers
exp6_late_passengers,back_to_front,baseline,12434,89,1460,1665,84,72.16111111111111,197,late_passengers
exp6_late_passengers,outside_in,baseline,12434,89,1018,993,4,25.43888888888889,76,late_passengers
exp6_late_passengers,steffen,baseline,12434,89,711,1316,1,12.405555555555555,56,late_passengers
exp6_late_passengers,random,baseline,12435,90,1252,1049,100,34.94444444444444,122,late_passengers
exp6_late_passengers,back_to_front,baseline,12435,90,1693,1859,90,90.04444444444445,211,late_passengers
exp6_late_passengers,outside_in,baseline,12435,90,1111,1252,9,35.272222222222226,117,late_passengers
exp6_late_passengers,steffen,baseline,12435,90,807,1037,6,12.46111111111111,79,late_passengers
exp6_late_passengers,random,baseline,12436,91,1176,1146,96,35.85,120,late_passengers
exp6_late_passengers,back_to_front,baseline,12436,91,1681,1721,83,94.97777777777777,244,late_passengers
exp6_late_passengers,outside_in,baseline,12436,91,945,935,6,21.427777777777777,81,late_passengers
exp6_late_passengers,steffen,baseline,12436,91,754,1002,6,10.794444444444444,51,late_passengers
exp6_late_passengers,random,baseline,12437,92,1239,1085,96,36.977777777777774,105,late_passengers
exp6_late_passengers,back_to_front,baseline,12437,92,1598,1768,91,85.13333333333334,212,late_passengers
exp6_late_passengers,outside_in,baseline,12437,92,1079,1128,2,32.33888888888889,136,late_passengers
exp6_late_passengers,steffen,baseline,12437,92,771,1185,7,13.272222222222222,69,late_passengers
exp6_late_passengers,random,baseline,12438,93,1201,1109,97,31.788888888888888,139,late_passengers
exp6_late_passengers,back_to_front,baseline,12438,93,1657,1777,91,84.62777777777778,219,late_passengers
exp6_late_passengers,outside_in,baseline,12438,93,1062,1133,8,27.405555555555555,91,late_passengers
exp6_late_passengers,steffen,baseline,12438,93,769,1168,4,12.055555555555555,49,late_passengers
exp6_late_passengers,random,baseline,12439,94,1215,957,88,30.261111111111113,93,late_passengers
exp6_late_passengers,back_to_front,baseline,12439,94,1538,1744,89,79.59444444444445,211,late_passengers
exp6_late_passengers,outside_in,baseline,12439,94,1065,1182,8,27.72222222222222,87,late_passengers
exp6_late_passengers,steffen,baseline,12439,94,746,1201,6,11.955555555555556,46,late_passengers
exp6_late_passengers,random,baseline,12440,95,1304,1121,91,37.4,154,late_passengers
exp6_late_passengers,back_to_front,baseline,12440,95,1533,1755,91,84.53333333333333,234,late_passengers
exp6_late_passengers,outside_in,baseline,12440,95,1099,1025,5,29.627777777777776,95,late_passengers
exp6_late_passengers,steffen,baseline,12440,95,720,1185,3,12.455555555555556,44,late_passengers
exp6_late_passengers,random,baseline,12441,96,1419,1115,91,37.327777777777776,134,late_passengers
exp6_late_passengers,back_to_front,baseline,12441,96,1554,1627,91,69.9888888888889,163,late_passengers
exp6_late_passengers,outside_in,baseline,12441,96,1086,1036,6,24.022222222222222,84,late_passengers
exp6_late_passengers,steffen,baseline,12441,96,776,1218,4,12.394444444444444,52,late_passengers
exp6_late_passengers,random,baseline,12442,97,1295,1142,92,34.50555555555555,108,late_passengers
exp6_late_passengers,back_to_front,baseline,12442,97,1694,1806,90,88.41666666666667,197,late_passengers
exp6_late_passengers,outside_in,baseline,12442,97,1186,1113,9,32.766666666666666,106,late_passengers
exp6_late_passengers,steffen,baseline,12442,97,773,1356,7,14.672222222222222,59,late_passengers
exp6_late_passengers,random,baseline,12443,98,1264,1128,90,36.68888888888889,143,late_passengers
exp6_late_passengers,back_to_front,baseline,12443,98,1609,1766,87,82.36111111111111,209,late_passengers
exp6_late_passengers,outside_in,baseline,12443,98,1097,1032,5,28.538888888888888,100,late_passengers
exp6_late_passengers,steffen,baseline,12443,98,756,1328,4,13.45,45,late_passengers
exp6_late_passengers,random,baseline,12444,99,1141,1063,84,33.33888888888889,127,late_passengers
exp6_late_passengers,back_to_front,baseline,12444,99,1568,1704,96,78.78888888888889,211,late_passengers
exp6_late_passengers,outside_in,baseline,12444,99,1105,967,4,23.57777777777778,71,late_passengers
exp6_late_passengers,steffen,baseline,12444,99,802,1187,5,11.194444444444445,64,late_passengers
exp6_late_passengers,random,baseline,12445,100,1143,922,89,30.822222222222223,100,late_passengers
exp6_late_passengers,back_to_front,baseline,12445,100,1583,1658,85,85.60555555555555,244,late_passengers
exp6_late_passengers,outside_in,baseline,12445,100,1013,965,4,21.383333333333333,75,late_passengers
exp6_late_passengers,steffen,baseline,12445,100,714,1051,3,10.522222222222222,47,late_passengers
exp6_late_passengers,random,baseline,12446,101,1176,1080,95,33.22222222222222,153,late_passengers
exp6_late_passengers,back_to_front,baseline,12446,101,1585,1822,98,82.94444444444444,216,late_passengers
exp6_late_passengers,outside_in,baseline,12446,101,1056,1113,7,27.761111111111113,89,late_passengers
exp6_late_passengers,steffen,baseline,12446,101,746,1192,4,12.677777777777777,53,late_passengers
exp6_late_passengers,random,baseline,12447,102,1307,1060,100,30.1,105,late_passengers
exp6_late_passengers,back_to_front,baseline,12447,102,1610,1726,88,81.79444444444445,243,late_passengers
exp6_late_passengers,outside_in,baseline,12447,102,1101,1140,4,25.727777777777778,95,late_passengers
exp6_late_passengers,steffen,baseline,12447,102,786,1348,6,12.561111111111112,52,late_passengers
exp6_late_passengers,random,baseline,12448,103,1197,1036,86,33.65,111,late_passengers
exp6_late_passengers,back_to_front,baseline,12448,103,1580,1796,76,81.96666666666667,218,late_passengers
exp6_late_passengers,outside_in,baseline,12448,103,1073,1125,7,27.966666666666665,97,late_passengers
exp6_late_passengers,steffen,baseline,12448,103,720,1370,5,12.838888888888889,43,late_passengers
exp6_late_passengers,random,baseline,12449,104,1232,1129,98,31.483333333333334,99,late_passengers
exp6_late_passengers,back_to_front,baseline,12449,104,1434,1682,84,64.92222222222222,155,late_passengers
exp6_late_passengers,outside_in,baseline,12449,104,1110,973,7,25.43888888888889,87,late_passengers
exp6_late_passengers,steffen,baseline,12449,104,742,1182,6,12.344444444444445,43,late_passengers
exp6_late_passengers,random,baseline,12450,105,1188,1104,101,32.766666666666666,116,late_passengers
exp6_late_passengers,back_to_front,baseline,12450,105,1558,1667,87,71.13333333333334,213,late_passengers
exp6_late_passengers,outside_in,baseline,12450,105,1036,1104,3,25.427777777777777,87,late_passengers
exp6_late_passengers,steffen,baseline,12450,105,721,1212,5,10.872222222222222,43,late_passengers
exp6_late_passengers,random,baseline,12451,106,1243,1053,105,36.97222222222222,137,late_passengers
exp6_late_passengers,back_to_front,baseline,12451,106,1788,1775,83,92.91666666666667,214,late_passengers
exp6_late_passengers,outside_in,baseline,12451,106,1136,1061,6,28.85,102,late_passengers
exp6_late_passengers,steffen,baseline,12451,106,757,1069,7,10.96111111111111,56,late_passengers
exp6_late_passengers,random,baseline,12452,107,1096,1137,72,31.116666666666667,89,late_passengers
exp6_late_passengers,back_to_front,baseline,12452,107,1675,1827,93,88.70555555555555,247,late_passengers
exp6_late_passengers,outside_in,baseline,12452,107,1048,1014,7,22.95,92,late_passengers
exp6_late_passengers,steffen,baseline,12452,107,767,1266,5,12.405555555555555,50,late_passengers
exp6_late_passengers,random,baseline,12453,108,1281,1034,94,31.144444444444446,114,late_passengers
exp6_late_passengers,back_to_front,baseline,12453,108,1640,1618,91,80.93333333333334,219,late_passengers
exp6_late_passengers,outside_in,baseline,12453,108,1009,1048,3,22.994444444444444,72,late_passengers
exp6_late_passengers,steffen,baseline,12453,108,795,1104,4,11.116666666666667,45,late_passengers
exp6_late_passengers,random,baseline,12454,109,1340,1100,84,34.53888888888889,124,late_passengers
exp6_late_passengers,back_to_front,baseline,12454,109,1852,1726,89,100.68333333333334,229,late_passengers
exp6_late_passengers,outside_in,baseline,12454,109,1154,1032,7,26.044444444444444,74,late_passengers
exp6_late_passengers,steffen,baseline,12454,109,767,1224,5,13.394444444444444,72,late_passengers
exp6_late_passengers,random,baseline,12455,110,1362,1109,107,37.42777777777778,120,late_passengers
exp6_late_passengers,back_to_front,baseline,12455,110,1728,1817,90,93.29444444444445,262,late_passengers
exp6_late_passengers,outside_in,baseline,12455,110,1060,943,5,25.36111111111111,78,late_passengers
exp6_late_passengers,steffen,baseline,12455,110,747,1342,5,12.727777777777778,45,late_passengers
exp6_late_passengers,random,baseline,12456,111,1271,998,97,29.155555555555555,92,late_passengers
exp6_late_passengers,back_to_front,baseline,12456,111,1602,1724,90,83.85,233,late_passengers
exp6_late_passengers,outside_in,baseline,12456,111,1075,1064,5,26.183333333333334,84,late_passengers
exp6_late_passengers,steffen,baseline,12456,111,762,1246,6,12.055555555555555,52,late_passengers
exp6_late_passengers,random,baseline,12457,112,1249,1092,94,33.01111111111111,95,late_passengers
exp6_late_passengers,back_to_front,baseline,12457,112,1621,1624,95,81.95,225,late_passengers
exp6_late_passengers,outside_in,baseline,12457,112,1105,1026,3,25.505555555555556,83,late_passengers
exp6_late_passengers,steffen,baseline,12457,112,758,1170,4,12.533333333333333,54,late_passengers
exp6_late_passengers,random,baseline,12458,113,1262,1088,91,38.144444444444446,125,late_passengers
exp6_late_passengers,back_to_front,baseline,12458,113,1538,1743,81,74.3,184,late_passengers
exp6_late_passengers,outside_in,baseline,12458,113,1047,1059,4,25.733333333333334,90,late_passengers
exp6_late_passengers,steffen,baseline,12458,113,758,1341,3,12.355555555555556,45,late_passengers
exp6_late_passengers,random,baseline,12459,114,1293,1006,88,37.87222222222222,129,late_passengers
exp6_late_passengers,back_to_front,baseline,12459,114,1652,1705,96,83.18888888888888,202,late_passengers
exp6_late_passengers,outside_in,baseline,12459,114,1081,1036,8,28.06111111111111,98,late_passengers
exp6_late_passengers,steffen,baseline,12459,114,752,1204,4,11.616666666666667,40,late_passengers
exp6_late_passengers,random,baseline,12460,115,1297,1170,88,32.91111111111111,94,late_passengers
exp6_late_passengers,back_to_front,baseline,12460,115,1628,1753,91,91.18888888888888,287,late_passengers
exp6_late_passengers,outside_in,baseline,12460,115,1083,956,8,23.155555555555555,107,late_passengers
exp6_late_passengers,steffen,baseline,12460,115,760,1194,3,12.472222222222221,47,late_passengers
exp6_late_passengers,random,baseline,12461,116,1126,969,71,24.855555555555554,83,late_passengers
exp6_late_passengers,back_to_front,baseline,12461,116,1443,1683,74,71.21666666666667,179,late_passengers
exp6_late_passengers,outside_in,baseline,12461,116,973,994,5,21.02777777777778,66,late_passengers
exp6_late_passengers,steffen,baseline,12461,116,703,1298,3,12.161111111111111,46,late_passengers
exp6_late_passengers,random,baseline,12462,117,1242,1142,91,34.55555555555556,109,late_passengers
exp6_late_passengers,back_to_front,baseline,12462,117,1632,1798,106,83.91111111111111,210,late_passengers
exp6_late_passengers,outside_in,baseline,12462,117,1106,1073,6,26.211111111111112,101,late_passengers
exp6_late_passengers,steffen,baseline,12462,117,758,1290,3,11.9,54,late_passengers
exp6_late_passengers,random,baseline,12463,118,1219,1139,90,33.333333333333336,98,late_passengers
exp6_late_passengers,back_to_front,baseline,12463,118,1542,1788,97,82.55555555555556,218,late_passengers
exp6_late_passengers,outside_in,baseline,12463,118,999,1068,4,23.238888888888887,82,late_passengers
exp6_late_passengers,steffen,baseline,12463,118,757,1248,7,13.055555555555555,52,late_passengers
exp6_late_passengers,random,baseline,12464,119,1231,1101,90,34.916666666666664,126,late_passengers
exp6_late_passengers,back_to_front,baseline,12464,119,1720,1719,98,86.41666666666667,223,late_passengers
exp6_late_passengers,outside_in,baseline,12464,119,998,1069,4,22.18888888888889,73,late_passengers
exp6_late_passengers,steffen,baseline,12464,119,775,1218,4,12.1,47,late_passengers
exp6_late_passengers,random,baseline,12465,120,1206,1040,96,31.711111111111112,107,late_passengers
exp6_late_passengers,back_to_front,baseline,12465,120,1491,1725,82,75.86666666666666,266,late_passengers
exp6_late_passengers,outside_in,baseline,12465,120,1086,1004,2,21.822222222222223,106,late_passengers
exp6_late_passengers,steffen,baseline,12465,120,739,1220,5,11.505555555555556,41,late_passengers
exp6_late_passengers,random,baseline,12466,121,1180,1105,68,30.61111111111111,91,late_passengers
exp6_late_passengers,back_to_front,baseline,12466,121,1539,1693,95,80.57777777777778,220,late_passengers
exp6_late_passengers,outside_in,baseline,12466,121,1035,1017,5,25.7,96,late_passengers
exp6_late_passengers,steffen,baseline,12466,121,707,1278,2,12.444444444444445,50,late_passengers
exp6_late_passengers,random,baseline,12467,122,1287,1175,98,37.17777777777778,114,late_passengers
exp6_late_passengers,back_to_front,baseline,12467,122,1597,1793,86,85.02222222222223,234,late_passengers
exp6_late_passengers,outside_in,baseline,12467,122,1028,1096,7,24.55,68,late_passengers
exp6_late_passengers,steffen,baseline,12467,122,733,1240,3,12.494444444444444,61,late_passengers
exp6_late_passengers,random,baseline,12468,123,1269,1075,95,31.094444444444445,106,late_passengers
exp6_late_passengers,back_to_front,baseline,12468,123,1539,1698,92,75.74444444444444,248,late_passengers
exp6_late_passengers,outside_in,baseline,12468,123,1070,966,5,22.622222222222224,82,late_passengers
exp6_late_passengers,steffen,baseline,12468,123,766,1450,5,13.988888888888889,52,late_passengers
exp6_late_passengers,random,baseline,12469,124,1273,1116,101,35.74444444444445,109,late_passengers
exp6_late_passengers,back_to_front,baseline,12469,124,1659,1850,85,95.68888888888888,268,late_passengers
exp6_late_passengers,outside_in,baseline,12469,124,1120,1031,3,26.238888888888887,99,late_passengers
exp6_late_passengers,steffen,baseline,12469,124,738,1115,5,11.444444444444445,49,late_passengers
exp6_late_passengers,random,baseline,12470,125,1100,1020,86,30.06111111111111,100,late_passengers
exp6_late_passengers,back_to_front,baseline,12470,125,1544,1588,75,74.36666666666666,201,late_passengers
exp6_late_passengers,outside_in,baseline,12470,125,1026,1028,5,20.605555555555554,68,late_passengers
exp6_late_passengers,steffen,baseline,12470,125,757,1102,5,11.355555555555556,52,late_passengers
exp6_late_passengers,random,baseline,12471,126,1412,1029,90,37.47222222222222,111,late_passengers
exp6_late_passengers,back_to_front,baseline,12471,126,1577,1648,103,79.38333333333334,222,late_passengers
exp6_late_passengers,outside_in,baseline,12471,126,1138,919,6,25.794444444444444,79,late_passengers
exp6_late_passengers,steffen,baseline,12471,126,783,1182,7,13.311111111111112,59,late_passengers
exp6_late_passengers,random,baseline,12472,127,1231,1156,89,32.23888888888889,95,late_passengers
exp6_late_passengers,back_to_front,baseline,12472,127,1592,1771,99,87.02777777777777,234,late_passengers
exp6_late_passengers,outside_in,baseline,12472,127,1079,994,1,23.977777777777778,77,late_passengers
exp6_late_passengers,steffen,baseline,12472,127,764,1309,3,12.855555555555556,63,late_passengers
exp6_late_passengers,random,baseline,12473,128,1220,1104,86,37.74444444444445,123,late_passengers
exp6_late_passengers,back_to_front,baseline,12473,128,1735,1750,89,85.95,219,late_passengers
exp6_late_passengers,outside_in,baseline,12473,128,1122,938,7,24.644444444444446,86,late_passengers
exp6_late_passengers,steffen,baseline,12473,128,729,1346,4,13.488888888888889,65,late_passengers
exp6_late_passengers,random,baseline,12474,129,1126,980,83,28.366666666666667,101,late_passengers
exp6_late_passengers,back_to_front,baseline,12474,129,1481,1640,87,72.5111111111111,166,late_passengers
exp6_late_passengers,outside_in,baseline,12474,129,933,1027,3,23.57777777777778,66,late_passengers
exp6_late_passengers,steffen,baseline,12474,129,712,1380,4,12.744444444444444,46,late_passengers
exp6_late_passengers,random,baseline,12475,130,1280,1112,98,37.00555555555555,115,late_passengers
exp6_late_passengers,back_to_front,baseline,12475,130,1676,1796,98,85.49444444444444,201,late_passengers
exp6_late_passengers,outside_in,baseline,12475,130,1083,1055,5,28.822222222222223,89,late_passengers
exp6_late_passengers,steffen,baseline,12475,130,780,1110,8,12.45,52,late_passengers
exp6_late_passengers,random,baseline,12476,131,1299,1099,82,37.31111111111111,154,late_passengers
exp6_late_passengers,back_to_front,baseline,12476,131,1671,1718,102,84.66111111111111,236,late_passengers
exp6_late_passengers,outside_in,baseline,12476,131,1110,1009,6,27.394444444444446,90,late_passengers
exp6_late_passengers,steffen,baseline,12476,131,729,922,6,10.233333333333333,43,late_passengers
exp6_late_passengers,random,baseline,12477,132,1272,1110,97,37.98888888888889,108,late_passengers
exp6_late_passengers,back_to_front,baseline,12477,132,1619,1690,92,84.22222222222223,229,late_passengers
exp6_late_passengers,outside_in,baseline,12477,132,1064,1076,6,30.538888888888888,104,late_passengers
exp6_late_passengers,steffen,baseline,12477,132,712,1129,5,11.3,49,late_passengers
exp6_late_passengers,random,baseline,12478,133,1167,1064,86,29.383333333333333,100,late_passengers
exp6_late_passengers,back_to_front,baseline,12478,133,1529,1707,89,82.28333333333333,229,late_passengers
exp6_late_passengers,outside_in,baseline,12478,133,1075,969,4,25.583333333333332,86,late_passengers
exp6_late_passengers,steffen,baseline,12478,133,734,1233,4,11.883333333333333,48,late_passengers
exp6_late_passengers,random,baseline,12479,134,1252,1012,86,30.38888888888889,101,late_passengers
exp6_late_passengers,back_to_front,baseline,12479,134,1500,1743,96,69.22222222222223,219,late_passengers
exp6_late_passengers,outside_in,baseline,12479,134,1121,1124,5,26.133333333333333,81,late_passengers
exp6_late_passengers,steffen,baseline,12479,134,772,1351,5,13.305555555555555,48,late_passengers
exp6_late_passengers,random,baseline,12480,135,1233,1049,87,34.87222222222222,115,late_passengers
exp6_late_passengers,back_to_front,baseline,12480,135,1570,1719,95,81.13333333333334,212,late_passengers
exp6_late_passengers,outside_in,baseline,12480,135,1045,1054,4,24.05,99,late_passengers
exp6_late_passengers,steffen,baseline,12480,135,722,1216,4,11.294444444444444,50,late_passengers
exp6_late_passengers,random,baseline,12481,136,1349,1006,86,42.17777777777778,131,late_passengers
exp6_late_passengers,back_to_front,baseline,12481,136,1668,1637,84,86.73333333333333,230,late_passengers
exp6_late_passengers,outside_in,baseline,12481,136,1140,1058,6,26.694444444444443,83,late_passengers
exp6_late_passengers,steffen,baseline,12481,136,804,1121,6,11.983333333333333,48,late_passengers
exp6_late_passengers,random,baseline,12482,137,1241,886,97,29.333333333333332,93,late_passengers
exp6_late_passengers,back_to_front,baseline,12482,137,1691,1903,96,93.96666666666667,290,late_passengers
exp6_late_passengers,outside_in,baseline,12482,137,1082,1034,5,22.616666666666667,83,late_passengers
exp6_late_passengers,steffen,baseline,12482,137,751,1362,5,13.183333333333334,70,late_passengers
exp6_late_passengers,random,baseline,12483,138,1292,1188,97,37.51111111111111,134,late_passengers
exp6_late_passengers,back_to_front,baseline,12483,138,1542,1758,83,75.54444444444445,206,late_passengers
exp6_late_passengers,outside_in,baseline,12483,138,1096,882,5,23.13888888888889,75,late_passengers
exp6_late_passengers,steffen,baseline,12483,138,748,1098,6,10.933333333333334,41,late_passengers
exp6_late_passengers,random,baseline,12484,139,1224,1004,86,27.677777777777777,85,late_passengers
exp6_late_passengers,back_to_front,baseline,12484,139,1603,1586,101,78.36111111111111,249,late_passengers
exp6_late_passengers,outside_in,baseline,12484,139,1105,1046,5,25.38888888888889,72,late_passengers
exp6_late_passengers,steffen,baseline,12484,139,749,1216,5,12.283333333333333,52,late_passengers
exp6_late_passengers,random,baseline,12485,140,1189,1106,88,33.25555555555555,98,late_passengers
exp6_late_passengers,back_to_front,baseline,12485,140,1489,1676,87,77.66666666666667,250,late_passengers
exp6_late_passengers,outside_in,baseline,12485,140,1020,986,7,24.95,81,late_passengers
exp6_late_passengers,steffen,baseline,12485,140,747,1174,8,11.561111111111112,63,late_passengers
exp6_late_passengers,random,baseline,12486,141,1237,1080,95,34.016666666666666,112,late_passengers
exp6_late_passengers,back_to_front,baseline,12486,141,1630,1738,90,82.55555555555556,219,late_passengers
exp6_late_passengers,outside_in,baseline,12486,141,1028,1120,6,26.91111111111111,82,late_passengers
exp6_late_passengers,steffen,baseline,12486,141,743,1262,5,12.672222222222222,62,late_passengers
exp6_late_passengers,random,baseline,12487,142,1227,1050,83,30.855555555555554,116,late_passengers
exp6_late_passengers,back_to_front,baseline,12487,142,1500,1785,94,70.11111111111111,175,late_passengers
exp6_late_passengers,outside_in,baseline,12487,142,1011,1087,4,21.666666666666668,72,late_passengers
exp6_late_passengers,steffen,baseline,12487,142,784,1220,5,12.283333333333333,66,late_passengers
exp6_late_passengers,random,baseline,12488,143,1167,1046,87,34.03333333333333,139,late_passengers
exp6_late_passengers,back_to_front,baseline,12488,143,1653,1818,93,90.92222222222222,265,late_passengers
exp6_late_passengers,outside_in,baseline,12488,143,1058,1134,4,28.977777777777778,94,late_passengers
exp6_late_passengers,steffen,baseline,12488,143,795,1242,8,12.394444444444444,63,late_passengers
exp6_late_passengers,random,baseline,12489,144,1181,1232,81,36.76111111111111,129,late_passengers
exp6_late_passengers,back_to_front,baseline,12489,144,1619,1792,86,87.88333333333334,243,late_passengers
exp6_late_passengers,outside_in,baseline,12489,144,999,1084,5,23.02777777777778,70,late_passengers
exp6_late_passengers,steffen,baseline,12489,144,735,1243,5,12.233333333333333,51,late_passengers
exp6_late_passengers,random,baseline,12490,145,1188,1109,88,31.294444444444444,81,late_passengers
exp6_late_passengers,back_to_front,baseline,12490,145,1652,1738,94,84.73333333333333,177,late_passengers
exp6_late_passengers,outside_in,baseline,12490,145,1040,1066,5,27.033333333333335,85,late_passengers
exp6_late_passengers,steffen,baseline,12490,145,705,1177,3,11.438888888888888,46,late_passengers
exp6_late_passengers,random,baseline,12491,146,1345,1081,82,34.111111111111114,120,late_passengers
exp6_late_passengers,back_to_front,baseline,12491,146,1507,1636,89,70.59444444444445,198,late_passengers
exp6_late_passengers,outside_in,baseline,12491,146,1058,936,4,22.383333333333333,63,late_passengers
exp6_late_passengers,steffen,baseline,12491,146,775,1208,5,12.927777777777777,50,late_passengers
exp6_late_passengers,random,baseline,12492,147,1217,1158,94,34.111111111111114,101,late_passengers
exp6_late_passengers,back_to_front,baseline,12492,147,1518,1767,85,78.70555555555555,201,late_passengers
exp6_late_passengers,outside_in,baseline,12492,147,1003,1093,9,25.094444444444445,80,late_passengers
exp6_late_passengers,steffen,baseline,12492,147,759,1302,6,13.15,60,late_passengers
exp6_late_passengers,random,baseline,12493,148,1218,1069,99,35.90555555555556,117,late_passengers
exp6_late_passengers,back_to_front,baseline,12493,148,1542,1681,93,77.39444444444445,228,late_passengers
exp6_late_passengers,outside_in,baseline,12493,148,1034,1098,2,26.36111111111111,91,late_passengers
exp6_late_passengers,steffen,baseline,12493,148,745,1256,7,11.966666666666667,50,late_passengers
exp6_late_passengers,random,baseline,12494,149,1189,1057,96,31.905555555555555,109,late_passengers
exp6_late_passengers,back_to_front,baseline,12494,149,1533,1827,80,81.07777777777778,240,late_passengers
exp6_late_passengers,outside_in,baseline,12494,149,1000,1082,6,22.727777777777778,64,late_passengers
exp6_late_passengers,steffen,baseline,12494,149,732,1276,4,12.46111111111111,59,late_passengers
exp6_late_passengers,random,baseline,12495,150,1195,1178,101,33.233333333333334,89,late_passengers
exp6_late_passengers,back_to_front,baseline,12495,150,1676,1722,90,86.86111111111111,221,late_passengers
exp6_late_passengers,outside_in,baseline,12495,150,1067,1077,5,27.894444444444446,84,late_passengers
exp6_late_passengers,steffen,baseline,12495,150,737,1341,7,11.95,42,late_passengers
exp6_late_passengers,random,baseline,12496,151,1197,1187,96,32.06666666666667,99,late_passengers
exp6_late_passengers,back_to_front,baseline,12496,151,1501,1694,93,73.62222222222222,201,late_passengers
exp6_late_passengers,outside_in,baseline,12496,151,1012,1121,5,22.2,72,late_passengers
exp6_late_passengers,steffen,baseline,12496,151,737,1354,8,12.65,52,late_passengers
exp6_late_passengers,random,baseline,12497,152,1198,1101,88,29.483333333333334,88,late_passengers
exp6_late_passengers,back_to_front,baseline,12497,152,1581,1700,91,76.5,176,late_passengers
exp6_late_passengers,outside_in,baseline,12497,152,1073,1037,3,22.788888888888888,62,late_passengers
exp6_late_passengers,steffen,baseline,12497,152,744,1418,4,13.377777777777778,46,late_passengers
exp6_late_passengers,random,baseline,12498,153,1207,1051,97,31.538888888888888,100,late_passengers
exp6_late_passengers,back_to_front,baseline,12498,153,1497,1814,86,80.47222222222223,253,late_passengers
exp6_late_passengers,outside_in,baseline,12498,153,1014,1074,0,25.144444444444446,110,late_passengers
exp6_late_passengers,steffen,baseline,12498,153,692,1314,4,12.505555555555556,53,late_passengers
exp6_late_passengers,random,baseline,12499,154,1304,1169,91,36.16111111111111,124,late_passengers
exp6_late_passengers,back_to_front,baseline,12499,154,1584,1741,87,77.91111111111111,195,late_passengers
exp6_late_passengers,outside_in,baseline,12499,154,1093,1179,5,28.85,85,late_passengers
exp6_late_passengers,steffen,baseline,12499,154,774,1304,6,14.6,66,late_passengers
exp6_late_passengers,random,baseline,12500,155,1277,1062,88,33.53333333333333,98,late_passengers
exp6_late_passengers,back_to_front,baseline,12500,155,1553,1700,87,77.64444444444445,213,late_passengers
exp6_late_passengers,outside_in,baseline,12500,155,1017,1015,5,22.65,79,late_passengers
exp6_late_passengers,steffen,baseline,12500,155,734,1172,2,11.922222222222222,54,late_passengers
exp6_late_passengers,random,baseline,12501,156,1196,1034,82,32.36666666666667,107,late_passengers
exp6_late_passengers,back_to_front,baseline,12501,156,1773,1672,90,101.65,240,late_passengers
exp6_late_passengers,outside_in,baseline,12501,156,1049,1116,6,31.58888888888889,100,late_passengers
exp6_late_passengers,steffen,baseline,12501,156,718,1247,6,12.161111111111111,57,late_passengers
exp6_late_passengers,random,baseline,12502,157,1245,972,102,31.211111111111112,98,late_passengers
exp6_late_passengers,back_to_front,baseline,12502,157,1651,1749,90,83.28888888888889,247,late_passengers
exp6_late_passengers,outside_in,baseline,12502,157,996,1128,4,25.683333333333334,87,late_passengers
exp6_late_passengers,steffen,baseline,12502,157,747,1142,5,11.716666666666667,51,late_passengers
exp6_late_passengers,random,baseline,12503,158,1251,985,98,31.444444444444443,113,late_passengers
exp6_late_passengers,back_to_front,baseline,12503,158,1633,1805,82,79.9888888888889,209,late_passengers
exp6_late_passengers,outside_in,baseline,12503,158,1102,1081,4,25.622222222222224,111,late_passengers
exp6_late_passengers,steffen,baseline,12503,158,793,1245,7,12.822222222222223,74,late_passengers
exp6_late_passengers,random,baseline,12504,159,1257,1103,70,31.43888888888889,139,late_passengers
exp6_late_passengers,back_to_front,baseline,12504,159,1658,1710,112,90.88888888888889,310,late_passengers
exp6_late_passengers,outside_in,baseline,12504,159,1036,987,1,23.033333333333335,86,late_passengers
exp6_late_passengers,steffen,baseline,12504,159,760,1171,3,12.216666666666667,75,late_passengers
exp6_late_passengers,random,baseline,12505,160,1298,1111,89,32.111111111111114,94,late_passengers
exp6_late_passengers,back_to_front,baseline,12505,160,1676,1806,106,87.63333333333334,192,late_passengers
exp6_late_passengers,outside_in,baseline,12505,160,1128,1071,6,23.322222222222223,100,late_passengers
exp6_late_passengers,steffen,baseline,12505,160,749,1345,2,13.1,54,late_passengers
exp6_late_passengers,random,baseline,12506,161,1240,1082,87,32.33888888888889,115,late_passengers
exp6_late_passengers,back_to_front,baseline,12506,161,1661,1748,96,88.5111111111111,232,late_passengers
exp6_late_passengers,outside_in,baseline,12506,161,1036,1198,8,26.9,108,late_passengers
exp6_late_passengers,steffen,baseline,12506,161,760,1331,7,12.61111111111111,69,late_passengers
exp6_late_passengers,random,baseline,12507,162,1224,1084,93,30.06111111111111,101,late_passengers
exp6_late_passengers,back_to_front,baseline,12507,162,1562,1692,89,76.40555555555555,187,late_passengers
exp6_late_passengers,outside_in,baseline,12507,162,1127,996,5,24.133333333333333,86,late_passengers
exp6_late_passengers,steffen,baseline,12507,162,805,1290,5,12.65,62,late_passengers
exp6_late_passengers,random,baseline,12508,163,1196,1110,80,31.805555555555557,104,late_passengers
exp6_late_passengers,back_to_front,baseline,12508,163,1641,1872,86,90.80555555555556,215,late_passengers
exp6_late_passengers,outside_in,baseline,12508,163,1074,1113,6,24.294444444444444,84,late_passengers
exp6_late_passengers,steffen,baseline,12508,163,704,1504,1,13.033333333333333,47,late_passengers
exp6_late_passengers,random,baseline,12509,164,1228,1080,78,33.25555555555555,104,late_passengers
exp6_late_passengers,back_to_front,baseline,12509,164,1564,1759,90,85.06666666666666,211,late_passengers
exp6_late_passengers,outside_in,baseline,12509,164,1028,1175,4,28.127777777777776,99,late_passengers
exp6_late_passengers,steffen,baseline,12509,164,751,1087,7,11.438888888888888,51,late_passengers
exp6_late_passengers,random,baseline,12510,165,1263,1185,97,33.63333333333333,117,late_passengers
exp6_late_passengers,back_to_front,baseline,12510,165,1803,1806,87,96.05,228,late_passengers
exp6_late_passengers,outside_in,baseline,12510,165,1082,1033,4,29.716666666666665,123,late_passengers
exp6_late_passengers,steffen,baseline,12510,165,809,1408,5,14.366666666666667,63,late_passengers
exp6_late_passengers,random,baseline,12511,166,1292,1058,97,37.31111111111111,114,late_passengers
exp6_late_passengers,back_to_front,baseline,12511,166,1552,1715,83,74.24444444444444,166,late_passengers
exp6_late_passengers,outside_in,baseline,12511,166,1112,1210,3,30.58888888888889,87,late_passengers
exp6_late_passengers,steffen,baseline,12511,166,766,1156,4,12.072222222222223,45,late_passengers
exp6_late_passengers,random,baseline,12512,167,1206,1034,105,29.66111111111111,96,late_passengers
exp6_late_passengers,back_to_front,baseline,12512,167,1670,1640,94,85.0,201,late_passengers
exp6_late_passengers,outside_in,baseline,12512,167,1146,899,5,24.266666666666666,88,late_passengers
exp6_late_passengers,steffen,baseline,12512,167,745,1090,3,11.011111111111111,48,late_passengers
exp6_late_passengers,random,baseline,12513,168,1210,1012,90,26.605555555555554,98,late_passengers
exp6_late_passengers,back_to_front,baseline,12513,168,1527,1608,85,78.69444444444444,223,late_passengers
exp6_late_passengers,outside_in,baseline,12513,168,1018,1107,7,25.86111111111111,85,late_passengers
exp6_late_passengers,steffen,baseline,12513,168,742,1296,3,12.705555555555556,60,late_passengers
exp6_late_passengers,random,baseline,12514,169,1274,1060,87,36.12222222222222,133,late_passengers
exp6_late_passengers,back_to_front,baseline,12514,169,1597,1675,100,81.67222222222222,265,late_passengers
exp6_late_passengers,outside_in,baseline,12514,169,1007,1116,4,26.083333333333332,89,late_passengers
exp6_late_passengers,steffen,baseline,12514,169,775,1279,4,13.3,54,late_passengers
exp6_late_passengers,random,baseline,12515,170,1152,1125,92,31.305555555555557,108,late_passengers
exp6_late_passengers,back_to_front,baseline,12515,170,1550,1845,82,84.82777777777778,229,late_passengers
exp6_late_passengers,outside_in,baseline,12515,170,952,1088,5,24.27777777777778,70,late_passengers
exp6_late_passengers,steffen,baseline,12515,170,728,1164,6,11.633333333333333,57,late_passengers
exp6_late_passengers,random,baseline,12516,171,1139,994,75,27.47222222222222,86,late_passengers
exp6_late_passengers,back_to_front,baseline,12516,171,1570,1522,94,79.2611111111111,221,late_passengers
exp6_late_passengers,outside_in,baseline,12516,171,926,995,4,19.66111111111111,63,late_passengers
exp6_late_passengers,steffen,baseline,12516,171,746,1091,4,11.05,52,late_passengers
exp6_late_passengers,random,baseline,12517,172,1293,1094,101,31.45,121,late_passengers
exp6_late_passengers,back_to_front,baseline,12517,172,1601,1804,74,81.69444444444444,215,late_passengers
exp6_late_passengers,outside_in,baseline,12517,172,1066,1004,5,21.81111111111111,64,late_passengers
exp6_late_passengers,steffen,baseline,12517,172,758,1206,4,11.65,48,late_passengers
exp6_late_passengers,random,baseline,12518,173,1264,1100,85,36.522222222222226,121,late_passengers
exp6_late_passengers,back_to_front,baseline,12518,173,1578,1777,74,79.65555555555555,184,late_passengers
exp6_late_passengers,outside_in,baseline,12518,173,1075,1113,7,28.072222222222223,88,late_passengers
exp6_late_passengers,steffen,baseline,12518,173,724,1169,5,12.2,48,late_passengers
exp6_late_passengers,random,baseline,12519,174,1266,1005,84,29.055555555555557,90,late_passengers
exp6_late_passengers,back_to_front,baseline,12519,174,1644,1791,108,87.95555555555555,226,late_passengers
exp6_late_passengers,outside_in,baseline,12519,174,1025,958,8,25.11111111111111,86,late_passengers
exp6_late_passengers,steffen,baseline,12519,174,748,1251,6,11.883333333333333,56,late_passengers
exp6_late_passengers,random,baseline,12520,175,1188,1034,79,30.844444444444445,107,late_passengers
exp6_late_passengers,back_to_front,baseline,12520,175,1590,1660,87,81.68333333333334,248,late_passengers
exp6_late_passengers,outside_in,baseline,12520,175,975,1201,2,26.844444444444445,103,late_passengers
exp6_late_passengers,steffen,baseline,12520,175,720,1146,1,11.216666666666667,47,late_passengers
exp6_late_passengers,random,baseline,12521,176,1299,1018,89,32.53888888888889,106,late_passengers
exp6_late_passengers,back_to_front,baseline,12521,176,1701,1635,102,86.41111111111111,235,late_passengers
exp6_late_passengers,outside_in,baseline,12521,176,1238,950,8,24.772222222222222,83,late_passengers
exp6_late_passengers,steffen,baseline,12521,176,822,989,5,12.244444444444444,55,late_passengers
exp6_late_passengers,random,baseline,12522,177,1304,1176,96,34.83888888888889,125,late_passengers
exp6_late_passengers,back_to_front,baseline,12522,177,1441,1679,80,67.09444444444445,147,late_passengers
exp6_late_passengers,outside_in,baseline,12522,177,1093,978,5,24.2,88,late_passengers
exp6_late_passengers,steffen,baseline,12522,177,741,1270,3,11.877777777777778,48,late_passengers
exp6_late_passengers,random,baseline,12523,178,1273,997,92,34.766666666666666,97,late_passengers
exp6_late_passengers,back_to_front,baseline,12523,178,1553,1680,89,75.9,181,late_passengers
exp6_late_passengers,outside_in,baseline,12523,178,1050,1029,7,27.627777777777776,95,late_passengers
exp6_late_passengers,steffen,baseline,12523,178,745,1154,5,11.566666666666666,57,late_passengers
exp6_late_passengers,random,baseline,12524,179,1237,1056,87,34.24444444444445,121,late_passengers
exp6_late_passengers,back_to_front,baseline,12524,179,1677,1609,83,81.25555555555556,186,late_passengers
exp6_late_passengers,outside_in,baseline,12524,179,1041,1139,7,26.18888888888889,86,late_passengers
exp6_late_passengers,steffen,baseline,12524,179,750,1306,3,12.988888888888889,47,late_passengers
exp6_late_passengers,random,baseline,12525,180,1235,1046,100,33.23888888888889,111,late_passengers
exp6_late_passengers,back_to_front,baseline,12525,180,1550,1751,83,81.99444444444444,241,late_passengers
exp6_late_passengers,outside_in,baseline,12525,180,1026,1064,3,21.52777777777778,81,late_passengers
exp6_late_passengers,steffen,baseline,12525,180,835,1229,5,12.305555555555555,89,late_passengers
exp6_late_passengers,random,baseline,12526,181,1196,1053,90,30.216666666666665,89,late_passengers
exp6_late_passengers,back_to_front,baseline,12526,181,1574,1756,89,79.21666666666667,255,late_passengers
exp6_late_passengers,outside_in,baseline,12526,181,1054,1004,5,21.86111111111111,67,late_passengers
exp6_late_passengers,steffen,baseline,12526,181,787,1362,8,13.533333333333333,56,late_passengers
exp6_late_passengers,random,baseline,12527,182,1283,1030,105,33.31111111111111,146,late_passengers
exp6_late_passengers,back_to_front,baseline,12527,182,1587,1598,88,89.0111111111111,233,late_passengers
exp6_late_passengers,outside_in,baseline,12527,182,1002,1117,4,27.233333333333334,89,late_passengers
exp6_late_passengers,steffen,baseline,12527,182,760,1225,5,11.755555555555556,43,late_passengers
exp6_late_passengers,random,baseline,12528,183,1264,955,87,35.577777777777776,116,late_passengers
exp6_late_passengers,back_to_front,baseline,12528,183,1672,1747,98,91.08888888888889,282,late_passengers
exp6_late_passengers,outside_in,baseline,12528,183,1125,1043,5,27.355555555555554,114,late_passengers
exp6_late_passengers,steffen,baseline,12528,183,702,1385,2,13.172222222222222,67,late_passengers
exp6_late_passengers,random,baseline,12529,184,1186,1102,84,34.272222222222226,106,late_passengers
exp6_late_passengers,back_to_front,baseline,12529,184,1664,1709,103,88.2388888888889,220,late_passengers
exp6_late_passengers,outside_in,baseline,12529,184,1128,1087,4,25.86111111111111,104,late_passengers
exp6_late_passengers,steffen,baseline,12529,184,786,1255,5,12.477777777777778,55,late_passengers
exp6_late_passengers,random,baseline,12530,185,1178,1038,92,30.66111111111111,109,late_passengers
exp6_late_passengers,back_to_front,baseline,12530,185,1531,1632,73,73.75,188,late_passengers
exp6_late_passengers,outside_in,baseline,12530,185,995,1001,6,22.955555555555556,69,late_passengers
exp6_late_passengers,steffen,baseline,12530,185,771,1246,3,12.261111111111111,57,late_passengers
exp6_late_passengers,random,baseline,12531,186,1248,937,92,27.416666666666668,88,late_passengers
exp6_late_passengers,back_to_front,baseline,12531,186,1654,1787,95,85.38888888888889,257,late_passengers
exp6_late_passengers,outside_in,baseline,12531,186,1086,1079,9,26.727777777777778,84,late_passengers
exp6_late_passengers,steffen,baseline,12531,186,771,1275,8,12.4,68,late_passengers
exp6_late_passengers,random,baseline,12532,187,1316,1077,104,35.02777777777778,105,late_passengers
exp6_late_passengers,back_to_front,baseline,12532,187,1589,1644,87,79.2388888888889,207,late_passengers
exp6_late_passengers,outside_in,baseline,12532,187,1064,954,6,19.955555555555556,86,late_passengers
exp6_late_passengers,steffen,baseline,12532,187,741,1186,1,11.922222222222222,46,late_passengers
exp6_late_passengers,random,baseline,12533,188,1273,1122,82,38.48888888888889,115,late_passengers
exp6_late_passengers,back_to_front,baseline,12533,188,1693,1709,94,91.1,223,late_passengers
exp6_late_passengers,outside_in,baseline,12533,188,1105,1072,4,27.766666666666666,82,late_passengers
exp6_late_passengers,steffen,baseline,12533,188,800,1378,4,13.927777777777777,66,late_passengers
exp6_late_passengers,random,baseline,12534,189,1255,1135,88,31.92222222222222,96,late_passengers
exp6_late_passengers,back_to_front,baseline,12534,189,1542,1741,88,82.35,226,late_passengers
exp6_late_passengers,outside_in,baseline,12534,189,1055,985,2,24.41111111111111,79,late_passengers
exp6_late_passengers,steffen,baseline,12534,189,759,1343,6,13.305555555555555,49,late_passengers
exp6_late_passengers,random,baseline,12535,190,1155,1010,92,26.005555555555556,81,late_passengers
exp6_late_passengers,back_to_front,baseline,12535,190,1611,1829,89,76.99444444444444,196,late_passengers
exp6_late_passengers,outside_in,baseline,12535,190,968,982,4,21.3,68,late_passengers
exp6_late_passengers,steffen,baseline,12535,190,749,1186,6,11.422222222222222,43,late_passengers
exp6_late_passengers,random,baseline,12536,191,1262,1075,92,30.605555555555554,111,late_passengers
exp6_late_passengers,back_to_front,baseline,12536,191,1755,1676,86,87.48333333333333,233,late_passengers
exp6_late_passengers,outside_in,baseline,12536,191,1122,947,6,21.7,75,late_passengers
exp6_late_passengers,steffen,baseline,12536,191,820,1206,6,12.688888888888888,47,late_passengers
exp6_late_passengers,random,baseline,12537,192,1170,1044,87,30.68888888888889,92,late_passengers
exp6_late_passengers,back_to_front,baseline,12537,192,1607,1765,82,87.33333333333333,245,late_passengers
exp6_late_passengers,outside_in,baseline,12537,192,1037,1025,8,23.06111111111111,77,late_passengers
exp6_late_passengers,steffen,baseline,12537,192,691,1254,5,12.222222222222221,48,late_passengers
exp6_late_passengers,random,baseline,12538,193,1168,1147,88,35.638888888888886,109,late_passengers
exp6_late_passengers,back_to_front,baseline,12538,193,1361,1647,84,64.82222222222222,178,late_passengers
exp6_late_passengers,outside_in,baseline,12538,193,1149,1138,6,31.394444444444446,90,late_passengers
exp6_late_passengers,steffen,baseline,12538,193,726,1245,4,13.2,65,late_passengers
exp6_late_passengers,random,baseline,12539,194,1322,1152,88,35.81666666666667,124,late_passengers
exp6_late_passengers,back_to_front,baseline,12539,194,1567,1802,89,82.52777777777777,224,late_passengers
exp6_late_passengers,outside_in,baseline,12539,194,1070,1106,3,26.305555555555557,71,late_passengers
exp6_late_passengers,steffen,baseline,12539,194,773,1475,4,15.066666666666666,51,late_passengers
exp6_late_passengers,random,baseline,12540,195,1170,1182,88,36.74444444444445,118,late_passengers
exp6_late_passengers,back_to_front,baseline,12540,195,1583,1766,85,86.88333333333334,224,late_passengers
exp6_late_passengers,outside_in,baseline,12540,195,1092,1152,1,31.255555555555556,89,late_passengers
exp6_late_passengers,steffen,baseline,12540,195,719,1513,6,14.577777777777778,53,late_passengers
exp6_late_passengers,random,baseline,12541,196,1250,1162,88,36.11666666666667,110,late_passengers
exp6_late_passengers,back_to_front,baseline,12541,196,1514,1726,85,70.62777777777778,172,late_passengers
exp6_late_passengers,outside_in,baseline,12541,196,1083,1054,7,27.566666666666666,77,late_passengers
exp6_late_passengers,steffen,baseline,12541,196,752,1358,5,12.911111111111111,58,late_passengers
exp6_late_passengers,random,baseline,12542,197,1219,1199,78,40.00555555555555,156,late_passengers
exp6_late_passengers,back_to_front,baseline,12542,197,1704,1827,94,97.43888888888888,226,late_passengers
exp6_late_passengers,outside_in,baseline,12542,197,1056,1115,7,28.66111111111111,76,late_passengers
exp6_late_passengers,steffen,baseline,12542,197,784,1529,4,15.155555555555555,63,late_passengers
exp6_late_passengers,random,baseline,12543,198,1233,1068,77,29.183333333333334,96,late_passengers
exp6_late_passengers,back_to_front,baseline,12543,198,1566,1846,91,86.05555555555556,234,late_passengers
exp6_late_passengers,outside_in,baseline,12543,198,1028,1209,4,26.255555555555556,68,late_passengers
exp6_late_passengers,steffen,baseline,12543,198,729,1458,3,14.144444444444444,50,late_passengers
exp6_late_passengers,random,baseline,12544,199,1222,1074,101,34.30555555555556,116,late_passengers
exp6_late_passengers,back_to_front,baseline,12544,199,1671,1749,88,89.72222222222223,252,late_passengers
exp6_late_passengers,outside_in,baseline,12544,199,1111,936,4,23.788888888888888,82,late_passengers
exp6_late_passengers,steffen,baseline,12544,199,832,1256,4,13.05,85,late_passengers
exp6_heavy_handcarry,random,baseline,12345,0,1277,964,84,33.766666666666666,101,heavy_handcarry
exp6_heavy_handcarry,back_to_front,baseline,12345,0,1729,1751,94,94.02777777777777,235,heavy_handcarry
exp6_heavy_handcarry,outside_in,baseline,12345,0,1288,1163,0,41.09444444444444,120,heavy_handcarry
exp6_heavy_handcarry,steffen,baseline,12345,0,706,1217,0,13.061111111111112,50,heavy_handcarry
exp6_heavy_handcarry,random,baseline,12346,1,1380,1178,90,38.28333333333333,135,heavy_handcarry
exp6_heavy_handcarry,back_to_front,baseline,12346,1,1883,1828,92,114.28888888888889,304,heavy_handcarry
exp6_heavy_handcarry,outside_in,baseline,12346,1,1140,1183,0,32.69444444444444,90,heavy_handcarry
exp6_heavy_handcarry,steffen,baseline,12346,1,736,1301,0,14.194444444444445,64,heavy_handcarry
exp6_heavy_handcarry,random,baseline,12347,2,1376,1137,91,36.672222222222224,105,heavy_handcarry
exp6_heavy_handcarry,back_to_front,baseline,12347,2,1712,1848,87,89.41111111111111,206,heavy_handcarry
exp6_heavy_handcarry,outside_in,baseline,12347,2,1147,1094,0,28.32777777777778,103,heavy_handcarry
exp6_heavy_handcarry,steffen,baseline,12347,2,742,1533,0,15.127777777777778,42,heavy_handcarry
exp6_heavy_handcarry,random,baseline,12348,3,1426,1018,100,37.4,109,heavy_handcarry
exp6_heavy_handcarry,back_to_front,baseline,12348,3,1803,1804,115,93.50555555555556,256,heavy_handcarry
exp6_heavy_handcarry,outside_in,baseline,12348,3,1238,1097,0,32.105555555555554,103,heavy_handcarry
exp6_heavy_handcarry,steffen,baseline,12348,3,704,1346,0,13.311111111111112,47,heavy_handcarry
exp6_heavy_handcarry,random,baseline,12349,4,1327,930,77,31.67222222222222,124,heavy_handcarry
exp6_heavy_handcarry,back_to_front,baseline,12349,4,1726,1805,94,89.72222222222223,221,heavy_handcarry
exp6_heavy_handcarry,outside_in,baseline,12349,4,1155,1027,0,30.572222222222223,106,heavy_handcarry
exp6_heavy_handcarry,steffen,baseline,12349,4,741,1358,0,14.53888888888889,60,heavy_handcarry
exp6_heavy_handcarry,random,baseline,12350,5,1292,987,87,34.92777777777778,123,heavy_handcarry
exp6_heavy_handcarry,back_to_front,baseline,12350,5,1874,1820,83,109.84444444444445,313,heavy_handcarry
exp6_heavy_handcarry,outside_in,baseline,12350,5,1119,1078,0,28.705555555555556,100,heavy_handcarry
exp6_heavy_handcarry,steffen,baseline,12350,5,742,1346,0,13.805555555555555,55,heavy_handcarry
exp6_heavy_handcarry,random,baseline,12351,6,1461,1023,96,42.93333333333333,124,heavy_handcarry
exp6_heavy_handcarry,back_to_front,baseline,12351,6,1775,1780,79,105.82777777777778,282,heavy_handcarry
exp6_heavy_handcarry,outside_in,baseline,12351,6,1281,936,0,30.45,98,heavy_handcarry
exp6_heavy_handcarry,steffen,baseline,12351,6,702,1172,0,14.144444444444444,56,heavy_handcarry
exp6_heavy_handcarry,random,baseline,12352,7,1428,1121,85,38.84444444444444,102,heavy_handcarry
exp6_heavy_handcarry,back_to_front,baseline,12352,7,1849,1778,83,103.60555555555555,284,heavy_handcarry
exp6_heavy_handcarry,outside_in,baseline,12352,7,1134,1087,0,30.333333333333332,88,heavy_handcarry
exp6_heavy_handcarry,steffen,baseline,12352,7,740,1235,0,13.394444444444444,51,heavy_handcarry
exp6_heavy_handcarry,random,baseline,12353,8,1369,996,96,36.62777777777778,130,heavy_handcarry
exp6_heavy_handcarry,back_to_front,baseline,12353,8,1910,1878,86,110.21111111111111,267,heavy_handcarry
exp6_heavy_handcarry,outside_in,baseline,12353,8,1287,1060,0,33.30555555555556,110,heavy_handcarry
exp6_heavy_handcarry,steffen,baseline,12353,8,725,1433,0,14.411111111111111,47,heavy_handcarry
exp6_heavy_handcarry,random,baseline,12354,9,1378,1003,86,34.56111111111111,101,heavy_handcarry
exp6_heavy_handcarry,back_to_front,baseline,12354,9,1808,1646,87,96.56111111111112,240,heavy_handcarry
exp6_heavy_handcarry,outside_in,baseline,12354,9,1150,1019,0,30.57777777777778,93,heavy_handcarry
exp6_heavy_handcarry,steffen,baseline,12354,9,716,1256,0,13.455555555555556,50,heavy_handcarry
exp6_heavy_handcarry,random,baseline,12355,10,1393,977,88,34.22222222222222,106,heavy_handcarry
exp6_heavy_handcarry,back_to_front,baseline,12355,10,1792,1690,81,99.44444444444444,264,heavy_handcarry
exp6_heavy_handcarry,outside_in,baseline,12355,10,1141,1140,0,26.872222222222224,87,heavy_handcarry
exp6_heavy_handcarry,steffen,baseline,12355,10,715,1392,0,14.716666666666667,50,heavy_handcarry
exp6_heavy_handcarry,random,baseline,12356,11,1409,1179,91,45.98888888888889,137,heavy_handcarry
exp6_heavy_handcarry,back_to_front,baseline,12356,11,1742,1787,86,94.83888888888889,238,heavy_handcarry
exp6_heavy_handcarry,outside_in,baseline,12356,11,1152,1044,0,28.483333333333334,88,heavy_handcarry
exp6_heavy_handcarry,steffen,baseline,12356,11,709,1417,0,14.15,49,heavy_handcarry
exp6_heavy_handcarry,random,baseline,12357,12,1355,1015,75,34.62777777777778,110,heavy_handcarry
exp6_heavy_handcarry,back_to_front,baseline,12357,12,1879,1720,77,105.04444444444445,292,heavy_handcarry
exp6_heavy_handcarry,outside_in,baseline,12357,12,1148,1058,0,29.43888888888889,98,heavy_handcarry
exp6_heavy_handcarry,steffen,baseline,12357,12,753,991,0,12.222222222222221,54,heavy_handcarry
exp6_heavy_handcarry,random,baseline,12358,13,1390,1054,82,34.111111111111114,122,heavy_handcarry
exp6_heavy_handcarry,back_to_front,baseline,12358,13,1890,1732,89,101.76666666666667,230,heavy_handcarry
exp6_heavy_handcarry,outside_in,baseline,12358,13,1175,1127,0,28.166666666666668,86,heavy_handcarry
exp6_heavy_handcarry,steffen,baseline,12358,13,693,1260,0,12.994444444444444,46,heavy_handcarry
exp6_heavy_handcarry,random,baseline,12359,14,1307,1150,94,38.74444444444445,150,heavy_handcarry
exp6_heavy_handcarry,back_to_front,baseline,12359,14,1756,1872,83,88.55555555555556,241,heavy_handcarry
exp6_heavy_handcarry,outside_in,baseline,12359,14,1140,1242,0,32.0,88,heavy_handcarry
exp6_heavy_handcarry,steffen,baseline,12359,14,739,1361,0,14.6,56,heavy_handcarry
exp6_heavy_handcarry,random,baseline,12360,15,1352,1083,87,37.69444444444444,127,heavy_handcarry
exp6_heavy_handcarry,back_to_front,baseline,12360,15,1878,1838,102,103.43888888888888,248,heavy_handcarry
exp6_heavy_handcarry,outside_in,baseline,12360,15,1147,1051,0,30.316666666666666,100,heavy_handcarry
exp6_heavy_handcarry,steffen,baseline,12360,15,733,1354,0,15.222222222222221,78,heavy_handcarry
exp6_heavy_handcarry,random,baseline,12361,16,1389,1164,82,42.22222222222222,115,heavy_handcarry
exp6_heavy_handcarry,back_to_front,baseline,12361,16,1691,1723,95,89.21666666666667,213,heavy_handcarry
exp6_heavy_handcarry,outside_in,baseline,12361,16,1127,1106,0,27.983333333333334,84,heavy_handcarry
exp6_heavy_handcarry,steffen,baseline,12361,16,750,1229,0,13.6,80,heavy_handcarry
exp6_heavy_handcarry,random,baseline,12362,17,1427,1172,80,44.62222222222222,127,heavy_handcarry
exp6_heavy_handcarry,back_to_front,baseline,12362,17,1743,1898,102,104.06666666666666,272,heavy_handcarry
exp6_heavy_handcarry,outside_in,baseline,12362,17,1268,1077,0,32.31111111111111,107,heavy_handcarry
exp6_heavy_handcarry,steffen,baseline,12362,17,719,1351,0,14.13888888888889,56,heavy_handcarry
exp6_heavy_handcarry,random,baseline,12363,18,1365,998,83,35.57222222222222,108,heavy_handcarry
exp6_heavy_handcarry,back_to_front,baseline,12363,18,1834,1666,98,106.21666666666667,295,heavy_handcarry
exp6_heavy_handcarry,outside_in,baseline,12363,18,1304,996,0,32.983333333333334,98,heavy_handcarry
exp6_heavy_handcarry,steffen,baseline,12363,18,759,1037,0,14.055555555555555,53,heavy_handcarry
exp6_heavy_handcarry,random,baseline,12364,19,1399,1191,89,44.483333333333334,128,heavy_handcarry
exp6_heavy_handcarry,back_to_front,baseline,12364,19,1752,1642,89,100.11111111111111,249,heavy_handcarry
exp6_heavy_handcarry,outside_in,baseline,12364,19,1228,1127,0,33.62222222222222,124,heavy_handcarry
exp6_heavy_handcarry,steffen,baseline,12364,19,740,1142,0,12.75,50,heavy_handcarry
exp6_heavy_handcarry,random,baseline,12365,20,1256,1077,102,40.93888888888889,154,heavy_handcarry
exp6_heavy_handcarry,back_to_front,baseline,12365,20,2016,1845,82,120.0,321,heavy_handcarry
exp6_heavy_handcarry,outside_in,baseline,12365,20,1192,1114,0,33.727777777777774,109,heavy_handcarry
exp6_heavy_handcarry,steffen,baseline,12365,20,699,1235,0,12.966666666666667,51,heavy_handcarry
exp6_heavy_handcarry,random,baseline,12366,21,1351,1013,78,36.03888888888889,111,heavy_handcarry
exp6_heavy_handcarry,back_to_front,baseline,12366,21,1761,1790,84,100.57222222222222,259,heavy_handcarry
exp6_heavy_handcarry,outside_in,baseline,12366,21,1207,989,0,29.905555555555555,99,heavy_handcarry
exp6_heavy_handcarry,steffen,baseline,12366,21,754,1142,0,13.45,49,heavy_handcarry
exp6_heavy_handcarry,random,baseline,12367,22,1456,960,88,36.227777777777774,152,heavy_handcarry
exp6_heavy_handcarry,back_to_front,baseline,12367,22,1738,1879,94,101.87777777777778,294,heavy_handcarry
exp6_heavy_handcarry,outside_in,baseline,12367,22,1215,1041,0,33.172222222222224,107,heavy_handcarry
exp6_heavy_handcarry,steffen,baseline,12367,22,705,1414,0,14.727777777777778,63,heavy_handcarry
exp6_heavy_handcarry,random,baseline,12368,23,1568,1078,93,43.33888888888889,120,heavy_handcarry
exp6_heavy_handcarry,back_to_front,baseline,12368,23,1907,1743,76,108.47222222222223,323,heavy_handcarry
exp6_heavy_handcarry,outside_in,baseline,12368,23,1084,983,0,23.783333333333335,80,heavy_handcarry
exp6_heavy_handcarry,steffen,baseline,12368,23,713,1314,0,14.438888888888888,53,heavy_handcarry
exp6_heavy_handcarry,random,baseline,12369,24,1227,1246,100,38.644444444444446,113,heavy_handcarry
exp6_heavy_handcarry,back_to_front,baseline,12369,24,1818,1873,89,107.31111111111112,278,heavy_handcarry
exp6_heavy_handcarry,outside_in,baseline,12369,24,1227,1041,0,31.05,107,heavy_handcarry
exp6_heavy_handcarry,steffen,baseline,12369,24,726,1301,0,13.955555555555556,52,heavy_handcarry
exp6_heavy_handcarry,random,baseline,12370,25,1421,1119,81,36.46666666666667,102,heavy_handcarry
exp6_heavy_handcarry,back_to_front,baseline,12370,25,1771,1738,86,91.41111111111111,225,heavy_handcarry
exp6_heavy_handcarry,outside_in,baseline,12370,25,1205,900,0,26.27777777777778,87,heavy_handcarry
exp6_heavy_handcarry,steffen,baseline,12370,25,727,1162,0,13.777777777777779,48,heavy_handcarry
exp6_heavy_handcarry,random,baseline,12371,26,1442,1153,89,46.205555555555556,130,heavy_handcarry
exp6_heavy_handcarry,back_to_front,baseline,12371,26,1730,1770,84,90.30555555555556,224,heavy_handcarry
exp6_heavy_handcarry,outside_in,baseline,12371,26,1205,1052,0,31.538888888888888,98,heavy_handcarry
exp6_heavy_handcarry,steffen,baseline,12371,26,717,1256,0,14.28888888888889,52,heavy_handcarry
exp6_heavy_handcarry,random,baseline,12372,27,1523,1015,85,41.74444444444445,115,heavy_handcarry
exp6_heavy_handcarry,back_to_front,baseline,12372,27,1844,1779,97,103.28888888888889,243,heavy_handcarry
exp6_heavy_handcarry,outside_in,baseline,12372,27,1154,1039,0,27.238888888888887,89,heavy_handcarry
exp6_heavy_handcarry,steffen,baseline,12372,27,711,1372,0,13.822222222222223,66,heavy_handcarry
exp6_heavy_handcarry,random,baseline,12373,28,1312,1058,91,35.016666666666666,126,heavy_handcarry
exp6_heavy_handcarry,back_to_front,baseline,12373,28,1793,1851,82,101.4,285,heavy_handcarry
exp6_heavy_handcarry,outside_in,baseline,12373,28,1192,1098,0,31.094444444444445,94,heavy_handcarry
exp6_heavy_handcarry,steffen,baseline,12373,28,726,1327,0,13.78888888888889,57,heavy_handcarry
exp6_heavy_handcarry,random,baseline,12374,29,1344,990,81,35.33888888888889,133,heavy_handcarry
exp6_heavy_handcarry,back_to_front,baseline,12374,29,1885,1801,88,113.56666666666666,317,heavy_handcarry
exp6_heavy_handcarry,outside_in,baseline,12374,29,1150,955,0,30.288888888888888,93,heavy_handcarry
exp6_heavy_handcarry,steffen,baseline,12374,29,682,1213,0,13.516666666666667,54,heavy_handcarry
exp6_heavy_handcarry,random,baseline,12375,30,1491,1095,101,41.83888888888889,153,heavy_handcarry
exp6_heavy_handcarry,back_to_front,baseline,12375,30,1738,1740,98,90.61111111111111,257,heavy_handcarry
exp6_heavy_handcarry,outside_in,baseline,12375,30,1215,1079,0,28.872222222222224,85,heavy_handcarry
exp6_heavy_handcarry,steffen,baseline,12375,30,746,1431,0,15.644444444444444,58,heavy_handcarry
exp6_heavy_handcarry,random,baseline,12376,31,1381,1076,89,37.38333333333333,136,heavy_handcarry
exp6_heavy_handcarry,back_to_front,baseline,12376,31,1746,1730,86,99.92777777777778,286,heavy_handcarry
exp6_heavy_handcarry,outside_in,baseline,12376,31,1109,1112,0,28.738888888888887,82,heavy_handcarry
exp6_heavy_handcarry,steffen,baseline,12376,31,715,1234,0,13.766666666666667,65,heavy_handcarry
exp6_heavy_handcarry,random,baseline,12377,32,1314,1082,79,36.43333333333333,135,heavy_handcarry
exp6_heavy_handcarry,back_to_front,baseline,12377,32,1899,1857,88,111.42222222222222,340,heavy_handcarry
exp6_heavy_handcarry,outside_in,baseline,12377,32,1204,1037,0,30.83888888888889,101,heavy_handcarry
exp6_heavy_handcarry,steffen,baseline,12377,32,746,1341,0,14.25,50,heavy_handcarry
exp6_heavy_handcarry,random,baseline,12378,33,1510,1070,95,43.90555555555556,118,heavy_handcarry
exp6_heavy_handcarry,back_to_front,baseline,12378,33,1969,1803,97,106.52222222222223,246,heavy_handcarry
exp6_heavy_handcarry,outside_in,baseline,12378,33,1166,1055,0,33.09444444444444,117,heavy_handcarry
exp6_heavy_handcarry,steffen,baseline,12378,33,718,1227,0,13.444444444444445,44,heavy_handcarry
exp6_heavy_handcarry,random,baseline,12379,34,1318,970,82,28.07777777777778,93,heavy_handcarry
exp6_heavy_handcarry,back_to_front,baseline,12379,34,1785,1802,89,105.58888888888889,253,heavy_handcarry
exp6_heavy_handcarry,outside_in,baseline,12379,34,1158,1120,0,30.977777777777778,105,heavy_handcarry
exp6_heavy_handcarry,steffen,baseline,12379,34,723,1253,0,13.311111111111112,51,heavy_handcarry
exp6_heavy_handcarry,random,baseline,12380,35,1258,1073,79,35.75,122,heavy_handcarry
exp6_heavy_handcarry,back_to_front,baseline,12380,35,1775,1816,88,107.43888888888888,277,heavy_handcarry
exp6_heavy_handcarry,outside_in,baseline,12380,35,1179,1127,0,28.8,98,heavy_handcarry
exp6_heavy_handcarry,steffen,baseline,12380,35,748,1357,0,13.877777777777778,56,heavy_handcarry
exp6_heavy_handcarry,random,baseline,12381,36,1351,1150,83,41.611111111111114,127,heavy_handcarry
exp6_heavy_handcarry,back_to_front,baseline,12381,36,1842,1815,87,113.83333333333333,275,heavy_handcarry
exp6_heavy_handcarry,outside_in,baseline,12381,36,1200,1163,0,33.55555555555556,87,heavy_handcarry
exp6_heavy_handcarry,steffen,baseline,12381,36,722,1469,0,15.261111111111111,52,heavy_handcarry
exp6_heavy_handcarry,random,baseline,12382,37,1355,998,96,40.27777777777778,120,heavy_handcarry
exp6_heavy_handcarry,back_to_front,baseline,12382,37,1889,1655,100,103.17222222222222,267,heavy_handcarry
exp6_heavy_handcarry,outside_in,baseline,12382,37,1200,999,0,29.877777777777776,91,heavy_handcarry
exp6_heavy_handcarry,steffen,baseline,12382,37,729,1097,0,12.505555555555556,50,heavy_handcarry
exp6_heavy_handcarry,random,baseline,12383,38,1371,1119,89,35.87777777777778,105,heavy_handcarry
exp6_heavy_handcarry,back_to_front,baseline,12383,38,1782,1727,96,98.51666666666667,247,heavy_handcarry
exp6_heavy_handcarry,outside_in,baseline,12383,38,1156,1020,0,29.761111111111113,108,heavy_handcarry
exp6_heavy_handcarry,steffen,baseline,12383,38,731,1413,0,14.933333333333334,55,heavy_handcarry
exp6_heavy_handcarry,random,baseline,12384,39,1391,1067,102,37.91111111111111,143,heavy_handcarry
exp6_heavy_handcarry,back_to_front,baseline,12384,39,1826,1720,93,102.71111111111111,259,heavy_handcarry
exp6_heavy_handcarry,outside_in,baseline,12384,39,1248,1062,0,38.13333333333333,120,heavy_handcarry
exp6_heavy_handcarry,steffen,baseline,12384,39,707,1286,0,14.03888888888889,51,heavy_handcarry
exp6_heavy_handcarry,random,baseline,12385,40,1366,1085,90,36.22222222222222,117,heavy_handcarry
exp6_heavy_handcarry,back_to_front,baseline,12385,40,1752,1760,93,98.81666666666666,308,heavy_handcarry
exp6_heavy_handcarry,outside_in,baseline,12385,40,1049,1045,0,26.35,84,heavy_handcarry
exp6_heavy_handcarry,steffen,baseline,12385,40,747,1400,0,14.261111111111111,64,heavy_handcarry
exp6_heavy_handcarry,random,baseline,12386,41,1398,1142,95,41.422222222222224,156,heavy_handcarry
exp6_heavy_handcarry,back_to_front,baseline,12386,41,1671,1785,74,89.4,227,heavy_handcarry
exp6_heavy_handcarry,outside_in,baseline,12386,41,1180,987,0,30.566666666666666,99,heavy_handcarry
exp6_heavy_handcarry,steffen,baseline,12386,41,731,1360,0,14.35,65,heavy_handcarry
exp6_heavy_handcarry,random,baseline,12387,42,1456,1002,90,33.44444444444444,100,heavy_handcarry
exp6_heavy_handcarry,back_to_front,baseline,12387,42,1910,1603,96,104.20555555555555,236,heavy_handcarry
exp6_heavy_handcarry,outside_in,baseline,12387,42,1137,1038,0,32.18333333333333,103,heavy_handcarry
exp6_heavy_handcarry,steffen,baseline,12387,42,753,1049,0,12.572222222222223,48,heavy_handcarry
exp6_heavy_handcarry,random,baseline,12388,43,1237,1013,90,30.766666666666666,95,heavy_handcarry
exp6_heavy_handcarry,back_to_front,baseline,12388,43,1829,1759,99,96.2388888888889,216,heavy_handcarry
exp6_heavy_handcarry,outside_in,baseline,12388,43,1312,1025,0,34.166666666666664,95,heavy_handcarry
exp6_heavy_handcarry,steffen,baseline,12388,43,693,1433,0,14.866666666666667,48,heavy_handcarry
exp6_heavy_handcarry,random,baseline,12389,44,1423,1073,97,42.63333333333333,179,heavy_handcarry
exp6_heavy_handcarry,back_to_front,baseline,12389,44,1756,1777,80,99.14444444444445,273,heavy_handcarry
exp6_heavy_handcarry,outside_in,baseline,12389,44,1105,1066,0,25.705555555555556,83,heavy_handcarry
exp6_heavy_handcarry,steffen,baseline,12389,44,726,1149,0,13.366666666666667,48,heavy_handcarry
exp6_heavy_handcarry,random,baseline,12390,45,1429,1048,92,36.455555555555556,105,heavy_handcarry
exp6_heavy_handcarry,back_to_front,baseline,12390,45,1855,1735,96,106.37777777777778,272,heavy_handcarry
exp6_heavy_handcarry,outside_in,baseline,12390,45,1216,996,0,32.42777777777778,123,heavy_handcarry
exp6_heavy_handcarry,steffen,baseline,12390,45,711,1246,0,13.733333333333333,52,heavy_handcarry
exp6_heavy_handcarry,random,baseline,12391,46,1330,1067,91,34.74444444444445,98,heavy_handcarry
exp6_heavy_handcarry,back_to_front,baseline,12391,46,1778,1754,92,93.66111111111111,225,heavy_handcarry
exp6_heavy_handcarry,outside_in,baseline,12391,46,1163,1080,0,28.93888888888889,128,heavy_handcarry
exp6_heavy_handcarry,steffen,baseline,12391,46,732,1277,0,15.11111111111111,52,heavy_handcarry
exp6_heavy_handcarry,random,baseline,12392,47,1389,1074,90,41.68888888888889,137,heavy_handcarry
exp6_heavy_handcarry,back_to_front,baseline,12392,47,1871,1732,85,106.18333333333334,293,heavy_handcarry
exp6_heavy_handcarry,outside_in,baseline,12392,47,1274,1044,0,42.32222222222222,149,heavy_handcarry
exp6_heavy_handcarry,steffen,baseline,12392,47,757,1004,0,13.338888888888889,51,heavy_handcarry
exp6_heavy_handcarry,random,baseline,12393,48,1452,1182,101,42.17777777777778,130,heavy_handcarry
exp6_heavy_handcarry,back_to_front,baseline,12393,48,1809,1763,105,101.16666666666667,260,heavy_handcarry
exp6_heavy_handcarry,outside_in,baseline,12393,48,1127,1091,0,30.4,108,heavy_handcarry
exp6_heavy_handcarry,steffen,baseline,12393,48,699,1268,0,13.927777777777777,50,heavy_handcarry
exp6_heavy_handcarry,random,baseline,12394,49,1320,1091,85,41.49444444444445,129,heavy_handcarry
exp6_heavy_handcarry,back_to_front,baseline,12394,49,1944,1773,79,104.98333333333333,260,heavy_handcarry
exp6_heavy_handcarry,outside_in,baseline,12394,49,1191,1057,0,33.327777777777776,103,heavy_handcarry
exp6_heavy_handcarry,steffen,baseline,12394,49,726,1177,0,13.544444444444444,60,heavy_handcarry
exp6_heavy_handcarry,random,baseline,12395,50,1347,1114,90,40.43333333333333,124,heavy_handcarry
exp6_heavy_handcarry,back_to_front,baseline,12395,50,1797,1701,93,97.15,310,heavy_handcarry
exp6_heavy_handcarry,outside_in,baseline,12395,50,1223,902,0,27.444444444444443,74,heavy_handcarry
exp6_heavy_handcarry,steffen,baseline,12395,50,730,1168,0,12.744444444444444,45,heavy_handcarry
exp6_heavy_handcarry,random,baseline,12396,51,1363,1099,97,44.93888888888889,158,heavy_handcarry
exp6_heavy_handcarry,back_to_front,baseline,12396,51,1867,1838,90,109.62777777777778,278,heavy_handcarry
exp6_heavy_handcarry,outside_in,baseline,12396,51,1114,1094,0,28.305555555555557,119,heavy_handcarry
exp6_heavy_handcarry,steffen,baseline,12396,51,699,1178,0,13.055555555555555,56,heavy_handcarry
exp6_heavy_handcarry,random,baseline,12397,52,1409,1248,90,49.416666666666664,150,heavy_handcarry
exp6_heavy_handcarry,back_to_front,baseline,12397,52,1734,1610,91,93.8,229,heavy_handcarry
exp6_heavy_handcarry,outside_in,baseline,12397,52,1216,961,0,28.927777777777777,92,heavy_handcarry
exp6_heavy_handcarry,steffen,baseline,12397,52,744,1232,0,13.205555555555556,51,heavy_handcarry
exp6_heavy_handcarry,random,baseline,12398,53,1340,1060,79,35.23888888888889,161,heavy_handcarry
exp6_heavy_handcarry,back_to_front,baseline,12398,53,1759,1741,97,98.74444444444444,305,heavy_handcarry
exp6_heavy_handcarry,outside_in,baseline,12398,53,1184,1131,0,27.477777777777778,80,heavy_handcarry
exp6_heavy_handcarry,steffen,baseline,12398,53,694,1307,0,14.283333333333333,61,heavy_handcarry
exp6_heavy_handcarry,random,baseline,12399,54,1464,1072,98,37.48888888888889,124,heavy_handcarry
exp6_heavy_handcarry,back_to_front,baseline,12399,54,1805,1560,90,92.2388888888889,202,heavy_handcarry
exp6_heavy_handcarry,outside_in,baseline,12399,54,1221,1100,0,31.177777777777777,115,heavy_handcarry
exp6_heavy_handcarry,steffen,baseline,12399,54,704,1099,0,12.844444444444445,57,heavy_handcarry
exp6_heavy_handcarry,random,baseline,12400,55,1417,1087,88,39.8,124,heavy_handcarry
exp6_heavy_handcarry,back_to_front,baseline,12400,55,1760,1730,89,104.65555555555555,266,heavy_handcarry
exp6_heavy_handcarry,outside_in,baseline,12400,55,1101,1122,0,29.322222222222223,105,heavy_handcarry
exp6_heavy_handcarry,steffen,baseline,12400,55,735,1435,0,14.616666666666667,58,heavy_handcarry
exp6_heavy_handcarry,random,baseline,12401,56,1256,1121,85,38.483333333333334,109,heavy_handcarry
exp6_heavy_handcarry,back_to_front,baseline,12401,56,1807,1779,93,102.65555555555555,299,heavy_handcarry
exp6_heavy_handcarry,outside_in,baseline,12401,56,1060,1006,0,28.616666666666667,88,heavy_handcarry
exp6_heavy_handcarry,steffen,baseline,12401,56,730,1153,0,12.688888888888888,48,heavy_handcarry
exp6_heavy_handcarry,random,baseline,12402,57,1367,1044,104,38.766666666666666,133,heavy_handcarry
exp6_heavy_handcarry,back_to_front,baseline,12402,57,1883,1817,90,105.43333333333334,274,heavy_handcarry
exp6_heavy_handcarry,outside_in,baseline,12402,57,1160,1129,0,36.75,109,heavy_handcarry
exp6_heavy_handcarry,steffen,baseline,12402,57,707,1140,0,13.28888888888889,56,heavy_handcarry
exp6_heavy_handcarry,random,baseline,12403,58,1393,1150,84,43.22222222222222,133,heavy_handcarry
exp6_heavy_handcarry,back_to_front,baseline,12403,58,1897,1819,85,107.11666666666666,313,heavy_handcarry
exp6_heavy_handcarry,outside_in,baseline,12403,58,1118,886,0,30.35,88,heavy_handcarry
exp6_heavy_handcarry,steffen,baseline,12403,58,715,951,0,12.105555555555556,69,heavy_handcarry
exp6_heavy_handcarry,random,baseline,12404,59,1244,1189,85,37.34444444444444,128,heavy_handcarry
exp6_heavy_handcarry,back_to_front,baseline,12404,59,1887,1880,84,105.53888888888889,264,heavy_handcarry
exp6_heavy_handcarry,outside_in,baseline,12404,59,1177,957,0,28.05,93,heavy_handcarry
exp6_heavy_handcarry,steffen,baseline,12404,59,697,1206,0,13.427777777777777,50,heavy_handcarry
exp6_heavy_handcarry,random,baseline,12405,60,1484,1102,98,43.6,175,heavy_handcarry
exp6_heavy_handcarry,back_to_front,baseline,12405,60,1827,1717,98,107.45555555555555,278,heavy_handcarry
exp6_heavy_handcarry,outside_in,baseline,12405,60,1189,1070,0,32.55555555555556,96,heavy_handcarry
exp6_heavy_handcarry,steffen,baseline,12405,60,714,1273,0,14.305555555555555,53,heavy_handcarry
exp6_heavy_handcarry,random,baseline,12406,61,1309,1201,96,38.08888888888889,121,heavy_handcarry
exp6_heavy_handcarry,back_to_front,baseline,12406,61,1905,1792,87,106.90555555555555,249,heavy_handcarry
exp6_heavy_handcarry,outside_in,baseline,12406,61,1168,1108,0,28.494444444444444,106,heavy_handcarry
exp6_heavy_handcarry,steffen,baseline,12406,61,719,1334,0,14.572222222222223,47,heavy_handcarry
exp6_heavy_handcarry,random,baseline,12407,62,1316,1079,88,41.67777777777778,156,heavy_handcarry
exp6_heavy_handcarry,back_to_front,baseline,12407,62,1909,1870,93,114.47222222222223,282,heavy_handcarry
exp6_heavy_handcarry,outside_in,baseline,12407,62,1089,957,0,24.183333333333334,82,heavy_handcarry
exp6_heavy_handcarry,steffen,baseline,12407,62,704,1223,0,13.333333333333334,54,heavy_handcarry
exp6_heavy_handcarry,random,baseline,12408,63,1281,1071,93,37.983333333333334,123,heavy_handcarry
exp6_heavy_handcarry,back_to_front,baseline,12408,63,1853,1695,96,99.12777777777778,252,heavy_handcarry
exp6_heavy_handcarry,outside_in,baseline,12408,63,1222,1088,0,35.92777777777778,114,heavy_handcarry
exp6_heavy_handcarry,steffen,baseline,12408,63,721,1288,0,13.183333333333334,49,heavy_handcarry
exp6_heavy_handcarry,random,baseline,12409,64,1459,1061,95,42.28888888888889,122,heavy_handcarry
exp6_heavy_handcarry,back_to_front,baseline,12409,64,1979,1895,97,126.7388888888889,309,heavy_handcarry
exp6_heavy_handcarry,outside_in,baseline,12409,64,1202,1007,0,26.794444444444444,100,heavy_handcarry
exp6_heavy_handcarry,steffen,baseline,12409,64,772,1294,0,15.305555555555555,75,heavy_handcarry
exp6_heavy_handcarry,random,baseline,12410,65,1416,1127,91,41.022222222222226,120,heavy_handcarry
exp6_heavy_handcarry,back_to_front,baseline,12410,65,1842,1883,97,108.08888888888889,236,heavy_handcarry
exp6_heavy_handcarry,outside_in,baseline,12410,65,1138,1129,0,29.233333333333334,96,heavy_handcarry
exp6_heavy_handcarry,steffen,baseline,12410,65,715,1344,0,14.205555555555556,50,heavy_handcarry
exp6_heavy_handcarry,random,baseline,12411,66,1436,992,96,34.888888888888886,128,heavy_handcarry
exp6_heavy_handcarry,back_to_front,baseline,12411,66,1769,1611,96,95.13333333333334,273,heavy_handcarry
exp6_heavy_handcarry,outside_in,baseline,12411,66,1127,1026,0,26.294444444444444,82,heavy_handcarry
exp6_heavy_handcarry,steffen,baseline,12411,66,731,1011,0,12.61111111111111,48,heavy_handcarry
exp6_heavy_handcarry,random,baseline,12412,67,1370,1023,78,40.19444444444444,132,heavy_handcarry
exp6_heavy_handcarry,back_to_front,baseline,12412,67,1837,1850,98,101.07777777777778,239,heavy_handcarry
exp6_heavy_handcarry,outside_in,baseline,12412,67,1222,1102,0,33.45,92,heavy_handcarry
exp6_heavy_handcarry,steffen,baseline,12412,67,710,1332,0,13.883333333333333,51,heavy_handcarry
exp6_heavy_handcarry,random,baseline,12413,68,1429,1038,107,40.794444444444444,127,heavy_handcarry
exp6_heavy_handcarry,back_to_front,baseline,12413,68,1944,1662,83,108.87222222222222,295,heavy_handcarry
exp6_heavy_handcarry,outside_in,baseline,12413,68,1232,1066,0,36.416666666666664,129,heavy_handcarry
exp6_heavy_handcarry,steffen,baseline,12413,68,701,1142,0,12.877777777777778,48,heavy_handcarry
exp6_heavy_handcarry,random,baseline,12414,69,1516,1139,86,42.16111111111111,138,heavy_handcarry
exp6_heavy_handcarry,back_to_front,baseline,12414,69,1863,1818,85,103.38888888888889,243,heavy_handcarry
exp6_heavy_handcarry,outside_in,baseline,12414,69,1154,1087,0,31.594444444444445,108,heavy_handcarry
exp6_heavy_handcarry,steffen,baseline,12414,69,743,1258,0,13.411111111111111,60,heavy_handcarry
exp6_heavy_handcarry,random,baseline,12415,70,1211,1108,90,33.28333333333333,107,heavy_handcarry
exp6_heavy_handcarry,back_to_front,baseline,12415,70,1820,1815,88,99.78888888888889,250,heavy_handcarry
exp6_heavy_handcarry,outside_in,baseline,12415,70,1166,1016,0,28.866666666666667,80,heavy_handcarry
exp6_heavy_handcarry,steffen,baseline,12415,70,732,1466,0,14.344444444444445,50,heavy_handcarry
exp6_heavy_handcarry,random,baseline,12416,71,1328,1029,81,32.65,137,heavy_handcarry
exp6_heavy_handcarry,back_to_front,baseline,12416,71,1805,1868,92,98.54444444444445,223,heavy_handcarry
exp6_heavy_handcarry,outside_in,baseline,12416,71,1118,964,0,25.916666666666668,86,heavy_handcarry
exp6_heavy_handcarry,steffen,baseline,12416,71,670,1447,0,13.894444444444444,51,heavy_handcarry
exp6_heavy_handcarry,random,baseline,12417,72,1425,1005,85,32.888888888888886,106,heavy_handcarry
exp6_heavy_handcarry,back_to_front,baseline,12417,72,1674,1699,93,90.43333333333334,217,heavy_handcarry
exp6_heavy_handcarry,outside_in,baseline,12417,72,1242,1100,0,33.23888888888889,102,heavy_handcarry
exp6_heavy_handcarry,steffen,baseline,12417,72,723,1165,0,13.233333333333333,47,heavy_handcarry
exp6_heavy_handcarry,random,baseline,12418,73,1375,1106,89,40.99444444444445,170,heavy_handcarry
exp6_heavy_handcarry,back_to_front,baseline,12418,73,1890,1789,93,109.29444444444445,265,heavy_handcarry
exp6_heavy_handcarry,outside_in,baseline,12418,73,1230,1052,0,32.522222222222226,104,heavy_handcarry
exp6_heavy_handcarry,steffen,baseline,12418,73,722,1120,0,12.6,66,heavy_handcarry
exp6_heavy_handcarry,random,baseline,12419,74,1453,1146,92,43.01111111111111,120,heavy_handcarry
exp6_heavy_handcarry,back_to_front,baseline,12419,74,1684,1718,80,90.64444444444445,244,heavy_handcarry
exp6_heavy_handcarry,outside_in,baseline,12419,74,1188,1037,0,30.4,94,heavy_handcarry
exp6_heavy_handcarry,steffen,baseline,12419,74,727,1292,0,13.5,66,heavy_handcarry
exp6_heavy_handcarry,random,baseline,12420,75,1426,1134,93,37.355555555555554,142,heavy_handcarry
exp6_heavy_handcarry,back_to_front,baseline,12420,75,1642,1749,89,96.53333333333333,251,heavy_handcarry
exp6_heavy_handcarry,outside_in,baseline,12420,75,1087,971,0,24.488888888888887,93,heavy_handcarry
exp6_heavy_handcarry,steffen,baseline,12420,75,746,1355,0,14.577777777777778,58,heavy_handcarry
exp6_heavy_handcarry,random,baseline,12421,76,1332,1102,98,38.81666666666667,121,heavy_handcarry
exp6_heavy_handcarry,back_to_front,baseline,12421,76,1787,1860,86,104.07222222222222,320,heavy_handcarry
exp6_heavy_handcarry,outside_in,baseline,12421,76,1188,1138,0,28.155555555555555,85,heavy_handcarry
exp6_heavy_handcarry,steffen,baseline,12421,76,708,1322,0,13.855555555555556,44,heavy_handcarry
exp6_heavy_handcarry,random,baseline,12422,77,1362,1272,87,42.477777777777774,129,heavy_handcarry
exp6_heavy_handcarry,back_to_front,baseline,12422,77,1816,1939,79,99.4888888888889,231,heavy_handcarry
exp6_heavy_handcarry,outside_in,baseline,12422,77,1185,1191,0,33.31111111111111,101,heavy_handcarry
exp6_heavy_handcarry,steffen,baseline,12422,77,743,1271,0,13.544444444444444,49,heavy_handcarry
exp6_heavy_handcarry,random,baseline,12423,78,1452,1094,99,43.36666666666667,165,heavy_handcarry
exp6_heavy_handcarry,back_to_front,baseline,12423,78,1840,1699,89,102.06111111111112,278,heavy_handcarry
exp6_heavy_handcarry,outside_in,baseline,12423,78,1187,1170,0,29.038888888888888,101,heavy_handcarry
exp6_heavy_handcarry,steffen,baseline,12423,78,699,1245,0,12.988888888888889,57,heavy_handcarry
exp6_heavy_handcarry,random,baseline,12424,79,1311,1037,87,34.73888888888889,109,heavy_handcarry
exp6_heavy_handcarry,back_to_front,baseline,12424,79,1707,1581,91,94.40555555555555,266,heavy_handcarry
exp6_heavy_handcarry,outside_in,baseline,12424,79,1126,998,0,29.91111111111111,114,heavy_handcarry
exp6_heavy_handcarry,steffen,baseline,12424,79,722,1171,0,13.655555555555555,49,heavy_handcarry
exp6_heavy_handcarry,random,baseline,12425,80,1356,1039,97,34.93333333333333,109,heavy_handcarry
exp6_heavy_handcarry,back_to_front,baseline,12425,80,1744,1785,95,104.54444444444445,293,heavy_handcarry
exp6_heavy_handcarry,outside_in,baseline,12425,80,1292,1037,0,32.95,98,heavy_handcarry
exp6_heavy_handcarry,steffen,baseline,12425,80,751,1173,0,13.63888888888889,76,heavy_handcarry
exp6_heavy_handcarry,random,baseline,12426,81,1316,1077,97,38.394444444444446,156,heavy_handcarry
exp6_heavy_handcarry,back_to_front,baseline,12426,81,1811,1832,77,100.52777777777777,253,heavy_handcarry
exp6_heavy_handcarry,outside_in,baseline,12426,81,1211,1119,0,31.8,99,heavy_handcarry
exp6_heavy_handcarry,steffen,baseline,12426,81,698,1389,0,14.305555555555555,42,heavy_handcarry
exp6_heavy_handcarry,random,baseline,12427,82,1263,1084,81,32.96111111111111,113,heavy_handcarry
exp6_heavy_handcarry,back_to_front,baseline,12427,82,1872,1791,91,107.76666666666667,268,heavy_handcarry
exp6_heavy_handcarry,outside_in,baseline,12427,82,1281,1006,0,32.18333333333333,99,heavy_handcarry
exp6_heavy_handcarry,steffen,baseline,12427,82,709,1240,0,13.322222222222223,51,heavy_handcarry
exp6_heavy_handcarry,random,baseline,12428,83,1303,1009,80,31.844444444444445,110,heavy_handcarry
exp6_heavy_handcarry,back_to_front,baseline,12428,83,1859,1812,93,102.47777777777777,215,heavy_handcarry
exp6_heavy_handcarry,outside_in,baseline,12428,83,1219,1072,0,31.727777777777778,107,heavy_handcarry
exp6_heavy_handcarry,steffen,baseline,12428,83,711,1293,0,14.266666666666667,48,heavy_handcarry
exp6_heavy_handcarry,random,baseline,12429,84,1388,1065,87,44.46111111111111,179,heavy_handcarry
exp6_heavy_handcarry,back_to_front,baseline,12429,84,1767,1809,96,97.63888888888889,217,heavy_handcarry
exp6_heavy_handcarry,outside_in,baseline,12429,84,1124,997,0,27.283333333333335,89,heavy_handcarry
exp6_heavy_handcarry,steffen,baseline,12429,84,706,1279,0,13.194444444444445,45,heavy_handcarry
exp6_heavy_handcarry,random,baseline,12430,85,1367,1079,103,39.044444444444444,133,heavy_handcarry
exp6_heavy_handcarry,back_to_front,baseline,12430,85,1877,1641,87,108.50555555555556,285,heavy_handcarry
exp6_heavy_handcarry,outside_in,baseline,12430,85,1096,1008,0,29.677777777777777,86,heavy_handcarry
exp6_heavy_handcarry,steffen,baseline,12430,85,721,1180,0,12.933333333333334,63,heavy_handcarry
exp6_heavy_handcarry,random,baseline,12431,86,1420,1189,97,38.727777777777774,125,heavy_handcarry
exp6_heavy_handcarry,back_to_front,baseline,12431,86,1748,1736,84,100.34444444444445,265,heavy_handcarry
exp6_heavy_handcarry,outside_in,baseline,12431,86,1251,946,0,33.18888888888889,113,heavy_handcarry
exp6_heavy_handcarry,steffen,baseline,12431,86,730,1406,0,14.894444444444444,56,heavy_handcarry
exp6_heavy_handcarry,random,baseline,12432,87,1386,1134,95,37.41111111111111,103,heavy_handcarry
exp6_heavy_handcarry,back_to_front,baseline,12432,87,1967,1888,92,116.84444444444445,298,heavy_handcarry
exp6_heavy_handcarry,outside_in,baseline,12432,87,1219,913,0,25.68888888888889,83,heavy_handcarry
exp6_heavy_handcarry,steffen,baseline,12432,87,708,1145,0,12.161111111111111,45,heavy_handcarry
exp6_heavy_handcarry,random,baseline,12433,88,1454,1146,90,43.144444444444446,132,heavy_handcarry
exp6_heavy_handcarry,back_to_front,baseline,12433,88,1899,1832,83,106.63888888888889,265,heavy_handcarry
exp6_heavy_handcarry,outside_in,baseline,12433,88,1214,936,0,30.733333333333334,102,heavy_handcarry
exp6_heavy_handcarry,steffen,baseline,12433,88,753,1139,0,13.9,54,heavy_handcarry
exp6_heavy_handcarry,random,baseline,12434,89,1352,1063,92,36.43333333333333,140,heavy_handcarry
exp6_heavy_handcarry,back_to_front,baseline,12434,89,1655,1691,84,90.72222222222223,227,heavy_handcarry
exp6_heavy_handcarry,outside_in,baseline,12434,89,1109,996,0,28.83888888888889,88,heavy_handcarry
exp6_heavy_handcarry,steffen,baseline,12434,89,724,1308,0,12.983333333333333,45,heavy_handcarry
exp6_heavy_handcarry,random,baseline,12435,90,1405,1063,100,45.27777777777778,148,heavy_handcarry
exp6_heavy_handcarry,back_to_front,baseline,12435,90,1963,1845,87,108.51666666666667,273,heavy_handcarry
exp6_heavy_handcarry,outside_in,baseline,12435,90,1218,1047,0,27.56111111111111,92,heavy_handcarry
exp6_heavy_handcarry,steffen,baseline,12435,90,706,1026,0,11.744444444444444,44,heavy_handcarry
exp6_heavy_handcarry,random,baseline,12436,91,1420,1103,101,40.45,139,heavy_handcarry
exp6_heavy_handcarry,back_to_front,baseline,12436,91,1891,1833,85,102.08333333333333,251,heavy_handcarry
exp6_heavy_handcarry,outside_in,baseline,12436,91,1165,988,0,30.377777777777776,95,heavy_handcarry
exp6_heavy_handcarry,steffen,baseline,12436,91,707,972,0,11.883333333333333,44,heavy_handcarry
exp6_heavy_handcarry,random,baseline,12437,92,1348,1031,93,34.327777777777776,93,heavy_handcarry
exp6_heavy_handcarry,back_to_front,baseline,12437,92,1779,1844,93,100.65,223,heavy_handcarry
exp6_heavy_handcarry,outside_in,baseline,12437,92,1123,1180,0,32.894444444444446,118,heavy_handcarry
exp6_heavy_handcarry,steffen,baseline,12437,92,719,1234,0,12.71111111111111,48,heavy_handcarry
exp6_heavy_handcarry,random,baseline,12438,93,1271,1059,94,34.43333333333333,129,heavy_handcarry
exp6_heavy_handcarry,back_to_front,baseline,12438,93,1973,1820,87,115.28888888888889,326,heavy_handcarry
exp6_heavy_handcarry,outside_in,baseline,12438,93,1240,1176,0,34.73888888888889,98,heavy_handcarry
exp6_heavy_handcarry,steffen,baseline,12438,93,737,1377,0,14.633333333333333,50,heavy_handcarry
exp6_heavy_handcarry,random,baseline,12439,94,1355,956,92,34.016666666666666,112,heavy_handcarry
exp6_heavy_handcarry,back_to_front,baseline,12439,94,1901,1744,89,107.78888888888889,269,heavy_handcarry
exp6_heavy_handcarry,outside_in,baseline,12439,94,1145,1156,0,33.327777777777776,97,heavy_handcarry
exp6_heavy_handcarry,steffen,baseline,12439,94,742,1192,0,13.744444444444444,55,heavy_handcarry
exp6_heavy_handcarry,random,baseline,12440,95,1459,1076,89,41.455555555555556,156,heavy_handcarry
exp6_heavy_handcarry,back_to_front,baseline,12440,95,1755,1790,93,96.38888888888889,234,heavy_handcarry
exp6_heavy_handcarry,outside_in,baseline,12440,95,1190,1051,0,32.74444444444445,113,heavy_handcarry
exp6_heavy_handcarry,steffen,baseline,12440,95,757,1203,0,13.177777777777777,49,heavy_handcarry
exp6_heavy_handcarry,random,baseline,12441,96,1449,1050,90,40.94444444444444,123,heavy_handcarry
exp6_heavy_handcarry,back_to_front,baseline,12441,96,1625,1733,88,90.31111111111112,245,heavy_handcarry
exp6_heavy_handcarry,outside_in,baseline,12441,96,1081,1075,0,28.266666666666666,102,heavy_handcarry
exp6_heavy_handcarry,steffen,baseline,12441,96,721,1261,0,13.988888888888889,56,heavy_handcarry
exp6_heavy_handcarry,random,baseline,12442,97,1372,1177,93,43.34444444444444,142,heavy_handcarry
exp6_heavy_handcarry,back_to_front,baseline,12442,97,1816,1813,93,100.67777777777778,236,heavy_handcarry
exp6_heavy_handcarry,outside_in,baseline,12442,97,1174,1081,0,30.761111111111113,104,heavy_handcarry
exp6_heavy_handcarry,steffen,baseline,12442,97,751,1333,0,13.894444444444444,49,heavy_handcarry
exp6_heavy_handcarry,random,baseline,12443,98,1391,1211,85,50.90555555555556,155,heavy_handcarry
exp6_heavy_handcarry,back_to_front,baseline,12443,98,1882,1815,87,112.59444444444445,315,heavy_handcarry
exp6_heavy_handcarry,outside_in,baseline,12443,98,1175,1074,0,35.9,110,heavy_handcarry
exp6_heavy_handcarry,steffen,baseline,12443,98,703,1355,0,14.411111111111111,52,heavy_handcarry
exp6_heavy_handcarry,random,baseline,12444,99,1401,1056,84,38.40555555555556,107,heavy_handcarry
exp6_heavy_handcarry,back_to_front,baseline,12444,99,1926,1817,93,107.95,272,heavy_handcarry
exp6_heavy_handcarry,outside_in,baseline,12444,99,1205,1004,0,28.355555555555554,79,heavy_handcarry
exp6_heavy_handcarry,steffen,baseline,12444,99,710,1230,0,13.172222222222222,58,heavy_handcarry
exp6_heavy_handcarry,random,baseline,12445,100,1347,971,91,39.06111111111111,128,heavy_handcarry
exp6_heavy_handcarry,back_to_front,baseline,12445,100,1814,1748,85,108.77777777777777,271,heavy_handcarry
exp6_heavy_handcarry,outside_in,baseline,12445,100,1199,1014,0,31.794444444444444,95,heavy_handcarry
exp6_heavy_handcarry,steffen,baseline,12445,100,716,1094,0,13.2,69,heavy_handcarry
exp6_heavy_handcarry,random,baseline,12446,101,1455,1048,97,43.294444444444444,145,heavy_handcarry
exp6_heavy_handcarry,back_to_front,baseline,12446,101,1744,1806,99,99.99444444444444,243,heavy_handcarry
exp6_heavy_handcarry,outside_in,baseline,12446,101,1177,1077,0,28.294444444444444,93,heavy_handcarry
exp6_heavy_handcarry,steffen,baseline,12446,101,713,1215,0,13.21111111111111,46,heavy_handcarry
exp6_heavy_handcarry,random,baseline,12447,102,1521,1034,99,38.272222222222226,132,heavy_handcarry
exp6_heavy_handcarry,back_to_front,baseline,12447,102,1681,1761,87,91.64444444444445,254,heavy_handcarry
exp6_heavy_handcarry,outside_in,baseline,12447,102,1279,1189,0,33.81666666666667,113,heavy_handcarry
exp6_heavy_handcarry,steffen,baseline,12447,102,728,1438,0,14.916666666666666,51,heavy_handcarry
exp6_heavy_handcarry,random,baseline,12448,103,1506,1040,88,46.355555555555554,155,heavy_handcarry
exp6_heavy_handcarry,back_to_front,baseline,12448,103,1750,1791,75,93.83333333333333,259,heavy_handcarry
exp6_heavy_handcarry,outside_in,baseline,12448,103,1228,1103,0,30.42222222222222,93,heavy_handcarry
exp6_heavy_handcarry,steffen,baseline,12448,103,745,1378,0,14.772222222222222,75,heavy_handcarry
exp6_heavy_handcarry,random,baseline,12449,104,1382,1151,96,37.23888888888889,159,heavy_handcarry
exp6_heavy_handcarry,back_to_front,baseline,12449,104,1776,1734,83,91.20555555555555,225,heavy_handcarry
exp6_heavy_handcarry,outside_in,baseline,12449,104,1201,1086,0,31.944444444444443,98,heavy_handcarry
exp6_heavy_handcarry,steffen,baseline,12449,104,728,1182,0,13.5,55,heavy_handcarry
exp6_heavy_handcarry,random,baseline,12450,105,1370,1106,100,34.85,142,heavy_handcarry
exp6_heavy_handcarry,back_to_front,baseline,12450,105,1819,1694,86,94.16666666666667,252,heavy_handcarry
exp6_heavy_handcarry,outside_in,baseline,12450,105,1164,1121,0,31.594444444444445,88,heavy_handcarry
exp6_heavy_handcarry,steffen,baseline,12450,105,712,1250,0,13.63888888888889,51,heavy_handcarry
exp6_heavy_handcarry,random,baseline,12451,106,1466,989,103,40.49444444444445,168,heavy_handcarry
exp6_heavy_handcarry,back_to_front,baseline,12451,106,1809,1796,83,100.57777777777778,220,heavy_handcarry
exp6_heavy_handcarry,outside_in,baseline,12451,106,1262,1086,0,33.72222222222222,104,heavy_handcarry
exp6_heavy_handcarry,steffen,baseline,12451,106,728,1108,0,12.333333333333334,44,heavy_handcarry
exp6_heavy_handcarry,random,baseline,12452,107,1258,1107,69,36.97222222222222,127,heavy_handcarry
exp6_heavy_handcarry,back_to_front,baseline,12452,107,1974,1952,93,112.34444444444445,304,heavy_handcarry
exp6_heavy_handcarry,outside_in,baseline,12452,107,1186,1151,0,32.61666666666667,96,heavy_handcarry
exp6_heavy_handcarry,steffen,baseline,12452,107,712,1307,0,13.433333333333334,53,heavy_handcarry
exp6_heavy_handcarry,random,baseline,12453,108,1541,1045,95,42.28333333333333,141,heavy_handcarry
exp6_heavy_handcarry,back_to_front,baseline,12453,108,1856,1747,90,107.61111111111111,272,heavy_handcarry
exp6_heavy_handcarry,outside_in,baseline,12453,108,1119,1069,0,30.194444444444443,102,heavy_handcarry
exp6_heavy_handcarry,steffen,baseline,12453,108,720,1104,0,12.844444444444445,52,heavy_handcarry
exp6_heavy_handcarry,random,baseline,12454,109,1364,1054,81,37.83888888888889,133,heavy_handcarry
exp6_heavy_handcarry,back_to_front,baseline,12454,109,2001,1815,87,113.50555555555556,262,heavy_handcarry
exp6_heavy_handcarry,outside_in,baseline,12454,109,1147,1031,0,29.066666666666666,96,heavy_handcarry
exp6_heavy_handcarry,steffen,baseline,12454,109,720,1290,0,14.36111111111111,57,heavy_handcarry
exp6_heavy_handcarry,random,baseline,12455,110,1411,1091,107,46.43333333333333,141,heavy_handcarry
exp6_heavy_handcarry,back_to_front,baseline,12455,110,1812,1856,91,97.79444444444445,259,heavy_handcarry
exp6_heavy_handcarry,outside_in,baseline,12455,110,1258,963,0,30.516666666666666,92,heavy_handcarry
exp6_heavy_handcarry,steffen,baseline,12455,110,733,1413,0,14.933333333333334,61,heavy_handcarry
exp6_heavy_handcarry,random,baseline,12456,111,1364,1030,99,37.388888888888886,121,heavy_handcarry
exp6_heavy_handcarry,back_to_front,baseline,12456,111,1847,1801,88,109.42222222222222,261,heavy_handcarry
exp6_heavy_handcarry,outside_in,baseline,12456,111,1258,1143,0,35.84444444444444,135,heavy_handcarry
exp6_heavy_handcarry,steffen,baseline,12456,111,733,1293,0,14.027777777777779,51,heavy_handcarry
exp6_heavy_handcarry,random,baseline,12457,112,1360,1111,98,38.8,103,heavy_handcarry
exp6_heavy_handcarry,back_to_front,baseline,12457,112,1775,1716,92,92.49444444444444,222,heavy_handcarry
exp6_heavy_handcarry,outside_in,baseline,12457,112,1180,1033,0,28.86111111111111,88,heavy_handcarry
exp6_heavy_handcarry,steffen,baseline,12457,112,728,1180,0,13.227777777777778,51,heavy_handcarry
exp6_heavy_handcarry,random,baseline,12458,113,1299,1011,90,33.45,106,heavy_handcarry
exp6_heavy_handcarry,back_to_front,baseline,12458,113,1849,1792,81,104.86111111111111,277,heavy_handcarry
exp6_heavy_handcarry,outside_in,baseline,12458,113,1187,1060,0,30.83888888888889,102,heavy_handcarry
exp6_heavy_handcarry,steffen,baseline,12458,113,723,1352,0,13.566666666666666,45,heavy_handcarry
exp6_heavy_handcarry,random,baseline,12459,114,1304,1047,83,36.87777777777778,120,heavy_handcarry
exp6_heavy_handcarry,back_to_front,baseline,12459,114,1789,1797,94,97.71111111111111,245,heavy_handcarry
exp6_heavy_handcarry,outside_in,baseline,12459,114,1190,1037,0,32.57222222222222,105,heavy_handcarry
exp6_heavy_handcarry,steffen,baseline,12459,114,731,1224,0,13.838888888888889,55,heavy_handcarry
exp6_heavy_handcarry,random,baseline,12460,115,1478,1118,88,43.42777777777778,115,heavy_handcarry
exp6_heavy_handcarry,back_to_front,baseline,12460,115,1774,1796,92,104.72777777777777,274,heavy_handcarry
exp6_heavy_handcarry,outside_in,baseline,12460,115,1150,981,0,27.927777777777777,86,heavy_handcarry
exp6_heavy_handcarry,steffen,baseline,12460,115,692,1173,0,11.838888888888889,40,heavy_handcarry
exp6_heavy_handcarry,random,baseline,12461,116,1240,1031,70,28.116666666666667,86,heavy_handcarry
exp6_heavy_handcarry,back_to_front,baseline,12461,116,1778,1795,71,99.05555555555556,280,heavy_handcarry
exp6_heavy_handcarry,outside_in,baseline,12461,116,1133,987,0,25.55,87,heavy_handcarry
exp6_heavy_handcarry,steffen,baseline,12461,116,760,1309,0,13.722222222222221,59,heavy_handcarry
exp6_heavy_handcarry,random,baseline,12462,117,1373,1071,89,36.06111111111111,109,heavy_handcarry
exp6_heavy_handcarry,back_to_front,baseline,12462,117,1843,1812,105,100.22222222222223,293,heavy_handcarry
exp6_heavy_handcarry,outside_in,baseline,12462,117,1187,1110,0,28.094444444444445,91,heavy_handcarry
exp6_heavy_handcarry,steffen,baseline,12462,117,691,1300,0,13.766666666666667,55,heavy_handcarry
exp6_heavy_handcarry,random,baseline,12463,118,1301,1161,85,39.3,107,heavy_handcarry
exp6_heavy_handcarry,back_to_front,baseline,12463,118,1921,1846,94,110.77222222222223,272,heavy_handcarry
exp6_heavy_handcarry,outside_in,baseline,12463,118,1187,1061,0,31.06111111111111,106,heavy_handcarry
exp6_heavy_handcarry,steffen,baseline,12463,118,745,1324,0,14.122222222222222,60,heavy_handcarry
exp6_heavy_handcarry,random,baseline,12464,119,1370,1086,89,41.422222222222224,178,heavy_handcarry
exp6_heavy_handcarry,back_to_front,baseline,12464,119,1924,1738,101,104.46666666666667,265,heavy_handcarry
exp6_heavy_handcarry,outside_in,baseline,12464,119,1171,1137,0,31.06111111111111,96,heavy_handcarry
exp6_heavy_handcarry,steffen,baseline,12464,119,704,1234,0,12.583333333333334,43,heavy_handcarry
exp6_heavy_handcarry,random,baseline,12465,120,1406,1012,94,41.69444444444444,118,heavy_handcarry
exp6_heavy_handcarry,back_to_front,baseline,12465,120,1829,1767,87,99.35555555555555,235,heavy_handcarry
exp6_heavy_handcarry,outside_in,baseline,12465,120,1324,1048,0,32.42777777777778,132,heavy_handcarry
exp6_heavy_handcarry,steffen,baseline,12465,120,714,1251,0,13.272222222222222,58,heavy_handcarry
exp6_heavy_handcarry,random,baseline,12466,121,1342,1089,70,40.72222222222222,117,heavy_handcarry
exp6_heavy_handcarry,back_to_front,baseline,12466,121,1682,1679,96,89.26666666666667,194,heavy_handcarry
exp6_heavy_handcarry,outside_in,baseline,12466,121,1149,996,0,28.17222222222222,114,heavy_handcarry
exp6_heavy_handcarry,steffen,baseline,12466,121,733,1314,0,14.327777777777778,66,heavy_handcarry
exp6_heavy_handcarry,random,baseline,12467,122,1559,1256,98,47.68333333333333,162,heavy_handcarry
exp6_heavy_handcarry,back_to_front,baseline,12467,122,1827,1870,85,99.17777777777778,233,heavy_handcarry
exp6_heavy_handcarry,outside_in,baseline,12467,122,1157,1137,0,32.355555555555554,80,heavy_handcarry
exp6_heavy_handcarry,steffen,baseline,12467,122,745,1254,0,14.38888888888889,59,heavy_handcarry
exp6_heavy_handcarry,random,baseline,12468,123,1421,991,98,36.861111111111114,117,heavy_handcarry
exp6_heavy_handcarry,back_to_front,baseline,12468,123,1750,1721,86,90.28888888888889,215,heavy_handcarry
exp6_heavy_handcarry,outside_in,baseline,12468,123,1122,1006,0,25.666666666666668,84,heavy_handcarry
exp6_heavy_handcarry,steffen,baseline,12468,123,725,1461,0,15.072222222222223,49,heavy_handcarry
exp6_heavy_handcarry,random,baseline,12469,124,1365,1094,98,40.294444444444444,134,heavy_handcarry
exp6_heavy_handcarry,back_to_front,baseline,12469,124,1673,1878,83,98.88888888888889,245,heavy_handcarry
exp6_heavy_handcarry,outside_in,baseline,12469,124,1205,1072,0,31.538888888888888,87,heavy_handcarry
exp6_heavy_handcarry,steffen,baseline,12469,124,712,1139,0,12.938888888888888,52,heavy_handcarry
exp6_heavy_handcarry,random,baseline,12470,125,1270,1000,86,38.172222222222224,127,heavy_handcarry
exp6_heavy_handcarry,back_to_front,baseline,12470,125,1838,1686,78,99.78888888888889,212,heavy_handcarry
exp6_heavy_handcarry,outside_in,baseline,12470,125,1198,1017,0,28.27777777777778,93,heavy_handcarry
exp6_heavy_handcarry,steffen,baseline,12470,125,729,1135,0,12.794444444444444,47,heavy_handcarry
exp6_heavy_handcarry,random,baseline,12471,126,1416,1118,87,47.62777777777778,145,heavy_handcarry
exp6_heavy_handcarry,back_to_front,baseline,12471,126,1798,1715,98,103.43888888888888,279,heavy_handcarry
exp6_heavy_handcarry,outside_in,baseline,12471,126,1134,995,0,30.45,103,heavy_handcarry
exp6_heavy_handcarry,steffen,baseline,12471,126,746,1180,0,13.688888888888888,47,heavy_handcarry
exp6_heavy_handcarry,random,baseline,12472,127,1356,1125,87,34.55555555555556,101,heavy_handcarry
exp6_heavy_handcarry,back_to_front,baseline,12472,127,1832,1820,100,101.02777777777777,259,heavy_handcarry
exp6_heavy_handcarry,outside_in,baseline,12472,127,1237,1120,0,34.138888888888886,104,heavy_handcarry
exp6_heavy_handcarry,steffen,baseline,12472,127,709,1302,0,13.96111111111111,50,heavy_handcarry
exp6_heavy_handcarry,random,baseline,12473,128,1353,1133,89,44.0,136,heavy_handcarry
exp6_heavy_handcarry,back_to_front,baseline,12473,128,1761,1802,89,102.28333333333333,250,heavy_handcarry
exp6_heavy_handcarry,outside_in,baseline,12473,128,1188,860,0,24.133333333333333,74,heavy_handcarry
exp6_heavy_handcarry,steffen,baseline,12473,128,714,1350,0,14.322222222222223,53,heavy_handcarry
exp6_heavy_handcarry,random,baseline,12474,129,1291,945,82,31.57777777777778,100,heavy_handcarry
exp6_heavy_handcarry,back_to_front,baseline,12474,129,1726,1802,89,95.2,221,heavy_handcarry
exp6_heavy_handcarry,outside_in,baseline,12474,129,1192,957,0,25.933333333333334,83,heavy_handcarry
exp6_heavy_handcarry,steffen,baseline,12474,129,713,1343,0,14.672222222222222,54,heavy_handcarry
exp6_heavy_handcarry,random,baseline,12475,130,1460,1096,98,37.92777777777778,128,heavy_handcarry
exp6_heavy_handcarry,back_to_front,baseline,12475,130,1717,1832,94,99.41666666666667,235,heavy_handcarry
exp6_heavy_handcarry,outside_in,baseline,12475,130,1177,1062,0,33.077777777777776,127,heavy_handcarry
exp6_heavy_handcarry,steffen,baseline,12475,130,738,1111,0,13.61111111111111,74,heavy_handcarry
exp6_heavy_handcarry,random,baseline,12476,131,1494,1095,84,45.13333333333333,148,heavy_handcarry
exp6_heavy_handcarry,back_to_front,baseline,12476,131,1822,1768,102,100.54444444444445,259,heavy_handcarry
exp6_heavy_handcarry,outside_in,baseline,12476,131,1166,1026,0,28.333333333333332,89,heavy_handcarry
exp6_heavy_handcarry,steffen,baseline,12476,131,726,957,0,12.1,39,heavy_handcarry
exp6_heavy_handcarry,random,baseline,12477,132,1447,1119,96,42.294444444444444,135,heavy_handcarry
exp6_heavy_handcarry,back_to_front,baseline,12477,132,1942,1766,92,103.9,239,heavy_handcarry
exp6_heavy_handcarry,outside_in,baseline,12477,132,1119,1032,0,29.444444444444443,91,heavy_handcarry
exp6_heavy_handcarry,steffen,baseline,12477,132,718,1135,0,11.772222222222222,47,heavy_handcarry
exp6_heavy_handcarry,random,baseline,12478,133,1344,1065,88,34.827777777777776,113,heavy_handcarry
exp6_heavy_handcarry,back_to_front,baseline,12478,133,1823,1767,87,102.41111111111111,275,heavy_handcarry
exp6_heavy_handcarry,outside_in,baseline,12478,133,1144,951,0,27.133333333333333,84,heavy_handcarry
exp6_heavy_handcarry,steffen,baseline,12478,133,744,1261,0,13.811111111111112,58,heavy_handcarry
exp6_heavy_handcarry,random,baseline,12479,134,1304,1064,86,34.388888888888886,106,heavy_handcarry
exp6_heavy_handcarry,back_to_front,baseline,12479,134,1752,1789,91,96.05,251,heavy_handcarry
exp6_heavy_handcarry,outside_in,baseline,12479,134,1313,1117,0,32.76111111111111,98,heavy_handcarry
exp6_heavy_handcarry,steffen,baseline,12479,134,717,1414,0,15.127777777777778,51,heavy_handcarry
exp6_heavy_handcarry,random,baseline,12480,135,1374,992,82,37.205555555555556,97,heavy_handcarry
exp6_heavy_handcarry,back_to_front,baseline,12480,135,2009,1762,94,121.97777777777777,305,heavy_handcarry
exp6_heavy_handcarry,outside_in,baseline,12480,135,1201,1039,0,31.666666666666668,105,heavy_handcarry
exp6_heavy_handcarry,steffen,baseline,12480,135,743,1260,0,14.755555555555556,64,heavy_handcarry
exp6_heavy_handcarry,random,baseline,12481,136,1365,1010,87,40.41111111111111,143,heavy_handcarry
exp6_heavy_handcarry,back_to_front,baseline,12481,136,1885,1698,86,107.14444444444445,271,heavy_handcarry
exp6_heavy_handcarry,outside_in,baseline,12481,136,1175,1003,0,27.505555555555556,69,heavy_handcarry
exp6_heavy_handcarry,steffen,baseline,12481,136,682,1217,0,13.38888888888889,62,heavy_handcarry
exp6_heavy_handcarry,random,baseline,12482,137,1322,883,95,32.75555555555555,94,heavy_handcarry
exp6_heavy_handcarry,back_to_front,baseline,12482,137,1785,1915,94,98.59444444444445,321,heavy_handcarry
exp6_heavy_handcarry,outside_in,baseline,12482,137,1078,1119,0,31.194444444444443,103,heavy_handcarry
exp6_heavy_handcarry,steffen,baseline,12482,137,771,1422,0,15.3,70,heavy_handcarry
exp6_heavy_handcarry,random,baseline,12483,138,1485,1312,103,55.172222222222224,195,heavy_handcarry
exp6_heavy_handcarry,back_to_front,baseline,12483,138,1861,1889,87,99.43888888888888,250,heavy_handcarry
exp6_heavy_handcarry,outside_in,baseline,12483,138,1170,910,0,28.183333333333334,92,heavy_handcarry
exp6_heavy_handcarry,steffen,baseline,12483,138,766,1133,0,12.53888888888889,42,heavy_handcarry
exp6_heavy_handcarry,random,baseline,12484,139,1391,1029,88,36.95,111,heavy_handcarry
exp6_heavy_handcarry,back_to_front,baseline,12484,139,1828,1747,99,100.61666666666666,234,heavy_handcarry
exp6_heavy_handcarry,outside_in,baseline,12484,139,1233,998,0,28.233333333333334,93,heavy_handcarry
exp6_heavy_handcarry,steffen,baseline,12484,139,715,1235,0,13.85,53,heavy_handcarry
exp6_heavy_handcarry,random,baseline,12485,140,1522,1117,85,46.05555555555556,124,heavy_handcarry
exp6_heavy_handcarry,back_to_front,baseline,12485,140,1645,1710,89,86.03333333333333,261,heavy_handcarry
exp6_heavy_handcarry,outside_in,baseline,12485,140,1195,943,0,27.844444444444445,91,heavy_handcarry
exp6_heavy_handcarry,steffen,baseline,12485,140,719,1208,0,12.938888888888888,54,heavy_handcarry
exp6_heavy_handcarry,random,baseline,12486,141,1433,1074,98,39.272222222222226,126,heavy_handcarry
exp6_heavy_handcarry,back_to_front,baseline,12486,141,1818,1800,91,98.06666666666666,248,heavy_handcarry
exp6_heavy_handcarry,outside_in,baseline,12486,141,1246,1087,0,31.405555555555555,99,heavy_handcarry
exp6_heavy_handcarry,steffen,baseline,12486,141,710,1240,0,13.61111111111111,55,heavy_handcarry
exp6_heavy_handcarry,random,baseline,12487,142,1378,1004,80,33.05,136,heavy_handcarry
exp6_heavy_handcarry,back_to_front,baseline,12487,142,1696,1835,95,86.35555555555555,221,heavy_handcarry
exp6_heavy_handcarry,outside_in,baseline,12487,142,1162,1157,0,33.416666666666664,119,heavy_handcarry
exp6_heavy_handcarry,steffen,baseline,12487,142,722,1263,0,14.2,51,heavy_handcarry
exp6_heavy_handcarry,random,baseline,12488,143,1375,1089,84,39.166666666666664,148,heavy_handcarry
exp6_heavy_handcarry,back_to_front,baseline,12488,143,1842,1823,95,102.82777777777778,262,heavy_handcarry
exp6_heavy_handcarry,outside_in,baseline,12488,143,1180,1193,0,36.51111111111111,103,heavy_handcarry
exp6_heavy_handcarry,steffen,baseline,12488,143,724,1396,0,16.022222222222222,58,heavy_handcarry
exp6_heavy_handcarry,random,baseline,12489,144,1340,1122,82,38.888888888888886,124,heavy_handcarry
exp6_heavy_handcarry,back_to_front,baseline,12489,144,1879,1874,86,108.88888888888889,308,heavy_handcarry
exp6_heavy_handcarry,outside_in,baseline,12489,144,1197,1102,0,29.816666666666666,90,heavy_handcarry
exp6_heavy_handcarry,steffen,baseline,12489,144,746,1263,0,13.605555555555556,52,heavy_handcarry
exp6_heavy_handcarry,random,baseline,12490,145,1451,1115,84,40.01111111111111,113,heavy_handcarry
exp6_heavy_handcarry,back_to_front,baseline,12490,145,1859,1747,91,103.78888888888889,258,heavy_handcarry
exp6_heavy_handcarry,outside_in,baseline,12490,145,1128,1015,0,28.17222222222222,90,heavy_handcarry
exp6_heavy_handcarry,steffen,baseline,12490,145,716,1154,0,12.55,56,heavy_handcarry
exp6_heavy_handcarry,random,baseline,12491,146,1485,1165,88,44.00555555555555,159,heavy_handcarry
exp6_heavy_handcarry,back_to_front,baseline,12491,146,1726,1693,92,89.30555555555556,211,heavy_handcarry
exp6_heavy_handcarry,outside_in,baseline,12491,146,1096,913,0,25.15,79,heavy_handcarry
exp6_heavy_handcarry,steffen,baseline,12491,146,713,1199,0,12.505555555555556,50,heavy_handcarry
exp6_heavy_handcarry,random,baseline,12492,147,1331,1260,94,44.28888888888889,157,heavy_handcarry
exp6_heavy_handcarry,back_to_front,baseline,12492,147,1784,1820,89,97.88333333333334,225,heavy_handcarry
exp6_heavy_handcarry,outside_in,baseline,12492,147,1083,1086,0,25.86111111111111,89,heavy_handcarry
exp6_heavy_handcarry,steffen,baseline,12492,147,703,1317,0,14.13888888888889,61,heavy_handcarry
exp6_heavy_handcarry,random,baseline,12493,148,1501,1032,97,41.55,147,heavy_handcarry
exp6_heavy_handcarry,back_to_front,baseline,12493,148,1727,1787,93,87.26666666666667,200,heavy_handcarry
exp6_heavy_handcarry,outside_in,baseline,12493,148,1219,1142,0,32.80555555555556,100,heavy_handcarry
exp6_heavy_handcarry,steffen,baseline,12493,148,730,1323,0,14.061111111111112,51,heavy_handcarry
exp6_heavy_handcarry,random,baseline,12494,149,1281,1173,98,40.43888888888889,104,heavy_handcarry
exp6_heavy_handcarry,back_to_front,baseline,12494,149,1833,1906,83,106.37777777777778,244,heavy_handcarry
exp6_heavy_handcarry,outside_in,baseline,12494,149,1151,1034,0,30.522222222222222,92,heavy_handcarry
exp6_heavy_handcarry,steffen,baseline,12494,149,708,1253,0,13.53888888888889,55,heavy_handcarry
exp6_heavy_handcarry,random,baseline,12495,150,1495,1142,105,40.2,115,heavy_handcarry
exp6_heavy_handcarry,back_to_front,baseline,12495,150,1839,1846,88,106.88333333333334,223,heavy_handcarry
exp6_heavy_handcarry,outside_in,baseline,12495,150,1207,1062,0,31.75,92,heavy_handcarry
exp6_heavy_handcarry,steffen,baseline,12495,150,701,1353,0,13.95,46,heavy_handcarry
exp6_heavy_handcarry,random,baseline,12496,151,1390,1148,96,45.605555555555554,135,heavy_handcarry
exp6_heavy_handcarry,back_to_front,baseline,12496,151,1759,1718,90,98.22777777777777,240,heavy_handcarry
exp6_heavy_handcarry,outside_in,baseline,12496,151,1203,1102,0,30.15,100,heavy_handcarry
exp6_heavy_handcarry,steffen,baseline,12496,151,730,1343,0,14.844444444444445,62,heavy_handcarry
exp6_heavy_handcarry,random,baseline,12497,152,1372,1049,89,38.77777777777778,110,heavy_handcarry
exp6_heavy_handcarry,back_to_front,baseline,12497,152,1839,1822,93,105.03888888888889,291,heavy_handcarry
exp6_heavy_handcarry,outside_in,baseline,12497,152,1180,1033,0,29.905555555555555,99,heavy_handcarry
exp6_heavy_handcarry,steffen,baseline,12497,152,723,1426,0,13.905555555555555,57,heavy_handcarry
exp6_heavy_handcarry,random,baseline,12498,153,1369,1059,96,35.083333333333336,108,heavy_handcarry
exp6_heavy_handcarry,back_to_front,baseline,12498,153,1740,1889,88,100.15,310,heavy_handcarry
exp6_heavy_handcarry,outside_in,baseline,12498,153,1210,1068,0,29.81111111111111,93,heavy_handcarry
exp6_heavy_handcarry,steffen,baseline,12498,153,724,1397,0,14.544444444444444,49,heavy_handcarry
exp6_heavy_handcarry,random,baseline,12499,154,1417,1119,91,36.57222222222222,134,heavy_handcarry
exp6_heavy_handcarry,back_to_front,baseline,12499,154,1756,1816,86,88.77777777777777,201,heavy_handcarry
exp6_heavy_handcarry,outside_in,baseline,12499,154,1234,1134,0,33.577777777777776,87,heavy_handcarry
exp6_heavy_handcarry,steffen,baseline,12499,154,724,1279,0,13.333333333333334,61,heavy_handcarry
exp6_heavy_handcarry,random,baseline,12500,155,1398,1114,91,40.65,125,heavy_handcarry
exp6_heavy_handcarry,back_to_front,baseline,12500,155,1827,1793,87,102.9888888888889,230,heavy_handcarry
exp6_heavy_handcarry,outside_in,baseline,12500,155,1128,1054,0,28.205555555555556,84,heavy_handcarry
exp6_heavy_handcarry,steffen,baseline,12500,155,735,1203,0,13.977777777777778,59,heavy_handcarry
exp6_heavy_handcarry,random,baseline,12501,156,1381,983,82,32.68888888888889,101,heavy_handcarry
exp6_heavy_handcarry,back_to_front,baseline,12501,156,1969,1787,89,114.47777777777777,292,heavy_handcarry
exp6_heavy_handcarry,outside_in,baseline,12501,156,1257,993,0,30.294444444444444,92,heavy_handcarry
exp6_heavy_handcarry,steffen,baseline,12501,156,740,1269,0,13.71111111111111,45,heavy_handcarry
exp6_heavy_handcarry,random,baseline,12502,157,1427,1027,101,38.71666666666667,117,heavy_handcarry
exp6_heavy_handcarry,back_to_front,baseline,12502,157,1812,1823,87,104.97777777777777,327,heavy_handcarry
exp6_heavy_handcarry,outside_in,baseline,12502,157,1284,1093,0,31.572222222222223,95,heavy_handcarry
exp6_heavy_handcarry,steffen,baseline,12502,157,736,1150,0,13.05,52,heavy_handcarry
exp6_heavy_handcarry,random,baseline,12503,158,1471,1016,98,43.68333333333333,133,heavy_handcarry
exp6_heavy_handcarry,back_to_front,baseline,12503,158,1745,1827,84,92.28333333333333,242,heavy_handcarry
exp6_heavy_handcarry,outside_in,baseline,12503,158,1187,1046,0,26.0,96,heavy_handcarry
exp6_heavy_handcarry,steffen,baseline,12503,158,713,1296,0,13.805555555555555,62,heavy_handcarry
exp6_heavy_handcarry,random,baseline,12504,159,1376,1152,72,38.31666666666667,135,heavy_handcarry
exp6_heavy_handcarry,back_to_front,baseline,12504,159,1901,1811,113,107.98333333333333,284,heavy_handcarry
exp6_heavy_handcarry,outside_in,baseline,12504,159,1186,1068,0,29.705555555555556,107,heavy_handcarry
exp6_heavy_handcarry,steffen,baseline,12504,159,738,1181,0,13.2,51,heavy_handcarry
exp6_heavy_handcarry,random,baseline,12505,160,1278,1085,89,37.172222222222224,122,heavy_handcarry
exp6_heavy_handcarry,back_to_front,baseline,12505,160,1934,1838,105,109.28333333333333,267,heavy_handcarry
exp6_heavy_handcarry,outside_in,baseline,12505,160,1139,1067,0,26.977777777777778,85,heavy_handcarry
exp6_heavy_handcarry,steffen,baseline,12505,160,704,1314,0,13.4,55,heavy_handcarry
exp6_heavy_handcarry,random,baseline,12506,161,1354,1091,90,36.43888888888889,105,heavy_handcarry
exp6_heavy_handcarry,back_to_front,baseline,12506,161,1803,1847,98,95.48333333333333,223,heavy_handcarry
exp6_heavy_handcarry,outside_in,baseline,12506,161,1127,1170,0,29.63888888888889,86,heavy_handcarry
exp6_heavy_handcarry,steffen,baseline,12506,161,722,1358,0,14.422222222222222,75,heavy_handcarry
exp6_heavy_handcarry,random,baseline,12507,162,1436,1101,95,39.61666666666667,111,heavy_handcarry
exp6_heavy_handcarry,back_to_front,baseline,12507,162,1831,1842,93,101.90555555555555,251,heavy_handcarry
exp6_heavy_handcarry,outside_in,baseline,12507,162,1288,962,0,30.183333333333334,79,heavy_handcarry
exp6_heavy_handcarry,steffen,baseline,12507,162,695,1320,0,14.466666666666667,57,heavy_handcarry
exp6_heavy_handcarry,random,baseline,12508,163,1231,1145,80,34.62222222222222,139,heavy_handcarry
exp6_heavy_handcarry,back_to_front,baseline,12508,163,1849,1909,86,103.80555555555556,243,heavy_handcarry
exp6_heavy_handcarry,outside_in,baseline,12508,163,1180,1171,0,33.51111111111111,101,heavy_handcarry
exp6_heavy_handcarry,steffen,baseline,12508,163,766,1497,0,15.244444444444444,58,heavy_handcarry
exp6_heavy_handcarry,random,baseline,12509,164,1382,1068,81,39.8,112,heavy_handcarry
exp6_heavy_handcarry,back_to_front,baseline,12509,164,1831,1735,90,104.78888888888889,295,heavy_handcarry
exp6_heavy_handcarry,outside_in,baseline,12509,164,1177,1086,0,33.56111111111111,120,heavy_handcarry
exp6_heavy_handcarry,steffen,baseline,12509,164,724,1163,0,12.911111111111111,66,heavy_handcarry
exp6_heavy_handcarry,random,baseline,12510,165,1384,1157,97,32.644444444444446,99,heavy_handcarry
exp6_heavy_handcarry,back_to_front,baseline,12510,165,1824,1925,86,101.15,254,heavy_handcarry
exp6_heavy_handcarry,outside_in,baseline,12510,165,1215,1066,0,30.983333333333334,89,heavy_handcarry
exp6_heavy_handcarry,steffen,baseline,12510,165,727,1425,0,14.716666666666667,51,heavy_handcarry
exp6_heavy_handcarry,random,baseline,12511,166,1349,1055,97,37.577777777777776,141,heavy_handcarry
exp6_heavy_handcarry,back_to_front,baseline,12511,166,1755,1813,85,102.35555555555555,265,heavy_handcarry
exp6_heavy_handcarry,outside_in,baseline,12511,166,1243,1206,0,34.166666666666664,109,heavy_handcarry
exp6_heavy_handcarry,steffen,baseline,12511,166,740,1194,0,13.644444444444444,66,heavy_handcarry
exp6_heavy_handcarry,random,baseline,12512,167,1414,1049,102,40.772222222222226,131,heavy_handcarry
exp6_heavy_handcarry,back_to_front,baseline,12512,167,1954,1751,93,108.68333333333334,256,heavy_handcarry
exp6_heavy_handcarry,outside_in,baseline,12512,167,1188,946,0,28.877777777777776,106,heavy_handcarry
exp6_heavy_handcarry,steffen,baseline,12512,167,719,1137,0,13.144444444444444,44,heavy_handcarry
exp6_heavy_handcarry,random,baseline,12513,168,1417,1020,89,34.18333333333333,89,heavy_handcarry
exp6_heavy_handcarry,back_to_front,baseline,12513,168,1747,1694,84,91.13333333333334,211,heavy_handcarry
exp6_heavy_handcarry,outside_in,baseline,12513,168,1179,1068,0,31.005555555555556,93,heavy_handcarry
exp6_heavy_handcarry,steffen,baseline,12513,168,756,1306,0,15.011111111111111,54,heavy_handcarry
exp6_heavy_handcarry,random,baseline,12514,169,1349,1093,84,41.59444444444444,133,heavy_handcarry
exp6_heavy_handcarry,back_to_front,baseline,12514,169,1835,1766,98,108.99444444444444,333,heavy_handcarry
exp6_heavy_handcarry,outside_in,baseline,12514,169,1166,1022,0,30.75,81,heavy_handcarry
exp6_heavy_handcarry,steffen,baseline,12514,169,723,1290,0,13.644444444444444,60,heavy_handcarry
exp6_heavy_handcarry,random,baseline,12515,170,1304,1045,93,39.48888888888889,127,heavy_handcarry
exp6_heavy_handcarry,back_to_front,baseline,12515,170,1847,1847,83,103.83333333333333,238,heavy_handcarry
exp6_heavy_handcarry,outside_in,baseline,12515,170,1110,1122,0,32.81111111111111,106,heavy_handcarry
exp6_heavy_handcarry,steffen,baseline,12515,170,705,1141,0,13.155555555555555,65,heavy_handcarry
exp6_heavy_handcarry,random,baseline,12516,171,1290,1070,77,33.81111111111111,93,heavy_handcarry
exp6_heavy_handcarry,back_to_front,baseline,12516,171,1770,1623,92,103.62777777777778,284,heavy_handcarry
exp6_heavy_handcarry,outside_in,baseline,12516,171,1147,1084,0,29.627777777777776,75,heavy_handcarry
exp6_heavy_handcarry,steffen,baseline,12516,171,711,1132,0,12.994444444444444,50,heavy_handcarry
exp6_heavy_handcarry,random,baseline,12517,172,1430,1046,98,40.16111111111111,148,heavy_handcarry
exp6_heavy_handcarry,back_to_front,baseline,12517,172,1862,1842,72,104.5111111111111,249,heavy_handcarry
exp6_heavy_handcarry,outside_in,baseline,12517,172,1226,1063,0,29.66111111111111,100,heavy_handcarry
exp6_heavy_handcarry,steffen,baseline,12517,172,742,1201,0,12.872222222222222,53,heavy_handcarry
exp6_heavy_handcarry,random,baseline,12518,173,1416,1035,85,37.455555555555556,142,heavy_handcarry
exp6_heavy_handcarry,back_to_front,baseline,12518,173,1691,1873,72,91.32222222222222,196,heavy_handcarry
exp6_heavy_handcarry,outside_in,baseline,12518,173,1159,1049,0,28.377777777777776,95,heavy_handcarry
exp6_heavy_handcarry,steffen,baseline,12518,173,737,1200,0,12.588888888888889,55,heavy_handcarry
exp6_heavy_handcarry,random,baseline,12519,174,1406,1056,84,40.63333333333333,166,heavy_handcarry
exp6_heavy_handcarry,back_to_front,baseline,12519,174,1873,1836,107,108.87222222222222,240,heavy_handcarry
exp6_heavy_handcarry,outside_in,baseline,12519,174,1248,1044,0,39.894444444444446,132,heavy_handcarry
exp6_heavy_handcarry,steffen,baseline,12519,174,748,1276,0,14.311111111111112,63,heavy_handcarry
exp6_heavy_handcarry,random,baseline,12520,175,1303,1012,78,31.75,101,heavy_handcarry
exp6_heavy_handcarry,back_to_front,baseline,12520,175,1811,1684,90,96.67777777777778,238,heavy_handcarry
exp6_heavy_handcarry,outside_in,baseline,12520,175,1154,1119,0,29.711111111111112,110,heavy_handcarry
exp6_heavy_handcarry,steffen,baseline,12520,175,718,1231,0,13.672222222222222,49,heavy_handcarry
exp6_heavy_handcarry,random,baseline,12521,176,1311,1105,89,37.75555555555555,129,heavy_handcarry
exp6_heavy_handcarry,back_to_front,baseline,12521,176,1912,1707,99,115.72777777777777,371,heavy_handcarry
exp6_heavy_handcarry,outside_in,baseline,12521,176,1187,1057,0,29.955555555555556,121,heavy_handcarry
exp6_heavy_handcarry,steffen,baseline,12521,176,744,1006,0,12.161111111111111,44,heavy_handcarry
exp6_heavy_handcarry,random,baseline,12522,177,1412,1151,93,36.65555555555556,136,heavy_handcarry
exp6_heavy_handcarry,back_to_front,baseline,12522,177,1678,1741,80,87.82777777777778,210,heavy_handcarry
exp6_heavy_handcarry,outside_in,baseline,12522,177,1213,1019,0,28.877777777777776,88,heavy_handcarry
exp6_heavy_handcarry,steffen,baseline,12522,177,721,1257,0,13.283333333333333,49,heavy_handcarry
exp6_heavy_handcarry,random,baseline,12523,178,1573,955,92,40.56111111111111,107,heavy_handcarry
exp6_heavy_handcarry,back_to_front,baseline,12523,178,1934,1761,91,108.82222222222222,256,heavy_handcarry
exp6_heavy_handcarry,outside_in,baseline,12523,178,1242,1007,0,29.605555555555554,104,heavy_handcarry
exp6_heavy_handcarry,steffen,baseline,12523,178,699,1173,0,13.205555555555556,50,heavy_handcarry
exp6_heavy_handcarry,random,baseline,12524,179,1309,1047,83,39.67777777777778,146,heavy_handcarry
exp6_heavy_handcarry,back_to_front,baseline,12524,179,1904,1555,85,100.65555555555555,253,heavy_handcarry
exp6_heavy_handcarry,outside_in,baseline,12524,179,1103,1109,0,28.55,93,heavy_handcarry
exp6_heavy_handcarry,steffen,baseline,12524,179,735,1333,0,14.383333333333333,63,heavy_handcarry
exp6_heavy_handcarry,random,baseline,12525,180,1331,1046,100,39.455555555555556,127,heavy_handcarry
exp6_heavy_handcarry,back_to_front,baseline,12525,180,1730,1834,80,103.22777777777777,267,heavy_handcarry
exp6_heavy_handcarry,outside_in,baseline,12525,180,1143,1150,0,27.755555555555556,91,heavy_handcarry
exp6_heavy_handcarry,steffen,baseline,12525,180,714,1254,0,13.383333333333333,71,heavy_handcarry
exp6_heavy_handcarry,random,baseline,12526,181,1234,1095,88,33.611111111111114,123,heavy_handcarry
exp6_heavy_handcarry,back_to_front,baseline,12526,181,1793,1794,87,99.63333333333334,319,heavy_handcarry
exp6_heavy_handcarry,outside_in,baseline,12526,181,1188,1002,0,31.694444444444443,98,heavy_handcarry
exp6_heavy_handcarry,steffen,baseline,12526,181,743,1384,0,14.1,47,heavy_handcarry
exp6_heavy_handcarry,random,baseline,12527,182,1379,1014,104,34.855555555555554,121,heavy_handcarry
exp6_heavy_handcarry,back_to_front,baseline,12527,182,1821,1682,84,108.40555555555555,290,heavy_handcarry
exp6_heavy_handcarry,outside_in,baseline,12527,182,1183,1133,0,36.82222222222222,124,heavy_handcarry
exp6_heavy_handcarry,steffen,baseline,12527,182,736,1257,0,14.566666666666666,64,heavy_handcarry
exp6_heavy_handcarry,random,baseline,12528,183,1355,987,89,39.34444444444444,114,heavy_handcarry
exp6_heavy_handcarry,back_to_front,baseline,12528,183,1956,1802,95,114.81111111111112,267,heavy_handcarry
exp6_heavy_handcarry,outside_in,baseline,12528,183,1314,967,0,32.48888888888889,100,heavy_handcarry
exp6_heavy_handcarry,steffen,baseline,12528,183,710,1381,0,14.244444444444444,52,heavy_handcarry
exp6_heavy_handcarry,random,baseline,12529,184,1331,1106,86,39.3,155,heavy_handcarry
exp6_heavy_handcarry,back_to_front,baseline,12529,184,1793,1733,106,100.43333333333334,255,heavy_handcarry
exp6_heavy_handcarry,outside_in,baseline,12529,184,1217,982,0,25.383333333333333,77,heavy_handcarry
exp6_heavy_handcarry,steffen,baseline,12529,184,718,1273,0,13.772222222222222,58,heavy_handcarry
exp6_heavy_handcarry,random,baseline,12530,185,1341,1036,92,34.96111111111111,116,heavy_handcarry
exp6_heavy_handcarry,back_to_front,baseline,12530,185,1908,1839,74,113.95555555555555,300,heavy_handcarry
exp6_heavy_handcarry,outside_in,baseline,12530,185,1180,1065,0,30.36111111111111,102,heavy_handcarry
exp6_heavy_handcarry,steffen,baseline,12530,185,731,1346,0,14.594444444444445,64,heavy_handcarry
exp6_heavy_handcarry,random,baseline,12531,186,1359,944,89,33.888888888888886,109,heavy_handcarry
exp6_heavy_handcarry,back_to_front,baseline,12531,186,1847,1793,92,106.98333333333333,262,heavy_handcarry
exp6_heavy_handcarry,outside_in,baseline,12531,186,1080,1117,0,33.08888888888889,105,heavy_handcarry
exp6_heavy_handcarry,steffen,baseline,12531,186,725,1346,0,15.21111111111111,65,heavy_handcarry
exp6_heavy_handcarry,random,baseline,12532,187,1465,1112,104,42.7,162,heavy_handcarry
exp6_heavy_handcarry,back_to_front,baseline,12532,187,1696,1771,87,91.6,279,heavy_handcarry
exp6_heavy_handcarry,outside_in,baseline,12532,187,1131,1031,0,31.383333333333333,102,heavy_handcarry
exp6_heavy_handcarry,steffen,baseline,12532,187,734,1253,0,14.255555555555556,64,heavy_handcarry
exp6_heavy_handcarry,random,baseline,12533,188,1417,1137,89,50.38333333333333,152,heavy_handcarry
exp6_heavy_handcarry,back_to_front,baseline,12533,188,1801,1796,96,101.06666666666666,260,heavy_handcarry
exp6_heavy_handcarry,outside_in,baseline,12533,188,1149,1118,0,29.66111111111111,82,heavy_handcarry
exp6_heavy_handcarry,steffen,baseline,12533,188,705,1410,0,13.866666666666667,62,heavy_handcarry
exp6_heavy_handcarry,random,baseline,12534,189,1482,1115,87,40.61666666666667,129,heavy_handcarry
exp6_heavy_handcarry,back_to_front,baseline,12534,189,1753,1771,88,95.11111111111111,236,heavy_handcarry
exp6_heavy_handcarry,outside_in,baseline,12534,189,1130,928,0,25.261111111111113,82,heavy_handcarry
exp6_heavy_handcarry,steffen,baseline,12534,189,723,1327,0,13.71111111111111,53,heavy_handcarry
exp6_heavy_handcarry,random,baseline,12535,190,1388,1087,89,35.416666666666664,97,heavy_handcarry
exp6_heavy_handcarry,back_to_front,baseline,12535,190,1918,1866,94,108.75,251,heavy_handcarry
exp6_heavy_handcarry,outside_in,baseline,12535,190,1176,1041,0,28.85,76,heavy_handcarry
exp6_heavy_handcarry,steffen,baseline,12535,190,728,1222,0,14.416666666666666,49,heavy_handcarry
exp6_heavy_handcarry,random,baseline,12536,191,1441,1105,91,40.583333333333336,116,heavy_handcarry
exp6_heavy_handcarry,back_to_front,baseline,12536,191,2027,1704,84,107.78888888888889,295,heavy_handcarry
exp6_heavy_handcarry,outside_in,baseline,12536,191,1098,1024,0,25.544444444444444,102,heavy_handcarry
exp6_heavy_handcarry,steffen,baseline,12536,191,699,1232,0,14.3,50,heavy_handcarry
exp6_heavy_handcarry,random,baseline,12537,192,1349,1021,89,39.62777777777778,124,heavy_handcarry
exp6_heavy_handcarry,back_to_front,baseline,12537,192,1835,1805,88,99.13888888888889,272,heavy_handcarry
exp6_heavy_handcarry,outside_in,baseline,12537,192,1140,984,0,25.394444444444446,85,heavy_handcarry
exp6_heavy_handcarry,steffen,baseline,12537,192,709,1269,0,13.916666666666666,51,heavy_handcarry
exp6_heavy_handcarry,random,baseline,12538,193,1347,1051,85,36.66111111111111,113,heavy_handcarry
exp6_heavy_handcarry,back_to_front,baseline,12538,193,1637,1656,84,89.16111111111111,271,heavy_handcarry
exp6_heavy_handcarry,outside_in,baseline,12538,193,1228,1150,0,34.63333333333333,100,heavy_handcarry
exp6_heavy_handcarry,steffen,baseline,12538,193,734,1241,0,14.022222222222222,56,heavy_handcarry
exp6_heavy_handcarry,random,baseline,12539,194,1340,1142,90,43.93333333333333,168,heavy_handcarry
exp6_heavy_handcarry,back_to_front,baseline,12539,194,1950,1885,90,120.46666666666667,307,heavy_handcarry
exp6_heavy_handcarry,outside_in,baseline,12539,194,1231,1037,0,28.055555555555557,91,heavy_handcarry
exp6_heavy_handcarry,steffen,baseline,12539,194,710,1485,0,15.7,55,heavy_handcarry
exp6_heavy_handcarry,random,baseline,12540,195,1369,1074,88,35.55555555555556,114,heavy_handcarry
exp6_heavy_handcarry,back_to_front,baseline,12540,195,1800,1875,85,102.5111111111111,253,heavy_handcarry
exp6_heavy_handcarry,outside_in,baseline,12540,195,1110,1157,0,30.77777777777778,124,heavy_handcarry
exp6_heavy_handcarry,steffen,baseline,12540,195,740,1518,0,14.46111111111111,57,heavy_handcarry
exp6_heavy_handcarry,random,baseline,12541,196,1392,1144,89,41.583333333333336,149,heavy_handcarry
exp6_heavy_handcarry,back_to_front,baseline,12541,196,1736,1724,85,90.6,220,heavy_handcarry
exp6_heavy_handcarry,outside_in,baseline,12541,196,1263,1042,0,39.12222222222222,115,heavy_handcarry
exp6_heavy_handcarry,steffen,baseline,12541,196,759,1404,0,16.055555555555557,71,heavy_handcarry
exp6_heavy_handcarry,random,baseline,12542,197,1282,1220,78,38.30555555555556,118,heavy_handcarry
exp6_heavy_handcarry,back_to_front,baseline,12542,197,1965,1851,93,120.05,286,heavy_handcarry
exp6_heavy_handcarry,outside_in,baseline,12542,197,1158,1096,0,31.283333333333335,81,heavy_handcarry
exp6_heavy_handcarry,steffen,baseline,12542,197,719,1521,0,16.322222222222223,58,heavy_handcarry
exp6_heavy_handcarry,random,baseline,12543,198,1366,1093,77,34.0,108,heavy_handcarry
exp6_heavy_handcarry,back_to_front,baseline,12543,198,1844,1882,91,108.25,267,heavy_handcarry
exp6_heavy_handcarry,outside_in,baseline,12543,198,1214,1109,0,33.80555555555556,106,heavy_handcarry
exp6_heavy_handcarry,steffen,baseline,12543,198,733,1509,0,15.972222222222221,61,heavy_handcarry
exp6_heavy_handcarry,random,baseline,12544,199,1424,1075,105,45.15,136,heavy_handcarry
exp6_heavy_handcarry,back_to_front,baseline,12544,199,1893,1783,84,114.17222222222222,275,heavy_handcarry
exp6_heavy_handcarry,outside_in,baseline,12544,199,1175,962,0,27.05,103,heavy_handcarry
exp6_heavy_handcarry,steffen,baseline,12544,199,759,1293,0,16.238888888888887,70,heavy_handcarry
exp6_bayanihan,random,baseline,12345,0,1142,878,84,24.555555555555557,83,bayanihan
exp6_bayanihan,back_to_front,baseline,12345,0,1524,1753,94,87.57222222222222,231,bayanihan
exp6_bayanihan,outside_in,baseline,12345,0,990,1002,0,21.66111111111111,79,bayanihan
exp6_bayanihan,steffen,baseline,12345,0,644,1200,0,10.13888888888889,46,bayanihan
exp6_bayanihan,random,baseline,12346,1,1204,1225,90,32.36666666666667,134,bayanihan
exp6_bayanihan,back_to_front,baseline,12346,1,1537,1779,92,87.26666666666667,219,bayanihan
exp6_bayanihan,outside_in,baseline,12346,1,956,1185,0,23.227777777777778,90,bayanihan
exp6_bayanihan,steffen,baseline,12346,1,627,1346,0,12.244444444444444,49,bayanihan
exp6_bayanihan,random,baseline,12347,2,1319,1107,91,31.016666666666666,96,bayanihan
exp6_bayanihan,back_to_front,baseline,12347,2,1553,1821,87,74.18333333333334,176,bayanihan
exp6_bayanihan,outside_in,baseline,12347,2,1077,1106,0,23.45,78,bayanihan
exp6_bayanihan,steffen,baseline,12347,2,718,1523,0,12.866666666666667,46,bayanihan
exp6_bayanihan,random,baseline,12348,3,1286,998,100,33.13333333333333,128,bayanihan
exp6_bayanihan,back_to_front,baseline,12348,3,1579,1729,115,79.96666666666667,226,bayanihan
exp6_bayanihan,outside_in,baseline,12348,3,976,1147,0,23.6,70,bayanihan
exp6_bayanihan,steffen,baseline,12348,3,675,1344,0,12.466666666666667,67,bayanihan
exp6_bayanihan,random,baseline,12349,4,1361,930,77,31.983333333333334,126,bayanihan
exp6_bayanihan,back_to_front,baseline,12349,4,1603,1766,94,79.27222222222223,216,bayanihan
exp6_bayanihan,outside_in,baseline,12349,4,1088,1061,0,23.405555555555555,83,bayanihan
exp6_bayanihan,steffen,baseline,12349,4,702,1337,0,11.65,38,bayanihan
exp6_bayanihan,random,baseline,12350,5,1194,981,87,29.92222222222222,91,bayanihan
exp6_bayanihan,back_to_front,baseline,12350,5,1702,1786,83,92.28333333333333,269,bayanihan
exp6_bayanihan,outside_in,baseline,12350,5,986,1063,0,20.622222222222224,74,bayanihan
exp6_bayanihan,steffen,baseline,12350,5,674,1343,0,12.05,43,bayanihan
exp6_bayanihan,random,baseline,12351,6,1230,1005,96,32.32222222222222,104,bayanihan
exp6_bayanihan,back_to_front,baseline,12351,6,1547,1737,79,84.80555555555556,201,bayanihan
exp6_bayanihan,outside_in,baseline,12351,6,1007,915,0,21.766666666666666,78,bayanihan
exp6_bayanihan,steffen,baseline,12351,6,628,1107,0,10.033333333333333,42,bayanihan
exp6_bayanihan,random,baseline,12352,7,1278,1073,85,32.12222222222222,98,bayanihan
exp6_bayanihan,back_to_front,baseline,12352,7,1576,1713,83,83.91666666666667,234,bayanihan
exp6_bayanihan,outside_in,baseline,12352,7,1040,1004,0,23.194444444444443,86,bayanihan
exp6_bayanihan,steffen,baseline,12352,7,650,1228,0,10.63888888888889,49,bayanihan
exp6_bayanihan,random,baseline,12353,8,1201,1058,96,32.227777777777774,122,bayanihan
exp6_bayanihan,back_to_front,baseline,12353,8,1527,1803,86,80.45555555555555,209,bayanihan
exp6_bayanihan,outside_in,baseline,12353,8,934,1061,0,23.627777777777776,81,bayanihan
exp6_bayanihan,steffen,baseline,12353,8,634,1441,0,12.316666666666666,56,bayanihan
exp6_bayanihan,random,baseline,12354,9,1180,1063,86,34.2,105,bayanihan
exp6_bayanihan,back_to_front,baseline,12354,9,1536,1715,87,83.2388888888889,209,bayanihan
exp6_bayanihan,outside_in,baseline,12354,9,942,1049,0,26.1,91,bayanihan
exp6_bayanihan,steffen,baseline,12354,9,634,1242,0,11.266666666666667,50,bayanihan
exp6_bayanihan,random,baseline,12355,10,1199,965,88,27.88888888888889,92,bayanihan
exp6_bayanihan,back_to_front,baseline,12355,10,1342,1707,81,65.11111111111111,187,bayanihan
exp6_bayanihan,outside_in,baseline,12355,10,978,1098,0,21.56111111111111,65,bayanihan
exp6_bayanihan,steffen,baseline,12355,10,630,1365,0,11.194444444444445,45,bayanihan
exp6_bayanihan,random,baseline,12356,11,1205,1147,91,32.41111111111111,93,bayanihan
exp6_bayanihan,back_to_front,baseline,12356,11,1419,1787,86,67.65,143,bayanihan
exp6_bayanihan,outside_in,baseline,12356,11,982,1028,0,23.22222222222222,68,bayanihan
exp6_bayanihan,steffen,baseline,12356,11,650,1420,0,12.11111111111111,48,bayanihan
exp6_bayanihan,random,baseline,12357,12,1197,1014,75,29.211111111111112,104,bayanihan
exp6_bayanihan,back_to_front,baseline,12357,12,1552,1741,77,85.32222222222222,246,bayanihan
exp6_bayanihan,outside_in,baseline,12357,12,989,1041,0,24.894444444444446,108,bayanihan
exp6_bayanihan,steffen,baseline,12357,12,648,1014,0,10.294444444444444,48,bayanihan
exp6_bayanihan,random,baseline,12358,13,1132,1135,82,31.483333333333334,99,bayanihan
exp6_bayanihan,back_to_front,baseline,12358,13,1490,1690,89,79.60555555555555,214,bayanihan
exp6_bayanihan,outside_in,baseline,12358,13,952,1126,0,22.07777777777778,68,bayanihan
exp6_bayanihan,steffen,baseline,12358,13,642,1273,0,11.133333333333333,53,bayanihan
exp6_bayanihan,random,baseline,12359,14,1208,1110,94,33.76111111111111,137,bayanihan
exp6_bayanihan,back_to_front,baseline,12359,14,1563,1885,83,83.15555555555555,220,bayanihan
exp6_bayanihan,outside_in,baseline,12359,14,956,1150,0,20.294444444444444,64,bayanihan
exp6_bayanihan,steffen,baseline,12359,14,682,1385,0,12.066666666666666,52,bayanihan
exp6_bayanihan,random,baseline,12360,15,1183,1112,87,32.13333333333333,134,bayanihan
exp6_bayanihan,back_to_front,baseline,12360,15,1478,1842,102,80.66666666666667,236,bayanihan
exp6_bayanihan,outside_in,baseline,12360,15,941,1044,0,22.372222222222224,78,bayanihan
exp6_bayanihan,steffen,baseline,12360,15,619,1332,0,11.511111111111111,49,bayanihan
exp6_bayanihan,random,baseline,12361,16,1341,1204,82,39.02777777777778,114,bayanihan
exp6_bayanihan,back_to_front,baseline,12361,16,1509,1787,95,80.4,182,bayanihan
exp6_bayanihan,outside_in,baseline,12361,16,984,1113,0,23.68888888888889,86,bayanihan
exp6_bayanihan,steffen,baseline,12361,16,650,1247,0,11.3,53,bayanihan
exp6_bayanihan,random,baseline,12362,17,1220,1106,80,34.1,103,bayanihan
exp6_bayanihan,back_to_front,baseline,12362,17,1506,1812,102,86.20555555555555,231,bayanihan
exp6_bayanihan,outside_in,baseline,12362,17,956,1103,0,23.81111111111111,71,bayanihan
exp6_bayanihan,steffen,baseline,12362,17,629,1341,0,12.072222222222223,44,bayanihan
exp6_bayanihan,random,baseline,12363,18,1138,1059,83,28.35,82,bayanihan
exp6_bayanihan,back_to_front,baseline,12363,18,1486,1589,98,80.03333333333333,230,bayanihan
exp6_bayanihan,outside_in,baseline,12363,18,994,991,0,21.86111111111111,77,bayanihan
exp6_bayanihan,steffen,baseline,12363,18,654,1038,0,10.088888888888889,47,bayanihan
exp6_bayanihan,random,baseline,12364,19,1159,1140,89,32.772222222222226,129,bayanihan
exp6_bayanihan,back_to_front,baseline,12364,19,1518,1625,89,77.83888888888889,190,bayanihan
exp6_bayanihan,outside_in,baseline,12364,19,1014,1035,0,22.272222222222222,85,bayanihan
exp6_bayanihan,steffen,baseline,12364,19,662,1123,0,9.622222222222222,48,bayanihan
exp6_bayanihan,random,baseline,12365,20,1159,1086,102,33.48888888888889,110,bayanihan
exp6_bayanihan,back_to_front,baseline,12365,20,1526,1841,82,82.06111111111112,198,bayanihan
exp6_bayanihan,outside_in,baseline,12365,20,1014,1033,0,27.116666666666667,108,bayanihan
exp6_bayanihan,steffen,baseline,12365,20,626,1269,0,11.355555555555556,44,bayanihan
exp6_bayanihan,random,baseline,12366,21,1147,1032,78,30.011111111111113,117,bayanihan
exp6_bayanihan,back_to_front,baseline,12366,21,1558,1722,84,83.30555555555556,218,bayanihan
exp6_bayanihan,outside_in,baseline,12366,21,963,933,0,20.72222222222222,85,bayanihan
exp6_bayanihan,steffen,baseline,12366,21,658,1135,0,10.516666666666667,47,bayanihan
exp6_bayanihan,random,baseline,12367,22,1277,994,88,31.616666666666667,81,bayanihan
exp6_bayanihan,back_to_front,baseline,12367,22,1487,1824,94,75.69444444444444,230,bayanihan
exp6_bayanihan,outside_in,baseline,12367,22,1090,968,0,22.855555555555554,63,bayanihan
exp6_bayanihan,steffen,baseline,12367,22,670,1395,0,12.566666666666666,50,bayanihan
exp6_bayanihan,random,baseline,12368,23,1273,1155,93,36.47222222222222,103,bayanihan
exp6_bayanihan,back_to_front,baseline,12368,23,1475,1728,76,81.2611111111111,234,bayanihan
exp6_bayanihan,outside_in,baseline,12368,23,913,964,0,19.977777777777778,63,bayanihan
exp6_bayanihan,steffen,baseline,12368,23,628,1332,0,12.544444444444444,43,bayanihan
exp6_bayanihan,random,baseline,12369,24,1212,1201,100,32.66111111111111,119,bayanihan
exp6_bayanihan,back_to_front,baseline,12369,24,1589,1883,89,90.07222222222222,230,bayanihan
exp6_bayanihan,outside_in,baseline,12369,24,988,996,0,24.044444444444444,91,bayanihan
exp6_bayanihan,steffen,baseline,12369,24,675,1329,0,12.472222222222221,67,bayanihan
exp6_bayanihan,random,baseline,12370,25,1227,1091,81,28.866666666666667,132,bayanihan
exp6_bayanihan,back_to_front,baseline,12370,25,1524,1713,86,72.17777777777778,170,bayanihan
exp6_bayanihan,outside_in,baseline,12370,25,957,952,0,19.95,64,bayanihan
exp6_bayanihan,steffen,baseline,12370,25,657,1184,0,11.45,67,bayanihan
exp6_bayanihan,random,baseline,12371,26,1211,1088,89,29.31111111111111,109,bayanihan
exp6_bayanihan,back_to_front,baseline,12371,26,1458,1697,84,68.68888888888888,188,bayanihan
exp6_bayanihan,outside_in,baseline,12371,26,974,1012,0,20.205555555555556,82,bayanihan
exp6_bayanihan,steffen,baseline,12371,26,678,1244,0,10.427777777777777,51,bayanihan
exp6_bayanihan,random,baseline,12372,27,1329,1027,85,31.52777777777778,122,bayanihan
exp6_bayanihan,back_to_front,baseline,12372,27,1594,1788,97,89.21111111111111,231,bayanihan
exp6_bayanihan,outside_in,baseline,12372,27,995,1067,0,21.427777777777777,80,bayanihan
exp6_bayanihan,steffen,baseline,12372,27,653,1372,0,11.78888888888889,46,bayanihan
exp6_bayanihan,random,baseline,12373,28,1141,1068,91,31.794444444444444,110,bayanihan
exp6_bayanihan,back_to_front,baseline,12373,28,1413,1784,82,69.52222222222223,187,bayanihan
exp6_bayanihan,outside_in,baseline,12373,28,928,1082,0,20.744444444444444,72,bayanihan
exp6_bayanihan,steffen,baseline,12373,28,641,1306,0,10.766666666666667,50,bayanihan
exp6_bayanihan,random,baseline,12374,29,1174,1058,81,31.883333333333333,96,bayanihan
exp6_bayanihan,back_to_front,baseline,12374,29,1468,1772,88,72.60555555555555,174,bayanihan
exp6_bayanihan,outside_in,baseline,12374,29,932,919,0,18.122222222222224,61,bayanihan
exp6_bayanihan,steffen,baseline,12374,29,658,1192,0,10.305555555555555,40,bayanihan
exp6_bayanihan,random,baseline,12375,30,1199,1018,101,29.816666666666666,84,bayanihan
exp6_bayanihan,back_to_front,baseline,12375,30,1473,1737,98,75.32777777777778,203,bayanihan
exp6_bayanihan,outside_in,baseline,12375,30,977,1098,0,21.97222222222222,78,bayanihan
exp6_bayanihan,steffen,baseline,12375,30,657,1428,0,12.488888888888889,60,bayanihan
exp6_bayanihan,random,baseline,12376,31,1296,1070,89,36.044444444444444,113,bayanihan
exp6_bayanihan,back_to_front,baseline,12376,31,1512,1703,86,75.26666666666667,175,bayanihan
exp6_bayanihan,outside_in,baseline,12376,31,989,1160,0,25.738888888888887,83,bayanihan
exp6_bayanihan,steffen,baseline,12376,31,689,1236,0,12.188888888888888,76,bayanihan
exp6_bayanihan,random,baseline,12377,32,1233,1071,79,32.05,101,bayanihan
exp6_bayanihan,back_to_front,baseline,12377,32,1636,1819,88,90.39444444444445,241,bayanihan
exp6_bayanihan,outside_in,baseline,12377,32,938,1043,0,20.6,79,bayanihan
exp6_bayanihan,steffen,baseline,12377,32,669,1357,0,12.466666666666667,59,bayanihan
exp6_bayanihan,random,baseline,12378,33,1145,1076,95,30.594444444444445,99,bayanihan
exp6_bayanihan,back_to_front,baseline,12378,33,1560,1788,97,87.43888888888888,215,bayanihan
exp6_bayanihan,outside_in,baseline,12378,33,867,1042,0,21.93888888888889,72,bayanihan
exp6_bayanihan,steffen,baseline,12378,33,635,1261,0,11.344444444444445,62,bayanihan
exp6_bayanihan,random,baseline,12379,34,1118,1087,82,28.261111111111113,120,bayanihan
exp6_bayanihan,back_to_front,baseline,12379,34,1475,1778,89,80.48333333333333,208,bayanihan
exp6_bayanihan,outside_in,baseline,12379,34,993,1040,0,21.41111111111111,76,bayanihan
exp6_bayanihan,steffen,baseline,12379,34,657,1250,0,11.28888888888889,45,bayanihan
exp6_bayanihan,random,baseline,12380,35,1092,977,79,26.22222222222222,104,bayanihan
exp6_bayanihan,back_to_front,baseline,12380,35,1441,1764,88,70.91111111111111,177,bayanihan
exp6_bayanihan,outside_in,baseline,12380,35,934,1115,0,21.333333333333332,61,bayanihan
exp6_bayanihan,steffen,baseline,12380,35,664,1366,0,11.71111111111111,46,bayanihan
exp6_bayanihan,random,baseline,12381,36,1177,1152,83,35.416666666666664,125,bayanihan
exp6_bayanihan,back_to_front,baseline,12381,36,1540,1782,87,81.93888888888888,207,bayanihan
exp6_bayanihan,outside_in,baseline,12381,36,976,1074,0,20.383333333333333,59,bayanihan
exp6_bayanihan,steffen,baseline,12381,36,644,1476,0,12.727777777777778,50,bayanihan
exp6_bayanihan,random,baseline,12382,37,1268,1031,96,38.48888888888889,118,bayanihan
exp6_bayanihan,back_to_front,baseline,12382,37,1610,1618,100,87.09444444444445,237,bayanihan
exp6_bayanihan,outside_in,baseline,12382,37,1016,978,0,20.344444444444445,60,bayanihan
exp6_bayanihan,steffen,baseline,12382,37,691,1110,0,11.105555555555556,88,bayanihan
exp6_bayanihan,random,baseline,12383,38,1142,1158,89,31.822222222222223,106,bayanihan
exp6_bayanihan,back_to_front,baseline,12383,38,1537,1684,96,76.95555555555555,173,bayanihan
exp6_bayanihan,outside_in,baseline,12383,38,947,1054,0,21.45,69,bayanihan
exp6_bayanihan,steffen,baseline,12383,38,668,1398,0,12.238888888888889,61,bayanihan
exp6_bayanihan,random,baseline,12384,39,1183,997,102,28.444444444444443,101,bayanihan
exp6_bayanihan,back_to_front,baseline,12384,39,1513,1694,93,73.95555555555555,189,bayanihan
exp6_bayanihan,outside_in,baseline,12384,39,968,1024,0,20.33888888888889,73,bayanihan
exp6_bayanihan,steffen,baseline,12384,39,667,1292,0,11.577777777777778,52,bayanihan
exp6_bayanihan,random,baseline,12385,40,1193,1127,90,28.944444444444443,82,bayanihan
exp6_bayanihan,back_to_front,baseline,12385,40,1415,1724,93,74.88888888888889,243,bayanihan
exp6_bayanihan,outside_in,baseline,12385,40,961,1010,0,22.3,82,bayanihan
exp6_bayanihan,steffen,baseline,12385,40,672,1409,0,12.577777777777778,44,bayanihan
exp6_bayanihan,random,baseline,12386,41,1171,1051,95,27.955555555555556,89,bayanihan
exp6_bayanihan,back_to_front,baseline,12386,41,1444,1829,74,72.81666666666666,206,bayanihan
exp6_bayanihan,outside_in,baseline,12386,41,921,942,0,17.761111111111113,92,bayanihan
exp6_bayanihan,steffen,baseline,12386,41,678,1339,0,11.305555555555555,50,bayanihan
exp6_bayanihan,random,baseline,12387,42,1216,998,90,28.072222222222223,97,bayanihan
exp6_bayanihan,back_to_front,baseline,12387,42,1573,1601,96,80.63888888888889,193,bayanihan
exp6_bayanihan,outside_in,baseline,12387,42,904,962,0,20.038888888888888,71,bayanihan
exp6_bayanihan,steffen,baseline,12387,42,655,1063,0,10.46111111111111,45,bayanihan
exp6_bayanihan,random,baseline,12388,43,1210,1019,90,27.927777777777777,105,bayanihan
exp6_bayanihan,back_to_front,baseline,12388,43,1518,1774,99,71.66666666666667,173,bayanihan
exp6_bayanihan,outside_in,baseline,12388,43,1056,1009,0,23.766666666666666,70,bayanihan
exp6_bayanihan,steffen,baseline,12388,43,678,1443,0,12.372222222222222,47,bayanihan
exp6_bayanihan,random,baseline,12389,44,1208,1055,97,31.983333333333334,114,bayanihan
exp6_bayanihan,back_to_front,baseline,12389,44,1458,1733,80,74.35,203,bayanihan
exp6_bayanihan,outside_in,baseline,12389,44,987,1059,0,21.711111111111112,67,bayanihan
exp6_bayanihan,steffen,baseline,12389,44,665,1148,0,10.155555555555555,40,bayanihan
exp6_bayanihan,random,baseline,12390,45,1212,1007,92,28.016666666666666,97,bayanihan
exp6_bayanihan,back_to_front,baseline,12390,45,1433,1656,96,71.5,201,bayanihan
exp6_bayanihan,outside_in,baseline,12390,45,1008,1013,0,20.68888888888889,63,bayanihan
exp6_bayanihan,steffen,baseline,12390,45,671,1203,0,10.561111111111112,46,bayanihan
exp6_bayanihan,random,baseline,12391,46,1246,1041,91,30.444444444444443,89,bayanihan
exp6_bayanihan,back_to_front,baseline,12391,46,1598,1736,92,78.92222222222222,182,bayanihan
exp6_bayanihan,outside_in,baseline,12391,46,1024,1045,0,21.322222222222223,66,bayanihan
exp6_bayanihan,steffen,baseline,12391,46,667,1268,0,11.605555555555556,45,bayanihan
exp6_bayanihan,random,baseline,12392,47,1284,1089,90,34.65555555555556,124,bayanihan
exp6_bayanihan,back_to_front,baseline,12392,47,1534,1727,85,77.52222222222223,213,bayanihan
exp6_bayanihan,outside_in,baseline,12392,47,1023,947,0,22.477777777777778,83,bayanihan
exp6_bayanihan,steffen,baseline,12392,47,663,1010,0,9.327777777777778,42,bayanihan
exp6_bayanihan,random,baseline,12393,48,1263,1164,101,30.544444444444444,91,bayanihan
exp6_bayanihan,back_to_front,baseline,12393,48,1569,1663,105,76.88888888888889,210,bayanihan
exp6_bayanihan,outside_in,baseline,12393,48,1062,945,0,19.294444444444444,66,bayanihan
exp6_bayanihan,steffen,baseline,12393,48,683,1253,0,11.077777777777778,50,bayanihan
exp6_bayanihan,random,baseline,12394,49,1187,1021,85,32.37222222222222,98,bayanihan
exp6_bayanihan,back_to_front,baseline,12394,49,1547,1668,79,71.27777777777777,177,bayanihan
exp6_bayanihan,outside_in,baseline,12394,49,940,1020,0,22.094444444444445,67,bayanihan
exp6_bayanihan,steffen,baseline,12394,49,656,1144,0,9.96111111111111,40,bayanihan
exp6_bayanihan,random,baseline,12395,50,1111,1175,90,30.066666666666666,106,bayanihan
exp6_bayanihan,back_to_front,baseline,12395,50,1446,1605,93,76.71111111111111,247,bayanihan
exp6_bayanihan,outside_in,baseline,12395,50,904,948,0,18.466666666666665,82,bayanihan
exp6_bayanihan,steffen,baseline,12395,50,643,1182,0,10.761111111111111,45,bayanihan
exp6_bayanihan,random,baseline,12396,51,1251,1059,97,37.16111111111111,122,bayanihan
exp6_bayanihan,back_to_front,baseline,12396,51,1515,1798,90,81.18888888888888,204,bayanihan
exp6_bayanihan,outside_in,baseline,12396,51,930,1020,0,17.988888888888887,55,bayanihan
exp6_bayanihan,steffen,baseline,12396,51,660,1172,0,11.133333333333333,36,bayanihan
exp6_bayanihan,random,baseline,12397,52,1149,1179,90,31.25,106,bayanihan
exp6_bayanihan,back_to_front,baseline,12397,52,1379,1606,91,69.91666666666667,190,bayanihan
exp6_bayanihan,outside_in,baseline,12397,52,952,994,0,18.966666666666665,89,bayanihan
exp6_bayanihan,steffen,baseline,12397,52,686,1203,0,10.472222222222221,47,bayanihan
exp6_bayanihan,random,baseline,12398,53,1143,1061,79,27.833333333333332,119,bayanihan
exp6_bayanihan,back_to_front,baseline,12398,53,1431,1718,97,74.37777777777778,221,bayanihan
exp6_bayanihan,outside_in,baseline,12398,53,892,1077,0,17.07777777777778,66,bayanihan
exp6_bayanihan,steffen,baseline,12398,53,663,1305,0,10.78888888888889,42,bayanihan
exp6_bayanihan,random,baseline,12399,54,1289,1046,98,33.394444444444446,107,bayanihan
exp6_bayanihan,back_to_front,baseline,12399,54,1560,1615,90,82.2388888888889,232,bayanihan
exp6_bayanihan,outside_in,baseline,12399,54,1018,1085,0,23.655555555555555,82,bayanihan
exp6_bayanihan,steffen,baseline,12399,54,655,1095,0,10.53888888888889,54,bayanihan
exp6_bayanihan,random,baseline,12400,55,1221,1121,88,34.25,109,bayanihan
exp6_bayanihan,back_to_front,baseline,12400,55,1394,1722,89,76.16666666666667,236,bayanihan
exp6_bayanihan,outside_in,baseline,12400,55,912,1097,0,20.466666666666665,69,bayanihan
exp6_bayanihan,steffen,baseline,12400,55,639,1423,0,11.927777777777777,40,bayanihan
exp6_bayanihan,random,baseline,12401,56,1199,1193,85,37.06111111111111,101,bayanihan
exp6_bayanihan,back_to_front,baseline,12401,56,1462,1779,93,80.45555555555555,216,bayanihan
exp6_bayanihan,outside_in,baseline,12401,56,875,1035,0,20.844444444444445,61,bayanihan
exp6_bayanihan,steffen,baseline,12401,56,639,1179,0,10.733333333333333,47,bayanihan
exp6_bayanihan,random,baseline,12402,57,1256,1010,104,36.483333333333334,103,bayanihan
exp6_bayanihan,back_to_front,baseline,12402,57,1484,1760,90,72.09444444444445,169,bayanihan
exp6_bayanihan,outside_in,baseline,12402,57,996,1010,0,23.68888888888889,97,bayanihan
exp6_bayanihan,steffen,baseline,12402,57,653,1148,0,10.455555555555556,47,bayanihan
exp6_bayanihan,random,baseline,12403,58,1318,1078,84,34.49444444444445,116,bayanihan
exp6_bayanihan,back_to_front,baseline,12403,58,1513,1791,85,74.81111111111112,192,bayanihan
exp6_bayanihan,outside_in,baseline,12403,58,992,855,0,21.3,71,bayanihan
exp6_bayanihan,steffen,baseline,12403,58,673,982,0,10.088888888888889,37,bayanihan
exp6_bayanihan,random,baseline,12404,59,1239,1010,85,29.77777777777778,102,bayanihan
exp6_bayanihan,back_to_front,baseline,12404,59,1573,1828,84,77.56111111111112,194,bayanihan
exp6_bayanihan,outside_in,baseline,12404,59,1050,914,0,20.555555555555557,80,bayanihan
exp6_bayanihan,steffen,baseline,12404,59,677,1177,0,10.455555555555556,44,bayanihan
exp6_bayanihan,random,baseline,12405,60,1308,1075,98,36.86666666666667,141,bayanihan
exp6_bayanihan,back_to_front,baseline,12405,60,1576,1650,98,79.85,215,bayanihan
exp6_bayanihan,outside_in,baseline,12405,60,989,1026,0,20.794444444444444,63,bayanihan
exp6_bayanihan,steffen,baseline,12405,60,665,1255,0,11.005555555555556,47,bayanihan
exp6_bayanihan,random,baseline,12406,61,1185,1156,96,31.038888888888888,104,bayanihan
exp6_bayanihan,back_to_front,baseline,12406,61,1659,1816,87,89.83333333333333,226,bayanihan
exp6_bayanihan,outside_in,baseline,12406,61,1001,1029,0,21.95,106,bayanihan
exp6_bayanihan,steffen,baseline,12406,61,651,1320,0,11.561111111111112,50,bayanihan
exp6_bayanihan,random,baseline,12407,62,1157,1012,88,28.461111111111112,101,bayanihan
exp6_bayanihan,back_to_front,baseline,12407,62,1525,1805,93,80.70555555555555,225,bayanihan
exp6_bayanihan,outside_in,baseline,12407,62,929,952,0,17.66111111111111,82,bayanihan
exp6_bayanihan,steffen,baseline,12407,62,637,1246,0,10.977777777777778,52,bayanihan
exp6_bayanihan,random,baseline,12408,63,1215,1028,93,31.63888888888889,89,bayanihan
exp6_bayanihan,back_to_front,baseline,12408,63,1581,1708,96,81.56666666666666,216,bayanihan
exp6_bayanihan,outside_in,baseline,12408,63,1032,1083,0,22.45,66,bayanihan
exp6_bayanihan,steffen,baseline,12408,63,666,1313,0,11.466666666666667,45,bayanihan
exp6_bayanihan,random,baseline,12409,64,1310,1032,95,30.727777777777778,106,bayanihan
exp6_bayanihan,back_to_front,baseline,12409,64,1509,1832,97,86.42222222222222,234,bayanihan
exp6_bayanihan,outside_in,baseline,12409,64,990,1032,0,20.372222222222224,72,bayanihan
exp6_bayanihan,steffen,baseline,12409,64,652,1274,0,10.938888888888888,63,bayanihan
exp6_bayanihan,random,baseline,12410,65,1214,1150,91,31.95,91,bayanihan
exp6_bayanihan,back_to_front,baseline,12410,65,1504,1837,97,84.52777777777777,212,bayanihan
exp6_bayanihan,outside_in,baseline,12410,65,943,1128,0,21.627777777777776,69,bayanihan
exp6_bayanihan,steffen,baseline,12410,65,673,1333,0,11.366666666666667,49,bayanihan
exp6_bayanihan,random,baseline,12411,66,1291,1067,96,35.71111111111111,141,bayanihan
exp6_bayanihan,back_to_front,baseline,12411,66,1617,1609,96,83.98333333333333,237,bayanihan
exp6_bayanihan,outside_in,baseline,12411,66,994,1033,0,23.377777777777776,92,bayanihan
exp6_bayanihan,steffen,baseline,12411,66,707,1006,0,10.822222222222223,80,bayanihan
exp6_bayanihan,random,baseline,12412,67,1215,1077,78,35.5,104,bayanihan
exp6_bayanihan,back_to_front,baseline,12412,67,1604,1831,98,85.13333333333334,208,bayanihan
exp6_bayanihan,outside_in,baseline,12412,67,1014,1071,0,23.266666666666666,85,bayanihan
exp6_bayanihan,steffen,baseline,12412,67,654,1317,0,11.616666666666667,47,bayanihan
exp6_bayanihan,random,baseline,12413,68,1236,1040,107,32.18333333333333,121,bayanihan
exp6_bayanihan,back_to_front,baseline,12413,68,1607,1675,83,84.58888888888889,237,bayanihan
exp6_bayanihan,outside_in,baseline,12413,68,937,983,0,20.622222222222224,72,bayanihan
exp6_bayanihan,steffen,baseline,12413,68,667,1150,0,11.155555555555555,45,bayanihan
exp6_bayanihan,random,baseline,12414,69,1312,1176,86,37.21666666666667,114,bayanihan
exp6_bayanihan,back_to_front,baseline,12414,69,1562,1711,85,80.05,212,bayanihan
exp6_bayanihan,outside_in,baseline,12414,69,1045,1012,0,22.58888888888889,101,bayanihan
exp6_bayanihan,steffen,baseline,12414,69,661,1259,0,11.755555555555556,54,bayanihan
exp6_bayanihan,random,baseline,12415,70,1156,1123,90,30.322222222222223,95,bayanihan
exp6_bayanihan,back_to_front,baseline,12415,70,1530,1866,88,84.49444444444444,199,bayanihan
exp6_bayanihan,outside_in,baseline,12415,70,986,1020,0,23.194444444444443,80,bayanihan
exp6_bayanihan,steffen,baseline,12415,70,671,1466,0,12.255555555555556,55,bayanihan
exp6_bayanihan,random,baseline,12416,71,1192,1036,81,28.977777777777778,124,bayanihan
exp6_bayanihan,back_to_front,baseline,12416,71,1533,1820,92,81.73333333333333,179,bayanihan
exp6_bayanihan,outside_in,baseline,12416,71,989,1003,0,23.216666666666665,68,bayanihan
exp6_bayanihan,steffen,baseline,12416,71,669,1427,0,12.71111111111111,48,bayanihan
exp6_bayanihan,random,baseline,12417,72,1210,984,85,30.805555555555557,103,bayanihan
exp6_bayanihan,back_to_front,baseline,12417,72,1500,1672,93,73.22777777777777,194,bayanihan
exp6_bayanihan,outside_in,baseline,12417,72,1094,979,0,21.427777777777777,70,bayanihan
exp6_bayanihan,steffen,baseline,12417,72,669,1129,0,10.46111111111111,44,bayanihan
exp6_bayanihan,random,baseline,12418,73,1240,1124,89,36.55555555555556,163,bayanihan
exp6_bayanihan,back_to_front,baseline,12418,73,1533,1754,93,88.21666666666667,229,bayanihan
exp6_bayanihan,outside_in,baseline,12418,73,949,1047,0,23.983333333333334,90,bayanihan
exp6_bayanihan,steffen,baseline,12418,73,647,1080,0,9.738888888888889,46,bayanihan
exp6_bayanihan,random,baseline,12419,74,1223,1159,92,33.43888888888889,104,bayanihan
exp6_bayanihan,back_to_front,baseline,12419,74,1411,1704,80,65.43888888888888,186,bayanihan
exp6_bayanihan,outside_in,baseline,12419,74,996,988,0,19.15,82,bayanihan
exp6_bayanihan,steffen,baseline,12419,74,677,1273,0,11.21111111111111,47,bayanihan
exp6_bayanihan,random,baseline,12420,75,1167,1096,93,28.016666666666666,100,bayanihan
exp6_bayanihan,back_to_front,baseline,12420,75,1601,1716,89,85.20555555555555,244,bayanihan
exp6_bayanihan,outside_in,baseline,12420,75,984,1076,0,21.927777777777777,75,bayanihan
exp6_bayanihan,steffen,baseline,12420,75,684,1352,0,12.105555555555556,48,bayanihan
exp6_bayanihan,random,baseline,12421,76,1201,1090,98,36.138888888888886,122,bayanihan
exp6_bayanihan,back_to_front,baseline,12421,76,1406,1783,86,75.95555555555555,169,bayanihan
exp6_bayanihan,outside_in,baseline,12421,76,942,1151,0,24.044444444444444,72,bayanihan
exp6_bayanihan,steffen,baseline,12421,76,622,1323,0,11.516666666666667,44,bayanihan
exp6_bayanihan,random,baseline,12422,77,1291,1258,87,38.52777777777778,117,bayanihan
exp6_bayanihan,back_to_front,baseline,12422,77,1536,1950,79,82.92222222222222,194,bayanihan
exp6_bayanihan,outside_in,baseline,12422,77,960,1151,0,23.394444444444446,78,bayanihan
exp6_bayanihan,steffen,baseline,12422,77,666,1311,0,12.511111111111111,58,bayanihan
exp6_bayanihan,random,baseline,12423,78,1251,1152,99,37.61666666666667,159,bayanihan
exp6_bayanihan,back_to_front,baseline,12423,78,1694,1688,89,96.82222222222222,290,bayanihan
exp6_bayanihan,outside_in,baseline,12423,78,1003,1173,0,24.105555555555554,80,bayanihan
exp6_bayanihan,steffen,baseline,12423,78,647,1265,0,11.977777777777778,60,bayanihan
exp6_bayanihan,random,baseline,12424,79,1197,1002,87,27.461111111111112,97,bayanihan
exp6_bayanihan,back_to_front,baseline,12424,79,1484,1547,91,70.93888888888888,194,bayanihan
exp6_bayanihan,outside_in,baseline,12424,79,958,962,0,19.7,66,bayanihan
exp6_bayanihan,steffen,baseline,12424,79,680,1120,0,10.283333333333333,56,bayanihan
exp6_bayanihan,random,baseline,12425,80,1208,1028,97,31.127777777777776,96,bayanihan
exp6_bayanihan,back_to_front,baseline,12425,80,1467,1748,95,84.74444444444444,277,bayanihan
exp6_bayanihan,outside_in,baseline,12425,80,1020,950,0,22.261111111111113,103,bayanihan
exp6_bayanihan,steffen,baseline,12425,80,660,1170,0,10.855555555555556,52,bayanihan
exp6_bayanihan,random,baseline,12426,81,1242,1082,97,35.03888888888889,166,bayanihan
exp6_bayanihan,back_to_front,baseline,12426,81,1455,1775,77,72.69444444444444,167,bayanihan
exp6_bayanihan,outside_in,baseline,12426,81,928,1112,0,22.005555555555556,78,bayanihan
exp6_bayanihan,steffen,baseline,12426,81,634,1375,0,11.216666666666667,39,bayanihan
exp6_bayanihan,random,baseline,12427,82,1222,1050,81,29.444444444444443,97,bayanihan
exp6_bayanihan,back_to_front,baseline,12427,82,1557,1761,91,87.45,210,bayanihan
exp6_bayanihan,outside_in,baseline,12427,82,992,1024,0,24.005555555555556,89,bayanihan
exp6_bayanihan,steffen,baseline,12427,82,644,1253,0,11.255555555555556,40,bayanihan
exp6_bayanihan,random,baseline,12428,83,1220,1131,80,36.12222222222222,116,bayanihan
exp6_bayanihan,back_to_front,baseline,12428,83,1560,1803,93,85.28888888888889,195,bayanihan
exp6_bayanihan,outside_in,baseline,12428,83,1023,1030,0,22.927777777777777,72,bayanihan
exp6_bayanihan,steffen,baseline,12428,83,671,1282,0,11.744444444444444,47,bayanihan
exp6_bayanihan,random,baseline,12429,84,1295,1079,87,35.45,143,bayanihan
exp6_bayanihan,back_to_front,baseline,12429,84,1688,1737,96,85.71111111111111,190,bayanihan
exp6_bayanihan,outside_in,baseline,12429,84,1066,1094,0,24.15,77,bayanihan
exp6_bayanihan,steffen,baseline,12429,84,682,1284,0,11.78888888888889,58,bayanihan
exp6_bayanihan,random,baseline,12430,85,1238,1062,103,32.38333333333333,139,bayanihan
exp6_bayanihan,back_to_front,baseline,12430,85,1597,1615,87,81.4888888888889,191,bayanihan
exp6_bayanihan,outside_in,baseline,12430,85,980,996,0,21.8,64,bayanihan
exp6_bayanihan,steffen,baseline,12430,85,653,1165,0,9.977777777777778,41,bayanihan
exp6_bayanihan,random,baseline,12431,86,1343,1195,97,35.56111111111111,113,bayanihan
exp6_bayanihan,back_to_front,baseline,12431,86,1414,1772,84,76.47777777777777,218,bayanihan
exp6_bayanihan,outside_in,baseline,12431,86,990,948,0,21.433333333333334,84,bayanihan
exp6_bayanihan,steffen,baseline,12431,86,651,1410,0,12.85,54,bayanihan
exp6_bayanihan,random,baseline,12432,87,1170,1090,95,27.466666666666665,99,bayanihan
exp6_bayanihan,back_to_front,baseline,12432,87,1507,1852,92,82.67777777777778,219,bayanihan
exp6_bayanihan,outside_in,baseline,12432,87,937,954,0,19.488888888888887,66,bayanihan
exp6_bayanihan,steffen,baseline,12432,87,658,1110,0,9.55,37,bayanihan
exp6_bayanihan,random,baseline,12433,88,1242,1090,90,32.86666666666667,103,bayanihan
exp6_bayanihan,back_to_front,baseline,12433,88,1487,1746,83,77.43888888888888,188,bayanihan
exp6_bayanihan,outside_in,baseline,12433,88,920,931,0,20.927777777777777,66,bayanihan
exp6_bayanihan,steffen,baseline,12433,88,643,1117,0,10.311111111111112,46,bayanihan
exp6_bayanihan,random,baseline,12434,89,1162,1109,92,31.555555555555557,127,bayanihan
exp6_bayanihan,back_to_front,baseline,12434,89,1340,1720,84,70.57777777777778,182,bayanihan
exp6_bayanihan,outside_in,baseline,12434,89,937,976,0,20.955555555555556,70,bayanihan
exp6_bayanihan,steffen,baseline,12434,89,619,1310,0,11.03888888888889,45,bayanihan
exp6_bayanihan,random,baseline,12435,90,1247,1020,100,36.01111111111111,129,bayanihan
exp6_bayanihan,back_to_front,baseline,12435,90,1553,1890,87,83.7388888888889,197,bayanihan
exp6_bayanihan,outside_in,baseline,12435,90,987,1150,0,26.82777777777778,96,bayanihan
exp6_bayanihan,steffen,baseline,12435,90,647,1050,0,10.8,52,bayanihan
exp6_bayanihan,random,baseline,12436,91,1141,1150,101,33.05,127,bayanihan
exp6_bayanihan,back_to_front,baseline,12436,91,1608,1764,85,92.65555555555555,251,bayanihan
exp6_bayanihan,outside_in,baseline,12436,91,935,974,0,20.616666666666667,78,bayanihan
exp6_bayanihan,steffen,baseline,12436,91,625,973,0,9.088888888888889,34,bayanihan
exp6_bayanihan,random,baseline,12437,92,1216,1119,93,37.605555555555554,106,bayanihan
exp6_bayanihan,back_to_front,baseline,12437,92,1516,1804,93,79.98333333333333,197,bayanihan
exp6_bayanihan,outside_in,baseline,12437,92,1000,1174,0,28.977777777777778,142,bayanihan
exp6_bayanihan,steffen,baseline,12437,92,654,1261,0,12.36111111111111,47,bayanihan
exp6_bayanihan,random,baseline,12438,93,1117,1097,94,30.56111111111111,132,bayanihan
exp6_bayanihan,back_to_front,baseline,12438,93,1611,1847,87,86.61111111111111,237,bayanihan
exp6_bayanihan,outside_in,baseline,12438,93,966,1136,0,23.416666666666668,74,bayanihan
exp6_bayanihan,steffen,baseline,12438,93,672,1344,0,11.877777777777778,49,bayanihan
exp6_bayanihan,random,baseline,12439,94,1178,942,92,29.2,92,bayanihan
exp6_bayanihan,back_to_front,baseline,12439,94,1485,1766,89,82.42777777777778,226,bayanihan
exp6_bayanihan,outside_in,baseline,12439,94,972,1167,0,23.75,75,bayanihan
exp6_bayanihan,steffen,baseline,12439,94,642,1203,0,10.727777777777778,46,bayanihan
exp6_bayanihan,random,baseline,12440,95,1281,1106,89,37.705555555555556,158,bayanihan
exp6_bayanihan,back_to_front,baseline,12440,95,1488,1766,93,84.02222222222223,235,bayanihan
exp6_bayanihan,outside_in,baseline,12440,95,974,1066,0,26.194444444444443,88,bayanihan
exp6_bayanihan,steffen,baseline,12440,95,621,1233,0,11.377777777777778,46,bayanihan
exp6_bayanihan,random,baseline,12441,96,1290,1080,90,33.06111111111111,106,bayanihan
exp6_bayanihan,back_to_front,baseline,12441,96,1420,1662,88,69.78333333333333,165,bayanihan
exp6_bayanihan,outside_in,baseline,12441,96,956,1073,0,20.97222222222222,78,bayanihan
exp6_bayanihan,steffen,baseline,12441,96,655,1239,0,10.838888888888889,45,bayanihan
exp6_bayanihan,random,baseline,12442,97,1243,1135,93,33.022222222222226,102,bayanihan
exp6_bayanihan,back_to_front,baseline,12442,97,1566,1835,93,83.58888888888889,197,bayanihan
exp6_bayanihan,outside_in,baseline,12442,97,1022,1105,0,28.683333333333334,91,bayanihan
exp6_bayanihan,steffen,baseline,12442,97,685,1375,0,13.966666666666667,60,bayanihan
exp6_bayanihan,random,baseline,12443,98,1237,1170,85,36.30555555555556,128,bayanihan
exp6_bayanihan,back_to_front,baseline,12443,98,1516,1793,87,76.9888888888889,197,bayanihan
exp6_bayanihan,outside_in,baseline,12443,98,1005,1071,0,25.45,100,bayanihan
exp6_bayanihan,steffen,baseline,12443,98,660,1328,0,11.96111111111111,61,bayanihan
exp6_bayanihan,random,baseline,12444,99,1123,1053,84,29.18888888888889,106,bayanihan
exp6_bayanihan,back_to_front,baseline,12444,99,1466,1755,93,76.71111111111111,205,bayanihan
exp6_bayanihan,outside_in,baseline,12444,99,985,973,0,20.516666666666666,71,bayanihan
exp6_bayanihan,steffen,baseline,12444,99,651,1204,0,10.36111111111111,51,bayanihan
exp6_bayanihan,random,baseline,12445,100,1130,923,91,31.516666666666666,94,bayanihan
exp6_bayanihan,back_to_front,baseline,12445,100,1470,1681,85,79.61111111111111,209,bayanihan
exp6_bayanihan,outside_in,baseline,12445,100,921,937,0,17.038888888888888,59,bayanihan
exp6_bayanihan,steffen,baseline,12445,100,644,1057,0,9.605555555555556,41,bayanihan
exp6_bayanihan,random,baseline,12446,101,1151,1057,97,32.38333333333333,155,bayanihan
exp6_bayanihan,back_to_front,baseline,12446,101,1461,1821,99,81.77777777777777,205,bayanihan
exp6_bayanihan,outside_in,baseline,12446,101,970,1111,0,23.233333333333334,89,bayanihan
exp6_bayanihan,steffen,baseline,12446,101,657,1237,0,11.672222222222222,53,bayanihan
exp6_bayanihan,random,baseline,12447,102,1261,1006,99,28.211111111111112,98,bayanihan
exp6_bayanihan,back_to_front,baseline,12447,102,1500,1790,87,77.7611111111111,225,bayanihan
exp6_bayanihan,outside_in,baseline,12447,102,1020,1133,0,22.67222222222222,88,bayanihan
exp6_bayanihan,steffen,baseline,12447,102,691,1400,0,11.827777777777778,52,bayanihan
exp6_bayanihan,random,baseline,12448,103,1230,1014,88,32.327777777777776,107,bayanihan
exp6_bayanihan,back_to_front,baseline,12448,103,1482,1779,75,79.6,217,bayanihan
exp6_bayanihan,outside_in,baseline,12448,103,1005,1070,0,22.805555555555557,85,bayanihan
exp6_bayanihan,steffen,baseline,12448,103,645,1387,0,12.077777777777778,40,bayanihan
exp6_bayanihan,random,baseline,12449,104,1261,1125,96,32.22222222222222,115,bayanihan
exp6_bayanihan,back_to_front,baseline,12449,104,1334,1667,83,60.233333333333334,149,bayanihan
exp6_bayanihan,outside_in,baseline,12449,104,987,1024,0,21.011111111111113,84,bayanihan
exp6_bayanihan,steffen,baseline,12449,104,655,1202,0,11.066666666666666,43,bayanihan
exp6_bayanihan,random,baseline,12450,105,1210,1065,100,29.544444444444444,121,bayanihan
exp6_bayanihan,back_to_front,baseline,12450,105,1478,1660,86,70.72777777777777,193,bayanihan
exp6_bayanihan,outside_in,baseline,12450,105,967,1078,0,20.4,80,bayanihan
exp6_bayanihan,steffen,baseline,12450,105,639,1232,0,10.072222222222223,42,bayanihan
exp6_bayanihan,random,baseline,12451,106,1208,1038,103,34.888888888888886,132,bayanihan
exp6_bayanihan,back_to_front,baseline,12451,106,1652,1835,83,86.17222222222222,201,bayanihan
exp6_bayanihan,outside_in,baseline,12451,106,1076,1046,0,24.983333333333334,82,bayanihan
exp6_bayanihan,steffen,baseline,12451,106,687,1094,0,10.266666666666667,56,bayanihan
exp6_bayanihan,random,baseline,12452,107,1131,1145,69,30.205555555555556,89,bayanihan
exp6_bayanihan,back_to_front,baseline,12452,107,1571,1899,93,84.18888888888888,214,bayanihan
exp6_bayanihan,outside_in,baseline,12452,107,1004,1073,0,21.45,73,bayanihan
exp6_bayanihan,steffen,baseline,12452,107,680,1290,0,11.522222222222222,48,bayanihan
exp6_bayanihan,random,baseline,12453,108,1245,1034,95,30.25,114,bayanihan
exp6_bayanihan,back_to_front,baseline,12453,108,1557,1656,90,80.55,206,bayanihan
exp6_bayanihan,outside_in,baseline,12453,108,965,1048,0,19.916666666666668,69,bayanihan
exp6_bayanihan,steffen,baseline,12453,108,689,1108,0,10.2,43,bayanihan
exp6_bayanihan,random,baseline,12454,109,1287,1087,81,32.07222222222222,97,bayanihan
exp6_bayanihan,back_to_front,baseline,12454,109,1758,1777,87,95.50555555555556,220,bayanihan
exp6_bayanihan,outside_in,baseline,12454,109,1086,1017,0,23.88888888888889,73,bayanihan
exp6_bayanihan,steffen,baseline,12454,109,687,1254,0,12.238888888888889,53,bayanihan
exp6_bayanihan,random,baseline,12455,110,1298,1153,107,37.94444444444444,112,bayanihan
exp6_bayanihan,back_to_front,baseline,12455,110,1627,1841,91,89.88333333333334,246,bayanihan
exp6_bayanihan,outside_in,baseline,12455,110,994,985,0,24.366666666666667,67,bayanihan
exp6_bayanihan,steffen,baseline,12455,110,668,1410,0,12.933333333333334,47,bayanihan
exp6_bayanihan,random,baseline,12456,111,1191,997,99,28.67222222222222,88,bayanihan
exp6_bayanihan,back_to_front,baseline,12456,111,1548,1731,88,83.04444444444445,216,bayanihan
exp6_bayanihan,outside_in,baseline,12456,111,956,1073,0,21.461111111111112,77,bayanihan
exp6_bayanihan,steffen,baseline,12456,111,657,1273,0,10.927777777777777,52,bayanihan
exp6_bayanihan,random,baseline,12457,112,1205,1096,98,30.75,85,bayanihan
exp6_bayanihan,back_to_front,baseline,12457,112,1476,1672,92,75.95555555555555,207,bayanihan
exp6_bayanihan,outside_in,baseline,12457,112,996,1011,0,22.466666666666665,65,bayanihan
exp6_bayanihan,steffen,baseline,12457,112,660,1182,0,10.911111111111111,54,bayanihan
exp6_bayanihan,random,baseline,12458,113,1211,1110,90,36.611111111111114,109,bayanihan
exp6_bayanihan,back_to_front,baseline,12458,113,1418,1750,81,68.8,173,bayanihan
exp6_bayanihan,outside_in,baseline,12458,113,946,1129,0,23.333333333333332,90,bayanihan
exp6_bayanihan,steffen,baseline,12458,113,658,1346,0,11.222222222222221,42,bayanihan
exp6_bayanihan,random,baseline,12459,114,1194,979,83,34.45,127,bayanihan
exp6_bayanihan,back_to_front,baseline,12459,114,1518,1727,94,79.62777777777778,192,bayanihan
exp6_bayanihan,outside_in,baseline,12459,114,992,1092,0,25.18888888888889,100,bayanihan
exp6_bayanihan,steffen,baseline,12459,114,626,1236,0,10.811111111111112,42,bayanihan
exp6_bayanihan,random,baseline,12460,115,1286,1148,88,31.733333333333334,88,bayanihan
exp6_bayanihan,back_to_front,baseline,12460,115,1532,1771,92,89.44444444444444,287,bayanihan
exp6_bayanihan,outside_in,baseline,12460,115,948,999,0,20.18888888888889,60,bayanihan
exp6_bayanihan,steffen,baseline,12460,115,654,1197,0,11.05,42,bayanihan
exp6_bayanihan,random,baseline,12461,116,1065,1039,70,25.127777777777776,82,bayanihan
exp6_bayanihan,back_to_front,baseline,12461,116,1353,1744,71,67.65555555555555,163,bayanihan
exp6_bayanihan,outside_in,baseline,12461,116,908,1010,0,18.116666666666667,58,bayanihan
exp6_bayanihan,steffen,baseline,12461,116,630,1293,0,11.105555555555556,42,bayanihan
exp6_bayanihan,random,baseline,12462,117,1184,1152,89,32.34444444444444,105,bayanihan
exp6_bayanihan,back_to_front,baseline,12462,117,1531,1820,105,79.78333333333333,195,bayanihan
exp6_bayanihan,outside_in,baseline,12462,117,975,1071,0,22.405555555555555,96,bayanihan
exp6_bayanihan,steffen,baseline,12462,117,645,1288,0,10.78888888888889,54,bayanihan
exp6_bayanihan,random,baseline,12463,118,1162,1142,85,31.366666666666667,99,bayanihan
exp6_bayanihan,back_to_front,baseline,12463,118,1505,1841,94,81.98333333333333,206,bayanihan
exp6_bayanihan,outside_in,baseline,12463,118,934,1079,0,21.622222222222224,73,bayanihan
exp6_bayanihan,steffen,baseline,12463,118,652,1287,0,11.53888888888889,47,bayanihan
exp6_bayanihan,random,baseline,12464,119,1203,1076,89,33.11666666666667,152,bayanihan
exp6_bayanihan,back_to_front,baseline,12464,119,1679,1735,101,87.7611111111111,212,bayanihan
exp6_bayanihan,outside_in,baseline,12464,119,951,1071,0,20.11111111111111,73,bayanihan
exp6_bayanihan,steffen,baseline,12464,119,691,1243,0,11.522222222222222,44,bayanihan
exp6_bayanihan,random,baseline,12465,120,1142,976,94,28.677777777777777,107,bayanihan
exp6_bayanihan,back_to_front,baseline,12465,120,1439,1742,87,72.86111111111111,243,bayanihan
exp6_bayanihan,outside_in,baseline,12465,120,988,1009,0,19.255555555555556,86,bayanihan
exp6_bayanihan,steffen,baseline,12465,120,647,1254,0,11.144444444444444,40,bayanihan
exp6_bayanihan,random,baseline,12466,121,1166,1093,70,30.238888888888887,96,bayanihan
exp6_bayanihan,back_to_front,baseline,12466,121,1415,1665,96,74.5,204,bayanihan
exp6_bayanihan,outside_in,baseline,12466,121,977,1011,0,22.38888888888889,93,bayanihan
exp6_bayanihan,steffen,baseline,12466,121,637,1321,0,12.194444444444445,49,bayanihan
exp6_bayanihan,random,baseline,12467,122,1283,1186,98,36.855555555555554,117,bayanihan
exp6_bayanihan,back_to_front,baseline,12467,122,1542,1846,85,81.85555555555555,220,bayanihan
exp6_bayanihan,outside_in,baseline,12467,122,987,1077,0,21.9,64,bayanihan
exp6_bayanihan,steffen,baseline,12467,122,666,1276,0,11.594444444444445,54,bayanihan
exp6_bayanihan,random,baseline,12468,123,1251,1017,98,28.977777777777778,94,bayanihan
exp6_bayanihan,back_to_front,baseline,12468,123,1411,1709,86,71.57222222222222,225,bayanihan
exp6_bayanihan,outside_in,baseline,12468,123,958,1027,0,21.283333333333335,75,bayanihan
exp6_bayanihan,steffen,baseline,12468,123,646,1451,0,12.738888888888889,52,bayanihan
exp6_bayanihan,random,baseline,12469,124,1263,1112,98,33.672222222222224,108,bayanihan
exp6_bayanihan,back_to_front,baseline,12469,124,1512,1807,83,85.7611111111111,227,bayanihan
exp6_bayanihan,outside_in,baseline,12469,124,992,1053,0,23.366666666666667,107,bayanihan
exp6_bayanihan,steffen,baseline,12469,124,652,1148,0,10.61111111111111,48,bayanihan
exp6_bayanihan,random,baseline,12470,125,1092,1015,86,30.133333333333333,102,bayanihan
exp6_bayanihan,back_to_front,baseline,12470,125,1457,1608,78,70.42777777777778,177,bayanihan
exp6_bayanihan,outside_in,baseline,12470,125,945,1015,0,19.227777777777778,70,bayanihan
exp6_bayanihan,steffen,baseline,12470,125,662,1125,0,10.794444444444444,47,bayanihan
exp6_bayanihan,random,baseline,12471,126,1327,1086,87,35.98888888888889,114,bayanihan
exp6_bayanihan,back_to_front,baseline,12471,126,1494,1704,98,76.35555555555555,212,bayanihan
exp6_bayanihan,outside_in,baseline,12471,126,1001,893,0,19.761111111111113,63,bayanihan
exp6_bayanihan,steffen,baseline,12471,126,683,1197,0,11.122222222222222,46,bayanihan
exp6_bayanihan,random,baseline,12472,127,1203,1152,87,29.994444444444444,96,bayanihan
exp6_bayanihan,back_to_front,baseline,12472,127,1535,1784,100,81.53888888888889,230,bayanihan
exp6_bayanihan,outside_in,baseline,12472,127,999,1083,0,21.355555555555554,66,bayanihan
exp6_bayanihan,steffen,baseline,12472,127,686,1298,0,11.455555555555556,54,bayanihan
exp6_bayanihan,random,baseline,12473,128,1225,1138,89,37.95,130,bayanihan
exp6_bayanihan,back_to_front,baseline,12473,128,1565,1758,89,82.3,233,bayanihan
exp6_bayanihan,outside_in,baseline,12473,128,1008,891,0,19.55,68,bayanihan
exp6_bayanihan,steffen,baseline,12473,128,648,1355,0,11.744444444444444,56,bayanihan
exp6_bayanihan,random,baseline,12474,129,1083,1030,82,28.766666666666666,94,bayanihan
exp6_bayanihan,back_to_front,baseline,12474,129,1376,1744,89,71.57222222222222,183,bayanihan
exp6_bayanihan,outside_in,baseline,12474,129,893,989,0,20.266666666666666,61,bayanihan
exp6_bayanihan,steffen,baseline,12474,129,623,1354,0,11.738888888888889,45,bayanihan
exp6_bayanihan,random,baseline,12475,130,1249,1140,98,36.9,125,bayanihan
exp6_bayanihan,back_to_front,baseline,12475,130,1483,1804,94,77.45555555555555,171,bayanihan
exp6_bayanihan,outside_in,baseline,12475,130,984,1067,0,24.988888888888887,82,bayanihan
exp6_bayanihan,steffen,baseline,12475,130,668,1132,0,10.855555555555556,48,bayanihan
exp6_bayanihan,random,baseline,12476,131,1330,1060,84,35.977777777777774,156,bayanihan
exp6_bayanihan,back_to_front,baseline,12476,131,1555,1747,102,79.9,220,bayanihan
exp6_bayanihan,outside_in,baseline,12476,131,1055,1033,0,25.27777777777778,89,bayanihan
exp6_bayanihan,steffen,baseline,12476,131,665,921,0,9.144444444444444,38,bayanihan
exp6_bayanihan,random,baseline,12477,132,1267,1090,96,35.333333333333336,105,bayanihan
exp6_bayanihan,back_to_front,baseline,12477,132,1489,1727,92,77.07777777777778,191,bayanihan
exp6_bayanihan,outside_in,baseline,12477,132,1006,1082,0,27.594444444444445,107,bayanihan
exp6_bayanihan,steffen,baseline,12477,132,640,1144,0,10.066666666666666,49,bayanihan
exp6_bayanihan,random,baseline,12478,133,1172,1090,88,31.372222222222224,125,bayanihan
exp6_bayanihan,back_to_front,baseline,12478,133,1469,1717,87,78.86111111111111,220,bayanihan
exp6_bayanihan,outside_in,baseline,12478,133,990,950,0,22.66111111111111,80,bayanihan
exp6_bayanihan,steffen,baseline,12478,133,656,1271,0,11.15,44,bayanihan
exp6_bayanihan,random,baseline,12479,134,1215,985,86,28.2,98,bayanihan
exp6_bayanihan,back_to_front,baseline,12479,134,1391,1778,91,66.50555555555556,183,bayanihan
exp6_bayanihan,outside_in,baseline,12479,134,1015,1132,0,23.283333333333335,67,bayanihan
exp6_bayanihan,steffen,baseline,12479,134,665,1395,0,12.261111111111111,56,bayanihan
exp6_bayanihan,random,baseline,12480,135,1215,1055,82,35.36666666666667,116,bayanihan
exp6_bayanihan,back_to_front,baseline,12480,135,1490,1764,94,79.86111111111111,202,bayanihan
exp6_bayanihan,outside_in,baseline,12480,135,958,1050,0,20.75,87,bayanihan
exp6_bayanihan,steffen,baseline,12480,135,632,1228,0,10.622222222222222,50,bayanihan
exp6_bayanihan,random,baseline,12481,136,1297,998,87,41.166666666666664,125,bayanihan
exp6_bayanihan,back_to_front,baseline,12481,136,1593,1668,86,80.63333333333334,219,bayanihan
exp6_bayanihan,outside_in,baseline,12481,136,1031,1072,0,24.06111111111111,83,bayanihan
exp6_bayanihan,steffen,baseline,12481,136,673,1242,0,11.616666666666667,50,bayanihan
exp6_bayanihan,random,baseline,12482,137,1173,865,95,25.788888888888888,69,bayanihan
exp6_bayanihan,back_to_front,baseline,12482,137,1560,1905,94,83.97777777777777,270,bayanihan
exp6_bayanihan,outside_in,baseline,12482,137,971,1038,0,20.65,85,bayanihan
exp6_bayanihan,steffen,baseline,12482,137,669,1446,0,12.683333333333334,70,bayanihan
exp6_bayanihan,random,baseline,12483,138,1257,1176,103,35.81666666666667,133,bayanihan
exp6_bayanihan,back_to_front,baseline,12483,138,1491,1747,87,72.60555555555555,194,bayanihan
exp6_bayanihan,outside_in,baseline,12483,138,1000,896,0,19.91111111111111,75,bayanihan
exp6_bayanihan,steffen,baseline,12483,138,654,1124,0,10.38888888888889,40,bayanihan
exp6_bayanihan,random,baseline,12484,139,1211,995,88,26.044444444444444,85,bayanihan
exp6_bayanihan,back_to_front,baseline,12484,139,1468,1579,99,73.36111111111111,224,bayanihan
exp6_bayanihan,outside_in,baseline,12484,139,1051,1017,0,20.88888888888889,68,bayanihan
exp6_bayanihan,steffen,baseline,12484,139,665,1236,0,11.811111111111112,52,bayanihan
exp6_bayanihan,random,baseline,12485,140,1170,1128,85,33.93888888888889,102,bayanihan
exp6_bayanihan,back_to_front,baseline,12485,140,1398,1679,89,73.0,223,bayanihan
exp6_bayanihan,outside_in,baseline,12485,140,954,966,0,20.772222222222222,76,bayanihan
exp6_bayanihan,steffen,baseline,12485,140,637,1204,0,10.955555555555556,58,bayanihan
exp6_bayanihan,random,baseline,12486,141,1178,1103,98,31.261111111111113,104,bayanihan
exp6_bayanihan,back_to_front,baseline,12486,141,1551,1767,91,78.65,231,bayanihan
exp6_bayanihan,outside_in,baseline,12486,141,976,1121,0,22.88888888888889,76,bayanihan
exp6_bayanihan,steffen,baseline,12486,141,648,1266,0,11.616666666666667,63,bayanihan
exp6_bayanihan,random,baseline,12487,142,1224,1015,80,29.31111111111111,110,bayanihan
exp6_bayanihan,back_to_front,baseline,12487,142,1473,1822,95,71.14444444444445,175,bayanihan
exp6_bayanihan,outside_in,baseline,12487,142,972,1071,0,19.0,68,bayanihan
exp6_bayanihan,steffen,baseline,12487,142,691,1226,0,10.627777777777778,40,bayanihan
exp6_bayanihan,random,baseline,12488,143,1163,1054,84,33.522222222222226,132,bayanihan
exp6_bayanihan,back_to_front,baseline,12488,143,1586,1818,95,86.33888888888889,225,bayanihan
exp6_bayanihan,outside_in,baseline,12488,143,992,1121,0,25.255555555555556,84,bayanihan
exp6_bayanihan,steffen,baseline,12488,143,644,1390,0,12.127777777777778,50,bayanihan
exp6_bayanihan,random,baseline,12489,144,1188,1197,82,36.855555555555554,139,bayanihan
exp6_bayanihan,back_to_front,baseline,12489,144,1523,1842,86,85.93333333333334,236,bayanihan
exp6_bayanihan,outside_in,baseline,12489,144,934,1095,0,21.75,73,bayanihan
exp6_bayanihan,steffen,baseline,12489,144,667,1260,0,11.661111111111111,51,bayanihan
exp6_bayanihan,random,baseline,12490,145,1162,1115,84,31.2,82,bayanihan
exp6_bayanihan,back_to_front,baseline,12490,145,1565,1774,91,83.36666666666666,168,bayanihan
exp6_bayanihan,outside_in,baseline,12490,145,920,1057,0,24.122222222222224,76,bayanihan
exp6_bayanihan,steffen,baseline,12490,145,636,1123,0,10.03888888888889,44,bayanihan
exp6_bayanihan,random,baseline,12491,146,1324,1109,88,34.83888888888889,125,bayanihan
exp6_bayanihan,back_to_front,baseline,12491,146,1479,1686,92,70.05,174,bayanihan
exp6_bayanihan,outside_in,baseline,12491,146,983,952,0,20.83888888888889,65,bayanihan
exp6_bayanihan,steffen,baseline,12491,146,688,1199,0,11.911111111111111,45,bayanihan
exp6_bayanihan,random,baseline,12492,147,1183,1180,94,34.022222222222226,106,bayanihan
exp6_bayanihan,back_to_front,baseline,12492,147,1427,1772,89,72.96111111111111,172,bayanihan
exp6_bayanihan,outside_in,baseline,12492,147,915,1065,0,20.194444444444443,72,bayanihan
exp6_bayanihan,steffen,baseline,12492,147,651,1327,0,11.86111111111111,48,bayanihan
exp6_bayanihan,random,baseline,12493,148,1213,1069,97,35.18888888888889,114,bayanihan
exp6_bayanihan,back_to_front,baseline,12493,148,1476,1701,93,72.42222222222222,205,bayanihan
exp6_bayanihan,outside_in,baseline,12493,148,977,1124,0,23.761111111111113,81,bayanihan
exp6_bayanihan,steffen,baseline,12493,148,648,1307,0,11.166666666666666,39,bayanihan
exp6_bayanihan,random,baseline,12494,149,1185,1093,98,32.827777777777776,111,bayanihan
exp6_bayanihan,back_to_front,baseline,12494,149,1443,1855,83,78.51666666666667,246,bayanihan
exp6_bayanihan,outside_in,baseline,12494,149,935,1071,0,21.716666666666665,64,bayanihan
exp6_bayanihan,steffen,baseline,12494,149,656,1252,0,11.155555555555555,46,bayanihan
exp6_bayanihan,random,baseline,12495,150,1215,1121,105,31.455555555555556,89,bayanihan
exp6_bayanihan,back_to_front,baseline,12495,150,1545,1792,88,81.3,194,bayanihan
exp6_bayanihan,outside_in,baseline,12495,150,998,1033,0,23.583333333333332,76,bayanihan
exp6_bayanihan,steffen,baseline,12495,150,653,1343,0,11.411111111111111,42,bayanihan
exp6_bayanihan,random,baseline,12496,151,1201,1187,96,34.361111111111114,100,bayanihan
exp6_bayanihan,back_to_front,baseline,12496,151,1409,1739,90,73.7388888888889,174,bayanihan
exp6_bayanihan,outside_in,baseline,12496,151,954,1149,0,23.755555555555556,72,bayanihan
exp6_bayanihan,steffen,baseline,12496,151,639,1331,0,11.63888888888889,43,bayanihan
exp6_bayanihan,random,baseline,12497,152,1181,1081,89,27.45,82,bayanihan
exp6_bayanihan,back_to_front,baseline,12497,152,1474,1729,93,71.60555555555555,165,bayanihan
exp6_bayanihan,outside_in,baseline,12497,152,994,1023,0,20.788888888888888,58,bayanihan
exp6_bayanihan,steffen,baseline,12497,152,666,1450,0,12.261111111111111,43,bayanihan
exp6_bayanihan,random,baseline,12498,153,1151,1024,96,29.35,105,bayanihan
exp6_bayanihan,back_to_front,baseline,12498,153,1416,1816,88,74.15,241,bayanihan
exp6_bayanihan,outside_in,baseline,12498,153,947,1110,0,23.65,97,bayanihan
exp6_bayanihan,steffen,baseline,12498,153,627,1379,0,12.127777777777778,51,bayanihan
exp6_bayanihan,random,baseline,12499,154,1278,1180,91,33.26111111111111,124,bayanihan
exp6_bayanihan,back_to_front,baseline,12499,154,1471,1801,86,74.37222222222222,180,bayanihan
exp6_bayanihan,outside_in,baseline,12499,154,1023,1120,0,24.11111111111111,87,bayanihan
exp6_bayanihan,steffen,baseline,12499,154,689,1321,0,13.383333333333333,66,bayanihan
exp6_bayanihan,random,baseline,12500,155,1188,1116,91,32.05555555555556,94,bayanihan
exp6_bayanihan,back_to_front,baseline,12500,155,1480,1702,87,77.59444444444445,210,bayanihan
exp6_bayanihan,outside_in,baseline,12500,155,917,1071,0,21.544444444444444,75,bayanihan
exp6_bayanihan,steffen,baseline,12500,155,636,1199,0,11.177777777777777,47,bayanihan
exp6_bayanihan,random,baseline,12501,156,1225,1004,82,30.572222222222223,116,bayanihan
exp6_bayanihan,back_to_front,baseline,12501,156,1707,1774,89,103.28888888888889,269,bayanihan
exp6_bayanihan,outside_in,baseline,12501,156,970,1047,0,25.91111111111111,82,bayanihan
exp6_bayanihan,steffen,baseline,12501,156,641,1254,0,11.45,53,bayanihan
exp6_bayanihan,random,baseline,12502,157,1193,965,101,28.9,99,bayanihan
exp6_bayanihan,back_to_front,baseline,12502,157,1477,1779,87,78.22222222222223,246,bayanihan
exp6_bayanihan,outside_in,baseline,12502,157,946,1085,0,20.894444444444446,72,bayanihan
exp6_bayanihan,steffen,baseline,12502,157,650,1148,0,10.055555555555555,37,bayanihan
exp6_bayanihan,random,baseline,12503,158,1243,972,98,29.427777777777777,102,bayanihan
exp6_bayanihan,back_to_front,baseline,12503,158,1485,1823,84,74.57777777777778,187,bayanihan
exp6_bayanihan,outside_in,baseline,12503,158,995,1070,0,22.06111111111111,76,bayanihan
exp6_bayanihan,steffen,baseline,12503,158,690,1263,0,11.6,45,bayanihan
exp6_bayanihan,random,baseline,12504,159,1226,1108,72,30.966666666666665,132,bayanihan
exp6_bayanihan,back_to_front,baseline,12504,159,1660,1783,113,96.83333333333333,293,bayanihan
exp6_bayanihan,outside_in,baseline,12504,159,1005,946,0,21.533333333333335,86,bayanihan
exp6_bayanihan,steffen,baseline,12504,159,642,1163,0,10.988888888888889,73,bayanihan
exp6_bayanihan,random,baseline,12505,160,1206,1068,89,28.77777777777778,102,bayanihan
exp6_bayanihan,back_to_front,baseline,12505,160,1588,1811,105,84.05,186,bayanihan
exp6_bayanihan,outside_in,baseline,12505,160,982,1050,0,19.38888888888889,68,bayanihan
exp6_bayanihan,steffen,baseline,12505,160,652,1356,0,12.53888888888889,60,bayanihan
exp6_bayanihan,random,baseline,12506,161,1193,1057,90,28.43888888888889,81,bayanihan
exp6_bayanihan,back_to_front,baseline,12506,161,1554,1768,98,86.55,213,bayanihan
exp6_bayanihan,outside_in,baseline,12506,161,948,1171,0,22.633333333333333,73,bayanihan
exp6_bayanihan,steffen,baseline,12506,161,656,1320,0,11.21111111111111,52,bayanihan
exp6_bayanihan,random,baseline,12507,162,1216,1080,95,29.616666666666667,105,bayanihan
exp6_bayanihan,back_to_front,baseline,12507,162,1521,1800,93,77.17222222222222,189,bayanihan
exp6_bayanihan,outside_in,baseline,12507,162,1082,970,0,22.711111111111112,78,bayanihan
exp6_bayanihan,steffen,baseline,12507,162,679,1303,0,11.783333333333333,43,bayanihan
exp6_bayanihan,random,baseline,12508,163,1115,1109,80,28.233333333333334,89,bayanihan
exp6_bayanihan,back_to_front,baseline,12508,163,1520,1895,86,85.67222222222222,212,bayanihan
exp6_bayanihan,outside_in,baseline,12508,163,957,1058,0,19.738888888888887,67,bayanihan
exp6_bayanihan,steffen,baseline,12508,163,641,1502,0,12.283333333333333,42,bayanihan
exp6_bayanihan,random,baseline,12509,164,1212,1085,81,32.21111111111111,96,bayanihan
exp6_bayanihan,back_to_front,baseline,12509,164,1489,1745,90,80.45,206,bayanihan
exp6_bayanihan,outside_in,baseline,12509,164,960,1170,0,25.183333333333334,83,bayanihan
exp6_bayanihan,steffen,baseline,12509,164,642,1139,0,10.327777777777778,42,bayanihan
exp6_bayanihan,random,baseline,12510,165,1261,1217,97,32.166666666666664,117,bayanihan
exp6_bayanihan,back_to_front,baseline,12510,165,1679,1868,86,89.31666666666666,224,bayanihan
exp6_bayanihan,outside_in,baseline,12510,165,1003,1029,0,23.633333333333333,73,bayanihan
exp6_bayanihan,steffen,baseline,12510,165,690,1417,0,12.494444444444444,57,bayanihan
exp6_bayanihan,random,baseline,12511,166,1270,1065,97,36.18888888888889,113,bayanihan
exp6_bayanihan,back_to_front,baseline,12511,166,1434,1739,85,70.72222222222223,195,bayanihan
exp6_bayanihan,outside_in,baseline,12511,166,1012,1218,0,25.488888888888887,82,bayanihan
exp6_bayanihan,steffen,baseline,12511,166,684,1194,0,11.377777777777778,45,bayanihan
exp6_bayanihan,random,baseline,12512,167,1164,1017,102,26.766666666666666,88,bayanihan
exp6_bayanihan,back_to_front,baseline,12512,167,1590,1705,93,81.85,196,bayanihan
exp6_bayanihan,outside_in,baseline,12512,167,1035,908,0,21.705555555555556,64,bayanihan
exp6_bayanihan,steffen,baseline,12512,167,670,1131,0,10.316666666666666,51,bayanihan
exp6_bayanihan,random,baseline,12513,168,1198,977,89,24.41111111111111,99,bayanihan
exp6_bayanihan,back_to_front,baseline,12513,168,1441,1680,84,74.97222222222223,225,bayanihan
exp6_bayanihan,outside_in,baseline,12513,168,920,1105,0,21.683333333333334,75,bayanihan
exp6_bayanihan,steffen,baseline,12513,168,650,1291,0,11.544444444444444,49,bayanihan
exp6_bayanihan,random,baseline,12514,169,1293,1058,84,34.58888888888889,134,bayanihan
exp6_bayanihan,back_to_front,baseline,12514,169,1500,1735,98,78.02777777777777,245,bayanihan
exp6_bayanihan,outside_in,baseline,12514,169,965,1080,0,22.205555555555556,80,bayanihan
exp6_bayanihan,steffen,baseline,12514,169,675,1301,0,11.65,48,bayanihan
exp6_bayanihan,random,baseline,12515,170,1083,1090,93,29.627777777777776,97,bayanihan
exp6_bayanihan,back_to_front,baseline,12515,170,1446,1843,83,79.37777777777778,219,bayanihan
exp6_bayanihan,outside_in,baseline,12515,170,916,1090,0,21.427777777777777,66,bayanihan
exp6_bayanihan,steffen,baseline,12515,170,618,1140,0,10.15,48,bayanihan
exp6_bayanihan,random,baseline,12516,171,1108,1014,77,26.133333333333333,80,bayanihan
exp6_bayanihan,back_to_front,baseline,12516,171,1471,1660,92,77.29444444444445,192,bayanihan
exp6_bayanihan,outside_in,baseline,12516,171,868,995,0,16.933333333333334,59,bayanihan
exp6_bayanihan,steffen,baseline,12516,171,649,1103,0,9.916666666666666,52,bayanihan
exp6_bayanihan,random,baseline,12517,172,1238,1016,98,31.58888888888889,122,bayanihan
exp6_bayanihan,back_to_front,baseline,12517,172,1448,1801,72,72.52222222222223,183,bayanihan
exp6_bayanihan,outside_in,baseline,12517,172,939,1004,0,18.155555555555555,64,bayanihan
exp6_bayanihan,steffen,baseline,12517,172,648,1205,0,10.477777777777778,47,bayanihan
exp6_bayanihan,random,baseline,12518,173,1254,1089,85,34.42777777777778,125,bayanihan
exp6_bayanihan,back_to_front,baseline,12518,173,1439,1837,72,74.80555555555556,171,bayanihan
exp6_bayanihan,outside_in,baseline,12518,173,938,1087,0,23.244444444444444,65,bayanihan
exp6_bayanihan,steffen,baseline,12518,173,642,1218,0,11.472222222222221,43,bayanihan
exp6_bayanihan,random,baseline,12519,174,1202,1012,84,30.07777777777778,90,bayanihan
exp6_bayanihan,back_to_front,baseline,12519,174,1584,1858,107,87.58333333333333,202,bayanihan
exp6_bayanihan,outside_in,baseline,12519,174,959,937,0,22.094444444444445,84,bayanihan
exp6_bayanihan,steffen,baseline,12519,174,665,1281,0,11.755555555555556,59,bayanihan
exp6_bayanihan,random,baseline,12520,175,1092,1059,78,28.52777777777778,81,bayanihan
exp6_bayanihan,back_to_front,baseline,12520,175,1520,1712,90,80.06666666666666,218,bayanihan
exp6_bayanihan,outside_in,baseline,12520,175,911,1183,0,22.433333333333334,81,bayanihan
exp6_bayanihan,steffen,baseline,12520,175,653,1189,0,10.144444444444444,45,bayanihan
exp6_bayanihan,random,baseline,12521,176,1271,1055,89,32.15555555555556,106,bayanihan
exp6_bayanihan,back_to_front,baseline,12521,176,1653,1711,99,87.79444444444445,247,bayanihan
exp6_bayanihan,outside_in,baseline,12521,176,1110,966,0,21.605555555555554,75,bayanihan
exp6_bayanihan,steffen,baseline,12521,176,678,1020,0,10.266666666666667,53,bayanihan
exp6_bayanihan,random,baseline,12522,177,1219,1209,93,31.694444444444443,116,bayanihan
exp6_bayanihan,back_to_front,baseline,12522,177,1351,1689,80,62.66111111111111,137,bayanihan
exp6_bayanihan,outside_in,baseline,12522,177,942,995,0,22.944444444444443,78,bayanihan
exp6_bayanihan,steffen,baseline,12522,177,630,1271,0,10.966666666666667,48,bayanihan
exp6_bayanihan,random,baseline,12523,178,1273,999,92,33.30555555555556,88,bayanihan
exp6_bayanihan,back_to_front,baseline,12523,178,1448,1684,91,74.3,171,bayanihan
exp6_bayanihan,outside_in,baseline,12523,178,970,1060,0,25.022222222222222,82,bayanihan
exp6_bayanihan,steffen,baseline,12523,178,644,1152,0,9.86111111111111,45,bayanihan
exp6_bayanihan,random,baseline,12524,179,1210,1067,83,33.82222222222222,123,bayanihan
exp6_bayanihan,back_to_front,baseline,12524,179,1560,1590,85,73.88888888888889,192,bayanihan
exp6_bayanihan,outside_in,baseline,12524,179,925,1084,0,21.255555555555556,79,bayanihan
exp6_bayanihan,steffen,baseline,12524,179,664,1326,0,11.755555555555556,42,bayanihan
exp6_bayanihan,random,baseline,12525,180,1242,1041,100,32.455555555555556,108,bayanihan
exp6_bayanihan,back_to_front,baseline,12525,180,1441,1784,80,76.87222222222222,204,bayanihan
exp6_bayanihan,outside_in,baseline,12525,180,964,1074,0,19.77777777777778,83,bayanihan
exp6_bayanihan,steffen,baseline,12525,180,686,1225,0,10.205555555555556,43,bayanihan
exp6_bayanihan,random,baseline,12526,181,1130,1078,88,28.994444444444444,86,bayanihan
exp6_bayanihan,back_to_front,baseline,12526,181,1481,1779,87,74.59444444444445,246,bayanihan
exp6_bayanihan,outside_in,baseline,12526,181,935,1008,0,18.13888888888889,69,bayanihan
exp6_bayanihan,steffen,baseline,12526,181,670,1388,0,12.033333333333333,56,bayanihan
exp6_bayanihan,random,baseline,12527,182,1204,1010,104,29.044444444444444,130,bayanihan
exp6_bayanihan,back_to_front,baseline,12527,182,1473,1606,84,83.03333333333333,216,bayanihan
exp6_bayanihan,outside_in,baseline,12527,182,897,1117,0,23.122222222222224,69,bayanihan
exp6_bayanihan,steffen,baseline,12527,182,641,1251,0,10.844444444444445,39,bayanihan
exp6_bayanihan,random,baseline,12528,183,1228,930,89,32.51111111111111,97,bayanihan
exp6_bayanihan,back_to_front,baseline,12528,183,1586,1810,95,89.02777777777777,254,bayanihan
exp6_bayanihan,outside_in,baseline,12528,183,1018,1029,0,23.07777777777778,94,bayanihan
exp6_bayanihan,steffen,baseline,12528,183,640,1399,0,12.722222222222221,58,bayanihan
exp6_bayanihan,random,baseline,12529,184,1183,1116,86,32.82222222222222,111,bayanihan
exp6_bayanihan,back_to_front,baseline,12529,184,1581,1702,106,83.48333333333333,195,bayanihan
exp6_bayanihan,outside_in,baseline,12529,184,991,1052,0,21.272222222222222,89,bayanihan
exp6_bayanihan,steffen,baseline,12529,184,669,1264,0,11.144444444444444,40,bayanihan
exp6_bayanihan,random,baseline,12530,185,1152,1058,92,28.416666666666668,98,bayanihan
exp6_bayanihan,back_to_front,baseline,12530,185,1429,1732,74,72.78888888888889,182,bayanihan
exp6_bayanihan,outside_in,baseline,12530,185,949,998,0,20.177777777777777,59,bayanihan
exp6_bayanihan,steffen,baseline,12530,185,660,1342,0,11.805555555555555,57,bayanihan
exp6_bayanihan,random,baseline,12531,186,1204,916,89,25.57777777777778,95,bayanihan
exp6_bayanihan,back_to_front,baseline,12531,186,1546,1797,92,78.92222222222222,257,bayanihan
exp6_bayanihan,outside_in,baseline,12531,186,981,1015,0,22.333333333333332,73,bayanihan
exp6_bayanihan,steffen,baseline,12531,186,662,1306,0,11.511111111111111,68,bayanihan
exp6_bayanihan,random,baseline,12532,187,1275,1102,104,33.355555555555554,102,bayanihan
exp6_bayanihan,back_to_front,baseline,12532,187,1475,1651,87,72.74444444444444,197,bayanihan
exp6_bayanihan,outside_in,baseline,12532,187,930,1005,0,18.31111111111111,64,bayanihan
exp6_bayanihan,steffen,baseline,12532,187,641,1272,0,11.416666666666666,41,bayanihan
exp6_bayanihan,random,baseline,12533,188,1278,1131,89,37.583333333333336,100,bayanihan
exp6_bayanihan,back_to_front,baseline,12533,188,1626,1765,96,88.24444444444444,212,bayanihan
exp6_bayanihan,outside_in,baseline,12533,188,1016,1048,0,24.38888888888889,74,bayanihan
exp6_bayanihan,steffen,baseline,12533,188,693,1405,0,12.588888888888889,60,bayanihan
exp6_bayanihan,random,baseline,12534,189,1229,1130,87,30.644444444444446,96,bayanihan
exp6_bayanihan,back_to_front,baseline,12534,189,1478,1735,88,81.13333333333334,218,bayanihan
exp6_bayanihan,outside_in,baseline,12534,189,978,994,0,22.505555555555556,70,bayanihan
exp6_bayanihan,steffen,baseline,12534,189,650,1327,0,12.316666666666666,48,bayanihan
exp6_bayanihan,random,baseline,12535,190,1176,973,89,24.81111111111111,78,bayanihan
exp6_bayanihan,back_to_front,baseline,12535,190,1567,1860,94,79.81666666666666,207,bayanihan
exp6_bayanihan,outside_in,baseline,12535,190,930,956,0,17.25,57,bayanihan
exp6_bayanihan,steffen,baseline,12535,190,660,1184,0,10.366666666666667,42,bayanihan
exp6_bayanihan,random,baseline,12536,191,1267,1084,91,30.738888888888887,131,bayanihan
exp6_bayanihan,back_to_front,baseline,12536,191,1601,1694,84,80.46111111111111,213,bayanihan
exp6_bayanihan,outside_in,baseline,12536,191,1019,966,0,18.42222222222222,57,bayanihan
exp6_bayanihan,steffen,baseline,12536,191,658,1229,0,11.266666666666667,47,bayanihan
exp6_bayanihan,random,baseline,12537,192,1106,1002,89,29.47222222222222,92,bayanihan
exp6_bayanihan,back_to_front,baseline,12537,192,1507,1780,88,80.41111111111111,213,bayanihan
exp6_bayanihan,outside_in,baseline,12537,192,950,1037,0,20.405555555555555,66,bayanihan
exp6_bayanihan,steffen,baseline,12537,192,643,1234,0,10.633333333333333,48,bayanihan
exp6_bayanihan,random,baseline,12538,193,1146,1112,85,32.605555555555554,101,bayanihan
exp6_bayanihan,back_to_front,baseline,12538,193,1286,1654,84,61.166666666666664,154,bayanihan
exp6_bayanihan,outside_in,baseline,12538,193,988,1154,0,28.433333333333334,84,bayanihan
exp6_bayanihan,steffen,baseline,12538,193,630,1226,0,11.672222222222222,62,bayanihan
exp6_bayanihan,random,baseline,12539,194,1257,1117,90,34.88333333333333,110,bayanihan
exp6_bayanihan,back_to_front,baseline,12539,194,1504,1868,90,81.49444444444444,205,bayanihan
exp6_bayanihan,outside_in,baseline,12539,194,995,1112,0,24.122222222222224,65,bayanihan
exp6_bayanihan,steffen,baseline,12539,194,655,1491,0,13.572222222222223,51,bayanihan
exp6_bayanihan,random,baseline,12540,195,1092,1189,88,33.16111111111111,116,bayanihan
exp6_bayanihan,back_to_front,baseline,12540,195,1484,1845,85,83.28333333333333,223,bayanihan
exp6_bayanihan,outside_in,baseline,12540,195,961,1142,0,27.2,83,bayanihan
exp6_bayanihan,steffen,baseline,12540,195,629,1530,0,12.988888888888889,45,bayanihan
exp6_bayanihan,random,baseline,12541,196,1227,1158,89,33.96111111111111,111,bayanihan
exp6_bayanihan,back_to_front,baseline,12541,196,1430,1736,85,65.52777777777777,162,bayanihan
exp6_bayanihan,outside_in,baseline,12541,196,978,1045,0,22.55,61,bayanihan
exp6_bayanihan,steffen,baseline,12541,196,648,1375,0,12.05,54,bayanihan
exp6_bayanihan,random,baseline,12542,197,1176,1213,78,37.58888888888889,147,bayanihan
exp6_bayanihan,back_to_front,baseline,12542,197,1603,1839,93,92.29444444444445,230,bayanihan
exp6_bayanihan,outside_in,baseline,12542,197,952,1098,0,25.205555555555556,70,bayanihan
exp6_bayanihan,steffen,baseline,12542,197,636,1512,0,12.883333333333333,52,bayanihan
exp6_bayanihan,random,baseline,12543,198,1213,1062,77,28.333333333333332,91,bayanihan
exp6_bayanihan,back_to_front,baseline,12543,198,1473,1909,91,81.03888888888889,216,bayanihan
exp6_bayanihan,outside_in,baseline,12543,198,972,1111,0,23.57777777777778,67,bayanihan
exp6_bayanihan,steffen,baseline,12543,198,661,1498,0,13.255555555555556,46,bayanihan
exp6_bayanihan,random,baseline,12544,199,1209,1066,105,33.388888888888886,116,bayanihan
exp6_bayanihan,back_to_front,baseline,12544,199,1545,1754,84,85.86666666666666,225,bayanihan
exp6_bayanihan,outside_in,baseline,12544,199,990,929,0,21.761111111111113,79,bayanihan
exp6_bayanihan,steffen,baseline,12544,199,661,1257,0,11.4,47,bayanihan
exp6_seat_search_delay,random,baseline,12345,0,1187,878,84,26.477777777777778,89,seat_search_delay
exp6_seat_search_delay,back_to_front,baseline,12345,0,1601,1754,94,94.17222222222222,257,seat_search_delay
exp6_seat_search_delay,outside_in,baseline,12345,0,1106,1030,0,26.216666666666665,88,seat_search_delay
exp6_seat_search_delay,steffen,baseline,12345,0,693,1222,0,11.755555555555556,58,seat_search_delay
exp6_seat_search_delay,random,baseline,12346,1,1305,1215,90,36.333333333333336,159,seat_search_delay
exp6_seat_search_delay,back_to_front,baseline,12346,1,1702,1805,92,100.66666666666667,237,seat_search_delay
exp6_seat_search_delay,outside_in,baseline,12346,1,1067,1194,0,28.25,90,seat_search_delay
exp6_seat_search_delay,steffen,baseline,12346,1,651,1327,0,13.333333333333334,55,seat_search_delay
exp6_seat_search_delay,random,baseline,12347,2,1455,1135,91,36.37777777777778,112,seat_search_delay
exp6_seat_search_delay,back_to_front,baseline,12347,2,1668,1831,87,81.5,193,seat_search_delay
exp6_seat_search_delay,outside_in,baseline,12347,2,1197,1105,0,28.694444444444443,78,seat_search_delay
exp6_seat_search_delay,steffen,baseline,12347,2,741,1541,0,14.777777777777779,53,seat_search_delay
exp6_seat_search_delay,random,baseline,12348,3,1327,1011,100,34.50555555555555,126,seat_search_delay
exp6_seat_search_delay,back_to_front,baseline,12348,3,1699,1738,115,88.44444444444444,253,seat_search_delay
exp6_seat_search_delay,outside_in,baseline,12348,3,1090,1190,0,31.627777777777776,98,seat_search_delay
exp6_seat_search_delay,steffen,baseline,12348,3,703,1367,0,13.855555555555556,74,seat_search_delay
exp6_seat_search_delay,random,baseline,12349,4,1423,921,77,33.016666666666666,132,seat_search_delay
exp6_seat_search_delay,back_to_front,baseline,12349,4,1808,1763,94,93.25555555555556,254,seat_search_delay
exp6_seat_search_delay,outside_in,baseline,12349,4,1172,1034,0,25.461111111111112,91,seat_search_delay
exp6_seat_search_delay,steffen,baseline,12349,4,769,1355,0,13.322222222222223,55,seat_search_delay
exp6_seat_search_delay,random,baseline,12350,5,1283,1012,87,35.516666666666666,123,seat_search_delay
exp6_seat_search_delay,back_to_front,baseline,12350,5,1904,1811,83,107.14444444444445,294,seat_search_delay
exp6_seat_search_delay,outside_in,baseline,12350,5,1159,1089,0,28.883333333333333,90,seat_search_delay
exp6_seat_search_delay,steffen,baseline,12350,5,708,1346,0,13.472222222222221,51,seat_search_delay
exp6_seat_search_delay,random,baseline,12351,6,1311,1004,96,34.99444444444445,104,seat_search_delay
exp6_seat_search_delay,back_to_front,baseline,12351,6,1685,1732,79,92.71666666666667,219,seat_search_delay
exp6_seat_search_delay,outside_in,baseline,12351,6,1164,925,0,27.15,97,seat_search_delay
exp6_seat_search_delay,steffen,baseline,12351,6,707,1126,0,11.75,54,seat_search_delay
exp6_seat_search_delay,random,baseline,12352,7,1296,1079,85,32.75555555555555,109,seat_search_delay
exp6_seat_search_delay,back_to_front,baseline,12352,7,1641,1717,83,89.24444444444444,249,seat_search_delay
exp6_seat_search_delay,outside_in,baseline,12352,7,1150,1022,0,27.81111111111111,90,seat_search_delay
exp6_seat_search_delay,steffen,baseline,12352,7,692,1231,0,12.094444444444445,53,seat_search_delay
exp6_seat_search_delay,random,baseline,12353,8,1275,1065,96,35.97222222222222,136,seat_search_delay
exp6_seat_search_delay,back_to_front,baseline,12353,8,1627,1791,86,88.15555555555555,226,seat_search_delay
exp6_seat_search_delay,outside_in,baseline,12353,8,1056,1067,0,29.47222222222222,107,seat_search_delay
exp6_seat_search_delay,steffen,baseline,12353,8,710,1456,0,14.505555555555556,60,seat_search_delay
exp6_seat_search_delay,random,baseline,12354,9,1272,1039,86,36.361111111111114,109,seat_search_delay
exp6_seat_search_delay,back_to_front,baseline,12354,9,1653,1694,87,91.3,224,seat_search_delay
exp6_seat_search_delay,outside_in,baseline,12354,9,1055,1101,0,33.43888888888889,91,seat_search_delay
exp6_seat_search_delay,steffen,baseline,12354,9,686,1242,0,12.838888888888889,50,seat_search_delay
exp6_seat_search_delay,random,baseline,12355,10,1281,954,88,31.755555555555556,107,seat_search_delay
exp6_seat_search_delay,back_to_front,baseline,12355,10,1552,1712,81,82.81666666666666,223,seat_search_delay
exp6_seat_search_delay,outside_in,baseline,12355,10,1122,1141,0,28.66111111111111,81,seat_search_delay
exp6_seat_search_delay,steffen,baseline,12355,10,663,1379,0,12.794444444444444,54,seat_search_delay
exp6_seat_search_delay,random,baseline,12356,11,1254,1152,91,35.26111111111111,94,seat_search_delay
exp6_seat_search_delay,back_to_front,baseline,12356,11,1528,1787,86,76.37222222222222,164,seat_search_delay
exp6_seat_search_delay,outside_in,baseline,12356,11,1108,1064,0,27.95,79,seat_search_delay
exp6_seat_search_delay,steffen,baseline,12356,11,697,1434,0,14.088888888888889,50,seat_search_delay
exp6_seat_search_delay,random,baseline,12357,12,1264,1019,75,31.622222222222224,114,seat_search_delay
exp6_seat_search_delay,back_to_front,baseline,12357,12,1686,1754,77,93.35,267,seat_search_delay
exp6_seat_search_delay,outside_in,baseline,12357,12,1094,1034,0,28.05,126,seat_search_delay
exp6_seat_search_delay,steffen,baseline,12357,12,708,1026,0,12.088888888888889,52,seat_search_delay
exp6_seat_search_delay,random,baseline,12358,13,1163,1119,82,32.355555555555554,95,seat_search_delay
exp6_seat_search_delay,back_to_front,baseline,12358,13,1602,1691,89,88.18888888888888,238,seat_search_delay
exp6_seat_search_delay,outside_in,baseline,12358,13,1123,1172,0,31.56111111111111,80,seat_search_delay
exp6_seat_search_delay,steffen,baseline,12358,13,678,1273,0,12.444444444444445,56,seat_search_delay
exp6_seat_search_delay,random,baseline,12359,14,1275,1105,94,36.62222222222222,136,seat_search_delay
exp6_seat_search_delay,back_to_front,baseline,12359,14,1688,1918,83,94.26666666666667,254,seat_search_delay
exp6_seat_search_delay,outside_in,baseline,12359,14,1049,1188,0,27.38888888888889,86,seat_search_delay
exp6_seat_search_delay,steffen,baseline,12359,14,727,1368,0,13.522222222222222,60,seat_search_delay
exp6_seat_search_delay,random,baseline,12360,15,1265,1060,87,34.82222222222222,141,seat_search_delay
exp6_seat_search_delay,back_to_front,baseline,12360,15,1590,1868,102,89.70555555555555,266,seat_search_delay
exp6_seat_search_delay,outside_in,baseline,12360,15,1028,1066,0,25.8,96,seat_search_delay
exp6_seat_search_delay,steffen,baseline,12360,15,659,1341,0,13.244444444444444,51,seat_search_delay
exp6_seat_search_delay,random,baseline,12361,16,1396,1212,82,42.522222222222226,115,seat_search_delay
exp6_seat_search_delay,back_to_front,baseline,12361,16,1668,1769,95,91.27777777777777,210,seat_search_delay
exp6_seat_search_delay,outside_in,baseline,12361,16,1123,1062,0,29.205555555555556,103,seat_search_delay
exp6_seat_search_delay,steffen,baseline,12361,16,683,1248,0,13.05,62,seat_search_delay
exp6_seat_search_delay,random,baseline,12362,17,1288,1081,80,35.705555555555556,105,seat_search_delay
exp6_seat_search_delay,back_to_front,baseline,12362,17,1659,1830,102,97.71111111111111,251,seat_search_delay
exp6_seat_search_delay,outside_in,baseline,12362,17,1108,1101,0,28.727777777777778,91,seat_search_delay
exp6_seat_search_delay,steffen,baseline,12362,17,677,1346,0,13.661111111111111,47,seat_search_delay
exp6_seat_search_delay,random,baseline,12363,18,1192,1055,83,30.122222222222224,90,seat_search_delay
exp6_seat_search_delay,back_to_front,baseline,12363,18,1560,1594,98,85.5111111111111,257,seat_search_delay
exp6_seat_search_delay,outside_in,baseline,12363,18,1110,989,0,25.95,93,seat_search_delay
exp6_seat_search_delay,steffen,baseline,12363,18,687,1024,0,10.65,48,seat_search_delay
exp6_seat_search_delay,random,baseline,12364,19,1239,1132,89,35.91111111111111,129,seat_search_delay
exp6_seat_search_delay,back_to_front,baseline,12364,19,1723,1694,89,93.92777777777778,229,seat_search_delay
exp6_seat_search_delay,outside_in,baseline,12364,19,1107,1049,0,27.333333333333332,95,seat_search_delay
exp6_seat_search_delay,steffen,baseline,12364,19,710,1124,0,11.005555555555556,62,seat_search_delay
exp6_seat_search_delay,random,baseline,12365,20,1235,1086,102,36.327777777777776,122,seat_search_delay
exp6_seat_search_delay,back_to_front,baseline,12365,20,1702,1835,82,94.4,217,seat_search_delay
exp6_seat_search_delay,outside_in,baseline,12365,20,1192,1046,0,33.76111111111111,121,seat_search_delay
exp6_seat_search_delay,steffen,baseline,12365,20,680,1296,0,13.922222222222222,52,seat_search_delay
exp6_seat_search_delay,random,baseline,12366,21,1225,1029,78,34.577777777777776,114,seat_search_delay
exp6_seat_search_delay,back_to_front,baseline,12366,21,1725,1706,84,96.95,250,seat_search_delay
exp6_seat_search_delay,outside_in,baseline,12366,21,1060,957,0,26.872222222222224,95,seat_search_delay
exp6_seat_search_delay,steffen,baseline,12366,21,695,1131,0,12.383333333333333,52,seat_search_delay
exp6_seat_search_delay,random,baseline,12367,22,1332,991,88,33.144444444444446,86,seat_search_delay
exp6_seat_search_delay,back_to_front,baseline,12367,22,1665,1863,94,89.77777777777777,263,seat_search_delay
exp6_seat_search_delay,outside_in,baseline,12367,22,1186,964,0,26.627777777777776,84,seat_search_delay
exp6_seat_search_delay,steffen,baseline,12367,22,696,1396,0,13.577777777777778,50,seat_search_delay
exp6_seat_search_delay,random,baseline,12368,23,1371,1170,93,41.50555555555555,120,seat_search_delay
exp6_seat_search_delay,back_to_front,baseline,12368,23,1628,1742,76,92.68333333333334,264,seat_search_delay
exp6_seat_search_delay,outside_in,baseline,12368,23,1037,962,0,23.733333333333334,74,seat_search_delay
exp6_seat_search_delay,steffen,baseline,12368,23,671,1344,0,14.25,53,seat_search_delay
exp6_seat_search_delay,random,baseline,12369,24,1296,1201,100,35.666666666666664,138,seat_search_delay
exp6_seat_search_delay,back_to_front,baseline,12369,24,1715,1871,89,100.31111111111112,250,seat_search_delay
exp6_seat_search_delay,outside_in,baseline,12369,24,1119,963,0,28.33888888888889,106,seat_search_delay
exp6_seat_search_delay,steffen,baseline,12369,24,744,1331,0,15.183333333333334,108,seat_search_delay
exp6_seat_search_delay,random,baseline,12370,25,1277,1112,81,32.0,153,seat_search_delay
exp6_seat_search_delay,back_to_front,baseline,12370,25,1628,1710,86,79.3,199,seat_search_delay
exp6_seat_search_delay,outside_in,baseline,12370,25,1168,924,0,25.727777777777778,74,seat_search_delay
exp6_seat_search_delay,steffen,baseline,12370,25,729,1178,0,13.222222222222221,90,seat_search_delay
exp6_seat_search_delay,random,baseline,12371,26,1274,1071,89,32.105555555555554,114,seat_search_delay
exp6_seat_search_delay,back_to_front,baseline,12371,26,1627,1719,84,81.19444444444444,213,seat_search_delay
exp6_seat_search_delay,outside_in,baseline,12371,26,1065,1012,0,24.005555555555556,100,seat_search_delay
exp6_seat_search_delay,steffen,baseline,12371,26,715,1280,0,12.777777777777779,66,seat_search_delay
exp6_seat_search_delay,random,baseline,12372,27,1421,1032,85,35.861111111111114,131,seat_search_delay
exp6_seat_search_delay,back_to_front,baseline,12372,27,1725,1782,97,96.95555555555555,245,seat_search_delay
exp6_seat_search_delay,outside_in,baseline,12372,27,1133,1113,0,30.85,112,seat_search_delay
exp6_seat_search_delay,steffen,baseline,12372,27,701,1381,0,13.655555555555555,55,seat_search_delay
exp6_seat_search_delay,random,baseline,12373,28,1225,1091,91,36.016666666666666,121,seat_search_delay
exp6_seat_search_delay,back_to_front,baseline,12373,28,1659,1790,82,87.95,231,seat_search_delay
exp6_seat_search_delay,outside_in,baseline,12373,28,1078,1105,0,26.983333333333334,90,seat_search_delay
exp6_seat_search_delay,steffen,baseline,12373,28,700,1322,0,13.077777777777778,57,seat_search_delay
exp6_seat_search_delay,random,baseline,12374,29,1276,1052,81,36.26111111111111,95,seat_search_delay
exp6_seat_search_delay,back_to_front,baseline,12374,29,1688,1801,88,90.75555555555556,208,seat_search_delay
exp6_seat_search_delay,outside_in,baseline,12374,29,1067,944,0,25.883333333333333,86,seat_search_delay
exp6_seat_search_delay,steffen,baseline,12374,29,712,1205,0,12.422222222222222,63,seat_search_delay
exp6_seat_search_delay,random,baseline,12375,30,1274,1037,101,32.355555555555554,91,seat_search_delay
exp6_seat_search_delay,back_to_front,baseline,12375,30,1647,1742,98,89.57222222222222,236,seat_search_delay
exp6_seat_search_delay,outside_in,baseline,12375,30,1101,1089,0,27.094444444444445,90,seat_search_delay
exp6_seat_search_delay,steffen,baseline,12375,30,714,1446,0,14.8,58,seat_search_delay
exp6_seat_search_delay,random,baseline,12376,31,1386,1092,89,40.62777777777778,122,seat_search_delay
exp6_seat_search_delay,back_to_front,baseline,12376,31,1675,1689,86,87.56666666666666,215,seat_search_delay
exp6_seat_search_delay,outside_in,baseline,12376,31,1078,1134,0,29.488888888888887,90,seat_search_delay
exp6_seat_search_delay,steffen,baseline,12376,31,719,1238,0,13.777777777777779,76,seat_search_delay
exp6_seat_search_delay,random,baseline,12377,32,1327,1048,79,35.46666666666667,112,seat_search_delay
exp6_seat_search_delay,back_to_front,baseline,12377,32,1818,1800,88,101.61111111111111,253,seat_search_delay
exp6_seat_search_delay,outside_in,baseline,12377,32,1117,1037,0,25.933333333333334,83,seat_search_delay
exp6_seat_search_delay,steffen,baseline,12377,32,716,1371,0,13.972222222222221,62,seat_search_delay
exp6_seat_search_delay,random,baseline,12378,33,1340,1055,95,36.03888888888889,108,seat_search_delay
exp6_seat_search_delay,back_to_front,baseline,12378,33,1698,1791,97,96.47222222222223,223,seat_search_delay
exp6_seat_search_delay,outside_in,baseline,12378,33,1014,1103,0,30.511111111111113,99,seat_search_delay
exp6_seat_search_delay,steffen,baseline,12378,33,706,1260,0,13.694444444444445,84,seat_search_delay
exp6_seat_search_delay,random,baseline,12379,34,1263,1058,82,31.183333333333334,127,seat_search_delay
exp6_seat_search_delay,back_to_front,baseline,12379,34,1629,1795,89,91.65555555555555,233,seat_search_delay
exp6_seat_search_delay,outside_in,baseline,12379,34,1110,1038,0,26.72222222222222,83,seat_search_delay
exp6_seat_search_delay,steffen,baseline,12379,34,700,1286,0,13.133333333333333,65,seat_search_delay
exp6_seat_search_delay,random,baseline,12380,35,1218,1001,79,32.00555555555555,118,seat_search_delay
exp6_seat_search_delay,back_to_front,baseline,12380,35,1585,1781,88,81.62222222222222,188,seat_search_delay
exp6_seat_search_delay,outside_in,baseline,12380,35,1088,1166,0,28.8,89,seat_search_delay
exp6_seat_search_delay,steffen,baseline,12380,35,711,1368,0,13.338888888888889,57,seat_search_delay
exp6_seat_search_delay,random,baseline,12381,36,1240,1179,83,39.0,125,seat_search_delay
exp6_seat_search_delay,back_to_front,baseline,12381,36,1720,1800,87,96.7,233,seat_search_delay
exp6_seat_search_delay,outside_in,baseline,12381,36,1121,1107,0,26.488888888888887,86,seat_search_delay
exp6_seat_search_delay,steffen,baseline,12381,36,702,1478,0,14.877777777777778,59,seat_search_delay
exp6_seat_search_delay,random,baseline,12382,37,1352,1000,96,40.15,128,seat_search_delay
exp6_seat_search_delay,back_to_front,baseline,12382,37,1764,1617,100,96.91111111111111,269,seat_search_delay
exp6_seat_search_delay,outside_in,baseline,12382,37,1138,993,0,26.566666666666666,83,seat_search_delay
exp6_seat_search_delay,steffen,baseline,12382,37,721,1113,0,12.8,102,seat_search_delay
exp6_seat_search_delay,random,baseline,12383,38,1215,1156,89,36.15,115,seat_search_delay
exp6_seat_search_delay,back_to_front,baseline,12383,38,1724,1686,96,92.18333333333334,207,seat_search_delay
exp6_seat_search_delay,outside_in,baseline,12383,38,1065,1065,0,27.57777777777778,88,seat_search_delay
exp6_seat_search_delay,steffen,baseline,12383,38,699,1383,0,13.122222222222222,58,seat_search_delay
exp6_seat_search_delay,random,baseline,12384,39,1293,961,102,30.122222222222224,101,seat_search_delay
exp6_seat_search_delay,back_to_front,baseline,12384,39,1722,1658,93,90.82777777777778,244,seat_search_delay
exp6_seat_search_delay,outside_in,baseline,12384,39,1053,1049,0,25.67222222222222,98,seat_search_delay
exp6_seat_search_delay,steffen,baseline,12384,39,719,1272,0,12.911111111111111,51,seat_search_delay
exp6_seat_search_delay,random,baseline,12385,40,1218,1153,90,31.633333333333333,97,seat_search_delay
exp6_seat_search_delay,back_to_front,baseline,12385,40,1639,1751,93,90.72777777777777,275,seat_search_delay
exp6_seat_search_delay,outside_in,baseline,12385,40,1111,1031,0,30.166666666666668,100,seat_search_delay
exp6_seat_search_delay,steffen,baseline,12385,40,694,1413,0,14.205555555555556,52,seat_search_delay
exp6_seat_search_delay,random,baseline,12386,41,1244,1061,95,32.5,126,seat_search_delay
exp6_seat_search_delay,back_to_front,baseline,12386,41,1548,1850,74,81.44444444444444,219,seat_search_delay
exp6_seat_search_delay,outside_in,baseline,12386,41,1110,1004,0,26.36111111111111,107,seat_search_delay
exp6_seat_search_delay,steffen,baseline,12386,41,712,1344,0,12.933333333333334,54,seat_search_delay
exp6_seat_search_delay,random,baseline,12387,42,1284,997,90,30.45,112,seat_search_delay
exp6_seat_search_delay,back_to_front,baseline,12387,42,1722,1618,96,91.7388888888889,218,seat_search_delay
exp6_seat_search_delay,outside_in,baseline,12387,42,1024,947,0,23.06111111111111,84,seat_search_delay
exp6_seat_search_delay,steffen,baseline,12387,42,685,1049,0,11.238888888888889,45,seat_search_delay
exp6_seat_search_delay,random,baseline,12388,43,1296,1069,90,32.05,101,seat_search_delay
exp6_seat_search_delay,back_to_front,baseline,12388,43,1649,1774,99,81.2388888888889,198,seat_search_delay
exp6_seat_search_delay,outside_in,baseline,12388,43,1174,1011,0,29.038888888888888,95,seat_search_delay
exp6_seat_search_delay,steffen,baseline,12388,43,740,1431,0,13.88888888888889,50,seat_search_delay
exp6_seat_search_delay,random,baseline,12389,44,1238,1067,97,34.95,127,seat_search_delay
exp6_seat_search_delay,back_to_front,baseline,12389,44,1601,1728,80,84.58888888888889,213,seat_search_delay
exp6_seat_search_delay,outside_in,baseline,12389,44,1133,1037,0,26.644444444444446,88,seat_search_delay
exp6_seat_search_delay,steffen,baseline,12389,44,719,1147,0,11.9,47,seat_search_delay
exp6_seat_search_delay,random,baseline,12390,45,1308,1003,92,30.894444444444446,97,seat_search_delay
exp6_seat_search_delay,back_to_front,baseline,12390,45,1705,1681,96,93.99444444444444,267,seat_search_delay
exp6_seat_search_delay,outside_in,baseline,12390,45,1137,969,0,23.744444444444444,68,seat_search_delay
exp6_seat_search_delay,steffen,baseline,12390,45,733,1206,0,11.816666666666666,46,seat_search_delay
exp6_seat_search_delay,random,baseline,12391,46,1379,1043,91,35.73888888888889,95,seat_search_delay
exp6_seat_search_delay,back_to_front,baseline,12391,46,1813,1741,92,94.95555555555555,197,seat_search_delay
exp6_seat_search_delay,outside_in,baseline,12391,46,1174,1062,0,28.894444444444446,75,seat_search_delay
exp6_seat_search_delay,steffen,baseline,12391,46,724,1254,0,13.494444444444444,52,seat_search_delay
exp6_seat_search_delay,random,baseline,12392,47,1397,1012,90,36.68888888888889,125,seat_search_delay
exp6_seat_search_delay,back_to_front,baseline,12392,47,1675,1744,85,87.13888888888889,222,seat_search_delay
exp6_seat_search_delay,outside_in,baseline,12392,47,1152,959,0,26.211111111111112,104,seat_search_delay
exp6_seat_search_delay,steffen,baseline,12392,47,736,1047,0,11.7,42,seat_search_delay
exp6_seat_search_delay,random,baseline,12393,48,1360,1178,101,36.43888888888889,105,seat_search_delay
exp6_seat_search_delay,back_to_front,baseline,12393,48,1791,1676,105,94.17222222222222,230,seat_search_delay
exp6_seat_search_delay,outside_in,baseline,12393,48,1186,964,0,25.494444444444444,79,seat_search_delay
exp6_seat_search_delay,steffen,baseline,12393,48,720,1263,0,12.705555555555556,43,seat_search_delay
exp6_seat_search_delay,random,baseline,12394,49,1230,1060,85,36.87222222222222,107,seat_search_delay
exp6_seat_search_delay,back_to_front,baseline,12394,49,1733,1698,79,86.08333333333333,220,seat_search_delay
exp6_seat_search_delay,outside_in,baseline,12394,49,1134,1034,0,30.305555555555557,100,seat_search_delay
exp6_seat_search_delay,steffen,baseline,12394,49,705,1150,0,11.65,43,seat_search_delay
exp6_seat_search_delay,random,baseline,12395,50,1206,1160,90,34.50555555555555,113,seat_search_delay
exp6_seat_search_delay,back_to_front,baseline,12395,50,1630,1668,93,91.51666666666667,294,seat_search_delay
exp6_seat_search_delay,outside_in,baseline,12395,50,1065,950,0,26.105555555555554,86,seat_search_delay
exp6_seat_search_delay,steffen,baseline,12395,50,688,1192,0,12.36111111111111,46,seat_search_delay
exp6_seat_search_delay,random,baseline,12396,51,1365,1070,97,41.733333333333334,145,seat_search_delay
exp6_seat_search_delay,back_to_front,baseline,12396,51,1701,1799,90,93.90555555555555,241,seat_search_delay
exp6_seat_search_delay,outside_in,baseline,12396,51,1112,1065,0,23.177777777777777,90,seat_search_delay
exp6_seat_search_delay,steffen,baseline,12396,51,722,1159,0,12.577777777777778,46,seat_search_delay
exp6_seat_search_delay,random,baseline,12397,52,1201,1197,90,35.18888888888889,126,seat_search_delay
exp6_seat_search_delay,back_to_front,baseline,12397,52,1505,1600,91,80.21111111111111,229,seat_search_delay
exp6_seat_search_delay,outside_in,baseline,12397,52,1051,1015,0,23.877777777777776,101,seat_search_delay
exp6_seat_search_delay,steffen,baseline,12397,52,706,1202,0,11.544444444444444,47,seat_search_delay
exp6_seat_search_delay,random,baseline,12398,53,1231,1089,79,31.977777777777778,142,seat_search_delay
exp6_seat_search_delay,back_to_front,baseline,12398,53,1596,1713,97,85.35,243,seat_search_delay
exp6_seat_search_delay,outside_in,baseline,12398,53,1038,1133,0,24.711111111111112,86,seat_search_delay
exp6_seat_search_delay,steffen,baseline,12398,53,741,1289,0,12.516666666666667,53,seat_search_delay
exp6_seat_search_delay,random,baseline,12399,54,1370,1004,98,35.36666666666667,104,seat_search_delay
exp6_seat_search_delay,back_to_front,baseline,12399,54,1745,1630,90,94.7388888888889,255,seat_search_delay
exp6_seat_search_delay,outside_in,baseline,12399,54,1147,1089,0,28.455555555555556,94,seat_search_delay
exp6_seat_search_delay,steffen,baseline,12399,54,725,1096,0,12.327777777777778,85,seat_search_delay
exp6_seat_search_delay,random,baseline,12400,55,1326,1120,88,40.86666666666667,117,seat_search_delay
exp6_seat_search_delay,back_to_front,baseline,12400,55,1510,1739,89,84.77777777777777,259,seat_search_delay
exp6_seat_search_delay,outside_in,baseline,12400,55,1001,1141,0,26.477777777777778,85,seat_search_delay
exp6_seat_search_delay,steffen,baseline,12400,55,675,1437,0,13.86111111111111,52,seat_search_delay
exp6_seat_search_delay,random,baseline,12401,56,1297,1190,85,41.44444444444444,141,seat_search_delay
exp6_seat_search_delay,back_to_front,baseline,12401,56,1679,1799,93,97.42777777777778,276,seat_search_delay
exp6_seat_search_delay,outside_in,baseline,12401,56,1018,1018,0,26.772222222222222,79,seat_search_delay
exp6_seat_search_delay,steffen,baseline,12401,56,679,1189,0,12.744444444444444,59,seat_search_delay
exp6_seat_search_delay,random,baseline,12402,57,1334,1040,104,40.49444444444445,140,seat_search_delay
exp6_seat_search_delay,back_to_front,baseline,12402,57,1674,1776,90,84.93888888888888,215,seat_search_delay
exp6_seat_search_delay,outside_in,baseline,12402,57,1126,1019,0,28.316666666666666,108,seat_search_delay
exp6_seat_search_delay,steffen,baseline,12402,57,733,1147,0,12.283333333333333,68,seat_search_delay
exp6_seat_search_delay,random,baseline,12403,58,1429,1111,84,40.57222222222222,130,seat_search_delay
exp6_seat_search_delay,back_to_front,baseline,12403,58,1645,1793,85,82.68888888888888,200,seat_search_delay
exp6_seat_search_delay,outside_in,baseline,12403,58,1097,869,0,26.0,79,seat_search_delay
exp6_seat_search_delay,steffen,baseline,12403,58,724,982,0,11.422222222222222,46,seat_search_delay
exp6_seat_search_delay,random,baseline,12404,59,1347,1038,85,35.9,110,seat_search_delay
exp6_seat_search_delay,back_to_front,baseline,12404,59,1806,1845,84,95.6,237,seat_search_delay
exp6_seat_search_delay,outside_in,baseline,12404,59,1174,921,0,25.033333333333335,80,seat_search_delay
exp6_seat_search_delay,steffen,baseline,12404,59,744,1193,0,12.338888888888889,54,seat_search_delay
exp6_seat_search_delay,random,baseline,12405,60,1366,1081,98,39.73888888888889,157,seat_search_delay
exp6_seat_search_delay,back_to_front,baseline,12405,60,1714,1659,98,90.50555555555556,233,seat_search_delay
exp6_seat_search_delay,outside_in,baseline,12405,60,1123,1058,0,29.377777777777776,87,seat_search_delay
exp6_seat_search_delay,steffen,baseline,12405,60,740,1269,0,12.71111111111111,58,seat_search_delay
exp6_seat_search_delay,random,baseline,12406,61,1233,1159,96,32.733333333333334,114,seat_search_delay
exp6_seat_search_delay,back_to_front,baseline,12406,61,1847,1821,87,102.7,246,seat_search_delay
exp6_seat_search_delay,outside_in,baseline,12406,61,1118,1014,0,25.216666666666665,132,seat_search_delay
exp6_seat_search_delay,steffen,baseline,12406,61,697,1321,0,12.983333333333333,52,seat_search_delay
exp6_seat_search_delay,random,baseline,12407,62,1223,1015,88,31.105555555555554,112,seat_search_delay
exp6_seat_search_delay,back_to_front,baseline,12407,62,1710,1823,93,92.86666666666666,264,seat_search_delay
exp6_seat_search_delay,outside_in,baseline,12407,62,1069,963,0,23.255555555555556,109,seat_search_delay
exp6_seat_search_delay,steffen,baseline,12407,62,712,1241,0,12.661111111111111,52,seat_search_delay
exp6_seat_search_delay,random,baseline,12408,63,1298,1019,93,33.83888888888889,93,seat_search_delay
exp6_seat_search_delay,back_to_front,baseline,12408,63,1759,1741,96,94.12222222222222,249,seat_search_delay
exp6_seat_search_delay,outside_in,baseline,12408,63,1251,1058,0,30.344444444444445,110,seat_search_delay
exp6_seat_search_delay,steffen,baseline,12408,63,727,1348,0,14.0,61,seat_search_delay
exp6_seat_search_delay,random,baseline,12409,64,1408,1047,95,36.97222222222222,138,seat_search_delay
exp6_seat_search_delay,back_to_front,baseline,12409,64,1606,1861,97,95.07777777777778,252,seat_search_delay
exp6_seat_search_delay,outside_in,baseline,12409,64,1112,1057,0,25.65,82,seat_search_delay
exp6_seat_search_delay,steffen,baseline,12409,64,690,1287,0,12.25,63,seat_search_delay
exp6_seat_search_delay,random,baseline,12410,65,1268,1139,91,33.111111111111114,101,seat_search_delay
exp6_seat_search_delay,back_to_front,baseline,12410,65,1710,1837,97,99.21111111111111,230,seat_search_delay
exp6_seat_search_delay,outside_in,baseline,12410,65,1049,1160,0,27.072222222222223,93,seat_search_delay
exp6_seat_search_delay,steffen,baseline,12410,65,725,1334,0,12.733333333333333,49,seat_search_delay
exp6_seat_search_delay,random,baseline,12411,66,1339,1072,96,38.105555555555554,141,seat_search_delay
exp6_seat_search_delay,back_to_front,baseline,12411,66,1795,1630,96,99.93333333333334,280,seat_search_delay
exp6_seat_search_delay,outside_in,baseline,12411,66,1085,1085,0,29.833333333333332,106,seat_search_delay
exp6_seat_search_delay,steffen,baseline,12411,66,739,1008,0,12.166666666666666,97,seat_search_delay
exp6_seat_search_delay,random,baseline,12412,67,1293,1109,78,40.80555555555556,116,seat_search_delay
exp6_seat_search_delay,back_to_front,baseline,12412,67,1791,1826,98,95.68333333333334,220,seat_search_delay
exp6_seat_search_delay,outside_in,baseline,12412,67,1157,1024,0,26.58888888888889,97,seat_search_delay
exp6_seat_search_delay,steffen,baseline,12412,67,695,1306,0,12.327777777777778,46,seat_search_delay
exp6_seat_search_delay,random,baseline,12413,68,1272,1035,107,33.33888888888889,126,seat_search_delay
exp6_seat_search_delay,back_to_front,baseline,12413,68,1740,1673,83,95.03333333333333,250,seat_search_delay
exp6_seat_search_delay,outside_in,baseline,12413,68,1096,984,0,27.988888888888887,82,seat_search_delay
exp6_seat_search_delay,steffen,baseline,12413,68,694,1144,0,12.338888888888889,46,seat_search_delay
exp6_seat_search_delay,random,baseline,12414,69,1347,1154,86,38.47222222222222,117,seat_search_delay
exp6_seat_search_delay,back_to_front,baseline,12414,69,1675,1756,85,91.18888888888888,240,seat_search_delay
exp6_seat_search_delay,outside_in,baseline,12414,69,1146,1044,0,26.97222222222222,133,seat_search_delay
exp6_seat_search_delay,steffen,baseline,12414,69,701,1260,0,12.988888888888889,54,seat_search_delay
exp6_seat_search_delay,random,baseline,12415,70,1231,1062,90,30.56111111111111,96,seat_search_delay
exp6_seat_search_delay,back_to_front,baseline,12415,70,1633,1874,88,93.37777777777778,220,seat_search_delay
exp6_seat_search_delay,outside_in,baseline,12415,70,1125,1042,0,29.233333333333334,118,seat_search_delay
exp6_seat_search_delay,steffen,baseline,12415,70,717,1471,0,14.233333333333333,59,seat_search_delay
exp6_seat_search_delay,random,baseline,12416,71,1245,1033,81,31.816666666666666,138,seat_search_delay
exp6_seat_search_delay,back_to_front,baseline,12416,71,1647,1817,92,89.71666666666667,211,seat_search_delay
exp6_seat_search_delay,outside_in,baseline,12416,71,1120,1016,0,27.955555555555556,80,seat_search_delay
exp6_seat_search_delay,steffen,baseline,12416,71,725,1434,0,14.455555555555556,55,seat_search_delay
exp6_seat_search_delay,random,baseline,12417,72,1289,988,85,33.611111111111114,116,seat_search_delay
exp6_seat_search_delay,back_to_front,baseline,12417,72,1643,1656,93,83.99444444444444,212,seat_search_delay
exp6_seat_search_delay,outside_in,baseline,12417,72,1178,1027,0,27.494444444444444,97,seat_search_delay
exp6_seat_search_delay,steffen,baseline,12417,72,704,1150,0,12.266666666666667,45,seat_search_delay
exp6_seat_search_delay,random,baseline,12418,73,1310,1149,89,40.294444444444444,178,seat_search_delay
exp6_seat_search_delay,back_to_front,baseline,12418,73,1657,1772,93,96.67777777777778,250,seat_search_delay
exp6_seat_search_delay,outside_in,baseline,12418,73,1117,1106,0,33.78888888888889,119,seat_search_delay
exp6_seat_search_delay,steffen,baseline,12418,73,669,1116,0,12.03888888888889,48,seat_search_delay
exp6_seat_search_delay,random,baseline,12419,74,1277,1158,92,36.422222222222224,114,seat_search_delay
exp6_seat_search_delay,back_to_front,baseline,12419,74,1560,1716,80,79.01666666666667,215,seat_search_delay
exp6_seat_search_delay,outside_in,baseline,12419,74,1097,1061,0,25.738888888888887,111,seat_search_delay
exp6_seat_search_delay,steffen,baseline,12419,74,720,1278,0,12.86111111111111,65,seat_search_delay
exp6_seat_search_delay,random,baseline,12420,75,1257,1091,93,30.7,103,seat_search_delay
exp6_seat_search_delay,back_to_front,baseline,12420,75,1740,1736,89,94.87222222222222,247,seat_search_delay
exp6_seat_search_delay,outside_in,baseline,12420,75,1109,1058,0,26.36111111111111,97,seat_search_delay
exp6_seat_search_delay,steffen,baseline,12420,75,718,1354,0,13.35,52,seat_search_delay
exp6_seat_search_delay,random,baseline,12421,76,1295,1093,98,41.16111111111111,135,seat_search_delay
exp6_seat_search_delay,back_to_front,baseline,12421,76,1614,1803,86,97.20555555555555,259,seat_search_delay
exp6_seat_search_delay,outside_in,baseline,12421,76,1055,1126,0,26.57777777777778,87,seat_search_delay
exp6_seat_search_delay,steffen,baseline,12421,76,688,1327,0,13.488888888888889,45,seat_search_delay
exp6_seat_search_delay,random,baseline,12422,77,1342,1255,87,39.56111111111111,119,seat_search_delay
exp6_seat_search_delay,back_to_front,baseline,12422,77,1662,1966,79,93.2611111111111,209,seat_search_delay
exp6_seat_search_delay,outside_in,baseline,12422,77,1049,1120,0,26.211111111111112,81,seat_search_delay
exp6_seat_search_delay,steffen,baseline,12422,77,701,1316,0,13.716666666666667,56,seat_search_delay
exp6_seat_search_delay,random,baseline,12423,78,1343,1110,99,41.08888888888889,178,seat_search_delay
exp6_seat_search_delay,back_to_front,baseline,12423,78,1851,1706,89,108.17222222222222,312,seat_search_delay
exp6_seat_search_delay,outside_in,baseline,12423,78,1135,1180,0,30.355555555555554,104,seat_search_delay
exp6_seat_search_delay,steffen,baseline,12423,78,696,1276,0,14.172222222222222,71,seat_search_delay
exp6_seat_search_delay,random,baseline,12424,79,1263,1039,87,32.38333333333333,119,seat_search_delay
exp6_seat_search_delay,back_to_front,baseline,12424,79,1591,1556,91,78.68888888888888,215,seat_search_delay
exp6_seat_search_delay,outside_in,baseline,12424,79,1055,964,0,22.927777777777777,82,seat_search_delay
exp6_seat_search_delay,steffen,baseline,12424,79,737,1129,0,12.25,64,seat_search_delay
exp6_seat_search_delay,random,baseline,12425,80,1288,1028,97,33.92777777777778,110,seat_search_delay
exp6_seat_search_delay,back_to_front,baseline,12425,80,1635,1797,95,94.33333333333333,289,seat_search_delay
exp6_seat_search_delay,outside_in,baseline,12425,80,1126,970,0,27.533333333333335,117,seat_search_delay
exp6_seat_search_delay,steffen,baseline,12425,80,695,1174,0,12.622222222222222,52,seat_search_delay
exp6_seat_search_delay,random,baseline,12426,81,1353,1082,97,41.37777777777778,203,seat_search_delay
exp6_seat_search_delay,back_to_front,baseline,12426,81,1621,1772,77,81.2,183,seat_search_delay
exp6_seat_search_delay,outside_in,baseline,12426,81,1016,1147,0,26.15,89,seat_search_delay
exp6_seat_search_delay,steffen,baseline,12426,81,690,1392,0,12.938888888888888,45,seat_search_delay
exp6_seat_search_delay,random,baseline,12427,82,1325,1059,81,33.46111111111111,113,seat_search_delay
exp6_seat_search_delay,back_to_front,baseline,12427,82,1769,1789,91,107.32777777777778,255,seat_search_delay
exp6_seat_search_delay,outside_in,baseline,12427,82,1073,1056,0,29.355555555555554,121,seat_search_delay
exp6_seat_search_delay,steffen,baseline,12427,82,692,1257,0,12.977777777777778,54,seat_search_delay
exp6_seat_search_delay,random,baseline,12428,83,1326,1136,80,40.272222222222226,117,seat_search_delay
exp6_seat_search_delay,back_to_front,baseline,12428,83,1681,1794,93,94.47777777777777,195,seat_search_delay
exp6_seat_search_delay,outside_in,baseline,12428,83,1172,1001,0,28.455555555555556,75,seat_search_delay
exp6_seat_search_delay,steffen,baseline,12428,83,716,1272,0,12.827777777777778,47,seat_search_delay
exp6_seat_search_delay,random,baseline,12429,84,1444,1086,87,43.327777777777776,181,seat_search_delay
exp6_seat_search_delay,back_to_front,baseline,12429,84,1878,1760,96,98.80555555555556,222,seat_search_delay
exp6_seat_search_delay,outside_in,baseline,12429,84,1223,1112,0,30.433333333333334,90,seat_search_delay
exp6_seat_search_delay,steffen,baseline,12429,84,737,1290,0,13.761111111111111,64,seat_search_delay
exp6_seat_search_delay,random,baseline,12430,85,1325,1073,103,36.76111111111111,148,seat_search_delay
exp6_seat_search_delay,back_to_front,baseline,12430,85,1709,1628,87,88.92777777777778,212,seat_search_delay
exp6_seat_search_delay,outside_in,baseline,12430,85,1133,1027,0,29.85,91,seat_search_delay
exp6_seat_search_delay,steffen,baseline,12430,85,683,1194,0,11.627777777777778,46,seat_search_delay
exp6_seat_search_delay,random,baseline,12431,86,1424,1237,97,40.99444444444445,134,seat_search_delay
exp6_seat_search_delay,back_to_front,baseline,12431,86,1565,1730,84,86.02777777777777,228,seat_search_delay
exp6_seat_search_delay,outside_in,baseline,12431,86,1098,937,0,25.322222222222223,99,seat_search_delay
exp6_seat_search_delay,steffen,baseline,12431,86,685,1429,0,14.688888888888888,54,seat_search_delay
exp6_seat_search_delay,random,baseline,12432,87,1236,1070,95,28.58888888888889,99,seat_search_delay
exp6_seat_search_delay,back_to_front,baseline,12432,87,1671,1856,92,95.30555555555556,250,seat_search_delay
exp6_seat_search_delay,outside_in,baseline,12432,87,1055,951,0,22.983333333333334,81,seat_search_delay
exp6_seat_search_delay,steffen,baseline,12432,87,702,1133,0,11.588888888888889,56,seat_search_delay
exp6_seat_search_delay,random,baseline,12433,88,1311,1089,90,35.97222222222222,113,seat_search_delay
exp6_seat_search_delay,back_to_front,baseline,12433,88,1641,1765,83,88.36666666666666,224,seat_search_delay
exp6_seat_search_delay,outside_in,baseline,12433,88,1050,961,0,27.983333333333334,91,seat_search_delay
exp6_seat_search_delay,steffen,baseline,12433,88,675,1120,0,11.622222222222222,46,seat_search_delay
exp6_seat_search_delay,random,baseline,12434,89,1235,1110,92,33.6,121,seat_search_delay
exp6_seat_search_delay,back_to_front,baseline,12434,89,1532,1739,84,83.89444444444445,211,seat_search_delay
exp6_seat_search_delay,outside_in,baseline,12434,89,1105,1010,0,29.56111111111111,94,seat_search_delay
exp6_seat_search_delay,steffen,baseline,12434,89,706,1314,0,12.988888888888889,56,seat_search_delay
exp6_seat_search_delay,random,baseline,12435,90,1323,1051,100,40.32222222222222,155,seat_search_delay
exp6_seat_search_delay,back_to_front,baseline,12435,90,1749,1936,87,98.75555555555556,230,seat_search_delay
exp6_seat_search_delay,outside_in,baseline,12435,90,1199,1186,0,37.294444444444444,119,seat_search_delay
exp6_seat_search_delay,steffen,baseline,12435,90,730,1050,0,12.377777777777778,84,seat_search_delay
exp6_seat_search_delay,random,baseline,12436,91,1215,1176,101,37.68333333333333,136,seat_search_delay
exp6_seat_search_delay,back_to_front,baseline,12436,91,1782,1776,85,107.66666666666667,264,seat_search_delay
exp6_seat_search_delay,outside_in,baseline,12436,91,1066,994,0,26.1,86,seat_search_delay
exp6_seat_search_delay,steffen,baseline,12436,91,665,979,0,10.988888888888889,43,seat_search_delay
exp6_seat_search_delay,random,baseline,12437,92,1289,1109,93,40.53888888888889,111,seat_search_delay
exp6_seat_search_delay,back_to_front,baseline,12437,92,1695,1792,93,96.01666666666667,250,seat_search_delay
exp6_seat_search_delay,outside_in,baseline,12437,92,1118,1153,0,35.0,161,seat_search_delay
exp6_seat_search_delay,steffen,baseline,12437,92,714,1246,0,13.072222222222223,50,seat_search_delay
exp6_seat_search_delay,random,baseline,12438,93,1150,1116,94,32.71111111111111,135,seat_search_delay
exp6_seat_search_delay,back_to_front,baseline,12438,93,1708,1820,87,93.26666666666667,239,seat_search_delay
exp6_seat_search_delay,outside_in,baseline,12438,93,1112,1134,0,27.066666666666666,75,seat_search_delay
exp6_seat_search_delay,steffen,baseline,12438,93,715,1374,0,13.944444444444445,49,seat_search_delay
exp6_seat_search_delay,random,baseline,12439,94,1272,958,92,33.15,106,seat_search_delay
exp6_seat_search_delay,back_to_front,baseline,12439,94,1586,1761,89,88.21666666666667,241,seat_search_delay
exp6_seat_search_delay,outside_in,baseline,12439,94,1100,1165,0,30.894444444444446,100,seat_search_delay
exp6_seat_search_delay,steffen,baseline,12439,94,673,1200,0,12.027777777777779,48,seat_search_delay
exp6_seat_search_delay,random,baseline,12440,95,1344,1115,89,41.522222222222226,163,seat_search_delay
exp6_seat_search_delay,back_to_front,baseline,12440,95,1697,1781,93,99.68333333333334,273,seat_search_delay
exp6_seat_search_delay,outside_in,baseline,12440,95,1110,1079,0,32.522222222222226,95,seat_search_delay
exp6_seat_search_delay,steffen,baseline,12440,95,649,1230,0,12.427777777777777,44,seat_search_delay
exp6_seat_search_delay,random,baseline,12441,96,1390,1073,90,36.772222222222226,126,seat_search_delay
exp6_seat_search_delay,back_to_front,baseline,12441,96,1545,1673,88,80.34444444444445,188,seat_search_delay
exp6_seat_search_delay,outside_in,baseline,12441,96,1116,1107,0,27.627777777777776,84,seat_search_delay
exp6_seat_search_delay,steffen,baseline,12441,96,708,1260,0,12.905555555555555,52,seat_search_delay
exp6_seat_search_delay,random,baseline,12442,97,1326,1135,93,37.59444444444444,128,seat_search_delay
exp6_seat_search_delay,back_to_front,baseline,12442,97,1754,1801,93,99.41111111111111,215,seat_search_delay
exp6_seat_search_delay,outside_in,baseline,12442,97,1181,1104,0,35.8,116,seat_search_delay
exp6_seat_search_delay,steffen,baseline,12442,97,751,1373,0,15.86111111111111,83,seat_search_delay
exp6_seat_search_delay,random,baseline,12443,98,1323,1196,85,40.34444444444444,133,seat_search_delay
exp6_seat_search_delay,back_to_front,baseline,12443,98,1759,1817,87,94.67222222222222,233,seat_search_delay
exp6_seat_search_delay,outside_in,baseline,12443,98,1146,1021,0,32.483333333333334,109,seat_search_delay
exp6_seat_search_delay,steffen,baseline,12443,98,698,1332,0,13.583333333333334,51,seat_search_delay
exp6_seat_search_delay,random,baseline,12444,99,1204,1065,84,33.044444444444444,123,seat_search_delay
exp6_seat_search_delay,back_to_front,baseline,12444,99,1607,1763,93,89.40555555555555,224,seat_search_delay
exp6_seat_search_delay,outside_in,baseline,12444,99,1081,954,0,23.772222222222222,71,seat_search_delay
exp6_seat_search_delay,steffen,baseline,12444,99,709,1222,0,12.227777777777778,64,seat_search_delay
exp6_seat_search_delay,random,baseline,12445,100,1247,937,91,36.455555555555556,104,seat_search_delay
exp6_seat_search_delay,back_to_front,baseline,12445,100,1609,1715,85,88.92222222222222,221,seat_search_delay
exp6_seat_search_delay,outside_in,baseline,12445,100,1049,981,0,24.372222222222224,85,seat_search_delay
exp6_seat_search_delay,steffen,baseline,12445,100,679,1073,0,11.094444444444445,47,seat_search_delay
exp6_seat_search_delay,random,baseline,12446,101,1216,1050,97,35.21666666666667,168,seat_search_delay
exp6_seat_search_delay,back_to_front,baseline,12446,101,1610,1848,99,94.24444444444444,242,seat_search_delay
exp6_seat_search_delay,outside_in,baseline,12446,101,1117,1110,0,30.005555555555556,96,seat_search_delay
exp6_seat_search_delay,steffen,baseline,12446,101,718,1245,0,13.433333333333334,53,seat_search_delay
exp6_seat_search_delay,random,baseline,12447,102,1362,1000,99,32.91111111111111,117,seat_search_delay
exp6_seat_search_delay,back_to_front,baseline,12447,102,1699,1782,87,90.53333333333333,263,seat_search_delay
exp6_seat_search_delay,outside_in,baseline,12447,102,1179,1108,0,27.738888888888887,102,seat_search_delay
exp6_seat_search_delay,steffen,baseline,12447,102,758,1400,0,13.277777777777779,52,seat_search_delay
exp6_seat_search_delay,random,baseline,12448,103,1301,1025,88,35.21111111111111,118,seat_search_delay
exp6_seat_search_delay,back_to_front,baseline,12448,103,1583,1799,75,85.80555555555556,223,seat_search_delay
exp6_seat_search_delay,outside_in,baseline,12448,103,1120,1137,0,30.283333333333335,96,seat_search_delay
exp6_seat_search_delay,steffen,baseline,12448,103,693,1385,0,13.555555555555555,51,seat_search_delay
exp6_seat_search_delay,random,baseline,12449,104,1314,1139,96,36.34444444444444,136,seat_search_delay
exp6_seat_search_delay,back_to_front,baseline,12449,104,1549,1699,83,78.8,201,seat_search_delay
exp6_seat_search_delay,outside_in,baseline,12449,104,1161,1010,0,28.55,97,seat_search_delay
exp6_seat_search_delay,steffen,baseline,12449,104,696,1202,0,12.655555555555555,50,seat_search_delay
exp6_seat_search_delay,random,baseline,12450,105,1307,1066,100,33.18333333333333,121,seat_search_delay
exp6_seat_search_delay,back_to_front,baseline,12450,105,1569,1672,86,77.03888888888889,208,seat_search_delay
exp6_seat_search_delay,outside_in,baseline,12450,105,1092,1131,0,26.627777777777776,87,seat_search_delay
exp6_seat_search_delay,steffen,baseline,12450,105,679,1240,0,11.36111111111111,42,seat_search_delay
exp6_seat_search_delay,random,baseline,12451,106,1324,1024,103,38.62777777777778,134,seat_search_delay
exp6_seat_search_delay,back_to_front,baseline,12451,106,1826,1817,83,100.7,214,seat_search_delay
exp6_seat_search_delay,outside_in,baseline,12451,106,1193,1051,0,30.1,102,seat_search_delay
exp6_seat_search_delay,steffen,baseline,12451,106,727,1093,0,11.616666666666667,56,seat_search_delay
exp6_seat_search_delay,random,baseline,12452,107,1190,1155,69,32.638888888888886,91,seat_search_delay
exp6_seat_search_delay,back_to_front,baseline,12452,107,1771,1883,93,99.1,235,seat_search_delay
exp6_seat_search_delay,outside_in,baseline,12452,107,1115,1076,0,26.32777777777778,92,seat_search_delay
exp6_seat_search_delay,steffen,baseline,12452,107,739,1291,0,13.027777777777779,50,seat_search_delay
exp6_seat_search_delay,random,baseline,12453,108,1346,1025,95,34.21111111111111,122,seat_search_delay
exp6_seat_search_delay,back_to_front,baseline,12453,108,1692,1695,90,91.44444444444444,253,seat_search_delay
exp6_seat_search_delay,outside_in,baseline,12453,108,1083,1080,0,25.266666666666666,78,seat_search_delay
exp6_seat_search_delay,steffen,baseline,12453,108,713,1114,0,12.027777777777779,52,seat_search_delay
exp6_seat_search_delay,random,baseline,12454,109,1346,1125,81,37.46111111111111,106,seat_search_delay
exp6_seat_search_delay,back_to_front,baseline,12454,109,1915,1770,87,106.93888888888888,241,seat_search_delay
exp6_seat_search_delay,outside_in,baseline,12454,109,1178,1060,0,27.205555555555556,82,seat_search_delay
exp6_seat_search_delay,steffen,baseline,12454,109,724,1275,0,14.588888888888889,72,seat_search_delay
exp6_seat_search_delay,random,baseline,12455,110,1379,1091,107,38.68333333333333,111,seat_search_delay
exp6_seat_search_delay,back_to_front,baseline,12455,110,1762,1839,91,100.28888888888889,291,seat_search_delay
exp6_seat_search_delay,outside_in,baseline,12455,110,1077,995,0,28.255555555555556,90,seat_search_delay
exp6_seat_search_delay,steffen,baseline,12455,110,699,1384,0,13.205555555555556,45,seat_search_delay
exp6_seat_search_delay,random,baseline,12456,111,1227,1017,99,30.27777777777778,98,seat_search_delay
exp6_seat_search_delay,back_to_front,baseline,12456,111,1743,1737,88,96.86666666666666,257,seat_search_delay
exp6_seat_search_delay,outside_in,baseline,12456,111,1081,1098,0,27.555555555555557,84,seat_search_delay
exp6_seat_search_delay,steffen,baseline,12456,111,710,1275,0,12.311111111111112,52,seat_search_delay
exp6_seat_search_delay,random,baseline,12457,112,1289,1103,98,33.96666666666667,104,seat_search_delay
exp6_seat_search_delay,back_to_front,baseline,12457,112,1666,1683,92,88.58888888888889,244,seat_search_delay
exp6_seat_search_delay,outside_in,baseline,12457,112,1149,1005,0,27.894444444444446,88,seat_search_delay
exp6_seat_search_delay,steffen,baseline,12457,112,711,1185,0,12.877777777777778,54,seat_search_delay
exp6_seat_search_delay,random,baseline,12458,113,1305,1121,90,42.87777777777778,133,seat_search_delay
exp6_seat_search_delay,back_to_front,baseline,12458,113,1575,1758,81,81.08888888888889,194,seat_search_delay
exp6_seat_search_delay,outside_in,baseline,12458,113,1086,1088,0,27.25,90,seat_search_delay
exp6_seat_search_delay,steffen,baseline,12458,113,719,1347,0,12.977777777777778,51,seat_search_delay
exp6_seat_search_delay,random,baseline,12459,114,1287,1011,83,39.977777777777774,138,seat_search_delay
exp6_seat_search_delay,back_to_front,baseline,12459,114,1697,1721,94,91.61111111111111,223,seat_search_delay
exp6_seat_search_delay,outside_in,baseline,12459,114,1128,1050,0,29.883333333333333,105,seat_search_delay
exp6_seat_search_delay,steffen,baseline,12459,114,678,1209,0,11.688888888888888,47,seat_search_delay
exp6_seat_search_delay,random,baseline,12460,115,1343,1159,88,34.66111111111111,94,seat_search_delay
exp6_seat_search_delay,back_to_front,baseline,12460,115,1656,1798,92,99.97777777777777,311,seat_search_delay
exp6_seat_search_delay,outside_in,baseline,12460,115,1043,976,0,23.41111111111111,69,seat_search_delay
exp6_seat_search_delay,steffen,baseline,12460,115,697,1214,0,13.572222222222223,52,seat_search_delay
exp6_seat_search_delay,random,baseline,12461,116,1152,1043,70,28.372222222222224,83,seat_search_delay
exp6_seat_search_delay,back_to_front,baseline,12461,116,1541,1755,71,84.1,231,seat_search_delay
exp6_seat_search_delay,outside_in,baseline,12461,116,1029,994,0,22.966666666666665,78,seat_search_delay
exp6_seat_search_delay,steffen,baseline,12461,116,667,1299,0,12.477777777777778,46,seat_search_delay
exp6_seat_search_delay,random,baseline,12462,117,1301,1140,89,38.05555555555556,130,seat_search_delay
exp6_seat_search_delay,back_to_front,baseline,12462,117,1708,1811,105,92.92777777777778,241,seat_search_delay
exp6_seat_search_delay,outside_in,baseline,12462,117,1139,1108,0,29.094444444444445,111,seat_search_delay
exp6_seat_search_delay,steffen,baseline,12462,117,677,1315,0,12.683333333333334,54,seat_search_delay
exp6_seat_search_delay,random,baseline,12463,118,1213,1165,85,34.50555555555555,107,seat_search_delay
exp6_seat_search_delay,back_to_front,baseline,12463,118,1609,1851,94,88.47777777777777,224,seat_search_delay
exp6_seat_search_delay,outside_in,baseline,12463,118,1061,1098,0,27.716666666666665,90,seat_search_delay
exp6_seat_search_delay,steffen,baseline,12463,118,698,1302,0,13.883333333333333,52,seat_search_delay
exp6_seat_search_delay,random,baseline,12464,119,1272,1043,89,34.43333333333333,152,seat_search_delay
exp6_seat_search_delay,back_to_front,baseline,12464,119,1810,1767,101,97.79444444444445,239,seat_search_delay
exp6_seat_search_delay,outside_in,baseline,12464,119,1077,1088,0,25.677777777777777,95,seat_search_delay
exp6_seat_search_delay,steffen,baseline,12464,119,720,1245,0,12.844444444444445,47,seat_search_delay
exp6_seat_search_delay,random,baseline,12465,120,1190,981,94,30.038888888888888,105,seat_search_delay
exp6_seat_search_delay,back_to_front,baseline,12465,120,1568,1749,87,82.77777777777777,269,seat_search_delay
exp6_seat_search_delay,outside_in,baseline,12465,120,1156,1016,0,24.377777777777776,106,seat_search_delay
exp6_seat_search_delay,steffen,baseline,12465,120,738,1239,0,12.505555555555556,41,seat_search_delay
exp6_seat_search_delay,random,baseline,12466,121,1222,1094,70,34.016666666666666,109,seat_search_delay
exp6_seat_search_delay,back_to_front,baseline,12466,121,1598,1651,96,85.33888888888889,220,seat_search_delay
exp6_seat_search_delay,outside_in,baseline,12466,121,1073,952,0,24.666666666666668,96,seat_search_delay
exp6_seat_search_delay,steffen,baseline,12466,121,674,1304,0,13.36111111111111,50,seat_search_delay
exp6_seat_search_delay,random,baseline,12467,122,1329,1208,98,40.02777777777778,116,seat_search_delay
exp6_seat_search_delay,back_to_front,baseline,12467,122,1684,1842,85,93.06111111111112,261,seat_search_delay
exp6_seat_search_delay,outside_in,baseline,12467,122,1056,1075,0,25.1,80,seat_search_delay
exp6_seat_search_delay,steffen,baseline,12467,122,705,1282,0,13.53888888888889,56,seat_search_delay
exp6_seat_search_delay,random,baseline,12468,123,1355,997,98,31.244444444444444,104,seat_search_delay
exp6_seat_search_delay,back_to_front,baseline,12468,123,1627,1718,86,85.22222222222223,264,seat_search_delay
exp6_seat_search_delay,outside_in,baseline,12468,123,1069,1018,0,23.783333333333335,95,seat_search_delay
exp6_seat_search_delay,steffen,baseline,12468,123,701,1450,0,14.277777777777779,52,seat_search_delay
exp6_seat_search_delay,random,baseline,12469,124,1308,1125,98,37.73888888888889,131,seat_search_delay
exp6_seat_search_delay,back_to_front,baseline,12469,124,1675,1884,83,102.02222222222223,274,seat_search_delay
exp6_seat_search_delay,outside_in,baseline,12469,124,1099,1050,0,29.633333333333333,126,seat_search_delay
exp6_seat_search_delay,steffen,baseline,12469,124,706,1143,0,11.511111111111111,49,seat_search_delay
exp6_seat_search_delay,random,baseline,12470,125,1166,984,86,32.31666666666667,105,seat_search_delay
exp6_seat_search_delay,back_to_front,baseline,12470,125,1633,1659,78,86.61111111111111,234,seat_search_delay
exp6_seat_search_delay,outside_in,baseline,12470,125,1022,1022,0,21.872222222222224,83,seat_search_delay
exp6_seat_search_delay,steffen,baseline,12470,125,681,1116,0,11.833333333333334,55,seat_search_delay
exp6_seat_search_delay,random,baseline,12471,126,1474,1087,87,40.56666666666667,123,seat_search_delay
exp6_seat_search_delay,back_to_front,baseline,12471,126,1655,1727,98,90.03888888888889,234,seat_search_delay
exp6_seat_search_delay,outside_in,baseline,12471,126,1176,931,0,28.45,85,seat_search_delay
exp6_seat_search_delay,steffen,baseline,12471,126,728,1221,0,13.694444444444445,59,seat_search_delay
exp6_seat_search_delay,random,baseline,12472,127,1285,1151,87,33.53888888888889,100,seat_search_delay
exp6_seat_search_delay,back_to_front,baseline,12472,127,1680,1769,100,90.17222222222222,239,seat_search_delay
exp6_seat_search_delay,outside_in,baseline,12472,127,1152,1048,0,27.533333333333335,82,seat_search_delay
exp6_seat_search_delay,steffen,baseline,12472,127,714,1314,0,13.183333333333334,63,seat_search_delay
exp6_seat_search_delay,random,baseline,12473,128,1272,1134,89,40.016666666666666,130,seat_search_delay
exp6_seat_search_delay,back_to_front,baseline,12473,128,1749,1777,89,99.32222222222222,277,seat_search_delay
exp6_seat_search_delay,outside_in,baseline,12473,128,1143,963,0,27.85,111,seat_search_delay
exp6_seat_search_delay,steffen,baseline,12473,128,720,1377,0,15.11111111111111,59,seat_search_delay
exp6_seat_search_delay,random,baseline,12474,129,1129,1014,82,30.333333333333332,103,seat_search_delay
exp6_seat_search_delay,back_to_front,baseline,12474,129,1560,1742,89,83.96666666666667,205,seat_search_delay
exp6_seat_search_delay,outside_in,baseline,12474,129,1032,1033,0,26.43888888888889,80,seat_search_delay
exp6_seat_search_delay,steffen,baseline,12474,129,646,1361,0,12.955555555555556,45,seat_search_delay
exp6_seat_search_delay,random,baseline,12475,130,1397,1115,98,38.65,141,seat_search_delay
exp6_seat_search_delay,back_to_front,baseline,12475,130,1619,1851,94,90.25555555555556,207,seat_search_delay
exp6_seat_search_delay,outside_in,baseline,12475,130,1121,1038,0,31.31111111111111,105,seat_search_delay
exp6_seat_search_delay,steffen,baseline,12475,130,697,1137,0,11.833333333333334,52,seat_search_delay
exp6_seat_search_delay,random,baseline,12476,131,1382,1094,84,37.96111111111111,163,seat_search_delay
exp6_seat_search_delay,back_to_front,baseline,12476,131,1749,1751,102,94.46111111111111,247,seat_search_delay
exp6_seat_search_delay,outside_in,baseline,12476,131,1195,1034,0,30.83888888888889,96,seat_search_delay
exp6_seat_search_delay,steffen,baseline,12476,131,698,922,0,10.677777777777777,43,seat_search_delay
exp6_seat_search_delay,random,baseline,12477,132,1384,1091,96,40.00555555555555,114,seat_search_delay
exp6_seat_search_delay,back_to_front,baseline,12477,132,1673,1747,92,95.5,252,seat_search_delay
exp6_seat_search_delay,outside_in,baseline,12477,132,1143,1070,0,34.46111111111111,143,seat_search_delay
exp6_seat_search_delay,steffen,baseline,12477,132,688,1148,0,11.772222222222222,49,seat_search_delay
exp6_seat_search_delay,random,baseline,12478,133,1227,1059,88,31.066666666666666,97,seat_search_delay
exp6_seat_search_delay,back_to_front,baseline,12478,133,1581,1744,87,90.01666666666667,254,seat_search_delay
exp6_seat_search_delay,outside_in,baseline,12478,133,1090,961,0,26.705555555555556,94,seat_search_delay
exp6_seat_search_delay,steffen,baseline,12478,133,692,1284,0,13.061111111111112,57,seat_search_delay
exp6_seat_search_delay,random,baseline,12479,134,1317,994,86,31.966666666666665,98,seat_search_delay
exp6_seat_search_delay,back_to_front,baseline,12479,134,1637,1791,91,84.17777777777778,216,seat_search_delay
exp6_seat_search_delay,outside_in,baseline,12479,134,1154,1153,0,29.81111111111111,73,seat_search_delay
exp6_seat_search_delay,steffen,baseline,12479,134,724,1404,0,14.088888888888889,48,seat_search_delay
exp6_seat_search_delay,random,baseline,12480,135,1311,1072,82,39.12222222222222,123,seat_search_delay
exp6_seat_search_delay,back_to_front,baseline,12480,135,1615,1752,94,88.52777777777777,222,seat_search_delay
exp6_seat_search_delay,outside_in,baseline,12480,135,1076,1049,0,25.06111111111111,91,seat_search_delay
exp6_seat_search_delay,steffen,baseline,12480,135,693,1218,0,11.805555555555555,50,seat_search_delay
exp6_seat_search_delay,random,baseline,12481,136,1392,1026,87,46.03333333333333,147,seat_search_delay
exp6_seat_search_delay,back_to_front,baseline,12481,136,1829,1637,86,98.08333333333333,273,seat_search_delay
exp6_seat_search_delay,outside_in,baseline,12481,136,1153,1063,0,28.666666666666668,84,seat_search_delay
exp6_seat_search_delay,steffen,baseline,12481,136,726,1241,0,12.716666666666667,48,seat_search_delay
exp6_seat_search_delay,random,baseline,12482,137,1280,869,95,29.072222222222223,87,seat_search_delay
exp6_seat_search_delay,back_to_front,baseline,12482,137,1755,1914,94,101.35555555555555,316,seat_search_delay
exp6_seat_search_delay,outside_in,baseline,12482,137,1085,1030,0,24.794444444444444,102,seat_search_delay
exp6_seat_search_delay,steffen,baseline,12482,137,708,1435,0,14.022222222222222,59,seat_search_delay
exp6_seat_search_delay,random,baseline,12483,138,1418,1183,103,42.11666666666667,167,seat_search_delay
exp6_seat_search_delay,back_to_front,baseline,12483,138,1641,1777,87,82.77222222222223,208,seat_search_delay
exp6_seat_search_delay,outside_in,baseline,12483,138,1109,878,0,24.13888888888889,75,seat_search_delay
exp6_seat_search_delay,steffen,baseline,12483,138,688,1126,0,11.872222222222222,50,seat_search_delay
exp6_seat_search_delay,random,baseline,12484,139,1279,1038,88,29.6,89,seat_search_delay
exp6_seat_search_delay,back_to_front,baseline,12484,139,1613,1610,99,84.39444444444445,239,seat_search_delay
exp6_seat_search_delay,outside_in,baseline,12484,139,1212,1071,0,30.005555555555556,96,seat_search_delay
exp6_seat_search_delay,steffen,baseline,12484,139,691,1217,0,12.755555555555556,49,seat_search_delay
exp6_seat_search_delay,random,baseline,12485,140,1194,1119,85,34.67777777777778,98,seat_search_delay
exp6_seat_search_delay,back_to_front,baseline,12485,140,1577,1713,89,87.88888888888889,282,seat_search_delay
exp6_seat_search_delay,outside_in,baseline,12485,140,1142,1012,0,28.738888888888887,84,seat_search_delay
exp6_seat_search_delay,steffen,baseline,12485,140,689,1208,0,12.655555555555555,63,seat_search_delay
exp6_seat_search_delay,random,baseline,12486,141,1249,1100,98,33.477777777777774,108,seat_search_delay
exp6_seat_search_delay,back_to_front,baseline,12486,141,1671,1770,91,87.25,242,seat_search_delay
exp6_seat_search_delay,outside_in,baseline,12486,141,1080,1133,0,28.072222222222223,97,seat_search_delay
exp6_seat_search_delay,steffen,baseline,12486,141,702,1283,0,13.6,62,seat_search_delay
exp6_seat_search_delay,random,baseline,12487,142,1261,992,80,30.266666666666666,113,seat_search_delay
exp6_seat_search_delay,back_to_front,baseline,12487,142,1559,1832,95,75.97222222222223,179,seat_search_delay
exp6_seat_search_delay,outside_in,baseline,12487,142,1101,1075,0,25.572222222222223,88,seat_search_delay
exp6_seat_search_delay,steffen,baseline,12487,142,737,1224,0,12.011111111111111,46,seat_search_delay
exp6_seat_search_delay,random,baseline,12488,143,1196,1044,84,34.49444444444445,130,seat_search_delay
exp6_seat_search_delay,back_to_front,baseline,12488,143,1806,1857,95,105.73333333333333,276,seat_search_delay
exp6_seat_search_delay,outside_in,baseline,12488,143,1163,1157,0,33.172222222222224,97,seat_search_delay
exp6_seat_search_delay,steffen,baseline,12488,143,709,1388,0,13.633333333333333,63,seat_search_delay
exp6_seat_search_delay,random,baseline,12489,144,1231,1201,82,39.227777777777774,153,seat_search_delay
exp6_seat_search_delay,back_to_front,baseline,12489,144,1667,1871,86,97.4888888888889,262,seat_search_delay
exp6_seat_search_delay,outside_in,baseline,12489,144,1088,1083,0,25.27777777777778,81,seat_search_delay
exp6_seat_search_delay,steffen,baseline,12489,144,699,1260,0,12.894444444444444,56,seat_search_delay
exp6_seat_search_delay,random,baseline,12490,145,1238,1108,84,34.422222222222224,94,seat_search_delay
exp6_seat_search_delay,back_to_front,baseline,12490,145,1692,1785,91,94.6,188,seat_search_delay
exp6_seat_search_delay,outside_in,baseline,12490,145,1091,1073,0,30.705555555555556,89,seat_search_delay
exp6_seat_search_delay,steffen,baseline,12490,145,715,1171,0,12.827777777777778,58,seat_search_delay
exp6_seat_search_delay,random,baseline,12491,146,1435,1115,88,38.08888888888889,125,seat_search_delay
exp6_seat_search_delay,back_to_front,baseline,12491,146,1593,1701,92,79.37777777777778,203,seat_search_delay
exp6_seat_search_delay,outside_in,baseline,12491,146,1129,890,0,22.67222222222222,65,seat_search_delay
exp6_seat_search_delay,steffen,baseline,12491,146,713,1241,0,13.483333333333333,50,seat_search_delay
exp6_seat_search_delay,random,baseline,12492,147,1246,1150,94,34.61666666666667,106,seat_search_delay
exp6_seat_search_delay,back_to_front,baseline,12492,147,1642,1799,89,92.11666666666666,219,seat_search_delay
exp6_seat_search_delay,outside_in,baseline,12492,147,1088,1084,0,30.58888888888889,123,seat_search_delay
exp6_seat_search_delay,steffen,baseline,12492,147,725,1329,0,13.722222222222221,60,seat_search_delay
exp6_seat_search_delay,random,baseline,12493,148,1300,1079,97,39.15555555555556,132,seat_search_delay
exp6_seat_search_delay,back_to_front,baseline,12493,148,1677,1681,93,84.12777777777778,230,seat_search_delay
exp6_seat_search_delay,outside_in,baseline,12493,148,1117,1114,0,29.516666666666666,93,seat_search_delay
exp6_seat_search_delay,steffen,baseline,12493,148,686,1313,0,12.738888888888889,45,seat_search_delay
exp6_seat_search_delay,random,baseline,12494,149,1244,1050,98,33.21666666666667,110,seat_search_delay
exp6_seat_search_delay,back_to_front,baseline,12494,149,1572,1845,83,87.07222222222222,265,seat_search_delay
exp6_seat_search_delay,outside_in,baseline,12494,149,1035,1064,0,25.233333333333334,78,seat_search_delay
exp6_seat_search_delay,steffen,baseline,12494,149,702,1253,0,13.033333333333333,54,seat_search_delay
exp6_seat_search_delay,random,baseline,12495,150,1365,1137,105,37.144444444444446,102,seat_search_delay
exp6_seat_search_delay,back_to_front,baseline,12495,150,1725,1787,88,94.39444444444445,228,seat_search_delay
exp6_seat_search_delay,outside_in,baseline,12495,150,1147,1091,0,32.01111111111111,100,seat_search_delay
exp6_seat_search_delay,steffen,baseline,12495,150,678,1358,0,13.0,46,seat_search_delay
exp6_seat_search_delay,random,baseline,12496,151,1326,1192,96,38.67777777777778,109,seat_search_delay
exp6_seat_search_delay,back_to_front,baseline,12496,151,1575,1759,90,87.19444444444444,212,seat_search_delay
exp6_seat_search_delay,outside_in,baseline,12496,151,1038,1153,0,27.511111111111113,88,seat_search_delay
exp6_seat_search_delay,steffen,baseline,12496,151,684,1334,0,13.238888888888889,53,seat_search_delay
exp6_seat_search_delay,random,baseline,12497,152,1297,1076,89,31.444444444444443,104,seat_search_delay
exp6_seat_search_delay,back_to_front,baseline,12497,152,1621,1760,93,82.82222222222222,183,seat_search_delay
exp6_seat_search_delay,outside_in,baseline,12497,152,1104,1024,0,25.155555555555555,83,seat_search_delay
exp6_seat_search_delay,steffen,baseline,12497,152,699,1437,0,13.505555555555556,51,seat_search_delay
exp6_seat_search_delay,random,baseline,12498,153,1240,1062,96,31.622222222222224,116,seat_search_delay
exp6_seat_search_delay,back_to_front,baseline,12498,153,1575,1831,88,85.66111111111111,250,seat_search_delay
exp6_seat_search_delay,outside_in,baseline,12498,153,1077,1121,0,30.677777777777777,117,seat_search_delay
exp6_seat_search_delay,steffen,baseline,12498,153,655,1380,0,13.53888888888889,67,seat_search_delay
exp6_seat_search_delay,random,baseline,12499,154,1379,1191,91,38.03333333333333,125,seat_search_delay
exp6_seat_search_delay,back_to_front,baseline,12499,154,1687,1808,86,91.5,234,seat_search_delay
exp6_seat_search_delay,outside_in,baseline,12499,154,1152,1145,0,29.716666666666665,85,seat_search_delay
exp6_seat_search_delay,steffen,baseline,12499,154,752,1322,0,14.983333333333333,66,seat_search_delay
exp6_seat_search_delay,random,baseline,12500,155,1292,1127,91,36.888888888888886,103,seat_search_delay
exp6_seat_search_delay,back_to_front,baseline,12500,155,1637,1697,87,87.2388888888889,242,seat_search_delay
exp6_seat_search_delay,outside_in,baseline,12500,155,1039,1045,0,24.755555555555556,82,seat_search_delay
exp6_seat_search_delay,steffen,baseline,12500,155,699,1218,0,13.605555555555556,66,seat_search_delay
exp6_seat_search_delay,random,baseline,12501,156,1289,1021,82,34.22222222222222,120,seat_search_delay
exp6_seat_search_delay,back_to_front,baseline,12501,156,1871,1764,89,114.6,279,seat_search_delay
exp6_seat_search_delay,outside_in,baseline,12501,156,1078,1081,0,32.84444444444444,100,seat_search_delay
exp6_seat_search_delay,steffen,baseline,12501,156,696,1257,0,13.133333333333333,64,seat_search_delay
exp6_seat_search_delay,random,baseline,12502,157,1284,976,101,31.522222222222222,107,seat_search_delay
exp6_seat_search_delay,back_to_front,baseline,12502,157,1679,1770,87,92.05555555555556,280,seat_search_delay
exp6_seat_search_delay,outside_in,baseline,12502,157,1076,1113,0,27.733333333333334,100,seat_search_delay
exp6_seat_search_delay,steffen,baseline,12502,157,693,1181,0,12.588888888888889,48,seat_search_delay
exp6_seat_search_delay,random,baseline,12503,158,1324,947,98,32.422222222222224,107,seat_search_delay
exp6_seat_search_delay,back_to_front,baseline,12503,158,1665,1821,84,86.81111111111112,231,seat_search_delay
exp6_seat_search_delay,outside_in,baseline,12503,158,1151,1080,0,27.572222222222223,111,seat_search_delay
exp6_seat_search_delay,steffen,baseline,12503,158,729,1261,0,12.683333333333334,49,seat_search_delay
exp6_seat_search_delay,random,baseline,12504,159,1293,1095,72,32.233333333333334,137,seat_search_delay
exp6_seat_search_delay,back_to_front,baseline,12504,159,1817,1783,113,108.22777777777777,338,seat_search_delay
exp6_seat_search_delay,outside_in,baseline,12504,159,1109,997,0,27.177777777777777,90,seat_search_delay
exp6_seat_search_delay,steffen,baseline,12504,159,700,1203,0,12.677777777777777,71,seat_search_delay
exp6_seat_search_delay,random,baseline,12505,160,1297,1054,89,32.422222222222224,112,seat_search_delay
exp6_seat_search_delay,back_to_front,baseline,12505,160,1761,1833,105,96.99444444444444,206,seat_search_delay
exp6_seat_search_delay,outside_in,baseline,12505,160,1166,1036,0,24.17222222222222,78,seat_search_delay
exp6_seat_search_delay,steffen,baseline,12505,160,714,1345,0,13.905555555555555,54,seat_search_delay
exp6_seat_search_delay,random,baseline,12506,161,1322,1072,90,35.40555555555556,98,seat_search_delay
exp6_seat_search_delay,back_to_front,baseline,12506,161,1724,1776,98,102.42222222222222,258,seat_search_delay
exp6_seat_search_delay,outside_in,baseline,12506,161,1054,1210,0,29.07777777777778,91,seat_search_delay
exp6_seat_search_delay,steffen,baseline,12506,161,692,1321,0,12.822222222222223,69,seat_search_delay
exp6_seat_search_delay,random,baseline,12507,162,1249,1085,95,31.844444444444445,115,seat_search_delay
exp6_seat_search_delay,back_to_front,baseline,12507,162,1666,1803,93,88.01666666666667,221,seat_search_delay
exp6_seat_search_delay,outside_in,baseline,12507,162,1173,958,0,25.38888888888889,84,seat_search_delay
exp6_seat_search_delay,steffen,baseline,12507,162,710,1305,0,13.222222222222221,52,seat_search_delay
exp6_seat_search_delay,random,baseline,12508,163,1192,1135,80,32.52777777777778,111,seat_search_delay
exp6_seat_search_delay,back_to_front,baseline,12508,163,1667,1906,86,97.79444444444445,239,seat_search_delay
exp6_seat_search_delay,outside_in,baseline,12508,163,1088,1082,0,26.494444444444444,86,seat_search_delay
exp6_seat_search_delay,steffen,baseline,12508,163,657,1490,0,13.127777777777778,47,seat_search_delay
exp6_seat_search_delay,random,baseline,12509,164,1290,1106,81,36.15,101,seat_search_delay
exp6_seat_search_delay,back_to_front,baseline,12509,164,1618,1763,90,90.48333333333333,218,seat_search_delay
exp6_seat_search_delay,outside_in,baseline,12509,164,1053,1155,0,29.344444444444445,99,seat_search_delay
exp6_seat_search_delay,steffen,baseline,12509,164,703,1170,0,12.105555555555556,52,seat_search_delay
exp6_seat_search_delay,random,baseline,12510,165,1335,1224,97,35.18888888888889,137,seat_search_delay
exp6_seat_search_delay,back_to_front,baseline,12510,165,1847,1885,86,101.52222222222223,231,seat_search_delay
exp6_seat_search_delay,outside_in,baseline,12510,165,1162,1047,0,31.205555555555556,113,seat_search_delay
exp6_seat_search_delay,steffen,baseline,12510,165,717,1429,0,14.783333333333333,53,seat_search_delay
exp6_seat_search_delay,random,baseline,12511,166,1367,1066,97,38.52777777777778,128,seat_search_delay
exp6_seat_search_delay,back_to_front,baseline,12511,166,1602,1773,85,83.25555555555556,220,seat_search_delay
exp6_seat_search_delay,outside_in,baseline,12511,166,1171,1225,0,33.27777777777778,117,seat_search_delay
exp6_seat_search_delay,steffen,baseline,12511,166,699,1182,0,12.411111111111111,45,seat_search_delay
exp6_seat_search_delay,random,baseline,12512,167,1256,1036,102,31.227777777777778,108,seat_search_delay
exp6_seat_search_delay,back_to_front,baseline,12512,167,1705,1712,93,90.2388888888889,214,seat_search_delay
exp6_seat_search_delay,outside_in,baseline,12512,167,1153,914,0,25.416666666666668,72,seat_search_delay
exp6_seat_search_delay,steffen,baseline,12512,167,703,1127,0,11.877777777777778,58,seat_search_delay
exp6_seat_search_delay,random,baseline,12513,168,1271,987,89,28.933333333333334,106,seat_search_delay
exp6_seat_search_delay,back_to_front,baseline,12513,168,1610,1683,84,88.72777777777777,262,seat_search_delay
exp6_seat_search_delay,outside_in,baseline,12513,168,1061,1050,0,26.738888888888887,96,seat_search_delay
exp6_seat_search_delay,steffen,baseline,12513,168,691,1288,0,12.905555555555555,60,seat_search_delay
exp6_seat_search_delay,random,baseline,12514,169,1373,1051,84,37.62777777777778,133,seat_search_delay
exp6_seat_search_delay,back_to_front,baseline,12514,169,1714,1725,98,93.88888888888889,279,seat_search_delay
exp6_seat_search_delay,outside_in,baseline,12514,169,1089,1153,0,30.772222222222222,94,seat_search_delay
exp6_seat_search_delay,steffen,baseline,12514,169,721,1297,0,13.594444444444445,54,seat_search_delay
exp6_seat_search_delay,random,baseline,12515,170,1154,1101,93,34.205555555555556,113,seat_search_delay
exp6_seat_search_delay,back_to_front,baseline,12515,170,1570,1871,83,90.80555555555556,251,seat_search_delay
exp6_seat_search_delay,outside_in,baseline,12515,170,975,1119,0,26.27777777777778,75,seat_search_delay
exp6_seat_search_delay,steffen,baseline,12515,170,667,1145,0,11.988888888888889,65,seat_search_delay
exp6_seat_search_delay,random,baseline,12516,171,1144,1051,77,27.211111111111112,69,seat_search_delay
exp6_seat_search_delay,back_to_front,baseline,12516,171,1633,1685,92,91.83888888888889,242,seat_search_delay
exp6_seat_search_delay,outside_in,baseline,12516,171,1002,962,0,20.58888888888889,74,seat_search_delay
exp6_seat_search_delay,steffen,baseline,12516,171,713,1137,0,12.227777777777778,56,seat_search_delay
exp6_seat_search_delay,random,baseline,12517,172,1321,1008,98,35.06111111111111,131,seat_search_delay
exp6_seat_search_delay,back_to_front,baseline,12517,172,1637,1787,72,84.71111111111111,210,seat_search_delay
exp6_seat_search_delay,outside_in,baseline,12517,172,1080,1005,0,24.194444444444443,78,seat_search_delay
exp6_seat_search_delay,steffen,baseline,12517,172,697,1207,0,12.0,48,seat_search_delay
exp6_seat_search_delay,random,baseline,12518,173,1350,1094,85,39.15555555555556,132,seat_search_delay
exp6_seat_search_delay,back_to_front,baseline,12518,173,1652,1845,72,88.54444444444445,199,seat_search_delay
exp6_seat_search_delay,outside_in,baseline,12518,173,1101,1078,0,29.416666666666668,83,seat_search_delay
exp6_seat_search_delay,steffen,baseline,12518,173,678,1222,0,13.061111111111112,53,seat_search_delay
exp6_seat_search_delay,random,baseline,12519,174,1246,1021,84,30.572222222222223,111,seat_search_delay
exp6_seat_search_delay,back_to_front,baseline,12519,174,1724,1870,107,95.34444444444445,226,seat_search_delay
exp6_seat_search_delay,outside_in,baseline,12519,174,1081,946,0,25.322222222222223,86,seat_search_delay
exp6_seat_search_delay,steffen,baseline,12519,174,702,1256,0,12.35,58,seat_search_delay
exp6_seat_search_delay,random,baseline,12520,175,1181,1074,78,35.2,109,seat_search_delay
exp6_seat_search_delay,back_to_front,baseline,12520,175,1701,1697,90,94.48333333333333,251,seat_search_delay
exp6_seat_search_delay,outside_in,baseline,12520,175,1036,1220,0,30.822222222222223,123,seat_search_delay
exp6_seat_search_delay,steffen,baseline,12520,175,685,1189,0,11.644444444444444,50,seat_search_delay
exp6_seat_search_delay,random,baseline,12521,176,1328,1045,89,34.388888888888886,106,seat_search_delay
exp6_seat_search_delay,back_to_front,baseline,12521,176,1774,1702,99,96.8,253,seat_search_delay
exp6_seat_search_delay,outside_in,baseline,12521,176,1230,958,0,26.666666666666668,95,seat_search_delay
exp6_seat_search_delay,steffen,baseline,12521,176,732,1022,0,12.03888888888889,53,seat_search_delay
exp6_seat_search_delay,random,baseline,12522,177,1251,1213,93,34.36666666666667,123,seat_search_delay
exp6_seat_search_delay,back_to_front,baseline,12522,177,1475,1701,80,74.43333333333334,152,seat_search_delay
exp6_seat_search_delay,outside_in,baseline,12522,177,1092,1005,0,27.844444444444445,95,seat_search_delay
exp6_seat_search_delay,steffen,baseline,12522,177,687,1285,0,12.71111111111111,48,seat_search_delay
exp6_seat_search_delay,random,baseline,12523,178,1378,956,92,36.08888888888889,95,seat_search_delay
exp6_seat_search_delay,back_to_front,baseline,12523,178,1599,1708,91,83.96666666666667,202,seat_search_delay
exp6_seat_search_delay,outside_in,baseline,12523,178,1080,1085,0,29.85,101,seat_search_delay
exp6_seat_search_delay,steffen,baseline,12523,178,712,1165,0,13.105555555555556,65,seat_search_delay
exp6_seat_search_delay,random,baseline,12524,179,1279,1077,83,37.28333333333333,123,seat_search_delay
exp6_seat_search_delay,back_to_front,baseline,12524,179,1738,1594,85,84.73333333333333,211,seat_search_delay
exp6_seat_search_delay,outside_in,baseline,12524,179,1044,1172,0,28.483333333333334,86,seat_search_delay
exp6_seat_search_delay,steffen,baseline,12524,179,694,1371,0,14.033333333333333,49,seat_search_delay
exp6_seat_search_delay,random,baseline,12525,180,1307,1066,100,37.294444444444444,119,seat_search_delay
exp6_seat_search_delay,back_to_front,baseline,12525,180,1679,1807,80,93.60555555555555,256,seat_search_delay
exp6_seat_search_delay,outside_in,baseline,12525,180,1085,1076,0,23.744444444444444,71,seat_search_delay
exp6_seat_search_delay,steffen,baseline,12525,180,726,1248,0,11.938888888888888,48,seat_search_delay
exp6_seat_search_delay,random,baseline,12526,181,1246,1085,88,36.577777777777776,107,seat_search_delay
exp6_seat_search_delay,back_to_front,baseline,12526,181,1620,1800,87,86.95,274,seat_search_delay
exp6_seat_search_delay,outside_in,baseline,12526,181,1087,1017,0,24.75,78,seat_search_delay
exp6_seat_search_delay,steffen,baseline,12526,181,715,1394,0,14.122222222222222,56,seat_search_delay
exp6_seat_search_delay,random,baseline,12527,182,1297,1052,104,34.32222222222222,141,seat_search_delay
exp6_seat_search_delay,back_to_front,baseline,12527,182,1628,1600,84,95.78333333333333,262,seat_search_delay
exp6_seat_search_delay,outside_in,baseline,12527,182,993,1154,0,28.38888888888889,89,seat_search_delay
exp6_seat_search_delay,steffen,baseline,12527,182,685,1271,0,12.955555555555556,52,seat_search_delay
exp6_seat_search_delay,random,baseline,12528,183,1308,967,89,36.26111111111111,108,seat_search_delay
exp6_seat_search_delay,back_to_front,baseline,12528,183,1779,1815,95,104.44444444444444,310,seat_search_delay
exp6_seat_search_delay,outside_in,baseline,12528,183,1145,1037,0,28.594444444444445,114,seat_search_delay
exp6_seat_search_delay,steffen,baseline,12528,183,672,1400,0,13.722222222222221,67,seat_search_delay
exp6_seat_search_delay,random,baseline,12529,184,1249,1132,86,37.17777777777778,129,seat_search_delay
exp6_seat_search_delay,back_to_front,baseline,12529,184,1789,1761,106,99.38333333333334,244,seat_search_delay
exp6_seat_search_delay,outside_in,baseline,12529,184,1137,1053,0,25.994444444444444,107,seat_search_delay
exp6_seat_search_delay,steffen,baseline,12529,184,716,1265,0,12.811111111111112,45,seat_search_delay
exp6_seat_search_delay,random,baseline,12530,185,1236,1064,92,31.461111111111112,112,seat_search_delay
exp6_seat_search_delay,back_to_front,baseline,12530,185,1670,1748,74,90.32777777777778,239,seat_search_delay
exp6_seat_search_delay,outside_in,baseline,12530,185,1095,1039,0,26.011111111111113,78,seat_search_delay
exp6_seat_search_delay,steffen,baseline,12530,185,721,1329,0,12.988888888888889,57,seat_search_delay
exp6_seat_search_delay,random,baseline,12531,186,1280,905,89,27.1,93,seat_search_delay
exp6_seat_search_delay,back_to_front,baseline,12531,186,1687,1800,92,89.3,281,seat_search_delay
exp6_seat_search_delay,outside_in,baseline,12531,186,1098,1071,0,29.216666666666665,96,seat_search_delay
exp6_seat_search_delay,steffen,baseline,12531,186,695,1311,0,12.872222222222222,68,seat_search_delay
exp6_seat_search_delay,random,baseline,12532,187,1411,1053,104,35.861111111111114,123,seat_search_delay
exp6_seat_search_delay,back_to_front,baseline,12532,187,1631,1671,87,84.27222222222223,223,seat_search_delay
exp6_seat_search_delay,outside_in,baseline,12532,187,1040,1010,0,21.77777777777778,70,seat_search_delay
exp6_seat_search_delay,steffen,baseline,12532,187,699,1264,0,13.022222222222222,46,seat_search_delay
exp6_seat_search_delay,random,baseline,12533,188,1336,1097,89,38.30555555555556,117,seat_search_delay
exp6_seat_search_delay,back_to_front,baseline,12533,188,1788,1763,96,98.52222222222223,229,seat_search_delay
exp6_seat_search_delay,outside_in,baseline,12533,188,1148,1070,0,30.266666666666666,87,seat_search_delay
exp6_seat_search_delay,steffen,baseline,12533,188,749,1406,0,14.222222222222221,78,seat_search_delay
exp6_seat_search_delay,random,baseline,12534,189,1313,1122,87,33.26111111111111,96,seat_search_delay
exp6_seat_search_delay,back_to_front,baseline,12534,189,1628,1729,88,91.56111111111112,242,seat_search_delay
exp6_seat_search_delay,outside_in,baseline,12534,189,1104,1031,0,28.183333333333334,79,seat_search_delay
exp6_seat_search_delay,steffen,baseline,12534,189,687,1329,0,13.672222222222222,59,seat_search_delay
exp6_seat_search_delay,random,baseline,12535,190,1236,983,89,27.82777777777778,95,seat_search_delay
exp6_seat_search_delay,back_to_front,baseline,12535,190,1717,1871,94,89.79444444444445,225,seat_search_delay
exp6_seat_search_delay,outside_in,baseline,12535,190,1017,966,0,20.655555555555555,70,seat_search_delay
exp6_seat_search_delay,steffen,baseline,12535,190,690,1185,0,11.727777777777778,43,seat_search_delay
exp6_seat_search_delay,random,baseline,12536,191,1347,1062,91,33.71666666666667,132,seat_search_delay
exp6_seat_search_delay,back_to_front,baseline,12536,191,1770,1704,84,93.36666666666666,251,seat_search_delay
exp6_seat_search_delay,outside_in,baseline,12536,191,1178,964,0,23.88888888888889,75,seat_search_delay
exp6_seat_search_delay,steffen,baseline,12536,191,715,1228,0,12.777777777777779,49,seat_search_delay
exp6_seat_search_delay,random,baseline,12537,192,1180,1015,89,32.15,101,seat_search_delay
exp6_seat_search_delay,back_to_front,baseline,12537,192,1654,1784,88,91.85555555555555,250,seat_search_delay
exp6_seat_search_delay,outside_in,baseline,12537,192,1042,1027,0,23.833333333333332,77,seat_search_delay
exp6_seat_search_delay,steffen,baseline,12537,192,704,1244,0,12.683333333333334,54,seat_search_delay
exp6_seat_search_delay,random,baseline,12538,193,1243,1139,85,37.583333333333336,102,seat_search_delay
exp6_seat_search_delay,back_to_front,baseline,12538,193,1435,1670,84,73.28333333333333,203,seat_search_delay
exp6_seat_search_delay,outside_in,baseline,12538,193,1181,1145,0,36.638888888888886,98,seat_search_delay
exp6_seat_search_delay,steffen,baseline,12538,193,694,1271,0,14.455555555555556,77,seat_search_delay
exp6_seat_search_delay,random,baseline,12539,194,1313,1117,90,36.355555555555554,108,seat_search_delay
exp6_seat_search_delay,back_to_front,baseline,12539,194,1672,1878,90,95.72777777777777,257,seat_search_delay
exp6_seat_search_delay,outside_in,baseline,12539,194,1107,1103,0,27.86111111111111,73,seat_search_delay
exp6_seat_search_delay,steffen,baseline,12539,194,722,1497,0,15.644444444444444,51,seat_search_delay
exp6_seat_search_delay,random,baseline,12540,195,1149,1248,88,37.36666666666667,132,seat_search_delay
exp6_seat_search_delay,back_to_front,baseline,12540,195,1587,1851,85,90.95,241,seat_search_delay
exp6_seat_search_delay,outside_in,baseline,12540,195,1068,1126,0,30.75,84,seat_search_delay
exp6_seat_search_delay,steffen,baseline,12540,195,668,1571,0,16.005555555555556,57,seat_search_delay
exp6_seat_search_delay,random,baseline,12541,196,1315,1155,89,39.46111111111111,127,seat_search_delay
exp6_seat_search_delay,back_to_front,baseline,12541,196,1627,1709,85,79.86111111111111,186,seat_search_delay
exp6_seat_search_delay,outside_in,baseline,12541,196,1083,1050,0,29.52777777777778,76,seat_search_delay
exp6_seat_search_delay,steffen,baseline,12541,196,704,1362,0,14.177777777777777,68,seat_search_delay
exp6_seat_search_delay,random,baseline,12542,197,1262,1221,78,43.25555555555555,168,seat_search_delay
exp6_seat_search_delay,back_to_front,baseline,12542,197,1850,1843,93,111.68333333333334,259,seat_search_delay
exp6_seat_search_delay,outside_in,baseline,12542,197,1078,1107,0,30.977777777777778,93,seat_search_delay
exp6_seat_search_delay,steffen,baseline,12542,197,700,1527,0,14.566666666666666,55,seat_search_delay
exp6_seat_search_delay,random,baseline,12543,198,1330,1085,77,32.49444444444445,100,seat_search_delay
exp6_seat_search_delay,back_to_front,baseline,12543,198,1659,1887,91,93.41111111111111,259,seat_search_delay
exp6_seat_search_delay,outside_in,baseline,12543,198,1066,1153,0,28.483333333333334,80,seat_search_delay
exp6_seat_search_delay,steffen,baseline,12543,198,679,1498,0,14.155555555555555,50,seat_search_delay
exp6_seat_search_delay,random,baseline,12544,199,1280,1070,105,36.08888888888889,117,seat_search_delay
exp6_seat_search_delay,back_to_front,baseline,12544,199,1727,1748,84,101.38888888888889,266,seat_search_delay
exp6_seat_search_delay,outside_in,baseline,12544,199,1056,918,0,23.11111111111111,79,seat_search_delay
exp6_seat_search_delay,steffen,baseline,12544,199,710,1257,0,12.533333333333333,48,seat_search_delay
